date,station,lat,lon,conductivity_mS_per_m,unit,grade,approval,obs_type,precip_mm,temp_max_c,temp_min_c,temp_mean_c,et0_mm,wind_max_ms,rh_pct,radiation_mj
1985-01-01,MyTho,10.36,106.36,,,,,,4.4,29.88064516129032,22.287096774193547,25.45483870967742,126.87,3.334516129032258,76.16129032258064,580.8100000000001
1985-02-01,MyTho,10.36,106.36,,,,,,39.8,31.289285714285715,23.821428571428573,26.75714285714286,131.02,3.9192857142857145,76.10714285714286,579.33
1985-03-01,MyTho,10.36,106.36,,,,,,64.1,31.706451612903226,24.43548387096774,27.38064516129032,158.98,3.8454838709677417,74.12903225806451,692.03
1985-04-01,MyTho,10.36,106.36,,,,,,187.4,31.90666666666667,24.59333333333333,27.48,133.72,3.189,80.9,607.0
1985-05-01,MyTho,10.36,106.36,,,,,,279.0,30.490322580645163,24.219354838709677,26.664516129032258,113.69,2.855483870967742,88.6774193548387,558.97
1985-06-01,MyTho,10.36,106.36,12.2,mS/m,Unverified data,Raw - Not Yet Reviewed,O,139.1,30.276666666666664,24.740000000000002,26.84333333333333,113.35,4.805666666666666,84.83333333333333,528.69
1985-07-01,MyTho,10.36,106.36,12.2,mS/m,Unverified data,Raw - Not Yet Reviewed,O,254.3,29.91290322580645,23.95483870967742,26.161290322580644,115.86,3.6503225806451614,86.45161290322581,562.19
1985-08-01,MyTho,10.36,106.36,16.1,mS/m,Unverified data,Raw - Not Yet Reviewed,O,210.0,30.003225806451614,24.17096774193548,26.154838709677417,113.08,4.583225806451613,87.0,553.89
1985-09-01,MyTho,10.36,106.36,12.1,mS/m,Unverified data,Raw - Not Yet Reviewed,O,352.2,29.6,23.586666666666666,25.67,98.75,3.583666666666667,89.8,489.8
1985-10-01,MyTho,10.36,106.36,15.3,mS/m,Unverified data,Raw - Not Yet Reviewed,O,374.8,29.458064516129035,23.206451612903226,25.532258064516128,97.78999999999999,2.5258064516129033,90.58064516129032,486.02
1985-11-01,MyTho,10.36,106.36,13.4,mS/m,Unverified data,Raw - Not Yet Reviewed,O,201.20000000000002,29.163333333333334,23.083333333333332,25.493333333333332,88.17,2.749,89.93333333333334,438.2
1985-12-01,MyTho,10.36,106.36,13.9,mS/m,Unverified data,Raw - Not Yet Reviewed,O,101.7,28.138709677419353,21.629032258064516,24.493548387096773,97.9,2.6874193548387098,85.7741935483871,492.0
1986-01-01,MyTho,10.36,106.36,8.2,mS/m,Unverified data,Raw - Not Yet Reviewed,O,30.099999999999998,28.283870967741933,21.083870967741937,24.261290322580646,107.81,2.7903225806451615,81.54838709677419,531.93
1986-02-01,MyTho,10.36,106.36,8.9,mS/m,Unverified data,Raw - Not Yet Reviewed,O,35.6,29.625,22.375,25.3,120.15,3.3835714285714285,78.0,561.33
1986-03-01,MyTho,10.36,106.36,17.0,mS/m,Unverified data,Raw - Not Yet Reviewed,O,16.5,31.809677419354838,23.40967741935484,26.806451612903224,160.0,3.770322580645161,73.48387096774194,709.53
1986-04-01,MyTho,10.36,106.36,24.1,mS/m,Unverified data,Raw - Not Yet Reviewed,O,51.3,32.416666666666664,25.176666666666666,28.123333333333335,155.82,3.9836666666666667,75.96666666666667,685.66
1986-05-01,MyTho,10.36,106.36,24.6,mS/m,Unverified data,Raw - Not Yet Reviewed,O,190.3,31.274193548387096,25.074193548387097,27.38064516129032,123.13,4.280645161290322,83.7741935483871,568.4
1986-06-01,MyTho,10.36,106.36,16.6,mS/m,Unverified data,Raw - Not Yet Reviewed,O,208.8,30.743333333333332,24.543333333333333,26.763333333333332,111.44,3.8089999999999997,87.36666666666666,543.01
1986-07-01,MyTho,10.36,106.36,11.4,mS/m,Unverified data,Raw - Not Yet Reviewed,O,280.3,29.98709677419355,24.287096774193547,26.26774193548387,109.29,4.155806451612904,88.12903225806451,537.97
1986-08-01,MyTho,10.36,106.36,14.7,mS/m,Unverified data,Raw - Not Yet Reviewed,O,284.8,29.700000000000003,24.42258064516129,26.193548387096776,102.36,4.77483870967742,87.6774193548387,490.07
1986-09-01,MyTho,10.36,106.36,10.5,mS/m,Unverified data,Raw - Not Yet Reviewed,O,354.1,29.8,23.496666666666666,25.673333333333336,98.3,3.2356666666666665,90.23333333333333,485.2
1986-10-01,MyTho,10.36,106.36,13.0,mS/m,Unverified data,Raw - Not Yet Reviewed,O,336.4,29.396774193548385,23.361290322580647,25.716129032258067,97.37,2.5012903225806453,90.83870967741936,485.92
1986-11-01,MyTho,10.36,106.36,14.0,mS/m,Unverified data,Raw - Not Yet Reviewed,O,191.1,28.873333333333335,22.816666666666666,25.233333333333334,92.99,2.819666666666667,86.66666666666667,451.78999999999996
1986-12-01,MyTho,10.36,106.36,15.1,mS/m,Unverified data,Raw - Not Yet Reviewed,O,34.2,28.838709677419356,21.948387096774194,25.11935483870968,110.13,3.026774193548387,82.51612903225806,536.3
1987-01-01,MyTho,10.36,106.36,13.6,mS/m,Unverified data,Raw - Not Yet Reviewed,O,5.4,30.351612903225806,22.52258064516129,25.787096774193547,131.07,3.2506451612903224,73.90322580645162,591.66
1987-02-01,MyTho,10.36,106.36,20.2,mS/m,Unverified data,Raw - Not Yet Reviewed,O,4.0,30.764285714285712,22.510714285714283,25.814285714285713,132.78,3.9699999999999998,72.32142857142857,582.55
1987-03-01,MyTho,10.36,106.36,19.1,mS/m,Unverified data,Raw - Not Yet Reviewed,O,26.1,32.58709677419355,24.432258064516127,27.68064516129032,166.68,4.065483870967742,73.19354838709677,713.46
1987-04-01,MyTho,10.36,106.36,353.0,mS/m,Unverified data,Raw - Not Yet Reviewed,O,36.9,33.690000000000005,25.803333333333335,28.94,166.89,4.060666666666667,72.63333333333334,700.66
1987-05-01,MyTho,10.36,106.36,480.0,mS/m,Unverified data,Raw - Not Yet Reviewed,O,103.5,33.935483870967744,25.75483870967742,28.98709677419355,149.89000000000001,3.1877419354838707,76.51612903225806,666.62
1987-06-01,MyTho,10.36,106.36,79.7,mS/m,Unverified data,Raw - Not Yet Reviewed,O,317.7,30.68,24.916666666666668,26.86,96.09,3.845666666666667,89.2,463.71
1987-07-01,MyTho,10.36,106.36,15.8,mS/m,Unverified data,Raw - Not Yet Reviewed,O,190.3,30.58709677419355,24.851612903225806,26.838709677419356,114.8,4.402903225806452,85.90322580645162,545.58
1987-08-01,MyTho,10.36,106.36,15.9,mS/m,Unverified data,Raw - Not Yet Reviewed,O,289.5,30.35483870967742,24.174193548387095,26.425806451612903,109.02,3.5796774193548386,88.51612903225806,530.5
1987-09-01,MyTho,10.36,106.36,13.3,mS/m,Unverified data,Raw - Not Yet Reviewed,O,254.8,30.19333333333333,24.336666666666666,26.459999999999997,105.4,3.478,88.1,512.22
1987-10-01,MyTho,10.36,106.36,15.1,mS/m,Unverified data,Raw - Not Yet Reviewed,O,240.1,30.370967741935484,23.906451612903226,26.40967741935484,106.34,2.323225806451613,89.45161290322581,523.27
1987-11-01,MyTho,10.36,106.36,55.8,mS/m,Unverified data,Raw - Not Yet Reviewed,O,259.6,29.540000000000003,23.763333333333332,25.990000000000002,87.51,2.877333333333333,89.93333333333334,431.84000000000003
1987-12-01,MyTho,10.36,106.36,18.0,mS/m,Unverified data,Raw - Not Yet Reviewed,O,45.7,28.606451612903225,21.748387096774195,24.816129032258065,110.58,2.9419354838709677,79.70967741935483,526.47
1988-01-01,MyTho,10.36,106.36,16.5,mS/m,Unverified data,Raw - Not Yet Reviewed,O,9.299999999999999,30.725806451612904,23.13225806451613,26.335483870967742,128.35,2.95,78.35483870967742,594.18
1988-02-01,MyTho,10.36,106.36,17.0,mS/m,Unverified data,Raw - Not Yet Reviewed,O,22.2,31.482758620689655,23.900000000000002,26.95862068965517,137.44,3.856551724137931,74.13793103448276,598.12
1988-03-01,MyTho,10.36,106.36,19.1,mS/m,Unverified data,Raw - Not Yet Reviewed,O,14.5,33.34516129032258,24.990322580645163,28.258064516129032,170.32,4.026774193548387,71.90322580645162,717.55
1988-04-01,MyTho,10.36,106.36,797.0,mS/m,Unverified data,Raw - Not Yet Reviewed,O,94.9,32.986666666666665,25.64333333333333,28.61,147.41,3.5263333333333335,76.9,642.54
1988-05-01,MyTho,10.36,106.36,45.3,mS/m,Unverified data,Raw - Not Yet Reviewed,O,261.6,31.283870967741933,25.187096774193545,27.480645161290322,116.75,3.339677419354839,86.90322580645162,556.95
1988-06-01,MyTho,10.36,106.36,34.9,mS/m,Unverified data,Raw - Not Yet Reviewed,O,237.4,30.366666666666667,24.75,26.816666666666666,108.7,3.9320000000000004,87.1,520.36
1988-07-01,MyTho,10.36,106.36,19.3,mS/m,Unverified data,Raw - Not Yet Reviewed,O,284.8,30.248387096774195,24.32903225806452,26.493548387096773,111.55,3.388709677419355,88.25806451612904,545.73
1988-08-01,MyTho,10.36,106.36,12.2,mS/m,Unverified data,Raw - Not Yet Reviewed,O,254.2,30.561290322580643,24.248387096774195,26.606451612903225,117.13,3.1729032258064516,88.12903225806451,576.01
1988-09-01,MyTho,10.36,106.36,15.4,mS/m,Unverified data,Raw - Not Yet Reviewed,O,343.3,30.326666666666664,24.029999999999998,26.263333333333332,102.3,3.0260000000000002,90.16666666666667,503.39
1988-10-01,MyTho,10.36,106.36,13.2,mS/m,Unverified data,Raw - Not Yet Reviewed,O,258.9,29.351612903225806,23.467741935483872,25.603225806451615,92.91,3.2983870967741935,89.64516129032258,453.6
1988-11-01,MyTho,10.36,106.36,12.6,mS/m,Unverified data,Raw - Not Yet Reviewed,O,111.2,28.646666666666665,22.493333333333332,25.196666666666665,98.51,3.3506666666666667,84.2,466.71
1988-12-01,MyTho,10.36,106.36,13.8,mS/m,Unverified data,Raw - Not Yet Reviewed,O,25.6,28.80322580645161,21.177419354838708,24.677419354838708,114.84,2.579354838709677,79.3225806451613,562.96
1989-01-01,MyTho,10.36,106.36,14.5,mS/m,Unverified data,Raw - Not Yet Reviewed,O,10.399999999999999,30.770967741935483,23.316129032258065,26.425806451612903,135.98,3.646774193548387,74.48387096774194,599.99
1989-02-01,MyTho,10.36,106.36,15.2,mS/m,Unverified data,Raw - Not Yet Reviewed,O,3.0999999999999996,30.957142857142856,21.885714285714283,25.603571428571428,134.44,3.8682142857142856,71.82142857142857,595.74
1989-03-01,MyTho,10.36,106.36,48.7,mS/m,Unverified data,Raw - Not Yet Reviewed,O,79.0,30.86774193548387,23.66774193548387,26.55806451612903,140.77,3.264838709677419,77.38709677419355,634.7
1989-04-01,MyTho,10.36,106.36,38.0,mS/m,Unverified data,Raw - Not Yet Reviewed,O,53.5,32.41,24.826666666666664,28.013333333333332,145.27,3.0349999999999997,78.03333333333333,658.94
1989-05-01,MyTho,10.36,106.36,32.7,mS/m,Unverified data,Raw - Not Yet Reviewed,O,271.5,31.312903225806455,24.893548387096775,27.296774193548387,118.44,3.3248387096774192,85.0,556.41
1989-06-01,MyTho,10.36,106.36,19.0,mS/m,Unverified data,Raw - Not Yet Reviewed,O,182.6,30.673333333333336,24.576666666666664,26.793333333333333,114.55,3.7819999999999996,86.13333333333334,550.11
1989-07-01,MyTho,10.36,106.36,26.9,mS/m,Unverified data,Raw - Not Yet Reviewed,O,269.7,30.106451612903225,24.27741935483871,26.467741935483872,113.35,3.649677419354839,87.64516129032258,552.5
1989-08-01,MyTho,10.36,106.36,12.1,mS/m,Unverified data,Raw - Not Yet Reviewed,O,256.9,30.23548387096774,24.42258064516129,26.374193548387098,115.56,4.633870967741935,86.3225806451613,558.14
1989-09-01,MyTho,10.36,106.36,16.7,mS/m,Unverified data,Raw - Not Yet Reviewed,O,259.1,30.396666666666665,23.926666666666666,26.23,110.67,3.5476666666666663,87.63333333333334,541.74
1989-10-01,MyTho,10.36,106.36,14.7,mS/m,Unverified data,Raw - Not Yet Reviewed,O,334.4,29.44516129032258,23.348387096774193,25.561290322580643,93.77,2.765806451612903,90.6774193548387,464.48
1989-11-01,MyTho,10.36,106.36,15.5,mS/m,Unverified data,Raw - Not Yet Reviewed,O,119.9,29.626666666666665,22.923333333333336,25.876666666666665,107.56,2.813,84.03333333333333,524.93
1989-12-01,MyTho,10.36,106.36,15.1,mS/m,Unverified data,Raw - Not Yet Reviewed,O,11.4,29.654838709677417,21.948387096774194,25.361290322580647,119.47,2.9029032258064515,76.51612903225806,557.29
1990-01-01,MyTho,10.36,106.36,15.5,mS/m,Unverified data,Raw - Not Yet Reviewed,O,3.4,30.580645161290324,22.751612903225805,25.96451612903226,135.16,3.539677419354839,73.7741935483871,600.24
1990-02-01,MyTho,10.36,106.36,16.6,mS/m,Unverified data,Raw - Not Yet Reviewed,O,0.6000000000000001,31.817857142857143,23.614285714285717,26.789285714285715,147.95,4.2160714285714285,70.85714285714286,623.8
1990-03-01,MyTho,10.36,106.36,152.2,mS/m,Unverified data,Raw - Not Yet Reviewed,O,5.6,32.65161290322581,24.603225806451615,27.748387096774195,169.45,4.1896774193548385,70.70967741935483,708.78
1990-04-01,MyTho,10.36,106.36,47.5,mS/m,Unverified data,Raw - Not Yet Reviewed,O,25.3,34.38333333333333,26.11,29.476666666666667,163.99,4.014666666666667,71.7,669.53
1990-05-01,MyTho,10.36,106.36,221.0,mS/m,Unverified data,Raw - Not Yet Reviewed,O,157.0,32.79354838709678,25.683870967741935,28.551612903225806,136.3,3.4461290322580647,79.03225806451613,607.79
1990-06-01,MyTho,10.36,106.36,22.6,mS/m,Unverified data,Raw - Not Yet Reviewed,O,202.5,30.7,25.196666666666665,27.11,105.8,4.240333333333333,86.43333333333334,491.74
1990-07-01,MyTho,10.36,106.36,13.8,mS/m,Unverified data,Raw - Not Yet Reviewed,O,163.7,30.75483870967742,24.85483870967742,26.996774193548386,126.78999999999999,4.4238709677419354,84.09677419354838,600.01
1990-08-01,MyTho,10.36,106.36,15.5,mS/m,Unverified data,Raw - Not Yet Reviewed,O,269.3,29.925806451612903,24.62258064516129,26.490322580645163,110.05,4.6819354838709675,87.25806451612904,528.64
1990-09-01,MyTho,10.36,106.36,12.7,mS/m,Unverified data,Raw - Not Yet Reviewed,O,292.6,30.293333333333333,24.209999999999997,26.33,104.27,3.7253333333333334,88.13333333333334,505.38
1990-10-01,MyTho,10.36,106.36,16.9,mS/m,Unverified data,Raw - Not Yet Reviewed,O,263.3,29.870967741935484,23.799999999999997,26.135483870967743,101.55,2.9451612903225803,88.83870967741936,495.55
1990-11-01,MyTho,10.36,106.36,15.7,mS/m,Unverified data,Raw - Not Yet Reviewed,O,162.7,29.31,22.983333333333334,25.529999999999998,98.78,2.8560000000000003,86.66666666666667,485.39
1990-12-01,MyTho,10.36,106.36,17.9,mS/m,Unverified data,Raw - Not Yet Reviewed,O,13.2,29.948387096774194,22.406451612903226,25.700000000000003,123.2,3.017741935483871,77.58064516129032,577.44
1991-01-01,MyTho,10.36,106.36,15.7,mS/m,Unverified data,Raw - Not Yet Reviewed,O,7.5,30.996774193548386,23.270967741935483,26.403225806451612,136.48,3.4638709677419355,73.19354838709677,600.62
1991-02-01,MyTho,10.36,106.36,25.7,mS/m,Unverified data,Raw - Not Yet Reviewed,O,1.2,31.442857142857143,23.389285714285712,26.682142857142857,131.35,3.5778571428571424,72.92857142857143,573.09
1991-03-01,MyTho,10.36,106.36,50.8,mS/m,Unverified data,Raw - Not Yet Reviewed,O,43.7,31.68064516129032,23.94516129032258,27.048387096774192,158.86,4.0283870967741935,73.06451612903226,690.02
1991-04-01,MyTho,10.36,106.36,211.0,mS/m,Unverified data,Raw - Not Yet Reviewed,O,60.9,32.843333333333334,24.96333333333333,28.19333333333333,154.96,3.54,75.53333333333333,683.38
1991-05-01,MyTho,10.36,106.36,96.6,mS/m,Unverified data,Raw - Not Yet Reviewed,O,151.8,32.07419354838709,25.270967741935483,28.096774193548388,132.97,2.890967741935484,81.96774193548387,615.35
1991-06-01,MyTho,10.36,106.36,41.1,mS/m,Unverified data,Raw - Not Yet Reviewed,O,238.4,30.936666666666667,25.103333333333335,27.33,109.26,3.613,85.96666666666667,513.27
1991-07-01,MyTho,10.36,106.36,24.9,mS/m,Unverified data,Raw - Not Yet Reviewed,O,303.4,29.91290322580645,24.293548387096774,26.261290322580646,105.72,4.00516129032258,88.80645161290323,521.05
1991-08-01,MyTho,10.36,106.36,13.2,mS/m,Unverified data,Raw - Not Yet Reviewed,O,272.8,29.738709677419354,24.358064516129033,26.206451612903226,104.76,4.588709677419355,87.90322580645162,508.89
1991-09-01,MyTho,10.36,106.36,31.3,mS/m,Unverified data,Raw - Not Yet Reviewed,O,294.3,29.46333333333333,23.983333333333334,25.723333333333336,89.14,3.83,90.83333333333333,443.4
1991-10-01,MyTho,10.36,106.36,19.2,mS/m,Unverified data,Raw - Not Yet Reviewed,O,288.4,29.258064516129032,23.154838709677417,25.483870967741936,96.2,2.5925806451612905,89.6774193548387,474.62
1991-11-01,MyTho,10.36,106.36,16.8,mS/m,Unverified data,Raw - Not Yet Reviewed,O,38.9,29.88,22.763333333333332,25.923333333333336,115.42,2.597666666666667,81.43333333333334,554.79
1991-12-01,MyTho,10.36,106.36,15.2,mS/m,Unverified data,Raw - Not Yet Reviewed,O,6.7,30.55806451612903,23.032258064516128,26.293548387096774,127.38,3.2616129032258065,74.54838709677419,568.6800000000001
1992-01-01,MyTho,10.36,106.36,17.5,mS/m,Unverified data,Raw - Not Yet Reviewed,O,6.699999999999999,29.996774193548386,21.66774193548387,25.141935483870967,135.06,3.584838709677419,72.38709677419355,602.89
1992-02-01,MyTho,10.36,106.36,42.6,mS/m,Unverified data,Raw - Not Yet Reviewed,O,3.0,31.479310344827585,23.317241379310346,26.489655172413794,142.04,4.000689655172414,73.0,612.3
1992-03-01,MyTho,10.36,106.36,24.1,mS/m,Unverified data,Raw - Not Yet Reviewed,O,1.9000000000000001,32.83548387096774,24.551612903225806,27.835483870967742,168.99,3.991612903225806,71.58064516129032,714.02
1992-04-01,MyTho,10.36,106.36,42.4,mS/m,Unverified data,Raw - Not Yet Reviewed,O,40.8,33.98,25.543333333333333,28.94,160.08,3.317333333333333,73.66666666666667,690.79
1992-05-01,MyTho,10.36,106.36,259.0,mS/m,Unverified data,Raw - Not Yet Reviewed,O,108.2,33.68064516129032,25.848387096774193,29.006451612903227,150.6,3.0496774193548384,77.12903225806451,668.46
1992-06-01,MyTho,10.36,106.36,70.5,mS/m,Unverified data,Raw - Not Yet Reviewed,O,232.7,30.736666666666668,24.993333333333332,27.223333333333336,104.51,3.9093333333333335,84.76666666666667,475.58
1992-07-01,MyTho,10.36,106.36,25.8,mS/m,Unverified data,Raw - Not Yet Reviewed,O,219.8,30.322580645161292,24.096774193548388,26.39032258064516,110.14999999999999,3.398387096774193,87.58064516129032,535.43
1992-08-01,MyTho,10.36,106.36,23.1,mS/m,Unverified data,Raw - Not Yet Reviewed,O,244.4,30.04516129032258,24.603225806451615,26.448387096774194,112.09,4.522903225806452,86.16129032258064,530.93
1992-09-01,MyTho,10.36,106.36,11.0,mS/m,Unverified data,Raw - Not Yet Reviewed,O,186.9,30.33,24.353333333333335,26.503333333333334,113.17,3.816333333333333,86.3,547.0
1992-10-01,MyTho,10.36,106.36,12.7,mS/m,Unverified data,Raw - Not Yet Reviewed,O,351.3,28.825806451612905,23.23225806451613,25.403225806451612,90.82000000000001,2.9948387096774196,88.54838709677419,435.63
1992-11-01,MyTho,10.36,106.36,13.2,mS/m,Unverified data,Raw - Not Yet Reviewed,O,67.2,28.916666666666668,22.366666666666667,25.253333333333334,108.47,3.1133333333333337,82.7,524.14
1992-12-01,MyTho,10.36,106.36,14.8,mS/m,Unverified data,Raw - Not Yet Reviewed,O,22.3,29.612903225806452,22.60967741935484,25.596774193548388,115.93,3.265483870967742,78.35483870967742,534.46
1993-01-01,MyTho,10.36,106.36,15.5,mS/m,Unverified data,Raw - Not Yet Reviewed,O,17.0,29.76774193548387,22.612903225806452,25.53548387096774,127.35,3.531290322580645,73.12903225806451,554.52
1993-02-01,MyTho,10.36,106.36,18.1,mS/m,Unverified data,Raw - Not Yet Reviewed,O,0.9,30.49285714285714,21.964285714285715,25.38214285714286,132.57,3.6860714285714287,71.85714285714286,589.46
1993-03-01,MyTho,10.36,106.36,165.0,mS/m,Unverified data,Raw - Not Yet Reviewed,O,41.0,32.05806451612903,23.783870967741933,27.051612903225806,164.19,4.025483870967742,72.2258064516129,703.88
1993-04-01,MyTho,10.36,106.36,535.0,mS/m,Unverified data,Raw - Not Yet Reviewed,O,59.2,32.690000000000005,24.59,28.053333333333335,154.98,3.447,74.43333333333334,678.91
1993-05-01,MyTho,10.36,106.36,58.8,mS/m,Unverified data,Raw - Not Yet Reviewed,O,209.3,32.5258064516129,24.809677419354838,27.96451612903226,140.1,2.853225806451613,81.09677419354838,643.27
1993-06-01,MyTho,10.36,106.36,27.7,mS/m,Unverified data,Raw - Not Yet Reviewed,O,281.5,31.063333333333333,24.803333333333335,27.016666666666666,111.35,3.4553333333333334,87.46666666666667,540.47
1993-07-01,MyTho,10.36,106.36,22.5,mS/m,Unverified data,Raw - Not Yet Reviewed,O,260.8,30.283870967741933,24.387096774193548,26.416129032258063,108.59,3.8925806451612903,88.09677419354838,529.1
1993-08-01,MyTho,10.36,106.36,17.4,mS/m,Unverified data,Raw - Not Yet Reviewed,O,200.8,30.416129032258063,24.299999999999997,26.387096774193548,115.27,4.349032258064516,87.03225806451613,562.76
1993-09-01,MyTho,10.36,106.36,17.6,mS/m,Unverified data,Raw - Not Yet Reviewed,O,343.6,29.873333333333335,23.706666666666667,25.779999999999998,99.72,3.629,89.66666666666667,496.89
1993-10-01,MyTho,10.36,106.36,18.2,mS/m,Unverified data,Raw - Not Yet Reviewed,O,323.9,29.074193548387097,23.093548387096774,25.396774193548385,94.62,2.7638709677419357,90.45161290322581,469.42
1993-11-01,MyTho,10.36,106.36,14.8,mS/m,Unverified data,Raw - Not Yet Reviewed,O,104.89999999999999,29.529999999999998,23.040000000000003,25.863333333333333,101.09,2.7776666666666667,85.13333333333334,490.54
1993-12-01,MyTho,10.36,106.36,16.2,mS/m,Unverified data,Raw - Not Yet Reviewed,O,49.6,28.5258064516129,21.93548387096774,24.825806451612905,103.66,3.041612903225807,80.48387096774194,489.4
1994-01-01,MyTho,10.36,106.36,18.4,mS/m,Unverified data,Raw - Not Yet Reviewed,O,4.8,30.1,22.17096774193548,25.483870967741936,126.94,3.2916129032258064,76.6774193548387,585.23
1994-02-01,MyTho,10.36,106.36,80.5,mS/m,Unverified data,Raw - Not Yet Reviewed,O,11.7,31.682142857142857,23.442857142857143,26.682142857142857,136.79,3.912142857142857,73.0,589.89
1994-03-01,MyTho,10.36,106.36,451.0,mS/m,Unverified data,Raw - Not Yet Reviewed,O,23.0,32.44516129032258,24.506451612903227,27.683870967741935,162.45,4.324838709677419,71.87096774193549,679.64
1994-04-01,MyTho,10.36,106.36,699.0,mS/m,Unverified data,Raw - Not Yet Reviewed,O,71.6,32.87,25.03666666666667,28.176666666666666,147.54,3.2013333333333334,77.5,661.49
1994-05-01,MyTho,10.36,106.36,73.8,mS/m,Unverified data,Raw - Not Yet Reviewed,O,247.5,31.541935483870965,24.929032258064513,27.4,120.09,3.378064516129032,85.03225806451613,558.19
1994-06-01,MyTho,10.36,106.36,32.0,mS/m,Unverified data,Raw - Not Yet Reviewed,O,251.0,30.553333333333335,24.563333333333333,26.673333333333336,109.29,3.854,87.4,529.99
1994-07-01,MyTho,10.36,106.36,18.3,mS/m,Unverified data,Raw - Not Yet Reviewed,O,226.4,29.796774193548387,24.419354838709676,26.34193548387097,110.08,4.679354838709678,86.83870967741936,536.26
1994-08-01,MyTho,10.36,106.36,10.9,mS/m,Unverified data,Raw - Not Yet Reviewed,O,233.0,30.174193548387095,24.164516129032258,26.309677419354838,115.97,4.1332258064516125,86.64516129032258,563.57
1994-09-01,MyTho,10.36,106.36,14.0,mS/m,Unverified data,Raw - Not Yet Reviewed,O,296.7,29.326666666666664,23.82,25.71333333333333,93.03,4.083333333333333,89.36666666666666,458.59
1994-10-01,MyTho,10.36,106.36,18.0,mS/m,Unverified data,Raw - Not Yet Reviewed,O,224.9,29.580645161290324,22.75483870967742,25.55806451612903,114.4,2.737741935483871,86.0,559.23
1994-11-01,MyTho,10.36,106.36,16.7,mS/m,Unverified data,Raw - Not Yet Reviewed,O,21.3,30.42,23.396666666666665,26.540000000000003,125.88,3.1993333333333336,79.36666666666666,589.61
1994-12-01,MyTho,10.36,106.36,14.0,mS/m,Unverified data,Raw - Not Yet Reviewed,O,53.0,29.90967741935484,22.874193548387098,25.9,115.13,3.0961290322580646,79.80645161290323,537.02
1995-01-01,MyTho,10.36,106.36,15.8,mS/m,Unverified data,Raw - Not Yet Reviewed,O,15.2,30.625806451612902,22.635483870967743,25.94516129032258,136.78,3.5493548387096774,73.3225806451613,605.33
1995-02-01,MyTho,10.36,106.36,17.0,mS/m,Unverified data,Raw - Not Yet Reviewed,O,0.9,31.428571428571427,22.521428571428572,26.15357142857143,143.85,3.8232142857142857,70.32142857142857,629.76
1995-03-01,MyTho,10.36,106.36,52.9,mS/m,Unverified data,Raw - Not Yet Reviewed,O,21.5,32.11290322580645,23.993548387096773,27.17096774193548,156.57,4.1567741935483875,73.0,666.54
1995-04-01,MyTho,10.36,106.36,93.9,mS/m,Unverified data,Raw - Not Yet Reviewed,O,9.5,33.806666666666665,25.65666666666667,28.903333333333332,170.45,4.259666666666666,71.56666666666666,708.96
1995-05-01,MyTho,10.36,106.36,603.0,mS/m,Unverified data,Raw - Not Yet Reviewed,O,89.2,33.41612903225807,25.796774193548387,28.787096774193547,151.53,3.508387096774194,76.35483870967742,658.4
1995-06-01,MyTho,10.36,106.36,52.0,mS/m,Unverified data,Raw - Not Yet Reviewed,O,278.3,31.66,25.05,27.40666666666667,118.12,3.477333333333333,85.83333333333333,563.08
1995-07-01,MyTho,10.36,106.36,25.2,mS/m,Unverified data,Raw - Not Yet Reviewed,O,237.3,30.393548387096775,24.116129032258065,26.429032258064517,113.99,3.4403225806451614,87.64516129032258,559.42
1995-08-01,MyTho,10.36,106.36,14.3,mS/m,Unverified data,Raw - Not Yet Reviewed,O,338.3,30.287096774193547,24.20967741935484,26.36774193548387,106.44,3.6416129032258064,89.03225806451613,522.3
1995-09-01,MyTho,10.36,106.36,14.2,mS/m,Unverified data,Raw - Not Yet Reviewed,O,402.5,29.256666666666668,23.876666666666665,25.663333333333334,84.06,3.5126666666666666,91.7,417.25
1995-10-01,MyTho,10.36,106.36,13.4,mS/m,Unverified data,Raw - Not Yet Reviewed,O,311.1,30.19677419354839,23.80322580645161,26.25483870967742,105.51,2.7732258064516127,88.54838709677419,516.95
1995-11-01,MyTho,10.36,106.36,12.8,mS/m,Unverified data,Raw - Not Yet Reviewed,O,107.9,29.256666666666668,23.209999999999997,25.766666666666666,100.71,3.0886666666666667,85.2,488.29
1995-12-01,MyTho,10.36,106.36,15.7,mS/m,Unverified data,Raw - Not Yet Reviewed,O,96.3,28.08709677419355,21.809677419354838,24.52258064516129,101.54,3.1051612903225805,80.90322580645162,481.96
1996-01-01,MyTho,10.36,106.36,15.5,mS/m,Unverified data,Raw - Not Yet Reviewed,O,37.6,28.870967741935484,21.351612903225806,24.54516129032258,113.15,2.9764516129032255,79.61290322580645,542.98
1996-02-01,MyTho,10.36,106.36,17.5,mS/m,Unverified data,Raw - Not Yet Reviewed,O,3.3,30.231034482758623,22.42758620689655,25.651724137931033,129.45,3.6510344827586207,73.62068965517241,578.95
1996-03-01,MyTho,10.36,106.36,20.6,mS/m,Unverified data,Raw - Not Yet Reviewed,O,2.9,32.70322580645161,23.69677419354839,27.280645161290323,171.96,4.211290322580646,72.3225806451613,741.6
1996-04-01,MyTho,10.36,106.36,210.0,mS/m,Unverified data,Raw - Not Yet Reviewed,O,98.0,32.59,25.066666666666666,27.990000000000002,141.89,3.2640000000000002,78.76666666666667,639.64
1996-05-01,MyTho,10.36,106.36,35.4,mS/m,Unverified data,Raw - Not Yet Reviewed,O,278.0,31.296774193548387,24.851612903225806,27.219354838709677,117.11,3.3141935483870966,86.54838709677419,559.58
1996-06-01,MyTho,10.36,106.36,19.4,mS/m,Unverified data,Raw - Not Yet Reviewed,O,268.3,30.28666666666667,24.35666666666667,26.709999999999997,108.07,3.1513333333333335,88.26666666666667,532.49
1996-07-01,MyTho,10.36,106.36,23.1,mS/m,Unverified data,Raw - Not Yet Reviewed,O,221.3,29.967741935483872,24.24516129032258,26.483870967741936,109.89,3.6493548387096775,87.41935483870968,533.53
1996-08-01,MyTho,10.36,106.36,12.7,mS/m,Unverified data,Raw - Not Yet Reviewed,O,236.5,30.638709677419353,24.11935483870968,26.53548387096774,120.44,3.6312903225806448,87.19354838709677,588.36
1996-09-01,MyTho,10.36,106.36,14.3,mS/m,Unverified data,Raw - Not Yet Reviewed,O,243.5,29.696666666666665,24.183333333333334,26.15666666666667,99.73,3.957,88.13333333333334,478.05
1996-10-01,MyTho,10.36,106.36,14.2,mS/m,Unverified data,Raw - Not Yet Reviewed,O,373.5,29.432258064516127,23.55806451612903,25.770967741935483,92.13,2.6919354838709677,90.6774193548387,454.57
1996-11-01,MyTho,10.36,106.36,10.7,mS/m,Unverified data,Raw - Not Yet Reviewed,O,281.1,29.57333333333333,23.11,25.53666666666667,95.51,2.6550000000000002,89.73333333333333,476.43
1996-12-01,MyTho,10.36,106.36,12.7,mS/m,Unverified data,Raw - Not Yet Reviewed,O,163.8,27.81935483870968,21.88064516129032,24.461290322580645,88.76,3.052258064516129,86.03225806451613,438.64
1997-01-01,MyTho,10.36,106.36,12.9,mS/m,Unverified data,Raw - Not Yet Reviewed,O,0.30000000000000004,28.9741935483871,20.932258064516127,24.43548387096774,124.74,3.019032258064516,77.61290322580645,604.0
1997-02-01,MyTho,10.36,106.36,15.5,mS/m,Unverified data,Raw - Not Yet Reviewed,O,30.2,30.360714285714288,23.189285714285713,26.17142857142857,117.44,3.5010714285714286,77.75,536.24
1997-03-01,MyTho,10.36,106.36,35.5,mS/m,Unverified data,Raw - Not Yet Reviewed,O,3.2,32.08064516129032,23.641935483870967,27.13225806451613,164.41,3.9080645161290324,71.74193548387096,707.74
1997-04-01,MyTho,10.36,106.36,27.0,mS/m,Unverified data,Raw - Not Yet Reviewed,O,39.2,32.92666666666667,24.80666666666667,28.203333333333333,153.4,3.369333333333333,75.16666666666667,675.57
1997-05-01,MyTho,10.36,106.36,22.7,mS/m,Unverified data,Raw - Not Yet Reviewed,O,151.3,32.01935483870968,25.43548387096774,28.0,131.81,3.7854838709677416,80.29032258064517,589.07
1997-06-01,MyTho,10.36,106.36,28.6,mS/m,Unverified data,Raw - Not Yet Reviewed,O,147.5,31.196666666666665,24.833333333333332,27.326666666666664,125.76,3.820333333333333,83.3,593.77
1997-07-01,MyTho,10.36,106.36,22.4,mS/m,Unverified data,Raw - Not Yet Reviewed,O,302.0,29.567741935483873,24.348387096774193,26.14516129032258,100.77,4.058709677419355,88.90322580645162,496.24
1997-08-01,MyTho,10.36,106.36,13.5,mS/m,Unverified data,Raw - Not Yet Reviewed,O,235.5,30.11935483870968,24.496774193548386,26.44193548387097,112.32000000000001,4.600322580645161,87.16129032258064,546.31
1997-09-01,MyTho,10.36,106.36,13.5,mS/m,Unverified data,Raw - Not Yet Reviewed,O,295.5,30.39333333333333,23.98,26.290000000000003,106.77,3.2213333333333334,88.93333333333334,526.76
1997-10-01,MyTho,10.36,106.36,12.7,mS/m,Unverified data,Raw - Not Yet Reviewed,O,225.8,30.36774193548387,23.687096774193545,26.37741935483871,113.08,2.6812903225806455,88.06451612903226,558.15
1997-11-01,MyTho,10.36,106.36,13.0,mS/m,Unverified data,Raw - Not Yet Reviewed,O,85.0,30.083333333333332,23.573333333333334,26.506666666666668,117.12,3.433,83.13333333333334,557.05
1997-12-01,MyTho,10.36,106.36,14.3,mS/m,Unverified data,Raw - Not Yet Reviewed,O,4.0,31.293548387096774,23.59032258064516,26.903225806451612,141.49,3.6751612903225808,72.3225806451613,614.48
1998-01-01,MyTho,10.36,106.36,17.4,mS/m,Unverified data,Raw - Not Yet Reviewed,O,0.4,32.170967741935485,24.141935483870967,27.316129032258065,154.78,4.150645161290322,69.80645161290323,632.24
1998-02-01,MyTho,10.36,106.36,4.2,mS/m,Unverified data,Raw - Not Yet Reviewed,O,2.3,32.385714285714286,24.425,27.47142857142857,139.62,4.2317857142857145,72.67857142857143,583.7
1998-03-01,MyTho,10.36,106.36,131.9,mS/m,Unverified data,Raw - Not Yet Reviewed,O,0.6,33.854838709677416,24.983870967741936,28.55806451612903,187.97,4.458709677419355,68.48387096774194,767.15
1998-04-01,MyTho,10.36,106.36,841.0,mS/m,Unverified data,Raw - Not Yet Reviewed,O,44.9,34.07666666666667,26.006666666666668,29.296666666666667,166.33,3.827,71.96666666666667,689.32
1998-05-01,MyTho,10.36,106.36,118.8,mS/m,Unverified data,Raw - Not Yet Reviewed,O,133.1,33.89354838709678,26.858064516129033,29.51290322580645,151.56,3.7074193548387098,77.09677419354838,642.89
1998-06-01,MyTho,10.36,106.36,90.3,mS/m,Unverified data,Raw - Not Yet Reviewed,O,290.8,31.006666666666668,25.256666666666668,27.283333333333335,108.91,3.5693333333333332,87.4,523.17
1998-07-01,MyTho,10.36,106.36,21.1,mS/m,Unverified data,Raw - Not Yet Reviewed,O,252.3,31.12258064516129,24.651612903225807,27.04516129032258,119.51,2.9893548387096773,87.35483870967742,579.95
1998-08-01,MyTho,10.36,106.36,17.9,mS/m,Unverified data,Raw - Not Yet Reviewed,O,288.0,31.05483870967742,24.461290322580645,26.851612903225806,121.9,3.086129032258065,88.0,595.44
1998-09-01,MyTho,10.36,106.36,21.5,mS/m,Unverified data,Raw - Not Yet Reviewed,O,357.0,29.793333333333333,24.146666666666665,26.043333333333333,92.83,3.4556666666666667,90.7,458.98
1998-10-01,MyTho,10.36,106.36,17.0,mS/m,Unverified data,Raw - Not Yet Reviewed,O,369.4,29.948387096774194,23.793548387096774,26.003225806451614,95.64,2.8287096774193548,90.03225806451613,466.56
1998-11-01,MyTho,10.36,106.36,20.9,mS/m,Unverified data,Raw - Not Yet Reviewed,O,246.7,28.813333333333333,23.166666666666668,25.436666666666667,87.77,2.979,87.86666666666666,423.9
1998-12-01,MyTho,10.36,106.36,49.4,mS/m,Unverified data,Raw - Not Yet Reviewed,O,144.6,28.309677419354838,22.219354838709677,24.93548387096774,96.44,3.206774193548387,84.90322580645162,459.29
1999-01-01,MyTho,10.36,106.36,17.0,mS/m,Unverified data,Raw - Not Yet Reviewed,O,58.199999999999996,29.396774193548385,22.44516129032258,25.425806451612903,112.0,2.92,82.48387096774194,542.38
1999-02-01,MyTho,10.36,106.36,18.2,mS/m,Unverified data,Raw - Not Yet Reviewed,O,8.700000000000001,30.45357142857143,22.839285714285715,26.075,129.16,3.330357142857143,74.85714285714286,589.66
1999-03-01,MyTho,10.36,106.36,51.0,mS/m,Unverified data,Raw - Not Yet Reviewed,O,53.8,32.038709677419355,24.493548387096773,27.59032258064516,148.96,3.44258064516129,77.74193548387096,672.05
1999-04-01,MyTho,10.36,106.36,98.5,mS/m,Unverified data,Raw - Not Yet Reviewed,O,228.6,30.936666666666667,24.533333333333335,26.89333333333333,114.69,3.0773333333333333,86.46666666666667,549.67
1999-05-01,MyTho,10.36,106.36,58.3,mS/m,Unverified data,Raw - Not Yet Reviewed,O,344.9,30.419354838709676,23.925806451612903,26.41290322580645,117.75,2.8693548387096777,87.93548387096774,577.87
1999-06-01,MyTho,10.36,106.36,15.2,mS/m,Unverified data,Raw - Not Yet Reviewed,O,251.0,29.62,23.953333333333333,26.083333333333332,102.56,4.184333333333333,87.66666666666667,500.31
1999-07-01,MyTho,10.36,106.36,13.5,mS/m,Unverified data,Raw - Not Yet Reviewed,O,214.8,29.75483870967742,23.980645161290322,25.958064516129035,109.87,4.5687096774193545,87.54838709677419,542.22
1999-08-01,MyTho,10.36,106.36,13.8,mS/m,Unverified data,Raw - Not Yet Reviewed,O,251.2,30.12258064516129,24.006451612903227,26.299999999999997,118.42,3.935483870967742,85.90322580645162,569.29
1999-09-01,MyTho,10.36,106.36,14.5,mS/m,Unverified data,Raw - Not Yet Reviewed,O,214.2,30.433333333333334,23.996666666666666,26.373333333333335,117.46000000000001,3.6229999999999998,86.13333333333334,576.54
1999-10-01,MyTho,10.36,106.36,13.6,mS/m,Unverified data,Raw - Not Yet Reviewed,O,316.5,29.787096774193547,23.348387096774193,25.903225806451612,101.05,2.755483870967742,89.64516129032258,500.89
1999-11-01,MyTho,10.36,106.36,15.6,mS/m,Unverified data,Raw - Not Yet Reviewed,O,220.4,29.323333333333334,23.083333333333332,25.586666666666666,94.71,2.6863333333333332,88.7,467.55
1999-12-01,MyTho,10.36,106.36,15.2,mS/m,Unverified data,Raw - Not Yet Reviewed,O,118.1,27.774193548387096,21.45483870967742,24.251612903225805,103.55,3.643548387096774,78.45161290322581,472.28999999999996
2000-01-01,MyTho,10.36,106.36,23.72,mS/m,Unverified data,Raw - Not Yet Reviewed,O,9.200000000000001,29.85483870967742,22.75483870967742,25.835483870967742,124.41,3.440967741935484,77.58064516129032,574.99
2000-02-01,MyTho,10.36,106.36,14.4,mS/m,Unverified data,Raw - Not Yet Reviewed,O,20.1,30.78965517241379,23.120689655172413,26.26551724137931,124.03999999999999,3.636551724137931,76.06896551724138,558.77
2000-03-01,MyTho,10.36,106.36,19.8,mS/m,Unverified data,Raw - Not Yet Reviewed,O,36.3,31.996774193548386,24.316129032258065,27.40967741935484,150.69,3.5929032258064515,75.16129032258064,662.06
2000-04-01,MyTho,10.36,106.36,20.8,mS/m,Unverified data,Raw - Not Yet Reviewed,O,128.2,31.626666666666665,24.61,27.473333333333336,131.18,3.2723333333333335,81.9,613.64
2000-05-01,MyTho,10.36,106.36,22.6,mS/m,Unverified data,Raw - Not Yet Reviewed,O,215.4,31.41290322580645,24.835483870967742,27.24516129032258,123.69,3.4212903225806452,85.83870967741936,594.87
2000-06-01,MyTho,10.36,106.36,16.48,mS/m,Unverified data,Raw - Not Yet Reviewed,O,306.90000000000003,30.026666666666664,24.02,26.23,102.78,3.3876666666666666,88.86666666666666,504.17
2000-07-01,MyTho,10.36,106.36,8.61,mS/m,Unverified data,Raw - Not Yet Reviewed,O,178.1,30.05483870967742,24.083870967741937,26.322580645161292,114.02,4.269032258064517,86.45161290322581,556.08
2000-08-01,MyTho,10.36,106.36,11.45,mS/m,Unverified data,Raw - Not Yet Reviewed,O,282.6,29.874193548387098,24.03548387096774,26.05806451612903,111.06,4.265806451612904,87.7741935483871,544.28
2000-09-01,MyTho,10.36,106.36,10.84,mS/m,Unverified data,Raw - Not Yet Reviewed,O,218.9,30.42,23.926666666666666,26.433333333333334,115.37,3.397666666666667,86.26666666666667,558.23
2000-10-01,MyTho,10.36,106.36,12.9,mS/m,Unverified data,Raw - Not Yet Reviewed,O,292.0,29.20967741935484,23.483870967741936,25.548387096774192,86.61,3.0003225806451614,91.54838709677419,430.0
2000-11-01,MyTho,10.36,106.36,12.59,mS/m,Unverified data,Raw - Not Yet Reviewed,O,218.70000000000002,29.476666666666667,23.026666666666664,25.873333333333335,102.0,2.9853333333333336,86.06666666666666,500.09000000000003
2000-12-01,MyTho,10.36,106.36,12.05,mS/m,Unverified data,Raw - Not Yet Reviewed,O,153.7,28.94193548387097,22.89032258064516,25.467741935483872,100.09,3.071935483870968,84.3225806451613,483.63
2001-01-01,MyTho,10.36,106.36,12.48,mS/m,Unverified data,Raw - Not Yet Reviewed,O,31.6,29.096774193548388,22.67096774193548,25.438709677419357,111.3,3.4819354838709677,82.0,528.72
2001-02-01,MyTho,10.36,106.36,14.15,mS/m,Unverified data,Raw - Not Yet Reviewed,O,20.400000000000002,30.292857142857144,22.685714285714287,25.99642857142857,118.03,3.0260714285714285,78.60714285714286,554.16
2001-03-01,MyTho,10.36,106.36,18.19,mS/m,Unverified data,Raw - Not Yet Reviewed,O,124.1,31.161290322580644,24.200000000000003,26.903225806451612,138.49,4.111935483870968,78.80645161290323,615.49
2001-04-01,MyTho,10.36,106.36,14.22,mS/m,Unverified data,Raw - Not Yet Reviewed,O,122.5,31.626666666666665,25.10666666666667,27.966666666666665,135.47,3.131333333333333,81.36666666666666,628.83
2001-05-01,MyTho,10.36,106.36,17.15,mS/m,Unverified data,Raw - Not Yet Reviewed,O,120.3,31.89032258064516,25.08709677419355,27.72258064516129,134.29,3.5183870967741933,83.61290322580645,629.57
2001-06-01,MyTho,10.36,106.36,13.83,mS/m,Unverified data,Raw - Not Yet Reviewed,O,260.4,30.28666666666667,24.376666666666665,26.503333333333334,107.67,3.9306666666666668,87.36666666666666,519.67
2001-07-01,MyTho,10.36,106.36,12.03,mS/m,Unverified data,Raw - Not Yet Reviewed,O,167.1,30.338709677419356,24.425806451612903,26.654838709677417,119.68,4.198387096774193,86.0,581.3
2001-08-01,MyTho,10.36,106.36,10.62,mS/m,Unverified data,Raw - Not Yet Reviewed,O,252.9,29.93548387096774,24.580645161290324,26.44193548387097,108.73,4.570967741935483,86.64516129032258,518.11
2001-09-01,MyTho,10.36,106.36,10.99,mS/m,Unverified data,Raw - Not Yet Reviewed,O,251.9,30.783333333333335,24.13,26.516666666666666,113.91,3.4930000000000003,87.33333333333333,555.78
2001-10-01,MyTho,10.36,106.36,10.71,mS/m,Unverified data,Raw - Not Yet Reviewed,O,364.9,29.58709677419355,23.66774193548387,25.9,95.12,2.8225806451612905,90.93548387096774,471.89
2001-11-01,MyTho,10.36,106.36,12.19,mS/m,Unverified data,Raw - Not Yet Reviewed,O,72.7,29.15666666666667,22.34,25.39,106.35,2.8596666666666666,82.16666666666667,509.61
2001-12-01,MyTho,10.36,106.36,15.3,mS/m,Unverified data,Raw - Not Yet Reviewed,O,30.900000000000002,30.08709677419355,22.758064516129032,25.903225806451612,117.52,3.2112903225806453,76.54838709677419,533.06
2002-01-01,MyTho,10.36,106.36,14.32,mS/m,Unverified data,Raw - Not Yet Reviewed,O,0.1,30.787096774193547,22.212903225806453,25.68064516129032,144.53,3.5945161290322583,70.19354838709677,628.43
2002-02-01,MyTho,10.36,106.36,15.67,mS/m,Unverified data,Raw - Not Yet Reviewed,O,0.5,31.839285714285715,22.889285714285712,26.37857142857143,148.12,4.176428571428572,67.35714285714286,621.03
2002-03-01,MyTho,10.36,106.36,25.3,mS/m,Unverified data,Raw - Not Yet Reviewed,O,1.5999999999999999,33.11290322580645,24.364516129032257,27.72258064516129,174.69,4.2461290322580645,68.70967741935483,720.06
2002-04-01,MyTho,10.36,106.36,78.2,mS/m,Unverified data,Raw - Not Yet Reviewed,O,16.4,33.92,25.60666666666667,28.95,170.05,4.242666666666667,70.5,701.06
2002-05-01,MyTho,10.36,106.36,94.5,mS/m,Unverified data,Raw - Not Yet Reviewed,O,108.9,33.63225806451613,25.887096774193548,28.83225806451613,153.83,4.216129032258064,75.93548387096774,649.39
2002-06-01,MyTho,10.36,106.36,28.2,mS/m,Unverified data,Raw - Not Yet Reviewed,O,266.59999999999997,31.216666666666665,24.926666666666666,27.1,110.64,3.603,85.8,520.96
2002-07-01,MyTho,10.36,106.36,13.66,mS/m,Unverified data,Raw - Not Yet Reviewed,O,119.2,31.287096774193547,25.280645161290323,27.55483870967742,134.48,4.766451612903226,81.90322580645162,613.95
2002-08-01,MyTho,10.36,106.36,13.67,mS/m,Unverified data,Raw - Not Yet Reviewed,O,248.0,29.780645161290323,24.280645161290323,26.29032258064516,106.32,4.190322580645161,86.45161290322581,495.35
2002-09-01,MyTho,10.36,106.36,13.3,mS/m,Unverified data,Raw - Not Yet Reviewed,O,227.5,30.209999999999997,24.1,26.18,105.62,3.890333333333333,88.03333333333333,516.02
2002-10-01,MyTho,10.36,106.36,12.84,mS/m,Unverified data,Raw - Not Yet Reviewed,O,222.0,30.406451612903226,23.716129032258067,26.31935483870968,112.19,2.5390322580645157,87.74193548387096,549.28
2002-11-01,MyTho,10.36,106.36,14.83,mS/m,Unverified data,Raw - Not Yet Reviewed,O,200.3,29.60666666666667,23.55,25.94333333333333,96.61,2.958666666666667,87.43333333333334,468.36
2002-12-01,MyTho,10.36,106.36,14.3,mS/m,Unverified data,Raw - Not Yet Reviewed,O,68.10000000000001,29.883870967741935,23.9,26.429032258064513,111.61,3.414193548387097,83.96774193548387,534.83
2003-01-01,MyTho,10.36,106.36,14.5,mS/m,Unverified data,Raw - Not Yet Reviewed,O,0.1,29.89032258064516,22.183870967741935,25.451612903225808,130.42,3.1990322580645163,76.06451612903226,605.64
2003-02-01,MyTho,10.36,106.36,12.6,mS/m,Unverified data,Raw - Not Yet Reviewed,O,0.8,31.525000000000002,23.75,26.760714285714283,141.41,4.0842857142857145,70.82142857142857,598.42
2003-03-01,MyTho,10.36,106.36,13.6,mS/m,Unverified data,Raw - Not Yet Reviewed,O,9.3,32.73548387096774,25.009677419354837,28.032258064516128,168.9,4.37,70.45161290322581,689.92
2003-04-01,MyTho,10.36,106.36,23.6,mS/m,Unverified data,Raw - Not Yet Reviewed,O,27.6,34.190000000000005,25.733333333333334,29.176666666666666,168.67,3.681,70.83333333333333,708.37
2003-05-01,MyTho,10.36,106.36,26.6,mS/m,Unverified data,Raw - Not Yet Reviewed,O,321.9,30.799999999999997,25.193548387096776,27.190322580645162,105.48,3.8370967741935487,86.3225806451613,483.27
2003-06-01,MyTho,10.36,106.36,21.2,mS/m,Unverified data,Raw - Not Yet Reviewed,O,191.7,30.846666666666668,24.7,27.006666666666668,118.64,3.5153333333333334,85.6,571.36
2003-07-01,MyTho,10.36,106.36,23.7,mS/m,Unverified data,Raw - Not Yet Reviewed,O,322.6,30.05806451612903,23.996774193548386,26.15806451612903,106.41,3.495483870967742,89.51612903225806,526.54
2003-08-01,MyTho,10.36,106.36,23.6,mS/m,Unverified data,Raw - Not Yet Reviewed,O,250.1,30.26774193548387,24.5,26.583870967741937,113.73,4.225806451612903,87.38709677419355,553.39
2003-09-01,MyTho,10.36,106.36,15.5,mS/m,Unverified data,Raw - Not Yet Reviewed,O,315.9,29.986666666666668,23.993333333333332,26.009999999999998,101.39,4.026666666666666,88.73333333333333,496.42
2003-10-01,MyTho,10.36,106.36,19.4,mS/m,Unverified data,Raw - Not Yet Reviewed,O,455.3,29.174193548387095,23.325806451612905,25.625806451612902,93.88,2.662258064516129,90.54838709677419,464.84000000000003
2003-11-01,MyTho,10.36,106.36,14.1,mS/m,Unverified data,Raw - Not Yet Reviewed,O,144.3,30.243333333333332,23.583333333333332,26.456666666666667,111.25,2.564,84.46666666666667,539.08
2003-12-01,MyTho,10.36,106.36,14.5,mS/m,Unverified data,Raw - Not Yet Reviewed,O,28.6,29.39032258064516,22.138709677419353,25.299999999999997,113.28,3.0703225806451617,76.93548387096774,523.07
2004-01-01,MyTho,10.36,106.36,20.63,mS/m,Unverified data,Raw - Not Yet Reviewed,O,1.9000000000000001,30.55806451612903,22.961290322580645,26.0,136.11,3.5632258064516127,73.03225806451613,597.35
2004-02-01,MyTho,10.36,106.36,21.4,mS/m,Unverified data,Raw - Not Yet Reviewed,O,2.9,31.03103448275862,22.686206896551724,25.97241379310345,136.72,3.672758620689655,73.06896551724138,607.83
2004-03-01,MyTho,10.36,106.36,122.9,mS/m,Unverified data,Raw - Not Yet Reviewed,O,5.6000000000000005,32.66451612903226,24.361290322580647,27.612903225806452,159.52,3.882903225806452,72.2258064516129,676.27
2004-04-01,MyTho,10.36,106.36,187.3,mS/m,Unverified data,Raw - Not Yet Reviewed,O,24.9,34.04333333333333,25.959999999999997,29.12,161.49,3.6876666666666664,72.26666666666667,683.56
2004-05-01,MyTho,10.36,106.36,124.6,mS/m,Unverified data,Raw - Not Yet Reviewed,O,234.5,31.906451612903226,25.5,28.048387096774192,126.74,3.7783870967741935,82.12903225806451,570.25
2004-06-01,MyTho,10.36,106.36,39.0,mS/m,Unverified data,Raw - Not Yet Reviewed,O,288.0,30.013333333333332,24.616666666666667,26.543333333333333,105.19,4.172666666666666,87.6,507.4
2004-07-01,MyTho,10.36,106.36,19.7,mS/m,Unverified data,Raw - Not Yet Reviewed,O,270.5,30.11935483870968,24.135483870967743,26.316129032258065,111.79,3.706774193548387,87.7741935483871,547.9
2004-08-01,MyTho,10.36,106.36,16.3,mS/m,Unverified data,Raw - Not Yet Reviewed,O,278.4,29.825806451612905,24.312903225806455,26.225806451612904,107.17,4.6006451612903225,88.0,521.1899999999999
2004-09-01,MyTho,10.36,106.36,13.8,mS/m,Unverified data,Raw - Not Yet Reviewed,O,247.6,30.533333333333335,23.990000000000002,26.4,112.41,3.0363333333333333,87.3,550.83
2004-10-01,MyTho,10.36,106.36,15.1,mS/m,Unverified data,Raw - Not Yet Reviewed,O,163.7,29.903225806451612,23.47741935483871,26.190322580645162,114.49,2.5532258064516125,85.45161290322581,556.27
2004-11-01,MyTho,10.36,106.36,15.0,mS/m,Unverified data,Raw - Not Yet Reviewed,O,42.9,30.666666666666668,23.946666666666665,26.779999999999998,121.22,3.0676666666666668,81.4,575.06
2004-12-01,MyTho,10.36,106.36,14.2,mS/m,Unverified data,Raw - Not Yet Reviewed,O,5.2,30.55483870967742,22.10967741935484,25.864516129032257,125.55,3.0951612903225807,74.83870967741936,575.86
2005-01-01,MyTho,10.36,106.36,17.4,mS/m,Unverified data,Raw - Not Yet Reviewed,O,1.7000000000000002,30.316129032258065,22.06451612903226,25.451612903225808,133.5,3.4535483870967743,72.06451612903226,589.1
2005-02-01,MyTho,10.36,106.36,19.0,mS/m,Unverified data,Raw - Not Yet Reviewed,O,0.0,32.082142857142856,23.582142857142856,26.864285714285717,142.77,4.104285714285714,72.10714285714286,607.4
2005-03-01,MyTho,10.36,106.36,112.6,mS/m,Unverified data,Raw - Not Yet Reviewed,O,10.4,32.73548387096774,24.129032258064516,27.496774193548386,174.89,4.276451612903226,70.16129032258064,734.81
2005-04-01,MyTho,10.36,106.36,121.8,mS/m,Unverified data,Raw - Not Yet Reviewed,O,47.1,33.81333333333333,25.69333333333333,28.883333333333333,167.21,3.781,70.8,695.17
2005-05-01,MyTho,10.36,106.36,28.6,mS/m,Unverified data,Raw - Not Yet Reviewed,O,188.4,32.329032258064515,25.23548387096774,27.88064516129032,131.18,3.2206451612903226,82.70967741935483,608.16
2005-06-01,MyTho,10.36,106.36,36.4,mS/m,Unverified data,Raw - Not Yet Reviewed,O,231.6,31.083333333333332,25.05,27.19333333333333,114.58,4.021,86.23333333333333,548.12
2005-07-01,MyTho,10.36,106.36,18.6,mS/m,Unverified data,Raw - Not Yet Reviewed,O,248.9,29.683870967741935,24.312903225806455,26.20967741935484,101.88,4.196774193548387,88.6774193548387,499.57
2005-08-01,MyTho,10.36,106.36,12.8,mS/m,Unverified data,Raw - Not Yet Reviewed,O,179.4,30.738709677419354,24.62258064516129,26.761290322580646,122.38,4.190645161290322,85.90322580645162,587.5
2005-09-01,MyTho,10.36,106.36,14.8,mS/m,Unverified data,Raw - Not Yet Reviewed,O,246.1,30.25,24.183333333333334,26.32,102.99,3.673,87.76666666666667,497.47
2005-10-01,MyTho,10.36,106.36,13.1,mS/m,Unverified data,Raw - Not Yet Reviewed,O,281.1,30.183870967741935,23.712903225806453,26.216129032258067,104.91,2.322258064516129,89.06451612903226,514.44
2005-11-01,MyTho,10.36,106.36,14.0,mS/m,Unverified data,Raw - Not Yet Reviewed,O,176.0,29.553333333333335,23.31,25.846666666666668,98.15,2.7439999999999998,86.96666666666667,480.95
2005-12-01,MyTho,10.36,106.36,15.2,mS/m,Unverified data,Raw - Not Yet Reviewed,O,211.0,27.787096774193547,22.154838709677417,24.458064516129035,84.06,3.3832258064516134,85.93548387096774,400.39
2006-01-01,MyTho,10.36,106.36,14.9,mS/m,Unverified data,Raw - Not Yet Reviewed,O,12.2,29.5,22.406451612903226,25.48709677419355,116.35,2.8680645161290323,80.83870967741936,560.6899999999999
2006-02-01,MyTho,10.36,106.36,15.8,mS/m,Unverified data,Raw - Not Yet Reviewed,O,10.2,31.37857142857143,23.792857142857144,26.907142857142855,134.44,3.5875,72.35714285714286,584.63
2006-03-01,MyTho,10.36,106.36,19.3,mS/m,Unverified data,Raw - Not Yet Reviewed,O,10.1,32.170967741935485,24.438709677419357,27.467741935483872,154.09,3.7164516129032257,74.48387096774194,667.72
2006-04-01,MyTho,10.36,106.36,26.2,mS/m,Unverified data,Raw - Not Yet Reviewed,O,91.9,32.3,25.11,28.086666666666666,139.65,3.180333333333333,78.13333333333334,631.95
2006-05-01,MyTho,10.36,106.36,60.6,mS/m,Unverified data,Raw - Not Yet Reviewed,O,257.0,31.19677419354839,24.567741935483873,27.200000000000003,122.5,2.958064516129032,85.6774193548387,585.5
2006-06-01,MyTho,10.36,106.36,20.0,mS/m,Unverified data,Raw - Not Yet Reviewed,O,311.8,30.096666666666668,24.33,26.45,101.75,3.247333333333333,88.6,496.3
2006-07-01,MyTho,10.36,106.36,16.1,mS/m,Unverified data,Raw - Not Yet Reviewed,O,254.9,29.674193548387095,24.46451612903226,26.24516129032258,101.21000000000001,4.57774193548387,88.74193548387096,495.45
2006-08-01,MyTho,10.36,106.36,11.7,mS/m,Unverified data,Raw - Not Yet Reviewed,O,318.9,29.825806451612905,24.193548387096776,26.093548387096774,104.23,4.641935483870968,87.93548387096774,501.83
2006-09-01,MyTho,10.36,106.36,12.6,mS/m,Unverified data,Raw - Not Yet Reviewed,O,326.0,30.096666666666668,23.873333333333335,26.016666666666666,104.86,3.5263333333333335,89.33333333333333,519.05
2006-10-01,MyTho,10.36,106.36,10.7,mS/m,Unverified data,Raw - Not Yet Reviewed,O,220.2,29.932258064516127,23.835483870967742,26.203225806451613,103.93,2.799032258064516,88.12903225806451,505.82
2006-11-01,MyTho,10.36,106.36,12.7,mS/m,Unverified data,Raw - Not Yet Reviewed,O,50.300000000000004,30.773333333333333,24.173333333333336,26.996666666666666,121.08,3.005333333333333,82.56666666666666,573.19
2006-12-01,MyTho,10.36,106.36,14.9,mS/m,Unverified data,Raw - Not Yet Reviewed,O,50.0,30.770967741935483,23.106451612903225,26.46451612903226,122.89,2.866129032258064,76.7741935483871,564.0
2007-01-01,MyTho,10.36,106.36,14.1,mS/m,Unverified data,Raw - Not Yet Reviewed,O,83.1,29.47741935483871,22.648387096774194,25.432258064516127,114.09,3.111290322580645,79.09677419354838,526.26
2007-02-01,MyTho,10.36,106.36,16.4,mS/m,Unverified data,Raw - Not Yet Reviewed,O,2.1,30.760714285714283,22.635714285714283,25.860714285714288,135.75,3.807857142857143,73.39285714285714,609.68
2007-03-01,MyTho,10.36,106.36,46.4,mS/m,Unverified data,Raw - Not Yet Reviewed,O,54.3,31.716129032258067,24.416129032258063,27.306451612903224,146.29,3.6861290322580644,76.16129032258064,637.92
2007-04-01,MyTho,10.36,106.36,168.6,mS/m,Unverified data,Raw - Not Yet Reviewed,O,79.0,32.836666666666666,25.48,28.470000000000002,150.47,3.594666666666667,75.46666666666667,648.3
2007-05-01,MyTho,10.36,106.36,38.0,mS/m,Unverified data,Raw - Not Yet Reviewed,O,317.0,30.70967741935484,24.725806451612904,26.91290322580645,111.33,3.094193548387097,88.25806451612904,536.87
2007-06-01,MyTho,10.36,106.36,21.8,mS/m,Unverified data,Raw - Not Yet Reviewed,O,303.9,30.80666666666667,24.8,27.013333333333332,108.09,2.833666666666667,88.53333333333333,523.66
2007-07-01,MyTho,10.36,106.36,19.3,mS/m,Unverified data,Raw - Not Yet Reviewed,O,240.0,29.835483870967742,24.33225806451613,26.322580645161292,98.44,3.5567741935483874,89.06451612903226,477.86
2007-08-01,MyTho,10.36,106.36,14.4,mS/m,Unverified data,Raw - Not Yet Reviewed,O,277.9,29.783870967741933,24.425806451612903,26.258064516129032,103.03,4.416774193548386,87.41935483870968,490.27
2007-09-01,MyTho,10.36,106.36,15.0,mS/m,Unverified data,Raw - Not Yet Reviewed,O,299.4,30.253333333333334,24.14,26.363333333333333,102.43,3.7083333333333335,88.4,497.08
2007-10-01,MyTho,10.36,106.36,15.9,mS/m,Unverified data,Raw - Not Yet Reviewed,O,344.8,29.461290322580645,23.429032258064513,25.65806451612903,95.98,3.0493548387096774,89.93548387096774,472.83
2007-11-01,MyTho,10.36,106.36,16.1,mS/m,Unverified data,Raw - Not Yet Reviewed,O,159.9,28.696666666666665,22.64,25.173333333333336,102.25,3.195666666666667,83.8,489.53
2007-12-01,MyTho,10.36,106.36,14.9,mS/m,Unverified data,Raw - Not Yet Reviewed,O,16.3,30.23225806451613,22.91290322580645,26.009677419354837,114.1,2.8390322580645164,79.80645161290323,536.39
2008-01-01,MyTho,10.36,106.36,14.7,mS/m,Unverified data,Raw - Not Yet Reviewed,O,36.0,30.12258064516129,22.822580645161292,25.761290322580646,117.18,3.24741935483871,77.19354838709677,528.5600000000001
2008-02-01,MyTho,10.36,106.36,15.2,mS/m,Unverified data,Raw - Not Yet Reviewed,O,11.4,31.28965517241379,22.686206896551724,26.162068965517243,132.73,3.469310344827586,72.34482758620689,589.26
2008-03-01,MyTho,10.36,106.36,18.7,mS/m,Unverified data,Raw - Not Yet Reviewed,O,16.8,32.03225806451613,23.664516129032258,27.05483870967742,160.15,3.6683870967741936,72.96774193548387,703.6
2008-04-01,MyTho,10.36,106.36,44.6,mS/m,Unverified data,Raw - Not Yet Reviewed,O,136.2,32.29666666666667,25.03666666666667,28.03666666666667,142.69,3.5959999999999996,77.76666666666667,628.4
2008-05-01,MyTho,10.36,106.36,25.7,mS/m,Unverified data,Raw - Not Yet Reviewed,O,270.8,30.325806451612905,24.274193548387096,26.38064516129032,107.28,3.69,88.41935483870968,521.6
2008-06-01,MyTho,10.36,106.36,22.6,mS/m,Unverified data,Raw - Not Yet Reviewed,O,220.1,30.186666666666667,24.48,26.65666666666667,108.73,3.4623333333333335,86.96666666666667,525.8100000000001
2008-07-01,MyTho,10.36,106.36,15.9,mS/m,Unverified data,Raw - Not Yet Reviewed,O,258.1,30.38064516129032,24.325806451612905,26.480645161290322,115.11,3.8538709677419356,86.87096774193549,558.18
2008-08-01,MyTho,10.36,106.36,15.8,mS/m,Unverified data,Raw - Not Yet Reviewed,O,243.7,30.03548387096774,23.958064516129035,26.238709677419354,111.72,3.623548387096774,87.83870967741936,546.44
2008-09-01,MyTho,10.36,106.36,17.1,mS/m,Unverified data,Raw - Not Yet Reviewed,O,346.8,29.663333333333334,24.02,25.996666666666666,95.99,3.8729999999999998,88.83333333333333,464.97
2008-10-01,MyTho,10.36,106.36,14.5,mS/m,Unverified data,Raw - Not Yet Reviewed,O,289.5,30.112903225806452,23.787096774193547,26.26774193548387,104.89,2.5067741935483867,89.3225806451613,516.56
2008-11-01,MyTho,10.36,106.36,14.9,mS/m,Unverified data,Raw - Not Yet Reviewed,O,231.0,28.766666666666666,22.83,25.313333333333333,90.71,3.1376666666666666,87.26666666666667,436.46
2008-12-01,MyTho,10.36,106.36,16.7,mS/m,Unverified data,Raw - Not Yet Reviewed,O,141.7,28.893548387096775,22.05806451612903,25.051612903225806,99.55,2.580322580645161,84.03225806451613,489.63
2009-01-01,MyTho,10.36,106.36,21.0,mS/m,Unverified data,Raw - Not Yet Reviewed,O,19.9,28.42258064516129,21.019354838709678,24.238709677419354,111.55,2.7516129032258063,80.16129032258064,547.31
2009-02-01,MyTho,10.36,106.36,17.6,mS/m,Unverified data,Raw - Not Yet Reviewed,O,46.0,30.264285714285712,23.142857142857142,26.075,117.48,3.1960714285714285,80.78571428571429,556.24
2009-03-01,MyTho,10.36,106.36,25.7,mS/m,Unverified data,Raw - Not Yet Reviewed,O,38.9,32.016129032258064,24.787096774193547,27.77741935483871,151.06,3.66,77.0,673.95
2009-04-01,MyTho,10.36,106.36,159.1,mS/m,Unverified data,Raw - Not Yet Reviewed,O,158.1,32.25666666666667,25.44333333333333,28.096666666666668,133.5,3.7146666666666666,79.83333333333333,587.79
2009-05-01,MyTho,10.36,106.36,26.2,mS/m,Unverified data,Raw - Not Yet Reviewed,O,293.8,30.280645161290323,24.270967741935483,26.59032258064516,104.62,2.8474193548387094,89.25806451612904,509.46
2009-06-01,MyTho,10.36,106.36,22.4,mS/m,Unverified data,Raw - Not Yet Reviewed,O,164.9,30.826666666666664,24.933333333333334,27.146666666666665,116.13,3.976,85.93333333333334,556.3199999999999
2009-07-01,MyTho,10.36,106.36,17.8,mS/m,Unverified data,Raw - Not Yet Reviewed,O,200.9,30.19677419354839,24.59032258064516,26.574193548387097,109.07000000000001,4.23258064516129,87.35483870967742,520.88
2009-08-01,MyTho,10.36,106.36,10.1,mS/m,Unverified data,Raw - Not Yet Reviewed,O,255.0,30.716129032258067,24.851612903225806,26.996774193548386,119.52,3.720322580645161,86.19354838709677,566.93
2009-09-01,MyTho,10.36,106.36,13.41,mS/m,Unverified data,Raw - Not Yet Reviewed,O,312.7,29.626666666666665,24.40666666666667,26.113333333333333,89.94,4.358333333333333,89.53333333333333,429.31
2009-10-01,MyTho,10.36,106.36,11.26,mS/m,Unverified data,Raw - Not Yet Reviewed,O,288.2,30.006451612903227,23.774193548387096,26.083870967741937,103.58,2.9983870967741937,88.7741935483871,508.89
2009-11-01,MyTho,10.36,106.36,12.44,mS/m,Unverified data,Raw - Not Yet Reviewed,O,77.0,29.85666666666667,23.78666666666667,26.42,104.36,3.0873333333333335,82.33333333333333,484.93
2009-12-01,MyTho,10.36,106.36,14.38,mS/m,Unverified data,Raw - Not Yet Reviewed,O,21.2,30.23225806451613,23.190322580645162,26.129032258064516,125.69,3.1538709677419354,76.87096774193549,575.26
2010-01-01,MyTho,10.36,106.36,18.1,mS/m,Unverified data,Raw - Not Yet Reviewed,O,72.0,29.783870967741933,23.20967741935484,25.896774193548385,124.17999999999999,3.617096774193548,76.25806451612904,557.96
2010-02-01,MyTho,10.36,106.36,19.09,mS/m,Unverified data,Raw - Not Yet Reviewed,O,1.9000000000000001,31.196428571428573,23.77857142857143,26.717857142857145,136.55,4.135714285714285,76.21428571428571,613.55
2010-03-01,MyTho,10.36,106.36,26.4,mS/m,Unverified data,Raw - Not Yet Reviewed,O,12.299999999999999,32.854838709677416,25.0,28.174193548387095,164.03,3.996451612903226,70.96774193548387,677.37
2010-04-01,MyTho,10.36,106.36,141.3,mS/m,Unverified data,Raw - Not Yet Reviewed,O,39.5,34.09,26.063333333333333,29.283333333333335,166.43,3.6986666666666665,72.06666666666666,700.82
2010-05-01,MyTho,10.36,106.36,260.0,mS/m,Unverified data,Raw - Not Yet Reviewed,O,126.9,33.91290322580645,26.593548387096774,29.493548387096773,150.05,3.357741935483871,77.45161290322581,653.3
2010-06-01,MyTho,10.36,106.36,24.7,mS/m,Unverified data,Raw - Not Yet Reviewed,O,294.5,31.326666666666664,25.236666666666668,27.44333333333333,112.71,3.442,87.26666666666667,542.17
2010-07-01,MyTho,10.36,106.36,27.2,mS/m,Unverified data,Raw - Not Yet Reviewed,O,289.3,30.4741935483871,24.55806451612903,26.748387096774195,110.17,3.3593548387096774,88.12903225806451,536.62
2010-08-01,MyTho,10.36,106.36,18.7,mS/m,Unverified data,Raw - Not Yet Reviewed,O,273.9,30.42258064516129,24.34193548387097,26.570967741935487,109.31,3.5390322580645157,88.58064516129032,529.2
2010-09-01,MyTho,10.36,106.36,17.6,mS/m,Unverified data,Raw - Not Yet Reviewed,O,292.3,30.726666666666667,24.290000000000003,26.703333333333333,113.59,2.8506666666666667,87.66666666666667,553.57
2010-10-01,MyTho,10.36,106.36,15.78,mS/m,Unverified data,Raw - Not Yet Reviewed,O,412.9,29.274193548387096,23.438709677419357,25.580645161290324,84.53,3.106451612903226,91.03225806451613,408.84
2010-11-01,MyTho,10.36,106.36,15.43,mS/m,Unverified data,Raw - Not Yet Reviewed,O,348.6,29.18,22.983333333333334,25.416666666666668,88.7,2.5683333333333334,90.23333333333333,439.0
2010-12-01,MyTho,10.36,106.36,19.12,mS/m,Unverified data,Raw - Not Yet Reviewed,O,93.6,28.932258064516127,22.716129032258067,25.42258064516129,95.19,2.3970967741935483,85.80645161290323,469.55
2011-01-01,MyTho,10.36,106.36,17.63,mS/m,Unverified data,Raw - Not Yet Reviewed,O,37.6,28.81935483870968,21.94193548387097,25.074193548387097,109.99,2.649677419354839,80.96774193548387,533.24
2011-02-01,MyTho,10.36,106.36,25.2,mS/m,Unverified data,Raw - Not Yet Reviewed,O,2.4,30.717857142857145,22.925,26.010714285714283,131.03,3.6703571428571427,73.46428571428571,581.29
2011-03-01,MyTho,10.36,106.36,29.0,mS/m,Unverified data,Raw - Not Yet Reviewed,O,98.60000000000001,30.61935483870968,23.938709677419357,26.625806451612902,128.45,3.670645161290323,76.45161290322581,555.23
2011-04-01,MyTho,10.36,106.36,23.8,mS/m,Unverified data,Raw - Not Yet Reviewed,O,96.0,31.259999999999998,24.396666666666665,27.246666666666666,139.0,3.3253333333333335,78.86666666666666,634.51
2011-05-01,MyTho,10.36,106.36,26.1,mS/m,Unverified data,Raw - Not Yet Reviewed,O,268.9,31.27741935483871,24.90967741935484,27.287096774193547,119.01,3.0164516129032255,86.64516129032258,570.6899999999999
2011-06-01,MyTho,10.36,106.36,22.4,mS/m,Unverified data,Raw - Not Yet Reviewed,O,223.3,30.323333333333334,24.72666666666667,26.746666666666666,107.21000000000001,4.1066666666666665,86.9,511.69
2011-07-01,MyTho,10.36,106.36,14.97,mS/m,Unverified data,Raw - Not Yet Reviewed,O,227.79999999999998,30.387096774193548,24.490322580645163,26.593548387096774,115.69,4.043225806451613,87.09677419354838,562.84
2011-08-01,MyTho,10.36,106.36,11.2,mS/m,Unverified data,Raw - Not Yet Reviewed,O,289.0,30.490322580645163,24.325806451612905,26.509677419354837,114.46000000000001,3.668709677419355,88.0,557.96
2011-09-01,MyTho,10.36,106.36,12.0,mS/m,Unverified data,Raw - Not Yet Reviewed,O,320.5,29.496666666666666,24.146666666666665,25.966666666666665,95.51,4.444999999999999,89.16666666666667,467.6
2011-10-01,MyTho,10.36,106.36,13.9,mS/m,Unverified data,Raw - Not Yet Reviewed,O,224.29999999999998,30.280645161290323,23.625806451612902,26.23548387096774,111.44,3.0341935483870968,88.41935483870968,548.47
2011-11-01,MyTho,10.36,106.36,12.8,mS/m,Unverified data,Raw - Not Yet Reviewed,O,197.1,30.183333333333334,23.733333333333334,26.433333333333334,104.33,2.8483333333333336,85.8,507.96000000000004
2011-12-01,MyTho,10.36,106.36,14.3,mS/m,Unverified data,Raw - Not Yet Reviewed,O,86.4,28.496774193548386,22.606451612903225,25.103225806451615,96.84,2.7719354838709678,81.96774193548387,459.27
2012-01-01,MyTho,10.36,106.36,13.1,mS/m,Unverified data,Raw - Not Yet Reviewed,O,33.1,29.62258064516129,22.938709677419357,25.683870967741935,109.44,3.3535483870967746,79.74193548387096,505.35
2012-02-01,MyTho,10.36,106.36,15.5,mS/m,Unverified data,Raw - Not Yet Reviewed,O,32.7,30.886206896551727,23.53448275862069,26.5,129.26,3.3210344827586207,76.96551724137932,588.55
2012-03-01,MyTho,10.36,106.36,17.3,mS/m,Unverified data,Raw - Not Yet Reviewed,O,114.5,32.35806451612903,24.719354838709677,27.783870967741933,149.12,3.4706451612903226,76.48387096774194,658.05
2012-04-01,MyTho,10.36,106.36,48.3,mS/m,Unverified data,Raw - Not Yet Reviewed,O,118.1,31.69333333333333,24.75,27.596666666666668,135.04,3.2693333333333334,81.83333333333333,631.87
2012-05-01,MyTho,10.36,106.36,50.7,mS/m,Unverified data,Raw - Not Yet Reviewed,O,271.3,31.067741935483873,24.825806451612905,27.10967741935484,117.95,3.784838709677419,86.61290322580645,564.52
2012-06-01,MyTho,10.36,106.36,21.2,mS/m,Unverified data,Raw - Not Yet Reviewed,O,222.1,30.446666666666665,25.033333333333335,27.013333333333332,115.17,4.6483333333333325,84.96666666666667,539.87
2012-07-01,MyTho,10.36,106.36,18.84,mS/m,Unverified data,Raw - Not Yet Reviewed,O,272.2,30.032258064516128,24.461290322580645,26.44516129032258,110.12,4.118064516129032,87.38709677419355,530.4399999999999
2012-08-01,MyTho,10.36,106.36,14.9,mS/m,Unverified data,Raw - Not Yet Reviewed,O,194.6,30.27741935483871,24.654838709677417,26.725806451612904,119.78999999999999,4.525483870967742,85.2258064516129,565.87
2012-09-01,MyTho,10.36,106.36,16.59,mS/m,Unverified data,Raw - Not Yet Reviewed,O,388.3,29.040000000000003,23.69333333333333,25.44,82.81,3.7176666666666667,91.9,413.81
2012-10-01,MyTho,10.36,106.36,13.28,mS/m,Unverified data,Raw - Not Yet Reviewed,O,219.6,29.98709677419355,23.74516129032258,26.345161290322583,110.05,2.648064516129032,87.41935483870968,538.14
2012-11-01,MyTho,10.36,106.36,15.2,mS/m,Unverified data,Raw - Not Yet Reviewed,O,135.3,29.87,24.206666666666667,26.563333333333333,103.19,3.4276666666666666,85.26666666666667,491.53
2012-12-01,MyTho,10.36,106.36,15.1,mS/m,Unverified data,Raw - Not Yet Reviewed,O,19.7,30.990322580645163,24.14516129032258,27.11935483870968,124.56,3.2070967741935483,76.70967741935483,554.47
2013-01-01,MyTho,10.36,106.36,17.03,mS/m,Unverified data,Raw - Not Yet Reviewed,O,66.6,29.703225806451613,22.951612903225808,25.690322580645162,117.38,3.291935483870968,77.7741935483871,535.49
2013-02-01,MyTho,10.36,106.36,22.8,mS/m,Unverified data,Raw - Not Yet Reviewed,O,14.099999999999998,31.914285714285715,24.00714285714286,27.139285714285712,140.43,4.239285714285715,69.14285714285714,571.96
2013-03-01,MyTho,10.36,106.36,72.0,mS/m,Unverified data,Raw - Not Yet Reviewed,O,9.8,33.196774193548386,24.948387096774194,28.274193548387096,163.12,3.6961290322580647,71.7741935483871,693.86
2013-04-01,MyTho,10.36,106.36,38.9,mS/m,Unverified data,Raw - Not Yet Reviewed,O,145.7,32.39333333333333,25.826666666666664,28.453333333333333,130.44,3.3473333333333333,79.33333333333333,575.89
2013-05-01,MyTho,10.36,106.36,27.2,mS/m,Unverified data,Raw - Not Yet Reviewed,O,241.2,31.883870967741935,25.46451612903226,27.86774193548387,125.96,3.169677419354839,85.19354838709677,596.08
2013-06-01,MyTho,10.36,106.36,21.7,mS/m,Unverified data,Raw - Not Yet Reviewed,O,281.9,30.029999999999998,24.776666666666664,26.716666666666665,96.97,3.5923333333333334,89.06666666666666,469.81
2013-07-01,MyTho,10.36,106.36,20.2,mS/m,Unverified data,Raw - Not Yet Reviewed,O,286.2,29.825806451612905,24.225806451612904,26.23225806451613,105.02,3.9670967741935486,88.09677419354838,507.91
2013-08-01,MyTho,10.36,106.36,16.67,mS/m,Unverified data,Raw - Not Yet Reviewed,O,246.7,29.88064516129032,24.31935483870968,26.25483870967742,109.57,4.2212903225806455,87.35483870967742,526.25
2013-09-01,MyTho,10.36,106.36,20.8,mS/m,Unverified data,Raw - Not Yet Reviewed,O,249.9,30.086666666666666,24.21333333333333,26.28666666666667,101.4,3.759333333333333,88.43333333333334,489.12
2013-10-01,MyTho,10.36,106.36,14.37,mS/m,Unverified data,Raw - Not Yet Reviewed,O,223.70000000000002,30.12258064516129,23.461290322580645,25.990322580645163,108.59,2.866774193548387,88.64516129032258,536.84
2013-11-01,MyTho,10.36,106.36,14.52,mS/m,Unverified data,Raw - Not Yet Reviewed,O,140.3,29.58,23.566666666666666,26.13,99.45,2.9903333333333335,85.93333333333334,481.97
2013-12-01,MyTho,10.36,106.36,13.92,mS/m,Unverified data,Raw - Not Yet Reviewed,O,25.499999999999996,28.80322580645161,22.177419354838708,25.08709677419355,101.53999999999999,2.5412903225806454,80.25806451612904,486.75
2014-01-01,MyTho,10.36,106.36,15.76,mS/m,Unverified data,Raw - Not Yet Reviewed,O,6.7,29.041935483870965,20.89032258064516,24.451612903225808,121.16,2.9977419354838712,73.70967741935483,570.57
2014-02-01,MyTho,10.36,106.36,14.6,mS/m,Unverified data,Raw - Not Yet Reviewed,O,3.3,30.353571428571428,22.24285714285714,25.478571428571428,132.25,3.808928571428571,73.5,590.72
2014-03-01,MyTho,10.36,106.36,20.9,mS/m,Unverified data,Raw - Not Yet Reviewed,O,6.1,32.55161290322581,24.387096774193548,27.60967741935484,170.62,4.25,70.6774193548387,712.81
2014-04-01,MyTho,10.36,106.36,24.2,mS/m,Unverified data,Raw - Not Yet Reviewed,O,70.7,33.47666666666667,25.366666666666667,28.756666666666668,147.52,2.7329999999999997,74.83333333333333,656.23
2014-05-01,MyTho,10.36,106.36,23.1,mS/m,Unverified data,Raw - Not Yet Reviewed,O,176.7,32.73225806451613,25.654838709677417,28.4,137.97,2.9706451612903226,82.3225806451613,636.71
2014-06-01,MyTho,10.36,106.36,25.2,mS/m,Unverified data,Raw - Not Yet Reviewed,O,263.7,30.956666666666667,25.223333333333336,27.183333333333334,102.23,4.010666666666667,87.9,486.1
2014-07-01,MyTho,10.36,106.36,12.9,mS/m,Unverified data,Raw - Not Yet Reviewed,O,276.9,29.9,24.641935483870967,26.483870967741936,100.21,4.245483870967742,88.35483870967742,485.86
2014-08-01,MyTho,10.36,106.36,11.87,mS/m,Unverified data,Raw - Not Yet Reviewed,O,253.7,30.47741935483871,24.206451612903226,26.58709677419355,119.52,3.565483870967742,86.80645161290323,578.12
2014-09-01,MyTho,10.36,106.36,12.16,mS/m,Unverified data,Raw - Not Yet Reviewed,O,206.5,30.363333333333333,24.096666666666668,26.396666666666665,109.12,3.6123333333333334,87.16666666666667,530.05
2014-10-01,MyTho,10.36,106.36,14.48,mS/m,Unverified data,Raw - Not Yet Reviewed,O,308.6,30.051612903225806,23.751612903225805,26.161290322580644,103.33,2.583870967741935,89.29032258064517,507.89
2014-11-01,MyTho,10.36,106.36,13.91,mS/m,Unverified data,Raw - Not Yet Reviewed,O,141.6,30.23,23.953333333333333,26.623333333333335,105.61,2.8346666666666667,86.2,511.09
2014-12-01,MyTho,10.36,106.36,16.0,mS/m,Unverified data,Raw - Not Yet Reviewed,O,105.5,29.36774193548387,22.980645161290322,25.67096774193548,104.19,3.105483870967742,82.6774193548387,491.25
2015-01-01,MyTho,10.36,106.36,18.16,mS/m,Unverified data,Raw - Not Yet Reviewed,O,17.2,29.4,21.6,24.929032258064513,120.83,3.2129032258064516,77.35483870967742,569.17
2015-02-01,MyTho,10.36,106.36,41.8,mS/m,Unverified data,Raw - Not Yet Reviewed,O,1.7,30.185714285714287,22.035714285714285,25.353571428571428,131.62,3.879642857142857,72.21428571428571,585.28
2015-03-01,MyTho,10.36,106.36,42.5,mS/m,Unverified data,Raw - Not Yet Reviewed,O,2.3,32.29677419354839,24.461290322580645,27.532258064516128,170.81,4.2380645161290325,70.29032258064517,710.92
2015-04-01,MyTho,10.36,106.36,31.1,mS/m,Unverified data,Raw - Not Yet Reviewed,O,40.400000000000006,33.39,25.426666666666666,28.743333333333332,162.55,3.392333333333333,72.6,695.27
2015-05-01,MyTho,10.36,106.36,29.3,mS/m,Unverified data,Raw - Not Yet Reviewed,O,110.6,33.96774193548387,26.177419354838708,29.200000000000003,149.12,3.250967741935484,75.7741935483871,655.78
2015-06-01,MyTho,10.36,106.36,40.6,mS/m,Unverified data,Raw - Not Yet Reviewed,O,174.6,31.55666666666667,25.16,27.563333333333333,115.66,3.5323333333333333,84.23333333333333,537.56
2015-07-01,MyTho,10.36,106.36,21.4,mS/m,Unverified data,Raw - Not Yet Reviewed,O,157.7,30.919354838709676,25.190322580645162,27.23548387096774,118.85,4.1496774193548385,84.93548387096774,553.15
2015-08-01,MyTho,10.36,106.36,14.4,mS/m,Unverified data,Raw - Not Yet Reviewed,O,238.3,30.76451612903226,24.809677419354838,26.883870967741935,119.35,3.904193548387097,86.35483870967742,572.15
2015-09-01,MyTho,10.36,106.36,13.9,mS/m,Unverified data,Raw - Not Yet Reviewed,O,285.2,30.436666666666667,24.446666666666665,26.623333333333335,107.85,3.6443333333333334,87.9,523.22
2015-10-01,MyTho,10.36,106.36,12.08,mS/m,Unverified data,Raw - Not Yet Reviewed,O,266.5,30.670967741935485,24.093548387096774,26.66774193548387,114.13,2.7580645161290325,87.45161290322581,550.57
2015-11-01,MyTho,10.36,106.36,13.86,mS/m,Unverified data,Raw - Not Yet Reviewed,O,126.2,30.35666666666667,24.523333333333333,26.87,109.76,3.353333333333333,84.96666666666667,523.88
2015-12-01,MyTho,10.36,106.36,16.9,mS/m,Unverified data,Raw - Not Yet Reviewed,O,49.2,30.406451612903226,23.996774193548386,26.67096774193548,120.64,3.478709677419355,79.41935483870968,552.73
2016-01-01,MyTho,10.36,106.36,173.0,mS/m,Unverified data,Raw - Not Yet Reviewed,O,4.5,31.451612903225808,24.270967741935483,27.141935483870967,138.93,3.8570967741935482,74.41935483870968,598.45
2016-02-01,MyTho,10.36,106.36,91.5,mS/m,Unverified data,Raw - Not Yet Reviewed,O,2.1,32.05172413793103,23.56551724137931,26.975862068965515,146.52,3.770344827586207,68.86206896551724,618.7
2016-03-01,MyTho,10.36,106.36,385.0,mS/m,Unverified data,Raw - Not Yet Reviewed,O,0.1,33.067741935483866,24.287096774193547,27.761290322580646,169.09,3.898064516129032,69.93548387096774,706.65
2016-04-01,MyTho,10.36,106.36,103.3,mS/m,Unverified data,Raw - Not Yet Reviewed,O,5.0,34.85,25.90666666666667,29.67,171.44,3.2953333333333332,69.6,715.92
2016-05-01,MyTho,10.36,106.36,32.8,mS/m,Unverified data,Raw - Not Yet Reviewed,O,198.1,33.096774193548384,26.325806451612905,29.02258064516129,132.66,3.44741935483871,79.6774193548387,580.62
2016-06-01,MyTho,10.36,106.36,32.3,mS/m,Unverified data,Raw - Not Yet Reviewed,O,249.6,31.006666666666668,24.873333333333335,27.126666666666665,107.8,3.445666666666667,87.3,513.68
2016-07-01,MyTho,10.36,106.36,16.29,mS/m,Unverified data,Raw - Not Yet Reviewed,O,235.1,30.55806451612903,24.52258064516129,26.845161290322583,113.33,3.269032258064516,87.25806451612904,546.88
2016-08-01,MyTho,10.36,106.36,15.1,mS/m,Unverified data,Raw - Not Yet Reviewed,O,171.6,30.503225806451614,25.225806451612904,27.135483870967743,116.3,4.491612903225806,85.16129032258064,544.2
2016-09-01,MyTho,10.36,106.36,23.3,mS/m,Unverified data,Raw - Not Yet Reviewed,O,289.1,30.233333333333334,24.626666666666665,26.55666666666667,102.01,3.8329999999999997,87.86666666666666,489.26
2016-10-01,MyTho,10.36,106.36,14.07,mS/m,Unverified data,Raw - Not Yet Reviewed,O,492.3,29.248387096774195,24.0258064516129,25.703225806451613,78.25,3.2638709677419357,92.87096774193549,387.62
2016-11-01,MyTho,10.36,106.36,14.06,mS/m,Unverified data,Raw - Not Yet Reviewed,O,215.9,29.903333333333332,24.0,26.363333333333333,96.04,2.6790000000000003,88.66666666666667,471.44
2016-12-01,MyTho,10.36,106.36,18.19,mS/m,Unverified data,Raw - Not Yet Reviewed,O,177.8,28.596774193548388,23.316129032258065,25.44516129032258,82.95,3.067096774193548,87.3225806451613,394.62
2017-01-01,MyTho,10.36,106.36,17.15,mS/m,Unverified data,Raw - Not Yet Reviewed,O,80.10000000000001,29.75483870967742,23.20967741935484,26.009677419354837,113.21,3.567741935483871,81.48387096774194,529.21
2017-02-01,MyTho,10.36,106.36,20.2,mS/m,Unverified data,Raw - Not Yet Reviewed,O,43.400000000000006,30.657142857142855,22.646428571428572,26.021428571428572,121.1,3.600357142857143,78.03571428571429,559.7
2017-03-01,MyTho,10.36,106.36,19.34,mS/m,Unverified data,Raw - Not Yet Reviewed,O,28.6,31.796774193548387,24.106451612903225,27.203225806451613,155.82999999999998,4.252258064516129,75.29032258064517,686.49
2017-04-01,MyTho,10.36,106.36,28.4,mS/m,Unverified data,Raw - Not Yet Reviewed,O,89.4,32.73,25.046666666666667,28.136666666666667,142.82,3.856333333333333,79.33333333333333,642.92
2017-05-01,MyTho,10.36,106.36,25.6,mS/m,Unverified data,Raw - Not Yet Reviewed,O,314.1,31.548387096774192,25.1,27.44516129032258,110.2,3.1074193548387097,87.80645161290323,527.29
2017-06-01,MyTho,10.36,106.36,19.45,mS/m,Unverified data,Raw - Not Yet Reviewed,O,278.9,30.986666666666668,25.07,27.19,108.05,3.6510000000000002,87.16666666666667,522.38
2017-07-01,MyTho,10.36,106.36,16.41,mS/m,Unverified data,Raw - Not Yet Reviewed,O,352.6,30.138709677419353,24.532258064516128,26.470967741935485,98.17,4.00516129032258,88.93548387096774,475.77
2017-08-01,MyTho,10.36,106.36,11.84,mS/m,Unverified data,Raw - Not Yet Reviewed,O,342.6,30.12258064516129,24.316129032258065,26.36774193548387,101.65,3.576451612903226,89.83870967741936,501.83
2017-09-01,MyTho,10.36,106.36,13.42,mS/m,Unverified data,Raw - Not Yet Reviewed,O,234.7,31.016666666666666,24.486666666666668,26.78666666666667,105.67999999999999,3.1540000000000004,89.03333333333333,513.25
2017-10-01,MyTho,10.36,106.36,12.55,mS/m,Unverified data,Raw - Not Yet Reviewed,O,369.8,30.074193548387097,23.816129032258065,26.125806451612902,94.28999999999999,2.935483870967742,90.06451612903226,460.38
2017-11-01,MyTho,10.36,106.36,14.95,mS/m,Unverified data,Raw - Not Yet Reviewed,O,162.7,29.933333333333334,23.686666666666667,26.293333333333333,94.74,3.1573333333333333,87.66666666666667,455.0
2017-12-01,MyTho,10.36,106.36,17.32,mS/m,Unverified data,Raw - Not Yet Reviewed,O,124.1,28.93548387096774,22.425806451612903,25.261290322580646,100.48,3.386451612903226,80.96774193548387,459.45
2018-01-01,MyTho,10.36,106.36,19.02,mS/m,Unverified data,Raw - Not Yet Reviewed,O,59.9,29.94193548387097,23.006451612903227,25.687096774193545,105.56,3.23,82.06451612903226,495.15
2018-02-01,MyTho,10.36,106.36,18.77,mS/m,Unverified data,Raw - Not Yet Reviewed,O,7.300000000000001,30.835714285714285,22.29642857142857,25.839285714285715,126.94,4.071071428571428,73.71428571428571,563.46
2018-03-01,MyTho,10.36,106.36,23.1,mS/m,Unverified data,Raw - Not Yet Reviewed,O,20.6,32.19032258064516,24.26774193548387,27.364516129032257,153.16,4.005806451612903,74.03225806451613,654.72
2018-04-01,MyTho,10.36,106.36,50.7,mS/m,Unverified data,Raw - Not Yet Reviewed,O,23.0,32.95333333333333,25.243333333333332,28.32,147.92,4.029333333333333,74.56666666666666,620.14
2018-05-01,MyTho,10.36,106.36,29.0,mS/m,Unverified data,Raw - Not Yet Reviewed,O,205.0,32.16451612903226,25.04516129032258,27.870967741935484,123.10000000000001,3.003548387096774,83.93548387096774,573.54
2018-06-01,MyTho,10.36,106.36,21.6,mS/m,Unverified data,Raw - Not Yet Reviewed,O,194.29999999999998,30.553333333333335,24.69,26.873333333333335,100.5,3.840333333333333,88.13333333333334,478.95
2018-07-01,MyTho,10.36,106.36,24.0,mS/m,Unverified data,Raw - Not Yet Reviewed,O,259.1,29.793548387096774,24.63225806451613,26.506451612903227,98.86,4.7700000000000005,88.87096774193549,481.71
2018-08-01,MyTho,10.36,106.36,22.1,mS/m,Unverified data,Raw - Not Yet Reviewed,O,303.2,29.948387096774194,24.44516129032258,26.419354838709676,101.02,4.426774193548387,89.0,490.24
2018-09-01,MyTho,10.36,106.36,13.57,mS/m,Unverified data,Raw - Not Yet Reviewed,O,342.4,30.163333333333334,23.996666666666666,26.206666666666667,99.86,3.357,90.46666666666667,495.62
2018-10-01,MyTho,10.36,106.36,15.3,mS/m,Unverified data,Raw - Not Yet Reviewed,O,312.5,30.338709677419356,23.951612903225808,26.596774193548388,110.62,3.202903225806452,86.87096774193549,531.32
2018-11-01,MyTho,10.36,106.36,16.04,mS/m,Unverified data,Raw - Not Yet Reviewed,O,189.6,30.246666666666666,24.066666666666666,26.683333333333334,108.53999999999999,3.905666666666667,83.23333333333333,503.51
2018-12-01,MyTho,10.36,106.36,16.64,mS/m,Unverified data,Raw - Not Yet Reviewed,O,111.10000000000001,30.451612903225808,23.65806451612903,26.548387096774192,110.66,3.3445161290322583,83.2258064516129,511.18
2019-01-01,MyTho,10.36,106.36,19.58,mS/m,Unverified data,Raw - Not Yet Reviewed,O,26.0,30.009677419354837,22.75483870967742,25.870967741935484,128.85,4.376774193548387,74.80645161290323,557.31
2019-02-01,MyTho,10.36,106.36,23.3,mS/m,Unverified data,Raw - Not Yet Reviewed,O,3.1,31.039285714285715,23.932142857142857,26.682142857142857,139.29,4.872142857142856,73.10714285714286,588.08
2019-03-01,MyTho,10.36,106.36,31.5,mS/m,Unverified data,Raw - Not Yet Reviewed,O,12.2,32.81290322580645,24.141935483870967,27.787096774193547,158.92,4.021612903225806,73.38709677419355,671.76
2019-04-01,MyTho,10.36,106.36,26.7,mS/m,Unverified data,Raw - Not Yet Reviewed,O,37.9,34.13666666666666,25.576666666666664,29.16,153.92,3.6626666666666665,73.33333333333333,640.74
2019-05-01,MyTho,10.36,106.36,57.4,mS/m,Unverified data,Raw - Not Yet Reviewed,O,188.2,33.11290322580645,25.551612903225806,28.33225806451613,129.26,3.4119354838709675,84.48387096774194,595.64
2019-06-01,MyTho,10.36,106.36,25.8,mS/m,Unverified data,Raw - Not Yet Reviewed,O,243.2,30.77,25.15,27.243333333333332,99.63,3.4463333333333335,89.13333333333334,478.38
2019-07-01,MyTho,10.36,106.36,24.1,mS/m,Unverified data,Raw - Not Yet Reviewed,O,228.6,30.816129032258065,24.77741935483871,26.95483870967742,111.27,3.8548387096774195,88.3225806451613,538.86
2019-08-01,MyTho,10.36,106.36,15.95,mS/m,Unverified data,Raw - Not Yet Reviewed,O,295.4,30.35483870967742,24.677419354838708,26.677419354838708,107.09,4.626129032258064,89.09677419354838,527.0
2019-09-01,MyTho,10.36,106.36,8.75,mS/m,Unverified data,Raw - Not Yet Reviewed,O,257.1,30.32,24.336666666666666,26.490000000000002,101.85,3.851,89.16666666666667,496.11
2019-10-01,MyTho,10.36,106.36,13.99,mS/m,Unverified data,Raw - Not Yet Reviewed,O,165.4,31.1,24.270967741935483,27.051612903225806,119.49,3.0948387096774193,85.3225806451613,565.72
2019-11-01,MyTho,10.36,106.36,16.53,mS/m,Unverified data,Raw - Not Yet Reviewed,O,108.1,30.506666666666668,23.263333333333332,26.333333333333332,110.21,2.972666666666667,83.93333333333334,520.53
2019-12-01,MyTho,10.36,106.36,47.7,mS/m,Unverified data,Raw - Not Yet Reviewed,O,4.2,31.048387096774192,21.95483870967742,25.93548387096774,124.54,3.2493548387096776,74.09677419354838,556.13
2020-01-01,MyTho,10.36,106.36,22.1,mS/m,Unverified data,Raw - Not Yet Reviewed,O,4.4,31.65806451612903,22.86774193548387,26.448387096774194,141.28,3.942258064516129,72.54838709677419,608.46
2020-02-01,MyTho,10.36,106.36,558.0,mS/m,Unverified data,Raw - Not Yet Reviewed,O,5.0,31.882758620689657,22.79310344827586,26.451724137931034,148.21,4.501379310344827,70.10344827586206,622.22
2020-03-01,MyTho,10.36,106.36,692.0,mS/m,Unverified data,Raw - Not Yet Reviewed,O,4.0,32.65806451612903,24.719354838709677,27.861290322580647,160.85,4.328709677419355,74.19354838709677,681.64
2020-04-01,MyTho,10.36,106.36,607.0,mS/m,Unverified data,Raw - Not Yet Reviewed,O,26.400000000000002,33.52,25.65666666666667,28.95,160.02,4.398666666666667,72.93333333333334,656.91
2020-05-01,MyTho,10.36,106.36,398.0,mS/m,Unverified data,Raw - Not Yet Reviewed,O,82.2,34.770967741935486,26.116129032258065,29.509677419354837,148.81,3.3845161290322583,77.6774193548387,635.21
2020-06-01,MyTho,10.36,106.36,55.8,mS/m,Unverified data,Raw - Not Yet Reviewed,O,354.5,31.39,24.636666666666667,26.94333333333333,103.53,3.033333333333333,90.26666666666667,503.17
2020-07-01,MyTho,10.36,106.36,36.4,mS/m,Unverified data,Raw - Not Yet Reviewed,O,334.3,30.81935483870968,24.55806451612903,26.835483870967742,107.9,2.91,90.12903225806451,530.44
2020-08-01,MyTho,10.36,106.36,22.8,mS/m,Unverified data,Raw - Not Yet Reviewed,O,263.8,31.174193548387095,24.77741935483871,27.116129032258065,114.36,3.5999999999999996,88.25806451612904,549.59
2020-09-01,MyTho,10.36,106.36,20.7,mS/m,Unverified data,Raw - Not Yet Reviewed,O,408.4,30.970000000000002,24.31,26.636666666666667,101.58,3.1046666666666667,90.46666666666667,495.93
2020-10-01,MyTho,10.36,106.36,20.95,mS/m,Unverified data,Raw - Not Yet Reviewed,O,494.5,29.248387096774195,23.83225806451613,25.72258064516129,79.14,3.0364516129032255,93.54838709677419,392.3
2020-11-01,MyTho,10.36,106.36,22.85,mS/m,Unverified data,Raw - Not Yet Reviewed,O,83.0,30.603333333333335,23.746666666666666,26.563333333333333,106.91,3.0283333333333333,83.9,502.58
2020-12-01,MyTho,10.36,106.36,22.15,mS/m,Unverified data,Raw - Not Yet Reviewed,O,92.5,30.193548387096776,22.893548387096775,25.870967741935484,106.23,3.1225806451612903,81.06451612903226,488.85
2021-01-01,MyTho,10.36,106.36,19.74,mS/m,Unverified data,Raw - Not Yet Reviewed,O,11.9,30.741935483870968,21.509677419354837,25.35483870967742,122.65,3.326451612903226,75.3225806451613,562.51
2021-02-01,MyTho,10.36,106.36,55.2,mS/m,Unverified data,Raw - Not Yet Reviewed,O,20.799999999999997,30.760714285714283,21.810714285714287,25.525000000000002,120.16,3.6685714285714286,74.89285714285714,539.69
2021-03-01,MyTho,10.36,106.36,191.5,mS/m,Unverified data,Raw - Not Yet Reviewed,O,6.4,32.77741935483871,24.280645161290323,27.661290322580644,166.36,4.381612903225807,72.48387096774194,704.32
2021-04-01,MyTho,10.36,106.36,194.5,mS/m,Unverified data,Raw - Not Yet Reviewed,O,160.9,32.03,24.9,27.59,130.7,3.44,82.16666666666667,596.36
2021-05-01,MyTho,10.36,106.36,34.0,mS/m,Unverified data,Raw - Not Yet Reviewed,O,197.6,31.64516129032258,25.35483870967742,27.86774193548387,121.49,3.3893548387096772,85.48387096774194,563.15
2021-06-01,MyTho,10.36,106.36,31.3,mS/m,Unverified data,Raw - Not Yet Reviewed,O,140.7,31.63,25.043333333333333,27.490000000000002,117.1,3.820333333333333,86.53333333333333,558.85
2021-07-01,MyTho,10.36,106.36,35.0,mS/m,Unverified data,Raw - Not Yet Reviewed,O,272.1,30.393548387096775,24.81935483870968,26.877419354838707,104.42,3.9716129032258065,88.83870967741936,504.45
2021-08-01,MyTho,10.36,106.36,20.0,mS/m,Unverified data,Raw - Not Yet Reviewed,O,303.6,30.822580645161292,24.561290322580643,26.83225806451613,113.49000000000001,3.5019354838709678,88.38709677419355,545.56
2021-09-01,MyTho,10.36,106.36,14.44,mS/m,Unverified data,Raw - Not Yet Reviewed,O,442.4,30.290000000000003,24.113333333333333,26.206666666666667,97.15,3.48,91.36666666666666,481.68
2021-10-01,MyTho,10.36,106.36,16.96,mS/m,Unverified data,Raw - Not Yet Reviewed,O,320.9,30.116129032258065,23.97741935483871,26.164516129032258,93.83,3.2793548387096774,90.54838709677419,460.07
2021-11-01,MyTho,10.36,106.36,20.3,mS/m,Unverified data,Raw - Not Yet Reviewed,O,294.7,29.85666666666667,23.563333333333333,26.016666666666666,93.52,3.5846666666666667,88.9,454.37
2021-12-01,MyTho,10.36,106.36,19.43,mS/m,Unverified data,Raw - Not Yet Reviewed,O,19.9,30.27741935483871,22.296774193548387,25.716129032258067,115.97,3.11258064516129,79.83870967741936,544.43
2022-01-01,MyTho,10.36,106.36,18.5,mS/m,Unverified data,Raw - Not Yet Reviewed,O,13.9,31.351612903225806,22.44193548387097,26.15806451612903,132.17000000000002,3.583870967741935,76.6774193548387,601.4
2022-02-01,MyTho,10.36,106.36,50.0,mS/m,Unverified data,Raw - Not Yet Reviewed,O,14.9,32.15,23.77857142857143,27.125,137.17,4.541428571428571,73.89285714285714,587.17
2022-03-01,MyTho,10.36,106.36,38.7,mS/m,Unverified data,Raw - Not Yet Reviewed,O,77.2,32.82258064516129,24.274193548387096,27.641935483870967,151.45,4.0441935483870965,76.74193548387096,658.55
2022-04-01,MyTho,10.36,106.36,25.7,mS/m,Unverified data,Raw - Not Yet Reviewed,O,172.9,32.03666666666667,24.209999999999997,27.209999999999997,132.23,3.364333333333333,83.43333333333334,616.99
2022-05-01,MyTho,10.36,106.36,33.0,mS/m,Unverified data,Raw - Not Yet Reviewed,O,318.1,31.206451612903226,24.629032258064516,26.932258064516127,109.83,3.5903225806451613,88.93548387096774,529.77
2022-06-01,MyTho,10.36,106.36,23.7,mS/m,Unverified data,Raw - Not Yet Reviewed,O,231.1,32.54333333333333,24.23,27.15,126.15,3.220666666666667,87.33333333333333,611.77
2022-07-01,MyTho,10.36,106.36,24.6,mS/m,Unverified data,Raw - Not Yet Reviewed,O,273.7,31.048387096774192,24.283870967741933,26.57741935483871,110.67,3.8483870967741933,88.93548387096774,544.19
2022-08-01,MyTho,10.36,106.36,16.68,mS/m,Unverified data,Raw - Not Yet Reviewed,O,267.7,31.206451612903226,24.0258064516129,26.46451612903226,115.61,3.791935483870968,88.58064516129032,568.35
2022-09-01,MyTho,10.36,106.36,16.3,mS/m,Unverified data,Raw - Not Yet Reviewed,O,320.2,30.740000000000002,23.81,25.983333333333334,101.4,3.917333333333333,90.16666666666667,507.89
2022-10-01,MyTho,10.36,106.36,13.53,mS/m,Unverified data,Raw - Not Yet Reviewed,O,330.4,30.04516129032258,23.229032258064517,25.87741935483871,102.97,3.004516129032258,88.61290322580645,504.0
2022-11-01,MyTho,10.36,106.36,18.62,mS/m,Unverified data,Raw - Not Yet Reviewed,O,211.4,29.96333333333333,23.59333333333333,26.186666666666667,101.3,3.4026666666666667,87.2,492.55
2022-12-01,MyTho,10.36,106.36,17.15,mS/m,Unverified data,Raw - Not Yet Reviewed,O,56.599999999999994,30.19677419354839,21.929032258064513,25.54516129032258,116.02,3.204516129032258,79.19354838709677,544.15
2023-01-01,MyTho,10.36,106.36,19.36,mS/m,Unverified data,Raw - Not Yet Reviewed,O,131.0,29.612903225806452,22.006451612903227,25.135483870967743,107.02,3.2061290322580644,81.3225806451613,505.25
2023-02-01,MyTho,10.36,106.36,25.9,mS/m,Unverified data,Raw - Not Yet Reviewed,O,24.4,31.439285714285713,22.724999999999998,26.314285714285713,128.5,3.9635714285714285,75.60714285714286,572.86
2023-03-01,MyTho,10.36,106.36,78.3,mS/m,Unverified data,Raw - Not Yet Reviewed,O,2.4,32.306451612903224,22.864516129032257,26.603225806451615,164.02,4.121290322580645,74.09677419354838,728.55
2023-04-01,MyTho,10.36,106.36,45.1,mS/m,Unverified data,Raw - Not Yet Reviewed,O,79.7,33.876666666666665,25.026666666666664,28.64333333333333,153.2,3.5753333333333335,77.66666666666667,673.04
2023-05-01,MyTho,10.36,106.36,39.5,mS/m,Unverified data,Raw - Not Yet Reviewed,O,220.9,33.15806451612904,25.5,28.20967741935484,133.21,3.6258064516129034,83.70967741935483,610.43
2023-06-01,MyTho,10.36,106.36,37.9,mS/m,Unverified data,Raw - Not Yet Reviewed,O,214.5,31.983333333333334,25.003333333333334,27.276666666666664,115.32,3.8503333333333334,87.86666666666666,556.45
2023-07-01,MyTho,10.36,106.36,32.7,mS/m,Unverified data,Raw - Not Yet Reviewed,O,377.0,30.36774193548387,24.43548387096774,26.5,102.19,4.182903225806451,89.7741935483871,503.40999999999997
2023-08-01,MyTho,10.36,106.36,14.8,mS/m,Unverified data,Raw - Not Yet Reviewed,O,174.79999999999998,31.674193548387095,24.9,27.23225806451613,127.3,4.385806451612903,86.3225806451613,615.08
2023-09-01,MyTho,10.36,106.36,14.5,mS/m,Unverified data,Raw - Not Yet Reviewed,O,413.2,30.68,24.123333333333335,26.226666666666667,98.78999999999999,3.8213333333333335,91.03333333333333,492.15
2023-10-01,MyTho,10.36,106.36,16.4,mS/m,Unverified data,Raw - Not Yet Reviewed,O,396.1,31.70967741935484,23.812903225806455,26.56451612903226,114.48,2.980967741935484,89.90322580645162,561.74
2023-11-01,MyTho,10.36,106.36,15.7,mS/m,Unverified data,Raw - Not Yet Reviewed,O,92.5,31.086666666666666,23.6,26.676666666666666,109.92,3.3526666666666665,84.63333333333334,521.73
2023-12-01,MyTho,10.36,106.36,15.4,mS/m,Unverified data,Raw - Not Yet Reviewed,O,27.099999999999998,31.66774193548387,23.519354838709678,26.94193548387097,123.61,3.180967741935484,77.6774193548387,550.41
2024-01-01,MyTho,10.36,106.36,,,,,,3.9,31.9741935483871,22.996774193548386,26.66774193548387,138.44,3.511290322580645,74.3225806451613,609.68
2024-02-01,MyTho,10.36,106.36,,,,,,3.7,32.43793103448276,23.79310344827586,27.220689655172414,147.22,4.172758620689655,73.96551724137932,632.16
2024-03-01,MyTho,10.36,106.36,,,,,,3.1,33.274193548387096,24.816129032258065,28.13225806451613,169.64000000000001,4.372258064516129,73.58064516129032,719.73
2024-04-01,MyTho,10.36,106.36,,,,,,5.2,35.306666666666665,25.57,29.68,174.0,3.832666666666667,72.33333333333333,725.92
2024-05-01,MyTho,10.36,106.36,,,,,,204.2,34.04838709677419,25.990322580645163,29.032258064516128,141.8,3.516774193548387,81.83870967741936,637.1
2024-06-01,MyTho,10.36,106.36,,,,,,177.1,32.45666666666667,25.263333333333332,27.83,120.1,3.563,85.36666666666666,561.38
2024-07-01,MyTho,10.36,106.36,,,,,,348.1,30.683870967741935,24.41290322580645,26.45483870967742,101.2,4.049354838709678,90.12903225806451,498.0
2024-08-01,MyTho,10.36,106.36,,,,,,239.7,32.21290322580645,24.612903225806452,27.23548387096774,129.71,3.5351612903225806,87.12903225806451,628.44
2024-09-01,MyTho,10.36,106.36,,,,,,369.5,30.816666666666666,24.55666666666667,26.540000000000003,98.73,3.9316666666666666,90.2,483.89
2024-10-01,MyTho,10.36,106.36,,,,,,367.4,30.90967741935484,23.812903225806455,26.261290322580646,104.85,3.176774193548387,89.83870967741936,511.83
2024-11-01,MyTho,10.36,106.36,,,,,,95.4,31.766666666666666,23.803333333333335,27.09,120.42,3.531,82.46666666666667,552.97
2024-12-01,MyTho,10.36,106.36,,,,,,154.6,30.206451612903226,23.177419354838708,26.200000000000003,101.31,3.746451612903226,81.16129032258064,457.15
2025-01-01,MyTho,10.36,106.36,,,,,,30.699999999999996,31.335483870967742,22.019354838709678,26.151612903225807,130.53,3.4267741935483866,73.09677419354838,582.68
2025-02-01,MyTho,10.36,106.36,,,,,,44.0,31.510714285714283,22.942857142857143,26.625,130.2,4.263214285714286,75.14285714285714,574.64
2025-03-01,MyTho,10.36,106.36,,,,,,8.9,33.57096774193548,24.258064516129032,28.129032258064516,165.62,4.819999999999999,72.06451612903226,678.44
2025-04-01,MyTho,10.36,106.36,,,,,,66.9,33.809999999999995,25.209999999999997,28.73,160.25,4.4590000000000005,75.43333333333334,681.14
2025-05-01,MyTho,10.36,106.36,,,,,,264.9,32.541935483870965,25.219354838709677,28.016129032258064,132.29,3.9541935483870967,83.3225806451613,610.4399999999999
2025-06-01,MyTho,10.36,106.36,,,,,,309.8,30.57,25.063333333333333,27.023333333333333,108.34,4.512333333333333,88.36666666666666,530.64
2025-07-01,MyTho,10.36,106.36,,,,,,249.3,30.774193548387096,25.203225806451613,27.280645161290323,121.3,5.319999999999999,86.35483870967742,582.9
2025-08-01,MyTho,10.36,106.36,,,,,,317.8,30.861290322580647,24.44516129032258,26.73548387096774,119.22,4.909032258064516,87.38709677419355,585.38
2025-09-01,MyTho,10.36,106.36,,,,,,348.7,30.103333333333335,24.403333333333332,26.37,100.33,4.592,89.56666666666666,498.04
2025-10-01,MyTho,10.36,106.36,,,,,,327.1,30.58709677419355,24.219354838709677,26.625806451612902,111.67999999999999,3.3664516129032256,88.41935483870968,546.55
2025-11-01,MyTho,10.36,106.36,,,,,,265.9,29.873333333333335,23.33,25.86,100.9,3.622,85.26666666666667,481.13
2025-12-01,MyTho,10.36,106.36,,,,,,97.7,30.29032258064516,23.032258064516128,26.151612903225807,116.57,3.238709677419355,82.45161290322581,560.57
2026-01-01,MyTho,10.36,106.36,,,,,,14.0,29.52258064516129,21.47741935483871,25.083870967741937,125.05,3.749032258064516,76.03225806451613,582.46
2026-02-01,MyTho,10.36,106.36,,,,,,71.3,30.84642857142857,23.103571428571428,26.37857142857143,128.01,4.247142857142857,76.5,566.37
2026-03-01,MyTho,10.36,106.36,,,,,,22.3,31.503225806451614,23.729032258064517,26.993548387096773,159.63,4.365483870967743,76.70967741935483,712.92
2026-04-01,MyTho,10.36,106.36,,,,,,4.5,34.04666666666667,24.743333333333332,28.976666666666667,171.09,4.184666666666667,70.63333333333334,713.1899999999999
2026-05-01,MyTho,10.36,106.36,,,,,,103.2,33.71290322580645,26.516129032258064,29.438709677419357,152.29,4.439032258064516,75.80645161290323,636.97
2026-06-01,MyTho,10.36,106.36,,,,,,173.0,32.56333333333333,25.55666666666667,28.263333333333332,134.42,4.390666666666666,83.93333333333334,631.58
2026-07-01,MyTho,10.36,106.36,,,,,,225.20000000000002,30.835483870967742,25.12258064516129,27.377419354838707,125.92,4.8832258064516125,85.51612903225806,597.47
2026-08-01,MyTho,10.36,106.36,,,,,,175.2,31.106451612903225,25.293548387096774,27.706451612903226,133.64,5.838064516129032,83.09677419354838,612.94
1985-01-01,TanChau,10.804,105.234,,,,,,10.8,30.67096774193548,21.825806451612905,25.98709677419355,123.49,2.851935483870968,73.2258064516129,571.62
1985-02-01,TanChau,10.804,105.234,,,,,,21.2,32.65714285714286,23.457142857142856,27.582142857142856,131.74,3.358571428571429,71.85714285714286,565.34
1985-03-01,TanChau,10.804,105.234,,,,,,59.9,33.38387096774194,24.206451612903226,28.387096774193548,161.08,3.358709677419355,69.61290322580645,696.84
1985-04-01,TanChau,10.804,105.234,,,,,,172.8,33.39666666666667,25.17,28.39333333333333,142.78,3.5883333333333334,76.66666666666667,612.05
1985-05-01,TanChau,10.804,105.234,13.8,mS/m,Unverified data,Raw - Not Yet Reviewed,O,203.2,31.164516129032258,24.677419354838708,27.154838709677417,127.35,3.393548387096774,86.09677419354838,616.9
1985-06-01,TanChau,10.804,105.234,7.5,mS/m,Unverified data,Raw - Not Yet Reviewed,O,152.0,30.273333333333333,24.973333333333336,27.063333333333333,115.01,5.101333333333333,83.8,525.9
1985-07-01,TanChau,10.804,105.234,9.7,mS/m,Unverified data,Raw - Not Yet Reviewed,O,178.9,30.70967741935484,24.177419354838708,26.725806451612904,126.00999999999999,4.092258064516129,82.87096774193549,589.42
1985-08-01,TanChau,10.804,105.234,11.3,mS/m,Unverified data,Raw - Not Yet Reviewed,O,193.0,30.606451612903225,24.64516129032258,26.91290322580645,124.38000000000001,5.605806451612903,82.48387096774194,562.86
1985-09-01,TanChau,10.804,105.234,11.2,mS/m,Unverified data,Raw - Not Yet Reviewed,O,331.2,30.44333333333333,24.126666666666665,26.39,104.11,3.9983333333333335,85.66666666666667,486.05
1985-10-01,TanChau,10.804,105.234,14.7,mS/m,Unverified data,Raw - Not Yet Reviewed,O,366.3,30.125806451612902,23.6,25.970967741935485,98.14,2.7606451612903227,87.7741935483871,474.06
1985-11-01,TanChau,10.804,105.234,12.7,mS/m,Unverified data,Raw - Not Yet Reviewed,O,268.6,30.39333333333333,23.57,26.09,97.64,2.9320000000000004,86.16666666666667,466.82
1985-12-01,TanChau,10.804,105.234,13.0,mS/m,Unverified data,Raw - Not Yet Reviewed,O,38.5,29.229032258064517,21.97741935483871,25.138709677419353,115.83,3.617096774193548,76.19354838709677,529.16
1986-01-01,TanChau,10.804,105.234,13.7,mS/m,Unverified data,Raw - Not Yet Reviewed,O,9.3,29.96451612903226,21.219354838709677,25.216129032258067,128.18,3.5648387096774194,69.38709677419355,567.34
1986-02-01,TanChau,10.804,105.234,8.6,mS/m,Unverified data,Raw - Not Yet Reviewed,O,87.39999999999999,31.114285714285717,22.114285714285717,26.260714285714283,123.6,3.2064285714285714,73.39285714285714,556.7
1986-03-01,TanChau,10.804,105.234,17.3,mS/m,Unverified data,Raw - Not Yet Reviewed,O,19.200000000000003,33.05483870967742,23.40967741935484,27.770967741935483,163.82,3.582258064516129,68.06451612903226,702.52
1986-04-01,TanChau,10.804,105.234,20.6,mS/m,Unverified data,Raw - Not Yet Reviewed,O,67.2,34.21333333333334,24.813333333333333,28.94333333333333,159.21,3.489,71.43333333333334,677.67
1986-05-01,TanChau,10.804,105.234,21.4,mS/m,Unverified data,Raw - Not Yet Reviewed,O,153.8,31.612903225806452,25.216129032258067,27.677419354838708,127.72,4.891935483870968,81.54838709677419,573.85
1986-06-01,TanChau,10.804,105.234,13.0,mS/m,Unverified data,Raw - Not Yet Reviewed,O,186.8,30.983333333333334,24.89,27.15,116.47,4.444333333333334,85.4,553.86
1986-07-01,TanChau,10.804,105.234,12.0,mS/m,Unverified data,Raw - Not Yet Reviewed,O,209.8,30.796774193548384,24.738709677419354,26.951612903225808,120.63,4.89483870967742,83.6774193548387,559.34
1986-08-01,TanChau,10.804,105.234,9.7,mS/m,Unverified data,Raw - Not Yet Reviewed,O,234.9,30.248387096774195,24.72258064516129,26.816129032258065,110.23,5.183225806451613,83.70967741935483,489.36
1986-09-01,TanChau,10.804,105.234,8.8,mS/m,Unverified data,Raw - Not Yet Reviewed,O,331.7,30.373333333333335,24.08,26.290000000000003,100.39,3.909666666666667,86.73333333333333,473.37
1986-10-01,TanChau,10.804,105.234,10.2,mS/m,Unverified data,Raw - Not Yet Reviewed,O,280.8,30.45483870967742,23.89032258064516,26.241935483870968,97.77,2.96,87.51612903225806,466.89
1986-11-01,TanChau,10.804,105.234,10.9,mS/m,Unverified data,Raw - Not Yet Reviewed,O,193.20000000000002,29.586666666666666,23.14,25.743333333333332,103.17,3.676333333333333,80.6,456.39
1986-12-01,TanChau,10.804,105.234,11.5,mS/m,Unverified data,Raw - Not Yet Reviewed,O,31.9,29.70967741935484,21.651612903225807,25.325806451612905,118.59,3.44741935483871,75.06451612903226,540.59
1987-01-01,TanChau,10.804,105.234,13.1,mS/m,Unverified data,Raw - Not Yet Reviewed,O,0.4,31.66774193548387,22.10967741935484,26.70967741935484,137.54,3.0345161290322578,65.80645161290323,604.66
1987-02-01,TanChau,10.804,105.234,14.9,mS/m,Unverified data,Raw - Not Yet Reviewed,O,3.3,32.05357142857143,22.00714285714286,26.857142857142858,135.08,3.5221428571428572,65.17857142857143,569.32
1987-03-01,TanChau,10.804,105.234,17.6,mS/m,Unverified data,Raw - Not Yet Reviewed,O,9.2,35.40967741935484,24.651612903225807,29.4741935483871,184.01,3.8993548387096775,62.0,708.31
1987-04-01,TanChau,10.804,105.234,19.1,mS/m,Unverified data,Raw - Not Yet Reviewed,O,33.9,36.36333333333334,26.06,30.493333333333332,175.73,3.8506666666666667,63.3,676.98
1987-05-01,TanChau,10.804,105.234,20.1,mS/m,Unverified data,Raw - Not Yet Reviewed,O,104.0,34.03548387096774,25.90967741935484,29.14516129032258,151.67,3.8774193548387097,76.12903225806451,661.59
1987-06-01,TanChau,10.804,105.234,21.0,mS/m,Unverified data,Raw - Not Yet Reviewed,O,240.7,31.45,25.470000000000002,27.58,107.05,4.667666666666666,85.03333333333333,490.67
1987-07-01,TanChau,10.804,105.234,8.6,mS/m,Unverified data,Raw - Not Yet Reviewed,O,132.5,31.541935483870965,25.345161290322583,27.674193548387095,126.28,4.952258064516129,80.90322580645162,552.82
1987-08-01,TanChau,10.804,105.234,22.5,mS/m,Unverified data,Raw - Not Yet Reviewed,O,290.1,31.33225806451613,24.793548387096774,27.154838709677417,116.7,4.4077419354838705,84.64516129032258,535.9
1987-09-01,TanChau,10.804,105.234,10.2,mS/m,Unverified data,Raw - Not Yet Reviewed,O,305.1,31.046666666666667,24.653333333333332,26.96333333333333,107.62,3.5806666666666667,85.43333333333334,497.38
1987-10-01,TanChau,10.804,105.234,13.4,mS/m,Unverified data,Raw - Not Yet Reviewed,O,293.2,31.293548387096774,24.361290322580647,26.916129032258063,109.83,2.603225806451613,86.25806451612904,525.64
1987-11-01,TanChau,10.804,105.234,14.1,mS/m,Unverified data,Raw - Not Yet Reviewed,O,305.0,30.346666666666668,24.116666666666667,26.396666666666665,89.09,2.9103333333333334,86.76666666666667,420.96
1987-12-01,TanChau,10.804,105.234,13.4,mS/m,Unverified data,Raw - Not Yet Reviewed,O,10.1,29.083870967741937,21.845161290322583,24.990322580645163,128.93,4.880967741935484,70.54838709677419,542.14
1988-01-01,TanChau,10.804,105.234,13.8,mS/m,Unverified data,Raw - Not Yet Reviewed,O,6.699999999999999,31.93548387096774,23.067741935483873,27.206451612903226,132.4,3.0283870967741935,69.41935483870968,582.32
1988-02-01,TanChau,10.804,105.234,16.0,mS/m,Unverified data,Raw - Not Yet Reviewed,O,11.6,33.88620689655173,24.2551724137931,28.606896551724137,149.19,3.5324137931034483,64.51724137931035,605.3
1988-03-01,TanChau,10.804,105.234,18.7,mS/m,Unverified data,Raw - Not Yet Reviewed,O,21.7,36.0516129032258,25.654838709677417,30.40967741935484,185.33,3.9735483870967743,58.903225806451616,701.42
1988-04-01,TanChau,10.804,105.234,21.6,mS/m,Unverified data,Raw - Not Yet Reviewed,O,161.1,33.486666666666665,25.526666666666664,28.776666666666664,145.09,3.0563333333333333,77.2,643.92
1988-05-01,TanChau,10.804,105.234,22.2,mS/m,Unverified data,Raw - Not Yet Reviewed,O,221.0,31.654838709677417,25.393548387096775,27.629032258064516,121.89999999999999,3.6229032258064517,86.19354838709677,577.05
1988-06-01,TanChau,10.804,105.234,13.7,mS/m,Unverified data,Raw - Not Yet Reviewed,O,183.7,30.69,25.083333333333332,27.220000000000002,113.08,4.364333333333334,84.76666666666667,528.91
1988-07-01,TanChau,10.804,105.234,13.8,mS/m,Unverified data,Raw - Not Yet Reviewed,O,238.4,30.883870967741935,24.700000000000003,27.02258064516129,117.44,4.134838709677419,85.58064516129032,554.3
1988-08-01,TanChau,10.804,105.234,10.8,mS/m,Unverified data,Raw - Not Yet Reviewed,O,196.5,31.5258064516129,24.70967741935484,27.34193548387097,126.49,4.010967741935484,83.70967741935483,591.24
1988-09-01,TanChau,10.804,105.234,13.4,mS/m,Unverified data,Raw - Not Yet Reviewed,O,284.4,31.143333333333334,24.636666666666667,26.916666666666668,105.7,3.6026666666666665,86.33333333333333,497.69
1988-10-01,TanChau,10.804,105.234,9.0,mS/m,Unverified data,Raw - Not Yet Reviewed,O,229.7,30.02258064516129,23.79032258064516,26.096774193548388,100.17,3.6238709677419356,85.38709677419355,468.59
1988-11-01,TanChau,10.804,105.234,11.7,mS/m,Unverified data,Raw - Not Yet Reviewed,O,95.9,29.43,22.84333333333333,25.686666666666667,113.19,4.462666666666666,77.23333333333333,481.57
1988-12-01,TanChau,10.804,105.234,12.9,mS/m,Unverified data,Raw - Not Yet Reviewed,O,4.0,29.76774193548387,20.822580645161292,25.080645161290324,128.62,3.2887096774193547,69.35483870967742,585.95
1989-01-01,TanChau,10.804,105.234,15.7,mS/m,Unverified data,Raw - Not Yet Reviewed,O,19.9,31.53548387096774,23.183870967741935,27.05806451612903,128.12,3.0638709677419356,71.64516129032258,566.77
1989-02-01,TanChau,10.804,105.234,16.0,mS/m,Unverified data,Raw - Not Yet Reviewed,O,0.8,31.650000000000002,21.678571428571427,26.410714285714285,135.71,3.5375,67.64285714285714,599.26
1989-03-01,TanChau,10.804,105.234,19.0,mS/m,Unverified data,Raw - Not Yet Reviewed,O,100.7,31.64516129032258,23.75483870967742,27.14516129032258,135.89,3.0283870967741935,76.29032258064517,614.8
1989-04-01,TanChau,10.804,105.234,20.8,mS/m,Unverified data,Raw - Not Yet Reviewed,O,82.89999999999999,32.71,24.81,28.173333333333336,146.29,3.3956666666666666,78.53333333333333,662.28
1989-05-01,TanChau,10.804,105.234,22.5,mS/m,Unverified data,Raw - Not Yet Reviewed,O,210.8,31.64516129032258,25.129032258064516,27.6,125.83,3.946451612903226,83.6774193548387,584.37
1989-06-01,TanChau,10.804,105.234,16.0,mS/m,Unverified data,Raw - Not Yet Reviewed,O,181.9,31.14,24.813333333333333,27.27,126.04,4.087666666666666,83.56666666666666,591.94
1989-07-01,TanChau,10.804,105.234,14.8,mS/m,Unverified data,Raw - Not Yet Reviewed,O,224.2,30.65483870967742,24.661290322580644,26.958064516129035,118.44,4.352903225806451,85.0,553.14
1989-08-01,TanChau,10.804,105.234,11.3,mS/m,Unverified data,Raw - Not Yet Reviewed,O,183.1,31.067741935483873,24.812903225806455,27.11935483870968,124.69,4.9722580645161285,81.2258064516129,555.58
1989-09-01,TanChau,10.804,105.234,11.2,mS/m,Unverified data,Raw - Not Yet Reviewed,O,277.0,30.990000000000002,24.46333333333333,26.84333333333333,112.95,4.0280000000000005,84.2,525.83
1989-10-01,TanChau,10.804,105.234,13.7,mS/m,Unverified data,Raw - Not Yet Reviewed,O,293.9,30.203225806451613,23.81935483870968,26.151612903225807,99.32000000000001,3.072903225806452,86.83870967741936,473.73
1989-11-01,TanChau,10.804,105.234,14.4,mS/m,Unverified data,Raw - Not Yet Reviewed,O,108.0,30.366666666666667,22.993333333333336,26.086666666666666,118.08,3.4733333333333336,79.13333333333334,543.57
1989-12-01,TanChau,10.804,105.234,13.4,mS/m,Unverified data,Raw - Not Yet Reviewed,O,1.7,30.59032258064516,21.5,25.85483870967742,131.22,3.258387096774194,68.3225806451613,583.0
1990-01-01,TanChau,10.804,105.234,14.2,mS/m,Unverified data,Raw - Not Yet Reviewed,O,1.5,31.65806451612903,22.44193548387097,26.822580645161292,132.44,3.0438709677419356,69.29032258064517,588.94
1990-02-01,TanChau,10.804,105.234,17.5,mS/m,Unverified data,Raw - Not Yet Reviewed,O,0.0,33.07857142857143,23.042857142857144,27.75,146.35,3.7049999999999996,64.78571428571429,599.88
1990-03-01,TanChau,10.804,105.234,21.3,mS/m,Unverified data,Raw - Not Yet Reviewed,O,15.8,34.15483870967742,24.719354838709677,28.980645161290322,167.51,3.430967741935484,64.83870967741936,686.24
1990-04-01,TanChau,10.804,105.234,22.7,mS/m,Unverified data,Raw - Not Yet Reviewed,O,32.0,36.16,26.360000000000003,30.503333333333334,174.46,3.9166666666666665,65.86666666666666,685.98
1990-05-01,TanChau,10.804,105.234,19.9,mS/m,Unverified data,Raw - Not Yet Reviewed,O,149.6,33.26774193548387,25.81935483870968,28.822580645161292,139.24,3.733548387096774,78.0,613.51
1990-06-01,TanChau,10.804,105.234,16.3,mS/m,Unverified data,Raw - Not Yet Reviewed,O,112.0,31.28666666666667,25.67,27.83,117.25,4.8100000000000005,81.56666666666666,510.1
1990-07-01,TanChau,10.804,105.234,14.2,mS/m,Unverified data,Raw - Not Yet Reviewed,O,120.9,32.38709677419355,25.416129032258063,28.09032258064516,145.86,5.032258064516129,76.51612903225806,613.07
1990-08-01,TanChau,10.804,105.234,12.5,mS/m,Unverified data,Raw - Not Yet Reviewed,O,214.9,31.49032258064516,25.26451612903226,27.638709677419353,127.83,5.500645161290323,79.70967741935483,540.04
1990-09-01,TanChau,10.804,105.234,9.8,mS/m,Unverified data,Raw - Not Yet Reviewed,O,243.0,31.446666666666665,24.86,27.246666666666666,113.22,4.232666666666667,82.83333333333333,505.96999999999997
1990-10-01,TanChau,10.804,105.234,14.5,mS/m,Unverified data,Raw - Not Yet Reviewed,O,231.5,31.061290322580643,24.26451612903226,26.838709677419356,111.37,3.3793548387096775,84.3225806451613,519.64
1990-11-01,TanChau,10.804,105.234,13.4,mS/m,Unverified data,Raw - Not Yet Reviewed,O,123.3,30.15666666666667,22.886666666666667,25.996666666666666,111.83,3.612,79.83333333333333,510.3
1990-12-01,TanChau,10.804,105.234,13.5,mS/m,Unverified data,Raw - Not Yet Reviewed,O,4.199999999999999,31.067741935483873,22.48709677419355,26.541935483870965,137.28,3.720322580645161,68.54838709677419,585.77
1991-01-01,TanChau,10.804,105.234,14.9,mS/m,Unverified data,Raw - Not Yet Reviewed,O,2.5,31.94516129032258,22.780645161290323,27.138709677419357,132.39,2.9374193548387098,69.80645161290323,595.4
1991-02-01,TanChau,10.804,105.234,15.8,mS/m,Unverified data,Raw - Not Yet Reviewed,O,2.9000000000000004,32.642857142857146,23.267857142857142,27.639285714285712,137.08,3.2782142857142857,67.96428571428571,587.6
1991-03-01,TanChau,10.804,105.234,16.9,mS/m,Unverified data,Raw - Not Yet Reviewed,O,5.0,34.28064516129032,23.816129032258065,28.651612903225807,171.59,4.0122580645161285,63.54838709677419,671.5
1991-04-01,TanChau,10.804,105.234,19.5,mS/m,Unverified data,Raw - Not Yet Reviewed,O,98.39999999999999,34.443333333333335,25.336666666666666,29.290000000000003,161.47,3.301,69.96666666666667,675.82
1991-05-01,TanChau,10.804,105.234,22.0,mS/m,Unverified data,Raw - Not Yet Reviewed,O,165.3,32.461290322580645,25.293548387096774,28.164516129032258,136.57,3.1312903225806448,82.06451612903226,634.93
1991-06-01,TanChau,10.804,105.234,21.0,mS/m,Unverified data,Raw - Not Yet Reviewed,O,159.5,31.3,25.346666666666668,27.69,116.23,4.088333333333334,84.1,532.67
1991-07-01,TanChau,10.804,105.234,15.9,mS/m,Unverified data,Raw - Not Yet Reviewed,O,230.0,30.612903225806452,24.761290322580646,26.919354838709676,116.27,4.561290322580645,85.06451612903226,542.51
1991-08-01,TanChau,10.804,105.234,10.5,mS/m,Unverified data,Raw - Not Yet Reviewed,O,213.7,30.396774193548385,24.719354838709677,26.825806451612905,112.42,5.218064516129032,84.16129032258064,505.34
1991-09-01,TanChau,10.804,105.234,9.9,mS/m,Unverified data,Raw - Not Yet Reviewed,O,196.2,30.31,24.470000000000002,26.413333333333334,96.36,4.387333333333333,86.63333333333334,446.35
1991-10-01,TanChau,10.804,105.234,10.9,mS/m,Unverified data,Raw - Not Yet Reviewed,O,285.4,29.996774193548386,23.57741935483871,25.97741935483871,98.55,3.04,86.25806451612904,469.57
1991-11-01,TanChau,10.804,105.234,13.8,mS/m,Unverified data,Raw - Not Yet Reviewed,O,19.8,31.066666666666666,22.723333333333336,26.45,129.29,3.585,72.7,578.62
1991-12-01,TanChau,10.804,105.234,13.5,mS/m,Unverified data,Raw - Not Yet Reviewed,O,14.799999999999999,31.73225806451613,22.906451612903226,27.05483870967742,131.6,3.2364516129032257,66.48387096774194,558.83
1992-01-01,TanChau,10.804,105.234,14.3,mS/m,Unverified data,Raw - Not Yet Reviewed,O,12.700000000000001,30.641935483870967,21.01290322580645,25.5258064516129,131.22,3.031290322580645,69.48387096774194,600.28
1992-02-01,TanChau,10.804,105.234,15.1,mS/m,Unverified data,Raw - Not Yet Reviewed,O,3.2,32.289655172413795,22.803448275862067,27.20344827586207,137.8,3.4548275862068967,69.41379310344827,582.38
1992-03-01,TanChau,10.804,105.234,18.0,mS/m,Unverified data,Raw - Not Yet Reviewed,O,1.5,34.45483870967742,24.190322580645162,29.02258064516129,178.1,3.6670967741935487,63.58064516129032,709.29
1992-04-01,TanChau,10.804,105.234,19.4,mS/m,Unverified data,Raw - Not Yet Reviewed,O,51.7,35.29666666666667,25.84,29.8,167.35,3.7236666666666665,69.46666666666667,679.4
1992-05-01,TanChau,10.804,105.234,22.8,mS/m,Unverified data,Raw - Not Yet Reviewed,O,69.0,35.20967741935484,26.283870967741933,29.870967741935484,164.52,3.927741935483871,72.3225806451613,686.44
1992-06-01,TanChau,10.804,105.234,17.7,mS/m,Unverified data,Raw - Not Yet Reviewed,O,207.1,31.53666666666667,25.540000000000003,27.733333333333334,113.92,4.687666666666667,81.8,493.89
1992-07-01,TanChau,10.804,105.234,11.8,mS/m,Unverified data,Raw - Not Yet Reviewed,O,198.8,30.893548387096775,24.574193548387097,26.951612903225808,117.5,4.303870967741935,84.25806451612904,543.39
1992-08-01,TanChau,10.804,105.234,12.2,mS/m,Unverified data,Raw - Not Yet Reviewed,O,200.9,31.070967741935487,24.896774193548385,27.15806451612903,121.17,4.909354838709677,81.54838709677419,531.37
1992-09-01,TanChau,10.804,105.234,9.6,mS/m,Unverified data,Raw - Not Yet Reviewed,O,216.1,31.196666666666665,24.696666666666665,27.14,119.35,4.26,82.63333333333334,546.95
1992-10-01,TanChau,10.804,105.234,11.2,mS/m,Unverified data,Raw - Not Yet Reviewed,O,354.3,29.712903225806453,23.4741935483871,25.812903225806455,94.41,3.237741935483871,84.61290322580645,431.15
1992-11-01,TanChau,10.804,105.234,12.2,mS/m,Unverified data,Raw - Not Yet Reviewed,O,50.0,29.986666666666668,22.663333333333334,25.836666666666666,124.88,4.388333333333334,74.16666666666667,547.14
1992-12-01,TanChau,10.804,105.234,12.9,mS/m,Unverified data,Raw - Not Yet Reviewed,O,27.2,30.72258064516129,22.4741935483871,26.225806451612904,120.32,3.2025806451612904,72.74193548387096,530.56
1993-01-01,TanChau,10.804,105.234,14.3,mS/m,Unverified data,Raw - Not Yet Reviewed,O,33.699999999999996,30.280645161290323,22.006451612903227,25.793548387096774,121.14,3.2432258064516133,72.09677419354838,543.36
1993-02-01,TanChau,10.804,105.234,15.4,mS/m,Unverified data,Raw - Not Yet Reviewed,O,0.0,31.464285714285715,21.45357142857143,26.178571428571427,138.37,3.4846428571428567,66.03571428571429,606.74
1993-03-01,TanChau,10.804,105.234,19.0,mS/m,Unverified data,Raw - Not Yet Reviewed,O,73.6,32.71935483870968,23.496774193548386,27.603225806451615,159.11,3.7670967741935484,70.12903225806451,681.73
1993-04-01,TanChau,10.804,105.234,20.3,mS/m,Unverified data,Raw - Not Yet Reviewed,O,29.9,34.5,24.976666666666667,29.15666666666667,164.04,3.476,67.5,680.68
1993-05-01,TanChau,10.804,105.234,21.3,mS/m,Unverified data,Raw - Not Yet Reviewed,O,178.8,33.79032258064516,25.664516129032258,28.86774193548387,149.38,3.202903225806452,76.09677419354838,646.51
1993-06-01,TanChau,10.804,105.234,21.8,mS/m,Unverified data,Raw - Not Yet Reviewed,O,205.9,31.543333333333333,25.21333333333333,27.523333333333333,121.8,4.044666666666667,85.46666666666667,579.56
1993-07-01,TanChau,10.804,105.234,9.8,mS/m,Unverified data,Raw - Not Yet Reviewed,O,180.4,30.864516129032257,24.916129032258063,27.13225806451613,118.09,4.483870967741935,83.80645161290323,540.56
1993-08-01,TanChau,10.804,105.234,8.9,mS/m,Unverified data,Raw - Not Yet Reviewed,O,158.8,31.02258064516129,24.74516129032258,27.09032258064516,125.28,5.190322580645161,82.48387096774194,569.52
1993-09-01,TanChau,10.804,105.234,11.4,mS/m,Unverified data,Raw - Not Yet Reviewed,O,272.8,30.576666666666664,24.27,26.496666666666666,105.69,4.115,85.6,497.44
1993-10-01,TanChau,10.804,105.234,10.4,mS/m,Unverified data,Raw - Not Yet Reviewed,O,398.9,29.970967741935485,23.677419354838708,25.906451612903226,95.93,2.9470967741935485,87.48387096774194,454.94
1993-11-01,TanChau,10.804,105.234,13.2,mS/m,Unverified data,Raw - Not Yet Reviewed,O,98.8,30.616666666666667,23.086666666666666,26.293333333333333,112.73,3.5353333333333334,79.96666666666667,515.99
1993-12-01,TanChau,10.804,105.234,12.6,mS/m,Unverified data,Raw - Not Yet Reviewed,O,62.0,29.096774193548388,22.051612903225806,25.106451612903225,122.84,4.687741935483871,72.61290322580645,513.14
1994-01-01,TanChau,10.804,105.234,13.3,mS/m,Unverified data,Raw - Not Yet Reviewed,O,5.8999999999999995,31.283870967741933,21.87741935483871,26.27741935483871,129.99,2.9054838709677417,71.03225806451613,594.6
1994-02-01,TanChau,10.804,105.234,14.7,mS/m,Unverified data,Raw - Not Yet Reviewed,O,1.2,32.96071428571428,23.217857142857145,27.760714285714283,138.65,3.360357142857143,67.64285714285714,583.16
1994-03-01,TanChau,10.804,105.234,17.5,mS/m,Unverified data,Raw - Not Yet Reviewed,O,75.1,33.24516129032258,24.393548387096775,28.258064516129032,155.24,3.4696774193548388,70.90322580645162,665.29
1994-04-01,TanChau,10.804,105.234,23.9,mS/m,Unverified data,Raw - Not Yet Reviewed,O,80.3,33.60333333333333,25.14333333333333,28.68,150.54,3.1,75.63333333333334,667.87
1994-05-01,TanChau,10.804,105.234,23.4,mS/m,Unverified data,Raw - Not Yet Reviewed,O,223.5,31.66774193548387,25.351612903225806,27.761290322580646,124.56,4.021612903225806,83.93548387096774,570.32
1994-06-01,TanChau,10.804,105.234,18.4,mS/m,Unverified data,Raw - Not Yet Reviewed,O,143.5,30.743333333333332,24.923333333333336,27.12,114.74,4.470333333333333,84.76666666666667,538.04
1994-07-01,TanChau,10.804,105.234,13.6,mS/m,Unverified data,Raw - Not Yet Reviewed,O,164.2,30.387096774193548,24.851612903225806,26.993548387096773,123.2,5.6332258064516125,82.48387096774194,560.71
1994-08-01,TanChau,10.804,105.234,9.7,mS/m,Unverified data,Raw - Not Yet Reviewed,O,201.1,30.94193548387097,24.55806451612903,26.993548387096773,127.71,4.980967741935483,82.3225806451613,578.13
1994-09-01,TanChau,10.804,105.234,9.0,mS/m,Unverified data,Raw - Not Yet Reviewed,O,278.0,30.196666666666665,24.15666666666667,26.3,100.82,4.636333333333334,85.8,466.97
1994-10-01,TanChau,10.804,105.234,10.6,mS/m,Unverified data,Raw - Not Yet Reviewed,O,235.0,30.23548387096774,23.335483870967742,26.019354838709678,116.48,3.255483870967742,82.70967741935483,549.82
1994-11-01,TanChau,10.804,105.234,11.3,mS/m,Unverified data,Raw - Not Yet Reviewed,O,10.6,31.496666666666666,23.246666666666666,27.009999999999998,130.81,3.3603333333333336,72.66666666666667,583.42
1994-12-01,TanChau,10.804,105.234,12.1,mS/m,Unverified data,Raw - Not Yet Reviewed,O,22.7,31.57741935483871,23.200000000000003,26.916129032258063,120.38,3.155806451612903,71.45161290322581,523.57
1995-01-01,TanChau,10.804,105.234,16.6,mS/m,Unverified data,Raw - Not Yet Reviewed,O,34.6,31.403225806451612,21.893548387096775,26.38064516129032,133.63,3.091290322580645,69.06451612903226,597.75
1995-02-01,TanChau,10.804,105.234,13.2,mS/m,Unverified data,Raw - Not Yet Reviewed,O,0.0,32.01428571428571,21.74285714285714,26.59642857142857,144.03,3.6632142857142855,65.64285714285714,624.15
1995-03-01,TanChau,10.804,105.234,16.3,mS/m,Unverified data,Raw - Not Yet Reviewed,O,45.699999999999996,33.42258064516129,24.019354838709678,28.238709677419354,158.18,3.573870967741936,67.41935483870968,651.57
1995-04-01,TanChau,10.804,105.234,17.8,mS/m,Unverified data,Raw - Not Yet Reviewed,O,11.0,35.669999999999995,25.873333333333335,30.273333333333333,174.13,3.512,63.666666666666664,689.37
1995-05-01,TanChau,10.804,105.234,21.5,mS/m,Unverified data,Raw - Not Yet Reviewed,O,91.2,33.693548387096776,25.83225806451613,29.19677419354839,155.24,3.836129032258065,74.06451612903226,657.24
1995-06-01,TanChau,10.804,105.234,21.0,mS/m,Unverified data,Raw - Not Yet Reviewed,O,135.9,32.446666666666665,25.709999999999997,28.246666666666666,130.33,4.4543333333333335,80.86666666666666,581.78
1995-07-01,TanChau,10.804,105.234,11.4,mS/m,Unverified data,Raw - Not Yet Reviewed,O,233.0,30.983870967741936,24.67096774193548,27.09032258064516,121.99,4.338709677419355,83.74193548387096,568.41
1995-08-01,TanChau,10.804,105.234,10.3,mS/m,Unverified data,Raw - Not Yet Reviewed,O,258.8,30.925806451612903,24.716129032258067,27.067741935483873,114.4,4.34516129032258,84.61290322580645,529.4
1995-09-01,TanChau,10.804,105.234,19.4,mS/m,Unverified data,Raw - Not Yet Reviewed,O,312.9,30.073333333333334,24.36,26.303333333333335,91.52,3.8310000000000004,87.66666666666667,429.6
1995-10-01,TanChau,10.804,105.234,10.9,mS/m,Unverified data,Raw - Not Yet Reviewed,O,239.2,30.883870967741935,24.26774193548387,26.783870967741933,106.71,3.321935483870968,84.90322580645162,501.66
1995-11-01,TanChau,10.804,105.234,15.1,mS/m,Unverified data,Raw - Not Yet Reviewed,O,93.1,30.526666666666664,23.633333333333333,26.509999999999998,111.53,3.6703333333333332,78.2,501.31
1995-12-01,TanChau,10.804,105.234,14.4,mS/m,Unverified data,Raw - Not Yet Reviewed,O,30.6,30.041935483870965,22.17096774193548,25.67096774193548,135.27,4.6490322580645165,65.74193548387096,521.31
1996-01-01,TanChau,10.804,105.234,13.7,mS/m,Unverified data,Raw - Not Yet Reviewed,O,30.1,30.861290322580647,21.64516129032258,25.887096774193548,123.33,2.9561290322580644,71.64516129032258,559.02
1996-02-01,TanChau,10.804,105.234,13.8,mS/m,Unverified data,Raw - Not Yet Reviewed,O,2.2,32.241379310344826,23.04137931034483,27.29310344827586,140.15,3.7924137931034485,63.03448275862069,575.61
1996-03-01,TanChau,10.804,105.234,15.9,mS/m,Unverified data,Raw - Not Yet Reviewed,O,2.6,35.07741935483871,24.283870967741933,29.200000000000003,184.38,3.8464516129032256,60.58064516129032,721.7
1996-04-01,TanChau,10.804,105.234,18.5,mS/m,Unverified data,Raw - Not Yet Reviewed,O,108.3,33.45,25.25,28.64333333333333,146.88,3.1233333333333335,75.76666666666667,647.87
1996-05-01,TanChau,10.804,105.234,19.7,mS/m,Unverified data,Raw - Not Yet Reviewed,O,195.29999999999998,31.835483870967742,25.312903225806455,27.725806451612904,127.81,3.8316129032258064,84.16129032258064,597.73
1996-06-01,TanChau,10.804,105.234,12.8,mS/m,Unverified data,Raw - Not Yet Reviewed,O,179.3,31.026666666666664,24.793333333333333,27.2,117.72,3.554333333333333,85.3,564.33
1996-07-01,TanChau,10.804,105.234,13.0,mS/m,Unverified data,Raw - Not Yet Reviewed,O,206.5,30.780645161290323,24.580645161290324,26.925806451612903,115.84,4.5287096774193545,84.83870967741936,540.65
1996-08-01,TanChau,10.804,105.234,9.6,mS/m,Unverified data,Raw - Not Yet Reviewed,O,211.4,31.406451612903226,24.67096774193548,27.225806451612904,126.71,4.385483870967741,82.70967741935483,584.61
1996-09-01,TanChau,10.804,105.234,10.7,mS/m,Unverified data,Raw - Not Yet Reviewed,O,309.5,30.683333333333334,24.576666666666664,26.71333333333333,104.73,4.551,84.8,472.51
1996-10-01,TanChau,10.804,105.234,10.1,mS/m,Unverified data,Raw - Not Yet Reviewed,O,319.5,30.448387096774194,23.91290322580645,26.251612903225805,93.42,3.0503225806451613,87.16129032258064,442.12
1996-11-01,TanChau,10.804,105.234,10.2,mS/m,Unverified data,Raw - Not Yet Reviewed,O,248.29999999999998,30.276666666666664,23.696666666666665,26.09333333333333,98.22,3.618333333333333,85.63333333333334,466.28999999999996
1996-12-01,TanChau,10.804,105.234,11.5,mS/m,Unverified data,Raw - Not Yet Reviewed,O,97.0,28.490322580645163,21.93548387096774,24.719354838709677,106.31,4.154516129032258,78.09677419354838,475.24
1997-01-01,TanChau,10.804,105.234,13.3,mS/m,Unverified data,Raw - Not Yet Reviewed,O,0.30000000000000004,29.958064516129035,20.003225806451614,24.75483870967742,131.67,2.959032258064516,72.41935483870968,626.86
1997-02-01,TanChau,10.804,105.234,12.2,mS/m,Unverified data,Raw - Not Yet Reviewed,O,46.900000000000006,31.25357142857143,23.103571428571428,26.817857142857143,119.99,3.1110714285714285,74.85714285714286,543.03
1997-03-01,TanChau,10.804,105.234,12.9,mS/m,Unverified data,Raw - Not Yet Reviewed,O,5.6000000000000005,33.58064516129032,23.84193548387097,28.351612903225806,167.8,3.5412903225806454,65.35483870967742,692.0600000000001
1997-04-01,TanChau,10.804,105.234,16.0,mS/m,Unverified data,Raw - Not Yet Reviewed,O,64.2,34.25333333333333,24.896666666666665,28.926666666666666,157.68,2.9346666666666668,70.6,681.88
1997-05-01,TanChau,10.804,105.234,18.1,mS/m,Unverified data,Raw - Not Yet Reviewed,O,143.79999999999998,32.45483870967742,25.432258064516127,28.19677419354839,136.28,3.92,79.61290322580645,614.65
1997-06-01,TanChau,10.804,105.234,14.2,mS/m,Unverified data,Raw - Not Yet Reviewed,O,116.1,31.753333333333334,25.09,27.816666666666666,133.91,4.730333333333333,80.53333333333333,600.61
1997-07-01,TanChau,10.804,105.234,12.1,mS/m,Unverified data,Raw - Not Yet Reviewed,O,284.4,30.187096774193545,24.809677419354838,26.77741935483871,106.05,4.854516129032258,84.7741935483871,484.97
1997-08-01,TanChau,10.804,105.234,8.3,mS/m,Unverified data,Raw - Not Yet Reviewed,O,182.9,30.806451612903224,24.806451612903224,27.05806451612903,120.4,5.356129032258064,83.29032258064517,542.53
1997-09-01,TanChau,10.804,105.234,11.1,mS/m,Unverified data,Raw - Not Yet Reviewed,O,238.0,31.266666666666666,24.546666666666667,27.0,111.04,3.627666666666667,84.93333333333334,520.41
1997-10-01,TanChau,10.804,105.234,10.7,mS/m,Unverified data,Raw - Not Yet Reviewed,O,195.7,31.393548387096775,24.229032258064517,26.958064516129035,120.62,2.945806451612903,84.19354838709677,573.73
1997-11-01,TanChau,10.804,105.234,10.6,mS/m,Unverified data,Raw - Not Yet Reviewed,O,89.5,31.013333333333332,23.65,26.973333333333336,119.48,3.0723333333333334,78.83333333333333,546.78
1997-12-01,TanChau,10.804,105.234,11.9,mS/m,Unverified data,Raw - Not Yet Reviewed,O,2.5,32.55483870967742,23.361290322580647,27.68064516129032,135.9,3.099354838709677,68.06451612903226,598.96
1998-01-01,TanChau,10.804,105.234,14.1,mS/m,Unverified data,Raw - Not Yet Reviewed,O,0.1,33.403225806451616,23.596774193548388,28.17096774193548,149.69,3.450322580645161,65.45161290322581,621.23
1998-02-01,TanChau,10.804,105.234,1.4,mS/m,Unverified data,Raw - Not Yet Reviewed,O,0.9,33.839285714285715,24.25,28.67142857142857,143.37,3.6682142857142854,66.25,573.16
1998-03-01,TanChau,10.804,105.234,56.4,mS/m,Unverified data,Raw - Not Yet Reviewed,O,0.0,36.309677419354834,25.096774193548388,30.206451612903226,203.2,4.161935483870968,58.67741935483871,758.74
1998-04-01,TanChau,10.804,105.234,21.3,mS/m,Unverified data,Raw - Not Yet Reviewed,O,28.5,36.03333333333333,26.363333333333333,30.586666666666666,173.35,3.5236666666666663,64.9,676.51
1998-05-01,TanChau,10.804,105.234,19.5,mS/m,Unverified data,Raw - Not Yet Reviewed,O,94.5,35.09032258064516,27.23225806451613,30.425806451612903,159.29,3.9764516129032255,71.58064516129032,643.92
1998-06-01,TanChau,10.804,105.234,60.9,mS/m,Unverified data,Raw - Not Yet Reviewed,O,238.8,31.55,25.57,27.82,115.98,4.497333333333334,84.56666666666666,536.19
1998-07-01,TanChau,10.804,105.234,13.7,mS/m,Unverified data,Raw - Not Yet Reviewed,O,216.1,31.932258064516127,25.251612903225805,27.806451612903224,131.58,3.8796774193548385,82.6774193548387,610.79
1998-08-01,TanChau,10.804,105.234,13.3,mS/m,Unverified data,Raw - Not Yet Reviewed,O,290.1,31.812903225806455,24.948387096774194,27.44516129032258,124.58,3.914193548387097,84.06451612903226,579.4300000000001
1998-09-01,TanChau,10.804,105.234,14.7,mS/m,Unverified data,Raw - Not Yet Reviewed,O,328.9,30.553333333333335,24.613333333333333,26.676666666666666,98.54,4.124666666666666,86.86666666666666,459.21
1998-10-01,TanChau,10.804,105.234,11.6,mS/m,Unverified data,Raw - Not Yet Reviewed,O,280.0,30.761290322580646,24.135483870967743,26.432258064516127,97.45,3.08,86.96774193548387,457.82
1998-11-01,TanChau,10.804,105.234,13.7,mS/m,Unverified data,Raw - Not Yet Reviewed,O,196.8,29.87,23.533333333333335,26.006666666666668,95.23,3.5603333333333333,83.03333333333333,432.15
1998-12-01,TanChau,10.804,105.234,31.0,mS/m,Unverified data,Raw - Not Yet Reviewed,O,113.8,28.416129032258063,22.23548387096774,24.93548387096774,105.78999999999999,4.066129032258065,79.70967741935483,467.08
1999-01-01,TanChau,10.804,105.234,13.3,mS/m,Unverified data,Raw - Not Yet Reviewed,O,77.9,29.806451612903224,22.299999999999997,25.596774193548388,120.33,3.242903225806452,77.54838709677419,564.37
1999-02-01,TanChau,10.804,105.234,15.4,mS/m,Unverified data,Raw - Not Yet Reviewed,O,37.7,30.714285714285715,22.032142857142855,26.085714285714285,129.46,3.1007142857142855,75.35714285714286,605.95
1999-03-01,TanChau,10.804,105.234,17.4,mS/m,Unverified data,Raw - Not Yet Reviewed,O,52.4,33.622580645161285,24.503225806451614,28.38064516129032,156.82,3.3593548387096774,73.19354838709677,680.18
1999-04-01,TanChau,10.804,105.234,18.7,mS/m,Unverified data,Raw - Not Yet Reviewed,O,237.7,31.473333333333336,24.709999999999997,27.223333333333336,116.18,3.2986666666666666,84.9,545.85
1999-05-01,TanChau,10.804,105.234,15.2,mS/m,Unverified data,Raw - Not Yet Reviewed,O,302.7,30.629032258064516,24.41290322580645,26.72258064516129,118.53,3.427096774193548,87.19354838709677,577.54
1999-06-01,TanChau,10.804,105.234,8.12,mS/m,Unverified data,Raw - Not Yet Reviewed,O,217.1,29.823333333333334,24.126666666666665,26.279999999999998,105.37,4.64,86.43333333333334,505.89
1999-07-01,TanChau,10.804,105.234,10.3,mS/m,Unverified data,Raw - Not Yet Reviewed,O,212.9,30.174193548387095,24.419354838709676,26.52258064516129,116.12,5.1577419354838705,84.25806451612904,542.52
1999-08-01,TanChau,10.804,105.234,9.42,mS/m,Unverified data,Raw - Not Yet Reviewed,O,177.4,30.9,24.358064516129033,26.9,123.31,4.434516129032258,82.16129032258064,560.27
1999-09-01,TanChau,10.804,105.234,12.7,mS/m,Unverified data,Raw - Not Yet Reviewed,O,182.4,31.196666666666665,24.30666666666667,26.866666666666667,120.31,3.871,83.5,562.26
1999-10-01,TanChau,10.804,105.234,11.3,mS/m,Unverified data,Raw - Not Yet Reviewed,O,337.5,30.519354838709678,23.858064516129033,26.364516129032257,104.47,3.14,85.58064516129032,496.95
1999-11-01,TanChau,10.804,105.234,15.6,mS/m,Unverified data,Raw - Not Yet Reviewed,O,182.6,30.043333333333333,23.41,26.05,101.32,3.168,83.36666666666666,465.94
1999-12-01,TanChau,10.804,105.234,12.9,mS/m,Unverified data,Raw - Not Yet Reviewed,O,73.2,28.335483870967742,21.387096774193548,24.335483870967742,122.51,5.356129032258064,72.51612903225806,512.76
2000-01-01,TanChau,10.804,105.234,13.4,mS/m,Unverified data,Raw - Not Yet Reviewed,O,18.7,31.070967741935487,22.799999999999997,26.593548387096774,129.2,3.113225806451613,72.74193548387096,573.88
2000-02-01,TanChau,10.804,105.234,11.8,mS/m,Unverified data,Raw - Not Yet Reviewed,O,23.1,32.175862068965515,23.317241379310342,27.33103448275862,133.64,3.341379310344828,68.44827586206897,567.87
2000-03-01,TanChau,10.804,105.234,14.5,mS/m,Unverified data,Raw - Not Yet Reviewed,O,63.5,33.36451612903225,24.396774193548385,28.270967741935483,152.91,3.0306451612903227,71.90322580645162,667.93
2000-04-01,TanChau,10.804,105.234,16.2,mS/m,Unverified data,Raw - Not Yet Reviewed,O,138.8,32.45333333333333,24.706666666666667,27.776666666666664,133.49,3.3316666666666666,80.53333333333333,614.52
2000-05-01,TanChau,10.804,105.234,15.4,mS/m,Unverified data,Raw - Not Yet Reviewed,O,174.4,31.396774193548385,25.05483870967742,27.58709677419355,128.66,4.002903225806452,84.09677419354838,608.16
2000-06-01,TanChau,10.804,105.234,13.75,mS/m,Unverified data,Raw - Not Yet Reviewed,O,238.0,30.290000000000003,24.446666666666665,26.596666666666668,108.27,3.8406666666666665,86.8,522.01
2000-07-01,TanChau,10.804,105.234,9.62,mS/m,Unverified data,Raw - Not Yet Reviewed,O,152.2,30.396774193548385,24.387096774193548,26.69677419354839,116.07,4.8587096774193546,84.29032258064517,539.23
2000-08-01,TanChau,10.804,105.234,11.23,mS/m,Unverified data,Raw - Not Yet Reviewed,O,219.2,30.651612903225807,24.461290322580645,26.748387096774195,116.85,4.972258064516129,83.48387096774194,532.73
2000-09-01,TanChau,10.804,105.234,9.93,mS/m,Unverified data,Raw - Not Yet Reviewed,O,183.20000000000002,31.14333333333333,24.33,26.89333333333333,116.49,3.8866666666666663,83.23333333333333,539.68
2000-10-01,TanChau,10.804,105.234,12.9,mS/m,Unverified data,Raw - Not Yet Reviewed,O,316.09999999999997,30.06451612903226,23.929032258064513,26.187096774193545,92.39,3.1629032258064513,87.19354838709677,435.51
2000-11-01,TanChau,10.804,105.234,12.06,mS/m,Unverified data,Raw - Not Yet Reviewed,O,109.8,30.266666666666666,23.09333333333333,26.21333333333333,113.34,3.755666666666667,78.86666666666666,514.29
2000-12-01,TanChau,10.804,105.234,11.5,mS/m,Unverified data,Raw - Not Yet Reviewed,O,119.8,29.606451612903225,23.05806451612903,25.864516129032257,106.96,3.603225806451613,80.61290322580645,496.8
2001-01-01,TanChau,10.804,105.234,11.8,mS/m,Unverified data,Raw - Not Yet Reviewed,O,45.7,29.729032258064517,22.52258064516129,25.74516129032258,110.43,2.9083870967741934,81.61290322580645,528.04
2001-02-01,TanChau,10.804,105.234,13.14,mS/m,Unverified data,Raw - Not Yet Reviewed,O,40.7,31.439285714285713,22.90357142857143,26.885714285714283,126.39,3.1503571428571426,72.92857142857143,568.66
2001-03-01,TanChau,10.804,105.234,14.82,mS/m,Unverified data,Raw - Not Yet Reviewed,O,132.8,32.332258064516125,24.26774193548387,27.67096774193548,139.48,3.8496774193548386,75.45161290322581,603.84
2001-04-01,TanChau,10.804,105.234,17.66,mS/m,Unverified data,Raw - Not Yet Reviewed,O,99.5,33.05,24.976666666666667,28.483333333333334,144.73,3.243333333333333,77.96666666666667,650.38
2001-05-01,TanChau,10.804,105.234,17.02,mS/m,Unverified data,Raw - Not Yet Reviewed,O,122.2,32.12903225806452,25.203225806451613,28.003225806451614,136.28,4.116129032258065,81.35483870967742,621.32
2001-06-01,TanChau,10.804,105.234,13.71,mS/m,Unverified data,Raw - Not Yet Reviewed,O,224.4,30.696666666666665,24.779999999999998,26.983333333333334,116.87,4.255333333333334,84.63333333333334,547.54
2001-07-01,TanChau,10.804,105.234,10.19,mS/m,Unverified data,Raw - Not Yet Reviewed,O,179.4,30.783870967741933,24.661290322580644,27.1,127.17,4.824838709677419,83.2258064516129,591.44
2001-08-01,TanChau,10.804,105.234,10.98,mS/m,Unverified data,Raw - Not Yet Reviewed,O,214.1,30.316129032258065,24.677419354838708,26.770967741935483,106.18,4.862903225806452,84.19354838709677,469.85
2001-09-01,TanChau,10.804,105.234,10.39,mS/m,Unverified data,Raw - Not Yet Reviewed,O,215.9,31.123333333333335,24.496666666666666,27.013333333333332,114.15,4.152333333333334,84.73333333333333,535.54
2001-10-01,TanChau,10.804,105.234,10.64,mS/m,Unverified data,Raw - Not Yet Reviewed,O,328.8,30.97741935483871,24.151612903225807,26.561290322580643,101.43,3.06,86.70967741935483,482.17
2001-11-01,TanChau,10.804,105.234,13.07,mS/m,Unverified data,Raw - Not Yet Reviewed,O,43.9,30.3,22.576666666666664,26.006666666666668,127.03,3.8983333333333334,73.26666666666667,549.13
2001-12-01,TanChau,10.804,105.234,12.12,mS/m,Unverified data,Raw - Not Yet Reviewed,O,16.9,31.822580645161292,22.983870967741936,26.96451612903226,138.12,3.649677419354839,65.29032258064517,561.08
2002-01-01,TanChau,10.804,105.234,12.74,mS/m,Unverified data,Raw - Not Yet Reviewed,O,0.2,32.24193548387097,21.635483870967743,26.783870967741933,142.48,3.1932258064516126,63.29032258064516,618.61
2002-02-01,TanChau,10.804,105.234,14.61,mS/m,Unverified data,Raw - Not Yet Reviewed,O,0.0,33.589285714285715,22.814285714285713,27.910714285714285,150.79,3.8417857142857144,58.82142857142857,625.03
2002-03-01,TanChau,10.804,105.234,16.49,mS/m,Unverified data,Raw - Not Yet Reviewed,O,1.9000000000000001,35.57741935483871,25.0258064516129,29.809677419354838,181.0,3.7790322580645164,57.87096774193548,694.77
2002-04-01,TanChau,10.804,105.234,21.2,mS/m,Unverified data,Raw - Not Yet Reviewed,O,47.7,35.95666666666667,26.096666666666668,30.446666666666665,173.47,3.7623333333333333,61.6,675.02
2002-05-01,TanChau,10.804,105.234,20.5,mS/m,Unverified data,Raw - Not Yet Reviewed,O,118.8,34.096774193548384,26.18064516129032,29.529032258064515,161.17,4.539354838709677,71.61290322580645,660.8
2002-06-01,TanChau,10.804,105.234,15.97,mS/m,Unverified data,Raw - Not Yet Reviewed,O,176.7,31.423333333333336,25.28666666666667,27.61,118.45,4.564333333333334,82.53333333333333,532.32
2002-07-01,TanChau,10.804,105.234,13.66,mS/m,Unverified data,Raw - Not Yet Reviewed,O,89.2,32.65483870967742,25.63225806451613,28.42258064516129,151.68,5.6496774193548385,76.45161290322581,628.25
2002-08-01,TanChau,10.804,105.234,10.33,mS/m,Unverified data,Raw - Not Yet Reviewed,O,254.20000000000002,30.796774193548387,24.706451612903226,27.0258064516129,114.37,4.848709677419355,81.7741935483871,488.7
2002-09-01,TanChau,10.804,105.234,10.62,mS/m,Unverified data,Raw - Not Yet Reviewed,O,217.29999999999998,30.763333333333332,24.646666666666665,26.876666666666665,110.59,4.335333333333334,83.6,502.0
2002-10-01,TanChau,10.804,105.234,9.68,mS/m,Unverified data,Raw - Not Yet Reviewed,O,209.2,31.416129032258063,24.203225806451613,27.029032258064515,118.46000000000001,2.893548387096774,82.83870967741936,557.49
2002-11-01,TanChau,10.804,105.234,10.6,mS/m,Unverified data,Raw - Not Yet Reviewed,O,122.6,30.636666666666667,23.973333333333336,26.623333333333335,107.74,3.844666666666667,81.73333333333333,491.59
2002-12-01,TanChau,10.804,105.234,11.21,mS/m,Unverified data,Raw - Not Yet Reviewed,O,60.2,31.029032258064515,23.870967741935484,27.0,115.41,2.870967741935484,80.74193548387096,542.21
2003-01-01,TanChau,10.804,105.234,12.36,mS/m,Unverified data,Raw - Not Yet Reviewed,O,0.2,31.33225806451613,21.774193548387096,26.225806451612904,138.32,2.999032258064516,69.45161290322581,629.33
2003-02-01,TanChau,10.804,105.234,14.59,mS/m,Unverified data,Raw - Not Yet Reviewed,O,0.6000000000000001,32.875,23.335714285714285,27.782142857142855,141.78,3.717142857142857,64.57142857142857,580.43
2003-03-01,TanChau,10.804,105.234,16.63,mS/m,Unverified data,Raw - Not Yet Reviewed,O,16.1,34.94193548387097,25.309677419354838,29.65806451612903,170.73,3.4080645161290324,61.54838709677419,668.49
2003-04-01,TanChau,10.804,105.234,18.1,mS/m,Unverified data,Raw - Not Yet Reviewed,O,23.3,36.84666666666667,26.45,31.063333333333333,179.12,3.503,59.9,694.24
2003-05-01,TanChau,10.804,105.234,18.2,mS/m,Unverified data,Raw - Not Yet Reviewed,O,210.8,32.174193548387095,25.741935483870968,28.006451612903227,115.76,4.143870967741936,81.35483870967742,500.43
2003-06-01,TanChau,10.804,105.234,11.5,mS/m,Unverified data,Raw - Not Yet Reviewed,O,168.3,31.59333333333333,25.206666666666667,27.69333333333333,128.75,4.246666666666667,82.03333333333333,585.37
2003-07-01,TanChau,10.804,105.234,15.2,mS/m,Unverified data,Raw - Not Yet Reviewed,O,278.9,30.874193548387098,24.54516129032258,26.86774193548387,114.88,3.913870967741935,85.38709677419355,540.05
2003-08-01,TanChau,10.804,105.234,10.7,mS/m,Unverified data,Raw - Not Yet Reviewed,O,251.6,31.103225806451615,24.990322580645163,27.23225806451613,119.94,4.800645161290323,83.09677419354838,542.97
2003-09-01,TanChau,10.804,105.234,9.5,mS/m,Unverified data,Raw - Not Yet Reviewed,O,266.8,30.803333333333335,24.473333333333336,26.683333333333334,108.67,4.417666666666666,84.83333333333333,501.75
2003-10-01,TanChau,10.804,105.234,11.7,mS/m,Unverified data,Raw - Not Yet Reviewed,O,402.9,30.193548387096776,23.86774193548387,26.151612903225807,97.44,3.0593548387096776,86.38709677419355,461.38
2003-11-01,TanChau,10.804,105.234,12.5,mS/m,Unverified data,Raw - Not Yet Reviewed,O,79.6,31.583333333333332,23.733333333333334,27.256666666666668,124.71000000000001,3.0993333333333335,76.13333333333334,569.51
2003-12-01,TanChau,10.804,105.234,12.6,mS/m,Unverified data,Raw - Not Yet Reviewed,O,7.8999999999999995,31.203225806451613,22.27741935483871,26.47741935483871,134.89,3.6851612903225806,64.16129032258064,556.44
2004-01-01,TanChau,10.804,105.234,15.96,mS/m,Unverified data,Raw - Not Yet Reviewed,O,1.9,32.18064516129032,23.06451612903226,27.361290322580647,136.84,3.0706451612903227,66.16129032258064,587.86
2004-02-01,TanChau,10.804,105.234,16.7,mS/m,Unverified data,Raw - Not Yet Reviewed,O,1.4000000000000001,32.282758620689656,22.658620689655173,27.158620689655173,142.53,3.520344827586207,65.3103448275862,607.85
2004-03-01,TanChau,10.804,105.234,19.8,mS/m,Unverified data,Raw - Not Yet Reviewed,O,7.800000000000001,34.83548387096774,24.825806451612905,29.287096774193547,169.56,3.8883870967741934,63.12903225806452,660.27
2004-04-01,TanChau,10.804,105.234,21.4,mS/m,Unverified data,Raw - Not Yet Reviewed,O,34.9,36.41,26.63,30.69,173.3,3.618,63.46666666666667,689.02
2004-05-01,TanChau,10.804,105.234,20.9,mS/m,Unverified data,Raw - Not Yet Reviewed,O,125.0,33.170967741935485,25.661290322580644,28.593548387096774,135.65,4.104193548387097,78.7741935483871,591.33
2004-06-01,TanChau,10.804,105.234,16.9,mS/m,Unverified data,Raw - Not Yet Reviewed,O,218.2,30.653333333333332,24.96333333333333,27.066666666666666,113.38,4.525333333333333,84.53333333333333,522.37
2004-07-01,TanChau,10.804,105.234,14.3,mS/m,Unverified data,Raw - Not Yet Reviewed,O,199.1,30.851612903225806,24.725806451612904,27.019354838709678,119.0,4.483548387096774,84.0,551.84
2004-08-01,TanChau,10.804,105.234,9.9,mS/m,Unverified data,Raw - Not Yet Reviewed,O,191.3,30.638709677419353,24.725806451612904,26.93548387096774,116.69,5.159677419354838,83.3225806451613,521.89
2004-09-01,TanChau,10.804,105.234,10.4,mS/m,Unverified data,Raw - Not Yet Reviewed,O,207.5,31.290000000000003,24.426666666666666,27.016666666666666,115.41,3.5283333333333333,83.96666666666667,543.06
2004-10-01,TanChau,10.804,105.234,11.8,mS/m,Unverified data,Raw - Not Yet Reviewed,O,159.7,30.95483870967742,23.432258064516127,26.654838709677417,120.78,2.6248387096774195,80.7741935483871,565.93
2004-11-01,TanChau,10.804,105.234,13.0,mS/m,Unverified data,Raw - Not Yet Reviewed,O,63.0,31.663333333333334,23.903333333333332,27.296666666666667,124.01,3.2030000000000003,76.46666666666667,560.4399999999999
2004-12-01,TanChau,10.804,105.234,12.9,mS/m,Unverified data,Raw - Not Yet Reviewed,O,0.0,31.693548387096776,21.86774193548387,26.567741935483873,140.05,3.398064516129032,64.41935483870968,610.19
2005-01-01,TanChau,10.804,105.234,14.1,mS/m,Unverified data,Raw - Not Yet Reviewed,O,0.4,31.31612903225807,21.664516129032258,26.164516129032258,136.16,3.2706451612903225,67.3225806451613,597.01
2005-02-01,TanChau,10.804,105.234,16.8,mS/m,Unverified data,Raw - Not Yet Reviewed,O,0.0,33.43214285714286,23.307142857142857,27.95,145.71,3.7135714285714285,66.17857142857143,603.91
2005-03-01,TanChau,10.804,105.234,18.8,mS/m,Unverified data,Raw - Not Yet Reviewed,O,10.0,34.435483870967744,24.293548387096774,28.858064516129033,180.21,3.88258064516129,62.38709677419355,719.11
2005-04-01,TanChau,10.804,105.234,23.4,mS/m,Unverified data,Raw - Not Yet Reviewed,O,21.9,35.876666666666665,26.37,30.646666666666665,176.65,3.545666666666667,60.766666666666666,681.38
2005-05-01,TanChau,10.804,105.234,24.7,mS/m,Unverified data,Raw - Not Yet Reviewed,O,178.5,32.935483870967744,25.73548387096774,28.519354838709678,138.8,4.035161290322581,79.03225806451613,610.87
2005-06-01,TanChau,10.804,105.234,20.5,mS/m,Unverified data,Raw - Not Yet Reviewed,O,175.1,31.34333333333333,25.553333333333335,27.740000000000002,122.35,4.835666666666667,82.56666666666666,557.05
2005-07-01,TanChau,10.804,105.234,10.7,mS/m,Unverified data,Raw - Not Yet Reviewed,O,225.7,30.503225806451614,24.69677419354839,26.76774193548387,108.71,4.668064516129032,84.80645161290323,496.27
2005-08-01,TanChau,10.804,105.234,8.4,mS/m,Unverified data,Raw - Not Yet Reviewed,O,187.9,31.44193548387097,24.919354838709676,27.393548387096775,127.85,4.784193548387097,82.19354838709677,578.86
2005-09-01,TanChau,10.804,105.234,10.3,mS/m,Unverified data,Raw - Not Yet Reviewed,O,193.3,30.91,24.703333333333333,26.98,106.62,4.185,84.06666666666666,486.95
2005-10-01,TanChau,10.804,105.234,11.9,mS/m,Unverified data,Raw - Not Yet Reviewed,O,284.9,30.887096774193548,24.14516129032258,26.68064516129032,105.85000000000001,2.667741935483871,85.41935483870968,500.93
2005-11-01,TanChau,10.804,105.234,12.3,mS/m,Unverified data,Raw - Not Yet Reviewed,O,141.9,30.503333333333334,23.64,26.403333333333332,106.92999999999999,3.3243333333333336,81.8,489.77
2005-12-01,TanChau,10.804,105.234,11.7,mS/m,Unverified data,Raw - Not Yet Reviewed,O,77.8,28.574193548387097,22.612903225806452,25.116129032258065,107.57000000000001,4.805483870967742,76.58064516129032,440.53000000000003
2006-01-01,TanChau,10.804,105.234,13.6,mS/m,Unverified data,Raw - Not Yet Reviewed,O,10.5,30.780645161290323,22.748387096774195,26.351612903225806,126.61,3.085806451612903,73.70967741935483,574.22
2006-02-01,TanChau,10.804,105.234,14.0,mS/m,Unverified data,Raw - Not Yet Reviewed,O,6.6,32.63928571428571,23.853571428571428,27.95357142857143,133.3,3.108214285714286,68.10714285714286,574.31
2006-03-01,TanChau,10.804,105.234,17.1,mS/m,Unverified data,Raw - Not Yet Reviewed,O,38.4,33.47741935483871,24.509677419354837,28.506451612903227,154.54,3.3374193548387097,68.90322580645162,644.22
2006-04-01,TanChau,10.804,105.234,18.4,mS/m,Unverified data,Raw - Not Yet Reviewed,O,105.5,33.79333333333333,25.03666666666667,28.71333333333333,146.65,3.0433333333333334,74.06666666666666,645.35
2006-05-01,TanChau,10.804,105.234,20.6,mS/m,Unverified data,Raw - Not Yet Reviewed,O,200.6,31.774193548387096,24.76451612903226,27.53548387096774,129.86,3.4116129032258065,83.2258064516129,608.69
2006-06-01,TanChau,10.804,105.234,17.6,mS/m,Unverified data,Raw - Not Yet Reviewed,O,264.3,30.553333333333335,24.826666666666664,26.96333333333333,108.87,3.801333333333333,86.46666666666667,519.59
2006-07-01,TanChau,10.804,105.234,11.1,mS/m,Unverified data,Raw - Not Yet Reviewed,O,178.4,30.09032258064516,24.94193548387097,26.864516129032257,108.02,5.093870967741935,84.87096774193549,490.39
2006-08-01,TanChau,10.804,105.234,10.6,mS/m,Unverified data,Raw - Not Yet Reviewed,O,251.1,30.44193548387097,24.648387096774194,26.716129032258067,110.43,5.176129032258065,83.80645161290323,489.97
2006-09-01,TanChau,10.804,105.234,10.2,mS/m,Unverified data,Raw - Not Yet Reviewed,O,254.9,30.866666666666667,24.3,26.706666666666667,108.9,3.836,85.33333333333333,512.0
2006-10-01,TanChau,10.804,105.234,7.2,mS/m,Unverified data,Raw - Not Yet Reviewed,O,201.20000000000002,30.574193548387097,24.206451612903226,26.638709677419353,106.97,3.258387096774194,84.7741935483871,502.2
2006-11-01,TanChau,10.804,105.234,11.6,mS/m,Unverified data,Raw - Not Yet Reviewed,O,38.1,31.873333333333335,24.279999999999998,27.64333333333333,121.07,2.7083333333333335,77.43333333333334,553.99
2006-12-01,TanChau,10.804,105.234,12.5,mS/m,Unverified data,Raw - Not Yet Reviewed,O,8.5,32.52903225806452,23.351612903225806,27.651612903225807,145.22,3.7874193548387094,63.096774193548384,577.1
2007-01-01,TanChau,10.804,105.234,12.3,mS/m,Unverified data,Raw - Not Yet Reviewed,O,37.7,31.348387096774193,22.916129032258063,26.719354838709677,129.13,3.5593548387096776,69.61290322580645,551.55
2007-02-01,TanChau,10.804,105.234,13.7,mS/m,Unverified data,Raw - Not Yet Reviewed,O,1.8,32.535714285714285,22.207142857142856,27.142857142857142,142.43,3.4089285714285715,64.89285714285714,603.66
2007-03-01,TanChau,10.804,105.234,16.6,mS/m,Unverified data,Raw - Not Yet Reviewed,O,66.5,33.487096774193546,24.574193548387097,28.40967741935484,151.61,3.4129032258064513,69.90322580645162,619.14
2007-04-01,TanChau,10.804,105.234,17.3,mS/m,Unverified data,Raw - Not Yet Reviewed,O,116.1,34.19666666666667,25.613333333333333,29.376666666666665,152.03,3.088,70.76666666666667,644.91
2007-05-01,TanChau,10.804,105.234,19.2,mS/m,Unverified data,Raw - Not Yet Reviewed,O,188.4,31.093548387096774,25.125806451612902,27.316129032258065,116.26,3.6048387096774195,86.2258064516129,550.25
2007-06-01,TanChau,10.804,105.234,19.8,mS/m,Unverified data,Raw - Not Yet Reviewed,O,242.3,30.96333333333333,25.186666666666667,27.4,113.39,3.323666666666667,86.43333333333334,543.14
2007-07-01,TanChau,10.804,105.234,14.0,mS/m,Unverified data,Raw - Not Yet Reviewed,O,222.8,30.361290322580647,24.654838709677417,26.793548387096774,107.6,4.170322580645161,85.87096774193549,500.08
2007-08-01,TanChau,10.804,105.234,14.7,mS/m,Unverified data,Raw - Not Yet Reviewed,O,201.9,30.358064516129033,24.851612903225806,26.906451612903226,109.02,4.982903225806451,83.41935483870968,478.89
2007-09-01,TanChau,10.804,105.234,12.0,mS/m,Unverified data,Raw - Not Yet Reviewed,O,201.1,31.05,24.676666666666666,27.063333333333333,110.56,4.111666666666666,84.03333333333333,506.66
2007-10-01,TanChau,10.804,105.234,8.9,mS/m,Unverified data,Raw - Not Yet Reviewed,O,317.2,30.448387096774194,23.825806451612905,26.296774193548387,103.54,3.6470967741935483,85.16129032258064,481.47
2007-11-01,TanChau,10.804,105.234,12.5,mS/m,Unverified data,Raw - Not Yet Reviewed,O,102.4,29.323333333333334,22.456666666666667,25.3,109.08,4.111,79.26666666666667,493.67
2007-12-01,TanChau,10.804,105.234,12.2,mS/m,Unverified data,Raw - Not Yet Reviewed,O,15.499999999999998,31.274193548387096,22.896774193548385,26.700000000000003,124.02,3.1583870967741934,71.0,535.99
2008-01-01,TanChau,10.804,105.234,12.0,mS/m,Unverified data,Raw - Not Yet Reviewed,O,14.299999999999999,31.532258064516128,22.91290322580645,26.92258064516129,130.37,3.512258064516129,67.25806451612904,533.69
2008-02-01,TanChau,10.804,105.234,13.2,mS/m,Unverified data,Raw - Not Yet Reviewed,O,7.8999999999999995,32.44137931034483,22.97241379310345,27.441379310344825,138.4,3.472758620689655,63.241379310344826,579.58
2008-03-01,TanChau,10.804,105.234,15.5,mS/m,Unverified data,Raw - Not Yet Reviewed,O,46.5,33.26451612903226,24.164516129032258,28.193548387096776,156.15,3.114516129032258,68.38709677419355,676.07
2008-04-01,TanChau,10.804,105.234,18.1,mS/m,Unverified data,Raw - Not Yet Reviewed,O,126.8,33.596666666666664,25.076666666666664,28.636666666666667,145.93,3.231,74.46666666666667,637.39
2008-05-01,TanChau,10.804,105.234,17.8,mS/m,Unverified data,Raw - Not Yet Reviewed,O,250.2,30.60967741935484,24.725806451612904,26.825806451612905,113.68,4.226774193548387,86.2258064516129,542.1
2008-06-01,TanChau,10.804,105.234,14.8,mS/m,Unverified data,Raw - Not Yet Reviewed,O,193.5,30.740000000000002,24.7,27.0,116.67,4.066,85.06666666666666,552.65
2008-07-01,TanChau,10.804,105.234,13.2,mS/m,Unverified data,Raw - Not Yet Reviewed,O,214.2,30.751612903225805,24.761290322580646,27.048387096774192,122.2,4.3993548387096775,83.45161290322581,563.31
2008-08-01,TanChau,10.804,105.234,12.3,mS/m,Unverified data,Raw - Not Yet Reviewed,O,223.3,31.03548387096774,24.551612903225806,26.903225806451612,117.76,4.224838709677419,84.16129032258064,545.01
2008-09-01,TanChau,10.804,105.234,12.8,mS/m,Unverified data,Raw - Not Yet Reviewed,O,361.3,30.509999999999998,24.476666666666667,26.65666666666667,104.51,4.283333333333333,84.93333333333334,476.5
2008-10-01,TanChau,10.804,105.234,13.3,mS/m,Unverified data,Raw - Not Yet Reviewed,O,288.3,31.183870967741935,24.20967741935484,26.825806451612905,107.56,2.7670967741935484,85.7741935483871,508.5
2008-11-01,TanChau,10.804,105.234,14.0,mS/m,Unverified data,Raw - Not Yet Reviewed,O,204.70000000000002,29.67,23.30666666666667,25.80666666666667,101.7,4.069,81.56666666666666,447.36
2008-12-01,TanChau,10.804,105.234,13.1,mS/m,Unverified data,Raw - Not Yet Reviewed,O,69.8,29.780645161290323,22.096774193548388,25.393548387096775,125.01,4.160645161290322,72.7741935483871,550.42
2009-01-01,TanChau,10.804,105.234,13.6,mS/m,Unverified data,Raw - Not Yet Reviewed,O,11.4,29.37741935483871,20.741935483870968,24.625806451612902,130.42000000000002,3.7938709677419356,69.90322580645162,589.3
2009-02-01,TanChau,10.804,105.234,14.0,mS/m,Unverified data,Raw - Not Yet Reviewed,O,49.9,31.57857142857143,23.017857142857142,26.88214285714286,121.84,3.0339285714285715,75.92857142857143,556.59
2009-03-01,TanChau,10.804,105.234,15.9,mS/m,Unverified data,Raw - Not Yet Reviewed,O,71.8,33.65161290322581,24.651612903225807,28.51290322580645,153.49,3.0893548387096774,72.41935483870968,668.53
2009-04-01,TanChau,10.804,105.234,17.2,mS/m,Unverified data,Raw - Not Yet Reviewed,O,144.7,32.776666666666664,25.459999999999997,28.35,136.01,3.5816666666666666,79.5,604.45
2009-05-01,TanChau,10.804,105.234,19.3,mS/m,Unverified data,Raw - Not Yet Reviewed,O,257.3,30.95483870967742,24.787096774193547,27.009677419354837,113.0,3.2983870967741935,87.0,542.22
2009-06-01,TanChau,10.804,105.234,15.1,mS/m,Unverified data,Raw - Not Yet Reviewed,O,155.2,30.886666666666667,25.05666666666667,27.35666666666667,119.69,4.495666666666667,84.36666666666666,560.3
2009-07-01,TanChau,10.804,105.234,13.9,mS/m,Unverified data,Raw - Not Yet Reviewed,O,175.4,30.72258064516129,24.990322580645163,27.161290322580644,116.01,4.7293548387096775,83.51612903225806,521.6899999999999
2009-08-01,TanChau,10.804,105.234,7.8,mS/m,Unverified data,Raw - Not Yet Reviewed,O,161.6,31.80322580645161,25.27741935483871,27.716129032258067,128.35,4.312258064516129,81.7741935483871,569.96
2009-09-01,TanChau,10.804,105.234,10.23,mS/m,Unverified data,Raw - Not Yet Reviewed,O,250.8,30.05,24.746666666666666,26.64333333333333,90.93,4.649666666666667,85.8,397.34
2009-10-01,TanChau,10.804,105.234,8.74,mS/m,Unverified data,Raw - Not Yet Reviewed,O,181.3,30.561290322580643,24.129032258064516,26.583870967741937,104.21,3.2616129032258065,85.3225806451613,492.01
2009-11-01,TanChau,10.804,105.234,10.52,mS/m,Unverified data,Raw - Not Yet Reviewed,O,30.4,31.163333333333334,24.003333333333334,27.083333333333332,120.35,4.025333333333333,74.16666666666667,494.88
2009-12-01,TanChau,10.804,105.234,11.67,mS/m,Unverified data,Raw - Not Yet Reviewed,O,20.3,31.719354838709677,22.84193548387097,27.032258064516128,125.5,2.790645161290323,70.74193548387096,565.59
2010-01-01,TanChau,10.804,105.234,11.33,mS/m,Unverified data,Raw - Not Yet Reviewed,O,54.699999999999996,30.870967741935484,22.896774193548385,26.596774193548388,124.66,3.2754838709677423,71.58064516129032,537.99
2010-02-01,TanChau,10.804,105.234,14.86,mS/m,Unverified data,Raw - Not Yet Reviewed,O,0.5,33.232142857142854,23.335714285714285,27.95357142857143,142.84,3.7296428571428573,68.67857142857143,594.89
2010-03-01,TanChau,10.804,105.234,15.7,mS/m,Unverified data,Raw - Not Yet Reviewed,O,22.5,35.13225806451613,25.251612903225805,29.809677419354838,174.71,3.6074193548387097,61.903225806451616,689.17
2010-04-01,TanChau,10.804,105.234,20.3,mS/m,Unverified data,Raw - Not Yet Reviewed,O,59.8,35.74333333333333,26.373333333333335,30.373333333333335,169.01,3.3643333333333336,67.03333333333333,689.51
2010-05-01,TanChau,10.804,105.234,17.39,mS/m,Unverified data,Raw - Not Yet Reviewed,O,150.9,33.79677419354839,26.570967741935487,29.429032258064513,147.18,3.474838709677419,78.93548387096774,652.21
2010-06-01,TanChau,10.804,105.234,19.33,mS/m,Unverified data,Raw - Not Yet Reviewed,O,253.2,31.5,25.626666666666665,27.756666666666668,117.0,4.086,86.03333333333333,553.01
2010-07-01,TanChau,10.804,105.234,22.0,mS/m,Unverified data,Raw - Not Yet Reviewed,O,216.3,31.093548387096774,25.029032258064515,27.306451612903224,116.45,4.094838709677419,84.7741935483871,542.08
2010-08-01,TanChau,10.804,105.234,13.4,mS/m,Unverified data,Raw - Not Yet Reviewed,O,231.8,31.39032258064516,24.932258064516127,27.31935483870968,119.12,4.212903225806452,83.93548387096774,545.68
2010-09-01,TanChau,10.804,105.234,14.08,mS/m,Unverified data,Raw - Not Yet Reviewed,O,264.4,31.626666666666665,24.81,27.3,115.56,3.3636666666666666,84.4,541.87
2010-10-01,TanChau,10.804,105.234,12.15,mS/m,Unverified data,Raw - Not Yet Reviewed,O,413.6,30.116129032258065,24.06451612903226,26.25483870967742,93.69,3.739032258064516,86.3225806451613,427.34999999999997
2010-11-01,TanChau,10.804,105.234,12.5,mS/m,Unverified data,Raw - Not Yet Reviewed,O,189.3,29.913333333333334,23.373333333333335,25.983333333333334,100.05,3.590333333333333,82.16666666666667,453.68
2010-12-01,TanChau,10.804,105.234,14.49,mS/m,Unverified data,Raw - Not Yet Reviewed,O,62.800000000000004,29.719354838709677,22.719354838709677,25.848387096774193,112.26,3.07,77.7741935483871,519.67
2011-01-01,TanChau,10.804,105.234,13.59,mS/m,Unverified data,Raw - Not Yet Reviewed,O,17.099999999999998,30.451612903225808,21.93548387096774,25.787096774193547,124.78,2.9967741935483874,70.38709677419355,561.41
2011-02-01,TanChau,10.804,105.234,14.12,mS/m,Unverified data,Raw - Not Yet Reviewed,O,1.2000000000000002,32.128571428571426,23.014285714285712,27.285714285714285,131.99,3.438928571428572,66.71428571428571,565.56
2011-03-01,TanChau,10.804,105.234,18.4,mS/m,Unverified data,Raw - Not Yet Reviewed,O,82.5,32.354838709677416,24.216129032258067,27.56451612903226,137.1,3.788064516129032,70.19354838709677,560.67
2011-04-01,TanChau,10.804,105.234,19.4,mS/m,Unverified data,Raw - Not Yet Reviewed,O,120.3,32.96,24.603333333333335,28.096666666666668,141.47,3.1689999999999996,75.03333333333333,624.52
2011-05-01,TanChau,10.804,105.234,18.88,mS/m,Unverified data,Raw - Not Yet Reviewed,O,202.1,31.561290322580643,25.280645161290323,27.69677419354839,125.99,3.539677419354839,84.19354838709677,590.59
2011-06-01,TanChau,10.804,105.234,16.9,mS/m,Unverified data,Raw - Not Yet Reviewed,O,170.0,30.73,25.176666666666666,27.216666666666665,113.23,4.667333333333334,84.63333333333334,522.84
2011-07-01,TanChau,10.804,105.234,10.33,mS/m,Unverified data,Raw - Not Yet Reviewed,O,184.5,31.219354838709677,25.0,27.358064516129033,124.53999999999999,4.692258064516129,81.70967741935483,555.88
2011-08-01,TanChau,10.804,105.234,10.64,mS/m,Unverified data,Raw - Not Yet Reviewed,O,251.9,31.229032258064517,24.825806451612905,27.251612903225805,121.67,4.164838709677419,83.41935483870968,558.28
2011-09-01,TanChau,10.804,105.234,10.8,mS/m,Unverified data,Raw - Not Yet Reviewed,O,292.8,30.12,24.55666666666667,26.529999999999998,98.71,4.682666666666666,85.66666666666667,448.99
2011-10-01,TanChau,10.804,105.234,9.5,mS/m,Unverified data,Raw - Not Yet Reviewed,O,224.1,31.174193548387095,24.26451612903226,26.88064516129032,114.04,3.111290322580645,84.41935483870968,539.88
2011-11-01,TanChau,10.804,105.234,10.0,mS/m,Unverified data,Raw - Not Yet Reviewed,O,94.5,31.17,24.21333333333333,27.07,116.62,3.4403333333333332,78.5,522.11
2011-12-01,TanChau,10.804,105.234,11.4,mS/m,Unverified data,Raw - Not Yet Reviewed,O,25.8,30.993548387096773,22.845161290322583,26.370967741935484,130.48,4.444516129032258,65.83870967741936,499.66
2012-01-01,TanChau,10.804,105.234,11.0,mS/m,Unverified data,Raw - Not Yet Reviewed,O,83.5,31.480645161290322,23.383870967741935,26.84193548387097,115.28,3.5303225806451612,72.54838709677419,474.25
2012-02-01,TanChau,10.804,105.234,13.5,mS/m,Unverified data,Raw - Not Yet Reviewed,O,77.9,31.26206896551724,23.344827586206897,27.020689655172415,125.13,3.0358620689655176,75.51724137931035,568.87
2012-03-01,TanChau,10.804,105.234,15.3,mS/m,Unverified data,Raw - Not Yet Reviewed,O,67.0,34.42903225806452,24.938709677419357,29.051612903225806,156.88,3.582258064516129,69.0,652.37
2012-04-01,TanChau,10.804,105.234,14.8,mS/m,Unverified data,Raw - Not Yet Reviewed,O,116.1,33.21333333333333,25.083333333333332,28.413333333333334,145.65,3.753333333333333,76.7,640.37
2012-05-01,TanChau,10.804,105.234,16.9,mS/m,Unverified data,Raw - Not Yet Reviewed,O,240.1,31.251612903225805,25.258064516129032,27.4741935483871,121.87,4.538387096774193,84.6774193548387,569.7
2012-06-01,TanChau,10.804,105.234,16.96,mS/m,Unverified data,Raw - Not Yet Reviewed,O,158.4,30.833333333333332,25.176666666666666,27.416666666666668,121.6,5.049333333333333,82.53333333333333,547.56
2012-07-01,TanChau,10.804,105.234,12.15,mS/m,Unverified data,Raw - Not Yet Reviewed,O,177.1,30.812903225806455,24.88064516129032,27.10967741935484,121.33,4.870967741935484,82.96774193548387,547.75
2012-08-01,TanChau,10.804,105.234,11.3,mS/m,Unverified data,Raw - Not Yet Reviewed,O,147.2,31.870967741935484,25.03548387096774,27.638709677419353,133.33,5.208709677419355,79.16129032258064,560.32
2012-09-01,TanChau,10.804,105.234,10.71,mS/m,Unverified data,Raw - Not Yet Reviewed,O,352.2,30.146666666666665,24.253333333333334,26.233333333333334,91.2,4.022,87.43333333333334,424.02
2012-10-01,TanChau,10.804,105.234,10.47,mS/m,Unverified data,Raw - Not Yet Reviewed,O,169.0,30.96451612903226,24.203225806451613,26.948387096774194,110.99,2.57,84.09677419354838,524.24
2012-11-01,TanChau,10.804,105.234,12.6,mS/m,Unverified data,Raw - Not Yet Reviewed,O,138.2,30.803333333333335,24.113333333333333,26.773333333333333,101.92,3.1366666666666663,83.9,476.92
2012-12-01,TanChau,10.804,105.234,12.6,mS/m,Unverified data,Raw - Not Yet Reviewed,O,20.0,31.580645161290324,23.690322580645162,27.393548387096775,122.53999999999999,2.855161290322581,74.80645161290323,547.42
2013-01-01,TanChau,10.804,105.234,13.22,mS/m,Unverified data,Raw - Not Yet Reviewed,O,39.0,30.61935483870968,22.490322580645163,26.177419354838708,120.72,3.2841935483870968,72.54838709677419,531.09
2013-02-01,TanChau,10.804,105.234,16.22,mS/m,Unverified data,Raw - Not Yet Reviewed,O,20.8,33.55714285714286,23.692857142857143,28.37142857142857,139.27,3.9664285714285716,63.142857142857146,557.59
2013-03-01,TanChau,10.804,105.234,19.7,mS/m,Unverified data,Raw - Not Yet Reviewed,O,11.6,35.38387096774194,25.654838709677417,30.08709677419355,171.48,3.3499999999999996,62.064516129032256,683.09
2013-04-01,TanChau,10.804,105.234,22.4,mS/m,Unverified data,Raw - Not Yet Reviewed,O,143.8,33.376666666666665,25.603333333333335,28.61,138.2,3.4410000000000003,79.0,607.89
2013-05-01,TanChau,10.804,105.234,19.61,mS/m,Unverified data,Raw - Not Yet Reviewed,O,215.0,32.041935483870965,25.654838709677417,28.080645161290324,130.91,3.6861290322580644,83.90322580645162,612.72
2013-06-01,TanChau,10.804,105.234,20.1,mS/m,Unverified data,Raw - Not Yet Reviewed,O,234.9,30.493333333333332,25.166666666666668,27.163333333333334,106.78,4.046,86.63333333333334,504.81
2013-07-01,TanChau,10.804,105.234,14.66,mS/m,Unverified data,Raw - Not Yet Reviewed,O,271.6,30.177419354838708,24.516129032258064,26.570967741935487,105.57000000000001,4.22,85.54838709677419,487.09
2013-08-01,TanChau,10.804,105.234,10.43,mS/m,Unverified data,Raw - Not Yet Reviewed,O,188.3,30.86774193548387,24.77741935483871,26.993548387096773,120.2,4.742580645161291,82.93548387096774,541.32
2013-09-01,TanChau,10.804,105.234,10.9,mS/m,Unverified data,Raw - Not Yet Reviewed,O,239.6,30.573333333333334,24.673333333333336,26.796666666666667,101.1,4.105,84.73333333333333,457.23
2013-10-01,TanChau,10.804,105.234,9.32,mS/m,Unverified data,Raw - Not Yet Reviewed,O,256.3,30.56451612903226,23.906451612903226,26.438709677419357,107.09,2.994193548387097,85.70967741935483,509.57
2013-11-01,TanChau,10.804,105.234,14.88,mS/m,Unverified data,Raw - Not Yet Reviewed,O,133.0,30.55,23.503333333333334,26.506666666666668,105.24,3.3486666666666665,81.66666666666667,482.92
2013-12-01,TanChau,10.804,105.234,11.15,mS/m,Unverified data,Raw - Not Yet Reviewed,O,21.299999999999997,29.74516129032258,21.638709677419353,25.17096774193548,129.78,4.043548387096774,68.09677419354838,552.4
2014-01-01,TanChau,10.804,105.234,12.01,mS/m,Unverified data,Raw - Not Yet Reviewed,O,1.8,30.26451612903226,20.751612903225805,25.296774193548387,137.8,3.2996774193548384,62.54838709677419,598.61
2014-02-01,TanChau,10.804,105.234,14.8,mS/m,Unverified data,Raw - Not Yet Reviewed,O,0.7999999999999999,31.82857142857143,21.72142857142857,26.603571428571428,133.46,3.608214285714286,67.10714285714286,570.9
2014-03-01,TanChau,10.804,105.234,18.09,mS/m,Unverified data,Raw - Not Yet Reviewed,O,7.6,35.03225806451613,24.548387096774192,29.309677419354838,179.53,3.858709677419355,60.74193548387097,695.36
2014-04-01,TanChau,10.804,105.234,22.5,mS/m,Unverified data,Raw - Not Yet Reviewed,O,112.6,33.553333333333335,25.336666666666666,28.763333333333332,142.79,2.6926666666666668,76.1,636.14
2014-05-01,TanChau,10.804,105.234,19.8,mS/m,Unverified data,Raw - Not Yet Reviewed,O,89.5,34.15806451612904,26.05483870967742,29.258064516129032,151.96,3.7358064516129033,77.51612903225806,667.87
2014-06-01,TanChau,10.804,105.234,21.0,mS/m,Unverified data,Raw - Not Yet Reviewed,O,233.6,31.14,25.706666666666667,27.69,108.69,4.647666666666667,84.6,493.95
2014-07-01,TanChau,10.804,105.234,9.3,mS/m,Unverified data,Raw - Not Yet Reviewed,O,259.9,30.51290322580645,25.061290322580643,27.10967741935484,107.69,4.854516129032258,84.06451612903226,481.98
2014-08-01,TanChau,10.804,105.234,8.56,mS/m,Unverified data,Raw - Not Yet Reviewed,O,235.8,31.190322580645162,24.774193548387096,27.219354838709677,123.64,4.2706451612903225,83.06451612903226,563.9
2014-09-01,TanChau,10.804,105.234,11.26,mS/m,Unverified data,Raw - Not Yet Reviewed,O,225.0,30.973333333333336,24.566666666666666,26.98,112.5,4.136666666666667,83.8,518.51
2014-10-01,TanChau,10.804,105.234,11.73,mS/m,Unverified data,Raw - Not Yet Reviewed,O,278.5,30.893548387096775,24.14516129032258,26.700000000000003,107.83,2.6490322580645165,85.38709677419355,512.4
2014-11-01,TanChau,10.804,105.234,13.11,mS/m,Unverified data,Raw - Not Yet Reviewed,O,85.4,31.103333333333335,24.14333333333333,27.153333333333332,111.08,3.0073333333333334,81.3,510.3
2014-12-01,TanChau,10.804,105.234,12.91,mS/m,Unverified data,Raw - Not Yet Reviewed,O,56.1,30.016129032258064,23.306451612903224,26.138709677419353,118.50999999999999,4.038387096774193,74.16129032258064,492.26
2015-01-01,TanChau,10.804,105.234,17.58,mS/m,Unverified data,Raw - Not Yet Reviewed,O,6.8,30.87741935483871,21.429032258064513,25.9,131.52,3.124516129032258,67.41935483870968,587.4
2015-02-01,TanChau,10.804,105.234,20.1,mS/m,Unverified data,Raw - Not Yet Reviewed,O,4.6,31.95357142857143,21.63214285714286,26.535714285714285,133.49,3.4603571428571427,65.35714285714286,566.75
2015-03-01,TanChau,10.804,105.234,20.2,mS/m,Unverified data,Raw - Not Yet Reviewed,O,0.1,34.96774193548387,24.661290322580644,29.45483870967742,182.56,4.051290322580646,59.774193548387096,693.99
2015-04-01,TanChau,10.804,105.234,23.1,mS/m,Unverified data,Raw - Not Yet Reviewed,O,70.7,34.95,25.823333333333334,29.776666666666664,162.34,3.1546666666666665,67.23333333333333,670.25
2015-05-01,TanChau,10.804,105.234,25.1,mS/m,Unverified data,Raw - Not Yet Reviewed,O,85.7,34.36129032258064,26.52258064516129,29.706451612903226,162.17,3.9577419354838708,72.64516129032258,678.67
2015-06-01,TanChau,10.804,105.234,20.2,mS/m,Unverified data,Raw - Not Yet Reviewed,O,168.9,32.13666666666667,25.673333333333336,28.25,121.67999999999999,4.197666666666667,79.86666666666666,531.11
2015-07-01,TanChau,10.804,105.234,19.7,mS/m,Unverified data,Raw - Not Yet Reviewed,O,140.7,32.00645161290323,25.648387096774194,28.083870967741937,132.68,4.864516129032259,79.09677419354838,561.24
2015-08-01,TanChau,10.804,105.234,13.3,mS/m,Unverified data,Raw - Not Yet Reviewed,O,255.9,31.73548387096774,25.216129032258067,27.69677419354839,128.74,4.499677419354839,80.7741935483871,567.83
2015-09-01,TanChau,10.804,105.234,12.2,mS/m,Unverified data,Raw - Not Yet Reviewed,O,259.0,31.086666666666666,24.83,27.166666666666668,110.63,4.1770000000000005,84.5,506.62
2015-10-01,TanChau,10.804,105.234,14.26,mS/m,Unverified data,Raw - Not Yet Reviewed,O,217.2,31.248387096774195,24.567741935483873,27.138709677419353,111.42999999999999,2.9167741935483873,84.6774193548387,523.73
2015-11-01,TanChau,10.804,105.234,14.02,mS/m,Unverified data,Raw - Not Yet Reviewed,O,133.7,31.459999999999997,24.456666666666667,27.220000000000002,110.7,2.9916666666666667,82.86666666666666,518.53
2015-12-01,TanChau,10.804,105.234,13.85,mS/m,Unverified data,Raw - Not Yet Reviewed,O,24.3,31.348387096774193,23.77741935483871,27.096774193548388,119.75,3.2735483870967745,76.7741935483871,536.32
2016-01-01,TanChau,10.804,105.234,17.42,mS/m,Unverified data,Raw - Not Yet Reviewed,O,1.1,32.354838709677416,23.700000000000003,27.84193548387097,138.88,3.4696774193548388,68.51612903225806,577.38
2016-02-01,TanChau,10.804,105.234,19.72,mS/m,Unverified data,Raw - Not Yet Reviewed,O,0.1,33.12413793103448,23.2448275862069,27.910344827586208,155.01,4.037931034482758,61.03448275862069,630.39
2016-03-01,TanChau,10.804,105.234,21.8,mS/m,Unverified data,Raw - Not Yet Reviewed,O,0.1,34.725806451612904,24.816129032258065,29.458064516129035,174.7,3.746451612903226,61.25806451612903,693.95
2016-04-01,TanChau,10.804,105.234,21.9,mS/m,Unverified data,Raw - Not Yet Reviewed,O,3.9,36.65333333333333,26.7,31.21333333333333,185.4,3.566666666666667,60.53333333333333,710.65
2016-05-01,TanChau,10.804,105.234,25.7,mS/m,Unverified data,Raw - Not Yet Reviewed,O,143.2,34.40967741935484,26.858064516129033,29.82903225806452,141.22,3.813548387096774,74.45161290322581,596.22
2016-06-01,TanChau,10.804,105.234,22.4,mS/m,Unverified data,Raw - Not Yet Reviewed,O,216.1,31.259999999999998,25.476666666666667,27.6,112.41,3.9896666666666665,84.73333333333333,518.33
2016-07-01,TanChau,10.804,105.234,11.84,mS/m,Unverified data,Raw - Not Yet Reviewed,O,235.0,31.11935483870968,25.01290322580645,27.358064516129033,118.25,3.8648387096774193,84.51612903225806,551.91
2016-08-01,TanChau,10.804,105.234,12.68,mS/m,Unverified data,Raw - Not Yet Reviewed,O,142.3,31.14516129032258,25.593548387096774,27.703225806451613,121.11,5.062903225806451,81.7741935483871,523.09
2016-09-01,TanChau,10.804,105.234,11.65,mS/m,Unverified data,Raw - Not Yet Reviewed,O,261.8,30.933333333333334,24.84333333333333,26.993333333333332,103.14,4.11,84.83333333333333,467.87
2016-10-01,TanChau,10.804,105.234,10.05,mS/m,Unverified data,Raw - Not Yet Reviewed,O,349.2,29.970967741935485,24.403225806451612,26.287096774193547,83.27,3.3303225806451615,89.2258064516129,393.11
2016-11-01,TanChau,10.804,105.234,12.88,mS/m,Unverified data,Raw - Not Yet Reviewed,O,215.9,30.716666666666665,24.21333333333333,26.776666666666664,98.77,3.060666666666667,84.76666666666667,460.87
2016-12-01,TanChau,10.804,105.234,14.71,mS/m,Unverified data,Raw - Not Yet Reviewed,O,159.9,29.325806451612905,23.54516129032258,25.812903225806455,97.92999999999999,3.968709677419355,81.48387096774194,432.1
2017-01-01,TanChau,10.804,105.234,14.88,mS/m,Unverified data,Raw - Not Yet Reviewed,O,54.1,30.309677419354838,23.59032258064516,26.46451612903226,120.58,3.68,76.87096774193549,549.4
2017-02-01,TanChau,10.804,105.234,17.1,mS/m,Unverified data,Raw - Not Yet Reviewed,O,43.2,31.47142857142857,23.285714285714285,26.939285714285713,126.78,3.6692857142857145,72.35714285714286,561.35
2017-03-01,TanChau,10.804,105.234,19.44,mS/m,Unverified data,Raw - Not Yet Reviewed,O,60.300000000000004,32.65161290322581,24.283870967741933,28.01290322580645,149.07999999999998,3.7612903225806456,72.16129032258064,645.75
2017-04-01,TanChau,10.804,105.234,21.25,mS/m,Unverified data,Raw - Not Yet Reviewed,O,186.0,32.35333333333333,25.040000000000003,28.123333333333335,138.3,3.841666666666667,79.73333333333333,633.17
2017-05-01,TanChau,10.804,105.234,20.6,mS/m,Unverified data,Raw - Not Yet Reviewed,O,303.3,31.212903225806453,25.55806451612903,27.741935483870968,116.92,3.7016129032258065,85.90322580645162,561.18
2017-06-01,TanChau,10.804,105.234,16.05,mS/m,Unverified data,Raw - Not Yet Reviewed,O,226.3,30.65,25.3,27.506666666666668,111.73,4.245666666666667,85.13333333333334,530.94
2017-07-01,TanChau,10.804,105.234,12.65,mS/m,Unverified data,Raw - Not Yet Reviewed,O,231.79999999999998,30.361290322580647,25.203225806451613,27.183870967741935,104.94,5.019032258064517,84.45161290322581,468.2
2017-08-01,TanChau,10.804,105.234,11.96,mS/m,Unverified data,Raw - Not Yet Reviewed,O,289.7,30.567741935483873,24.96451612903226,27.177419354838708,108.86,4.529354838709677,84.64516129032258,499.25
2017-09-01,TanChau,10.804,105.234,11.82,mS/m,Unverified data,Raw - Not Yet Reviewed,O,284.5,31.246666666666666,24.936666666666667,27.37,106.91,3.8946666666666667,84.7,498.07
2017-10-01,TanChau,10.804,105.234,13.03,mS/m,Unverified data,Raw - Not Yet Reviewed,O,331.6,30.387096774193548,24.506451612903227,26.82903225806452,102.89,3.7770967741935486,84.09677419354838,468.78
2017-11-01,TanChau,10.804,105.234,11.73,mS/m,Unverified data,Raw - Not Yet Reviewed,O,148.0,30.353333333333335,24.176666666666666,26.746666666666666,102.64,4.1946666666666665,82.06666666666666,453.47
2017-12-01,TanChau,10.804,105.234,14.3,mS/m,Unverified data,Raw - Not Yet Reviewed,O,89.3,29.729032258064517,22.774193548387096,25.86774193548387,123.67999999999999,4.482903225806451,72.87096774193549,497.26
2018-01-01,TanChau,10.804,105.234,15.12,mS/m,Unverified data,Raw - Not Yet Reviewed,O,70.2,29.86774193548387,23.29032258064516,26.125806451612902,106.7,3.3067741935483874,79.3225806451613,485.89
2018-02-01,TanChau,10.804,105.234,17.98,mS/m,Unverified data,Raw - Not Yet Reviewed,O,10.2,30.803571428571427,22.192857142857143,26.125,123.72,3.7842857142857143,72.67857142857143,554.82
2018-03-01,TanChau,10.804,105.234,20.8,mS/m,Unverified data,Raw - Not Yet Reviewed,O,27.700000000000003,32.803225806451614,24.338709677419356,28.200000000000003,148.29,3.5903225806451613,70.29032258064517,631.42
2018-04-01,TanChau,10.804,105.234,21.5,mS/m,Unverified data,Raw - Not Yet Reviewed,O,35.5,34.17333333333333,25.60666666666667,29.366666666666667,148.3,3.819,67.73333333333333,593.91
2018-05-01,TanChau,10.804,105.234,21.7,mS/m,Unverified data,Raw - Not Yet Reviewed,O,146.5,31.970967741935485,25.47741935483871,28.19677419354839,128.96,3.2477419354838712,81.7741935483871,601.8
2018-06-01,TanChau,10.804,105.234,20.9,mS/m,Unverified data,Raw - Not Yet Reviewed,O,200.1,30.43,25.15666666666667,27.253333333333334,102.16,4.4093333333333335,85.76666666666667,472.86
2018-07-01,TanChau,10.804,105.234,15.13,mS/m,Unverified data,Raw - Not Yet Reviewed,O,174.9,30.22258064516129,25.34193548387097,27.283870967741933,112.83,5.6006451612903225,83.64516129032258,500.28000000000003
2018-08-01,TanChau,10.804,105.234,10.51,mS/m,Unverified data,Raw - Not Yet Reviewed,O,200.9,30.4,25.032258064516128,27.151612903225807,112.69,5.583225806451614,83.35483870967742,497.54
2018-09-01,TanChau,10.804,105.234,11.63,mS/m,Unverified data,Raw - Not Yet Reviewed,O,272.5,30.723333333333336,24.490000000000002,26.94,105.6,4.094333333333333,85.46666666666667,493.82
2018-10-01,TanChau,10.804,105.234,11.74,mS/m,Unverified data,Raw - Not Yet Reviewed,O,267.3,31.135483870967743,24.306451612903224,27.22258064516129,118.3,3.2912903225806454,82.58064516129032,551.68
2018-11-01,TanChau,10.804,105.234,13.58,mS/m,Unverified data,Raw - Not Yet Reviewed,O,106.2,31.07,24.203333333333333,27.28666666666667,115.29,3.75,79.33333333333333,518.3
2018-12-01,TanChau,10.804,105.234,13.94,mS/m,Unverified data,Raw - Not Yet Reviewed,O,84.1,31.193548387096776,24.393548387096775,27.35483870967742,115.14,3.450322580645161,78.64516129032258,509.82
2019-01-01,TanChau,10.804,105.234,15.84,mS/m,Unverified data,Raw - Not Yet Reviewed,O,22.9,31.33225806451613,23.048387096774192,26.796774193548387,130.77,4.11258064516129,70.35483870967742,549.66
2019-02-01,TanChau,10.804,105.234,19.32,mS/m,Unverified data,Raw - Not Yet Reviewed,O,2.5,33.93571428571429,23.52857142857143,28.417857142857144,149.36,4.660714285714286,62.785714285714285,560.34
2019-03-01,TanChau,10.804,105.234,22.0,mS/m,Unverified data,Raw - Not Yet Reviewed,O,25.6,34.66129032258065,24.47741935483871,29.216129032258067,170.15,4.178064516129033,65.0,674.56
2019-04-01,TanChau,10.804,105.234,25.7,mS/m,Unverified data,Raw - Not Yet Reviewed,O,74.9,34.21333333333334,25.94333333333333,29.573333333333334,149.23,3.6046666666666667,72.5,635.18
2019-05-01,TanChau,10.804,105.234,23.2,mS/m,Unverified data,Raw - Not Yet Reviewed,O,139.4,33.00645161290323,26.203225806451613,28.970967741935485,140.14000000000001,4.651935483870968,79.90322580645162,612.42
2019-06-01,TanChau,10.804,105.234,22.7,mS/m,Unverified data,Raw - Not Yet Reviewed,O,169.1,31.11,25.783333333333335,27.85,103.75,4.233,84.63333333333334,467.08
2019-07-01,TanChau,10.804,105.234,15.88,mS/m,Unverified data,Raw - Not Yet Reviewed,O,163.7,31.641935483870967,25.461290322580645,27.967741935483872,123.06,5.000322580645161,81.06451612903226,527.09
2019-08-01,TanChau,10.804,105.234,10.52,mS/m,Unverified data,Raw - Not Yet Reviewed,O,232.9,30.83225806451613,25.27741935483871,27.40967741935484,113.05,5.873225806451613,83.12903225806451,486.59
2019-09-01,TanChau,10.804,105.234,9.23,mS/m,Unverified data,Raw - Not Yet Reviewed,O,292.1,30.459999999999997,24.766666666666666,26.996666666666666,101.32000000000001,4.4623333333333335,84.83333333333333,456.29
2019-10-01,TanChau,10.804,105.234,10.82,mS/m,Unverified data,Raw - Not Yet Reviewed,O,241.4,31.161290322580644,24.38064516129032,27.177419354838708,118.77,3.0948387096774193,84.09677419354838,561.45
2019-11-01,TanChau,10.804,105.234,12.66,mS/m,Unverified data,Raw - Not Yet Reviewed,O,103.39999999999999,30.663333333333334,23.67,26.803333333333335,113.47,3.2256666666666667,79.83333333333333,526.09
2019-12-01,TanChau,10.804,105.234,16.42,mS/m,Unverified data,Raw - Not Yet Reviewed,O,3.4000000000000004,30.461290322580645,22.309677419354838,26.161290322580644,133.51,3.7561290322580643,71.0,592.98
2020-01-01,TanChau,10.804,105.234,21.54,mS/m,Unverified data,Raw - Not Yet Reviewed,O,4.1,31.164516129032258,22.683870967741935,26.741935483870968,132.4,3.6190322580645162,72.96774193548387,596.77
2020-02-01,TanChau,10.804,105.234,24.8,mS/m,Unverified data,Raw - Not Yet Reviewed,O,3.8,32.57586206896552,22.620689655172413,27.393103448275863,149.78,4.201379310344827,64.96551724137932,622.8
2020-03-01,TanChau,10.804,105.234,25.1,mS/m,Unverified data,Raw - Not Yet Reviewed,O,4.9,34.8258064516129,24.838709677419356,29.583870967741937,175.04,4.340645161290323,63.74193548387097,662.15
2020-04-01,TanChau,10.804,105.234,26.7,mS/m,Unverified data,Raw - Not Yet Reviewed,O,265.6,33.21333333333333,25.446666666666665,28.93,143.59,3.5506666666666664,75.3,613.33
2020-05-01,TanChau,10.804,105.234,30.3,mS/m,Unverified data,Raw - Not Yet Reviewed,O,139.0,33.2,26.335483870967742,29.393548387096775,145.91,3.5061290322580643,78.87096774193549,650.66
2020-06-01,TanChau,10.804,105.234,22.7,mS/m,Unverified data,Raw - Not Yet Reviewed,O,270.0,30.78666666666667,25.33,27.506666666666668,105.39,3.744666666666667,86.7,500.35
2020-07-01,TanChau,10.804,105.234,22.1,mS/m,Unverified data,Raw - Not Yet Reviewed,O,265.90000000000003,31.287096774193547,24.94516129032258,27.438709677419357,117.75,3.7183870967741934,85.58064516129032,557.4
2020-08-01,TanChau,10.804,105.234,12.9,mS/m,Unverified data,Raw - Not Yet Reviewed,O,235.1,31.38064516129032,25.274193548387096,27.809677419354838,119.09,4.613548387096775,83.16129032258064,529.11
2020-09-01,TanChau,10.804,105.234,13.7,mS/m,Unverified data,Raw - Not Yet Reviewed,O,357.4,31.18,24.970000000000002,27.403333333333332,105.21,3.9733333333333336,85.16666666666667,485.89
2020-10-01,TanChau,10.804,105.234,12.14,mS/m,Unverified data,Raw - Not Yet Reviewed,O,333.8,29.73225806451613,24.45483870967742,26.48709677419355,87.44,3.698387096774194,87.25806451612904,408.98
2020-11-01,TanChau,10.804,105.234,12.56,mS/m,Unverified data,Raw - Not Yet Reviewed,O,110.0,30.783333333333335,24.063333333333333,27.026666666666664,116.33,3.7123333333333335,78.9,520.0699999999999
2020-12-01,TanChau,10.804,105.234,14.72,mS/m,Unverified data,Raw - Not Yet Reviewed,O,56.5,30.53548387096774,23.54516129032258,26.62258064516129,126.57,4.454516129032259,71.51612903225806,505.29
2021-01-01,TanChau,10.804,105.234,16.62,mS/m,Unverified data,Raw - Not Yet Reviewed,O,12.1,30.606451612903225,21.809677419354838,25.86774193548387,136.85999999999999,3.854516129032258,66.96774193548387,583.23
2021-02-01,TanChau,10.804,105.234,21.3,mS/m,Unverified data,Raw - Not Yet Reviewed,O,22.0,31.00714285714286,22.135714285714283,26.314285714285713,123.62,3.6371428571428575,72.42857142857143,554.99
2021-03-01,TanChau,10.804,105.234,22.1,mS/m,Unverified data,Raw - Not Yet Reviewed,O,15.4,34.167741935483875,24.216129032258067,28.94193548387097,169.7,4.250322580645161,65.19354838709677,678.69
2021-04-01,TanChau,10.804,105.234,23.4,mS/m,Unverified data,Raw - Not Yet Reviewed,O,173.7,32.693333333333335,24.996666666666666,28.346666666666668,134.02,3.875,77.66666666666667,576.66
2021-05-01,TanChau,10.804,105.234,23.1,mS/m,Unverified data,Raw - Not Yet Reviewed,O,191.9,32.10322580645161,25.683870967741935,28.35483870967742,126.46000000000001,3.4951612903225806,82.58064516129032,575.3
2021-06-01,TanChau,10.804,105.234,24.5,mS/m,Unverified data,Raw - Not Yet Reviewed,O,121.8,32.18333333333333,25.746666666666666,28.346666666666668,129.4,4.907,80.33333333333333,561.9300000000001
2021-07-01,TanChau,10.804,105.234,21.0,mS/m,Unverified data,Raw - Not Yet Reviewed,O,215.1,31.43548387096774,25.519354838709678,27.896774193548385,118.34,5.061290322580645,80.96774193548387,494.72
2021-08-01,TanChau,10.804,105.234,13.49,mS/m,Unverified data,Raw - Not Yet Reviewed,O,347.4,31.467741935483872,25.164516129032258,27.729032258064517,122.9,4.486774193548388,81.70967741935483,533.31
2021-09-01,TanChau,10.804,105.234,10.99,mS/m,Unverified data,Raw - Not Yet Reviewed,O,288.9,30.676666666666666,24.783333333333335,26.98,100.03,4.2316666666666665,85.4,458.02
2021-10-01,TanChau,10.804,105.234,13.69,mS/m,Unverified data,Raw - Not Yet Reviewed,O,365.4,30.751612903225805,24.551612903225806,26.91290322580645,103.33,3.9780645161290322,85.25806451612904,475.8
2021-11-01,TanChau,10.804,105.234,18.35,mS/m,Unverified data,Raw - Not Yet Reviewed,O,293.0,30.503333333333334,23.84,26.476666666666667,100.81,3.9313333333333333,84.5,464.84
2021-12-01,TanChau,10.804,105.234,14.91,mS/m,Unverified data,Raw - Not Yet Reviewed,O,60.0,30.10967741935484,22.4,25.858064516129033,129.36,4.2380645161290325,73.80645161290323,568.84
2022-01-01,TanChau,10.804,105.234,17.4,mS/m,Unverified data,Raw - Not Yet Reviewed,O,10.5,32.035483870967745,22.74516129032258,27.080645161290324,137.16,3.5393548387096776,70.93548387096774,612.09
2022-02-01,TanChau,10.804,105.234,20.6,mS/m,Unverified data,Raw - Not Yet Reviewed,O,11.7,33.785714285714285,23.87857142857143,28.307142857142857,142.67,4.258928571428571,66.25,564.53
2022-03-01,TanChau,10.804,105.234,22.9,mS/m,Unverified data,Raw - Not Yet Reviewed,O,111.6,33.60645161290322,24.48709677419355,28.419354838709676,150.64,3.807741935483871,72.83870967741936,642.11
2022-04-01,TanChau,10.804,105.234,23.5,mS/m,Unverified data,Raw - Not Yet Reviewed,O,247.7,32.13333333333333,24.226666666666667,27.529999999999998,134.13,3.98,80.8,616.2
2022-05-01,TanChau,10.804,105.234,23.3,mS/m,Unverified data,Raw - Not Yet Reviewed,O,269.5,30.848387096774193,25.003225806451614,27.26451612903226,111.03999999999999,4.370645161290323,86.12903225806451,523.84
2022-06-01,TanChau,10.804,105.234,22.2,mS/m,Unverified data,Raw - Not Yet Reviewed,O,243.9,31.553333333333335,24.896666666666665,27.540000000000003,127.7,4.006333333333333,85.2,614.83
2022-07-01,TanChau,10.804,105.234,17.5,mS/m,Unverified data,Raw - Not Yet Reviewed,O,353.9,30.712903225806453,24.780645161290323,27.07741935483871,113.16,4.563225806451613,85.2258064516129,527.7
2022-08-01,TanChau,10.804,105.234,10.2,mS/m,Unverified data,Raw - Not Yet Reviewed,O,264.2,31.18064516129032,24.551612903225806,27.15806451612903,119.06,4.8106451612903225,83.45161290322581,547.47
2022-09-01,TanChau,10.804,105.234,12.1,mS/m,Unverified data,Raw - Not Yet Reviewed,O,293.4,30.970000000000002,24.483333333333334,26.790000000000003,106.26,4.820333333333334,85.3,499.08
2022-10-01,TanChau,10.804,105.234,11.5,mS/m,Unverified data,Raw - Not Yet Reviewed,O,381.9,30.516129032258064,23.780645161290323,26.425806451612903,107.35,3.532258064516129,84.2258064516129,502.37
2022-11-01,TanChau,10.804,105.234,13.6,mS/m,Unverified data,Raw - Not Yet Reviewed,O,210.3,30.71333333333333,23.723333333333336,26.506666666666668,102.43,3.6503333333333337,84.73333333333333,484.32
2022-12-01,TanChau,10.804,105.234,13.64,mS/m,Unverified data,Raw - Not Yet Reviewed,O,36.4,30.44516129032258,22.26774193548387,25.919354838709676,135.35,4.288387096774193,71.41935483870968,581.83
2023-01-01,TanChau,10.804,105.234,17.94,mS/m,Unverified data,Raw - Not Yet Reviewed,O,127.7,29.116129032258065,22.22258064516129,25.287096774193547,117.56,4.122258064516129,74.48387096774194,497.3
2023-02-01,TanChau,10.804,105.234,23.3,mS/m,Unverified data,Raw - Not Yet Reviewed,O,17.0,31.960714285714285,22.739285714285717,27.089285714285715,131.36,3.815,70.21428571428571,563.68
2023-03-01,TanChau,10.804,105.234,26.8,mS/m,Unverified data,Raw - Not Yet Reviewed,O,2.1,33.903225806451616,23.125806451612902,28.27741935483871,170.14,3.924193548387097,64.29032258064517,708.56
2023-04-01,TanChau,10.804,105.234,30.3,mS/m,Unverified data,Raw - Not Yet Reviewed,O,86.8,34.79333333333333,25.35666666666667,29.52,154.42,4.05,71.8,644.34
2023-05-01,TanChau,10.804,105.234,30.4,mS/m,Unverified data,Raw - Not Yet Reviewed,O,184.3,33.07419354838709,26.093548387096774,29.016129032258064,140.12,4.28483870967742,78.6774193548387,609.73
2023-06-01,TanChau,10.804,105.234,25.2,mS/m,Unverified data,Raw - Not Yet Reviewed,O,256.1,31.40666666666667,25.626666666666665,27.85666666666667,117.6,4.395,84.0,543.33
2023-07-01,TanChau,10.804,105.234,23.6,mS/m,Unverified data,Raw - Not Yet Reviewed,O,328.7,30.912903225806453,25.09032258064516,27.309677419354838,113.99000000000001,4.930967741935484,84.70967741935483,516.53
2023-08-01,TanChau,10.804,105.234,14.2,mS/m,Unverified data,Raw - Not Yet Reviewed,O,254.8,31.838709677419356,25.616129032258065,28.096774193548388,131.06,4.961290322580646,80.96774193548387,576.39
2023-09-01,TanChau,10.804,105.234,11.7,mS/m,Unverified data,Raw - Not Yet Reviewed,O,435.1,30.743333333333332,24.91,26.990000000000002,98.75,4.602333333333333,86.23333333333333,454.21
2023-10-01,TanChau,10.804,105.234,13.0,mS/m,Unverified data,Raw - Not Yet Reviewed,O,412.2,31.538709677419355,24.287096774193547,26.996774193548386,111.33,3.500322580645161,86.83870967741936,533.01
2023-11-01,TanChau,10.804,105.234,13.6,mS/m,Unverified data,Raw - Not Yet Reviewed,O,168.1,31.226666666666667,23.89333333333333,26.816666666666666,116.59,3.8033333333333332,81.26666666666667,529.46
2023-12-01,TanChau,10.804,105.234,13.5,mS/m,Unverified data,Raw - Not Yet Reviewed,O,46.1,31.503225806451614,23.76451612903226,27.280645161290323,128.1,3.902258064516129,75.19354838709677,538.0
2024-01-01,TanChau,10.804,105.234,,,,,,4.3,31.654838709677417,23.083870967741937,27.17096774193548,132.07,3.0780645161290323,73.25806451612904,597.13
2024-02-01,TanChau,10.804,105.234,,,,,,3.1,33.19655172413793,23.45862068965517,28.193103448275863,144.2,3.9520689655172414,68.3103448275862,595.03
2024-03-01,TanChau,10.804,105.234,,,,,,4.0,35.25483870967742,24.729032258064517,29.741935483870968,175.86,4.31741935483871,64.16129032258064,681.03
2024-04-01,TanChau,10.804,105.234,,,,,,5.2,37.11333333333334,26.586666666666666,31.576666666666664,185.52,4.166,61.46666666666667,708.4
2024-05-01,TanChau,10.804,105.234,,,,,,209.8,33.73870967741936,26.56451612903226,29.338709677419356,135.68,4.20483870967742,80.48387096774194,601.19
2024-06-01,TanChau,10.804,105.234,,,,,,291.7,31.459999999999997,25.779999999999998,28.02333333333333,116.04,3.9316666666666666,83.9,532.13
2024-07-01,TanChau,10.804,105.234,,,,,,352.5,30.641935483870967,25.08709677419355,27.148387096774194,105.53999999999999,4.968387096774194,85.83870967741936,485.12
2024-08-01,TanChau,10.804,105.234,,,,,,243.0,31.996774193548386,25.238709677419354,27.870967741935484,128.91,4.361612903225807,83.0,594.94
2024-09-01,TanChau,10.804,105.234,,,,,,355.5,31.19,25.073333333333334,27.3,105.85,4.761333333333334,85.13333333333334,480.28000000000003
2024-10-01,TanChau,10.804,105.234,,,,,,462.0,31.083870967741937,24.406451612903226,26.84193548387097,106.91,3.5880645161290325,86.48387096774194,505.75
2024-11-01,TanChau,10.804,105.234,,,,,,126.6,31.626666666666665,24.06,27.276666666666664,123.71,3.530666666666667,80.23333333333333,562.18
2024-12-01,TanChau,10.804,105.234,,,,,,94.6,29.729032258064517,23.206451612903226,25.996774193548386,111.22,4.438064516129033,78.06451612903226,486.24
2025-01-01,TanChau,10.804,105.234,,,,,,7.3999999999999995,29.032258064516128,21.23225806451613,24.825806451612905,129.25,3.749032258064516,75.48387096774194,613.23
2025-02-01,TanChau,10.804,105.234,,,,,,70.5,30.678571428571427,22.553571428571427,26.103571428571428,120.38,3.715,80.0,575.44
2025-03-01,TanChau,10.804,105.234,,,,,,10.8,32.89354838709678,24.01290322580645,28.135483870967743,155.76,3.9193548387096775,72.74193548387096,680.84
2025-04-01,TanChau,10.804,105.234,,,,,,117.5,33.38333333333333,24.85,28.563333333333333,150.81,3.683,76.53333333333333,671.96
2025-05-01,TanChau,10.804,105.234,,,,,,368.5,31.787096774193547,25.283870967741933,27.706451612903226,128.94,3.604516129032258,86.41935483870968,614.52
2025-06-01,TanChau,10.804,105.234,,,,,,306.8,30.240000000000002,25.25,27.136666666666667,101.64,4.448666666666667,88.1,490.2
2025-07-01,TanChau,10.804,105.234,,,,,,200.7,31.019354838709678,25.567741935483873,27.719354838709677,125.53,5.507096774193548,83.25806451612904,565.33
2025-08-01,TanChau,10.804,105.234,,,,,,263.5,31.906451612903226,25.016129032258064,27.693548387096776,128.28,5.045483870967741,81.87096774193549,578.63
2025-09-01,TanChau,10.804,105.234,,,,,,385.0,30.81,24.736666666666668,26.959999999999997,102.61,4.363666666666666,86.13333333333334,480.11
2025-10-01,TanChau,10.804,105.234,,,,,,376.8,31.106451612903225,24.403225806451612,26.91290322580645,113.65,3.818064516129032,86.3225806451613,544.98
2025-11-01,TanChau,10.804,105.234,,,,,,216.8,29.83,23.509999999999998,26.09,109.42,4.683333333333334,80.83333333333333,484.44
2025-12-01,TanChau,10.804,105.234,,,,,,74.89999999999999,30.62258064516129,23.041935483870965,26.416129032258063,124.05,3.7683870967741933,76.3225806451613,568.31
2026-01-01,TanChau,10.804,105.234,,,,,,1.2,29.793548387096774,21.06451612903226,25.05806451612903,131.1,3.431935483870968,73.16129032258064,618.08
2026-02-01,TanChau,10.804,105.234,,,,,,56.5,30.99285714285714,22.842857142857145,26.585714285714285,122.98,3.3225000000000002,76.89285714285714,566.3
2026-03-01,TanChau,10.804,105.234,,,,,,32.1,32.52258064516129,23.36774193548387,27.54516129032258,157.24,3.843225806451613,73.64516129032258,690.52
2026-04-01,TanChau,10.804,105.234,,,,,,11.6,34.88333333333333,24.970000000000002,29.746666666666666,178.24,3.6383333333333336,65.56666666666666,730.66
2026-05-01,TanChau,10.804,105.234,,,,,,124.1,33.696774193548386,26.212903225806453,29.27741935483871,144.93,4.071290322580645,76.7741935483871,628.43
2026-06-01,TanChau,10.804,105.234,,,,,,134.0,33.31666666666667,26.136666666666667,28.813333333333333,135.46,4.626,79.46666666666667,601.93
2026-07-01,TanChau,10.804,105.234,,,,,,233.5,31.212903225806453,25.39032258064516,27.719354838709677,126.56,4.788709677419354,82.6774193548387,570.99
2026-08-01,TanChau,10.804,105.234,,,,,,111.3,32.05161290322581,25.88064516129032,28.529032258064515,145.92,6.0445161290322575,76.96774193548387,598.31
