timestamp,station,station_code,source,snapshot_id,original_value,clean_value,unit_raw,quality_flag,qa_reason,source_approval,source_grade,obs_type
1985-06-26 00:00:00+07:00,MyTho,019805,MRC_WRUP_VN_019805,MRC_EXPORT_2026-08-31,12.2,12.2,mS/m,VERIFIED,PASS,Raw - Not Yet Reviewed,Unverified data,O
1985-07-16 00:00:00+07:00,MyTho,019805,MRC_WRUP_VN_019805,MRC_EXPORT_2026-08-31,12.2,12.2,mS/m,VERIFIED,PASS,Raw - Not Yet Reviewed,Unverified data,O
1985-08-15 00:00:00+07:00,MyTho,019805,MRC_WRUP_VN_019805,MRC_EXPORT_2026-08-31,16.1,16.1,mS/m,VERIFIED,PASS,Raw - Not Yet Reviewed,Unverified data,O
1985-09-19 00:00:00+07:00,MyTho,019805,MRC_WRUP_VN_019805,MRC_EXPORT_2026-08-31,12.1,12.1,mS/m,VERIFIED,PASS,Raw - Not Yet Reviewed,Unverified data,O
1985-10-15 00:00:00+07:00,MyTho,019805,MRC_WRUP_VN_019805,MRC_EXPORT_2026-08-31,15.3,15.3,mS/m,VERIFIED,PASS,Raw - Not Yet Reviewed,Unverified data,O
1985-11-15 00:00:00+07:00,MyTho,019805,MRC_WRUP_VN_019805,MRC_EXPORT_2026-08-31,13.4,13.4,mS/m,VERIFIED,PASS,Raw - Not Yet Reviewed,Unverified data,O
1985-12-17 00:00:00+07:00,MyTho,019805,MRC_WRUP_VN_019805,MRC_EXPORT_2026-08-31,13.9,13.9,mS/m,VERIFIED,PASS,Raw - Not Yet Reviewed,Unverified data,O
1986-01-15 00:00:00+07:00,MyTho,019805,MRC_WRUP_VN_019805,MRC_EXPORT_2026-08-31,8.2,8.2,mS/m,VERIFIED,PASS,Raw - Not Yet Reviewed,Unverified data,O
1986-02-15 00:00:00+07:00,MyTho,019805,MRC_WRUP_VN_019805,MRC_EXPORT_2026-08-31,8.9,8.9,mS/m,VERIFIED,PASS,Raw - Not Yet Reviewed,Unverified data,O
1986-03-14 00:00:00+07:00,MyTho,019805,MRC_WRUP_VN_019805,MRC_EXPORT_2026-08-31,17.0,17.0,mS/m,VERIFIED,PASS,Raw - Not Yet Reviewed,Unverified data,O
1986-04-14 00:00:00+07:00,MyTho,019805,MRC_WRUP_VN_019805,MRC_EXPORT_2026-08-31,24.1,24.1,mS/m,VERIFIED,PASS,Raw - Not Yet Reviewed,Unverified data,O
1986-05-15 00:00:00+07:00,MyTho,019805,MRC_WRUP_VN_019805,MRC_EXPORT_2026-08-31,24.6,24.6,mS/m,VERIFIED,PASS,Raw - Not Yet Reviewed,Unverified data,O
1986-06-15 00:00:00+07:00,MyTho,019805,MRC_WRUP_VN_019805,MRC_EXPORT_2026-08-31,16.6,16.6,mS/m,VERIFIED,PASS,Raw - Not Yet Reviewed,Unverified data,O
1986-07-15 00:00:00+07:00,MyTho,019805,MRC_WRUP_VN_019805,MRC_EXPORT_2026-08-31,11.4,11.4,mS/m,VERIFIED,PASS,Raw - Not Yet Reviewed,Unverified data,O
1986-08-14 00:00:00+07:00,MyTho,019805,MRC_WRUP_VN_019805,MRC_EXPORT_2026-08-31,14.7,14.7,mS/m,VERIFIED,PASS,Raw - Not Yet Reviewed,Unverified data,O
1986-09-14 00:00:00+07:00,MyTho,019805,MRC_WRUP_VN_019805,MRC_EXPORT_2026-08-31,10.5,10.5,mS/m,VERIFIED,PASS,Raw - Not Yet Reviewed,Unverified data,O
1986-10-14 00:00:00+07:00,MyTho,019805,MRC_WRUP_VN_019805,MRC_EXPORT_2026-08-31,13.0,13.0,mS/m,VERIFIED,PASS,Raw - Not Yet Reviewed,Unverified data,O
1986-11-14 00:00:00+07:00,MyTho,019805,MRC_WRUP_VN_019805,MRC_EXPORT_2026-08-31,14.0,14.0,mS/m,VERIFIED,PASS,Raw - Not Yet Reviewed,Unverified data,O
1986-12-14 00:00:00+07:00,MyTho,019805,MRC_WRUP_VN_019805,MRC_EXPORT_2026-08-31,15.1,15.1,mS/m,VERIFIED,PASS,Raw - Not Yet Reviewed,Unverified data,O
1987-01-15 00:00:00+07:00,MyTho,019805,MRC_WRUP_VN_019805,MRC_EXPORT_2026-08-31,13.6,13.6,mS/m,VERIFIED,PASS,Raw - Not Yet Reviewed,Unverified data,O
1987-02-15 00:00:00+07:00,MyTho,019805,MRC_WRUP_VN_019805,MRC_EXPORT_2026-08-31,20.2,20.2,mS/m,VERIFIED,PASS,Raw - Not Yet Reviewed,Unverified data,O
1987-03-15 00:00:00+07:00,MyTho,019805,MRC_WRUP_VN_019805,MRC_EXPORT_2026-08-31,19.1,19.1,mS/m,VERIFIED,PASS,Raw - Not Yet Reviewed,Unverified data,O
1987-04-15 00:00:00+07:00,MyTho,019805,MRC_WRUP_VN_019805,MRC_EXPORT_2026-08-31,353.0,353.0,mS/m,SUSPECT,"IQR_OUTLIER[0.000,67.150]; ABRUPT_JUMP_GT_19.950_MS_PER_M",Raw - Not Yet Reviewed,Unverified data,O
1987-05-15 00:00:00+07:00,MyTho,019805,MRC_WRUP_VN_019805,MRC_EXPORT_2026-08-31,480.0,480.0,mS/m,SUSPECT,"IQR_OUTLIER[0.000,67.150]; ABRUPT_JUMP_GT_19.950_MS_PER_M",Raw - Not Yet Reviewed,Unverified data,O
1987-06-15 00:00:00+07:00,MyTho,019805,MRC_WRUP_VN_019805,MRC_EXPORT_2026-08-31,79.7,79.7,mS/m,SUSPECT,"IQR_OUTLIER[0.000,67.150]; ABRUPT_JUMP_GT_19.950_MS_PER_M",Raw - Not Yet Reviewed,Unverified data,O
1987-07-15 00:00:00+07:00,MyTho,019805,MRC_WRUP_VN_019805,MRC_EXPORT_2026-08-31,15.8,15.8,mS/m,SUSPECT,ABRUPT_JUMP_GT_19.950_MS_PER_M,Raw - Not Yet Reviewed,Unverified data,O
1987-08-14 00:00:00+07:00,MyTho,019805,MRC_WRUP_VN_019805,MRC_EXPORT_2026-08-31,15.9,15.9,mS/m,VERIFIED,PASS,Raw - Not Yet Reviewed,Unverified data,O
1987-09-15 00:00:00+07:00,MyTho,019805,MRC_WRUP_VN_019805,MRC_EXPORT_2026-08-31,13.3,13.3,mS/m,VERIFIED,PASS,Raw - Not Yet Reviewed,Unverified data,O
1987-10-15 00:00:00+07:00,MyTho,019805,MRC_WRUP_VN_019805,MRC_EXPORT_2026-08-31,15.1,15.1,mS/m,VERIFIED,PASS,Raw - Not Yet Reviewed,Unverified data,O
1987-11-15 00:00:00+07:00,MyTho,019805,MRC_WRUP_VN_019805,MRC_EXPORT_2026-08-31,55.8,55.8,mS/m,SUSPECT,ABRUPT_JUMP_GT_19.950_MS_PER_M,Raw - Not Yet Reviewed,Unverified data,O
1987-12-15 00:00:00+07:00,MyTho,019805,MRC_WRUP_VN_019805,MRC_EXPORT_2026-08-31,18.0,18.0,mS/m,SUSPECT,ABRUPT_JUMP_GT_19.950_MS_PER_M,Raw - Not Yet Reviewed,Unverified data,O
1988-01-15 00:00:00+07:00,MyTho,019805,MRC_WRUP_VN_019805,MRC_EXPORT_2026-08-31,16.5,16.5,mS/m,VERIFIED,PASS,Raw - Not Yet Reviewed,Unverified data,O
1988-02-15 00:00:00+07:00,MyTho,019805,MRC_WRUP_VN_019805,MRC_EXPORT_2026-08-31,17.0,17.0,mS/m,VERIFIED,PASS,Raw - Not Yet Reviewed,Unverified data,O
1988-03-15 00:00:00+07:00,MyTho,019805,MRC_WRUP_VN_019805,MRC_EXPORT_2026-08-31,19.1,19.1,mS/m,VERIFIED,PASS,Raw - Not Yet Reviewed,Unverified data,O
1988-04-15 00:00:00+07:00,MyTho,019805,MRC_WRUP_VN_019805,MRC_EXPORT_2026-08-31,797.0,797.0,mS/m,SUSPECT,"IQR_OUTLIER[0.000,67.150]; ABRUPT_JUMP_GT_19.950_MS_PER_M",Raw - Not Yet Reviewed,Unverified data,O
1988-05-15 00:00:00+07:00,MyTho,019805,MRC_WRUP_VN_019805,MRC_EXPORT_2026-08-31,45.3,45.3,mS/m,SUSPECT,ABRUPT_JUMP_GT_19.950_MS_PER_M,Raw - Not Yet Reviewed,Unverified data,O
1988-06-15 00:00:00+07:00,MyTho,019805,MRC_WRUP_VN_019805,MRC_EXPORT_2026-08-31,34.9,34.9,mS/m,VERIFIED,PASS,Raw - Not Yet Reviewed,Unverified data,O
1988-07-15 00:00:00+07:00,MyTho,019805,MRC_WRUP_VN_019805,MRC_EXPORT_2026-08-31,19.3,19.3,mS/m,VERIFIED,PASS,Raw - Not Yet Reviewed,Unverified data,O
1988-08-15 00:00:00+07:00,MyTho,019805,MRC_WRUP_VN_019805,MRC_EXPORT_2026-08-31,12.2,12.2,mS/m,VERIFIED,PASS,Raw - Not Yet Reviewed,Unverified data,O
1988-09-15 00:00:00+07:00,MyTho,019805,MRC_WRUP_VN_019805,MRC_EXPORT_2026-08-31,15.4,15.4,mS/m,VERIFIED,PASS,Raw - Not Yet Reviewed,Unverified data,O
1988-10-15 00:00:00+07:00,MyTho,019805,MRC_WRUP_VN_019805,MRC_EXPORT_2026-08-31,13.2,13.2,mS/m,VERIFIED,PASS,Raw - Not Yet Reviewed,Unverified data,O
1988-11-15 00:00:00+07:00,MyTho,019805,MRC_WRUP_VN_019805,MRC_EXPORT_2026-08-31,12.6,12.6,mS/m,VERIFIED,PASS,Raw - Not Yet Reviewed,Unverified data,O
1988-12-15 00:00:00+07:00,MyTho,019805,MRC_WRUP_VN_019805,MRC_EXPORT_2026-08-31,13.8,13.8,mS/m,VERIFIED,PASS,Raw - Not Yet Reviewed,Unverified data,O
1989-01-14 00:00:00+07:00,MyTho,019805,MRC_WRUP_VN_019805,MRC_EXPORT_2026-08-31,14.5,14.5,mS/m,VERIFIED,PASS,Raw - Not Yet Reviewed,Unverified data,O
1989-02-15 00:00:00+07:00,MyTho,019805,MRC_WRUP_VN_019805,MRC_EXPORT_2026-08-31,15.2,15.2,mS/m,VERIFIED,PASS,Raw - Not Yet Reviewed,Unverified data,O
1989-03-15 00:00:00+07:00,MyTho,019805,MRC_WRUP_VN_019805,MRC_EXPORT_2026-08-31,48.7,48.7,mS/m,SUSPECT,ABRUPT_JUMP_GT_19.950_MS_PER_M,Raw - Not Yet Reviewed,Unverified data,O
1989-04-14 00:00:00+07:00,MyTho,019805,MRC_WRUP_VN_019805,MRC_EXPORT_2026-08-31,38.0,38.0,mS/m,VERIFIED,PASS,Raw - Not Yet Reviewed,Unverified data,O
1989-05-15 00:00:00+07:00,MyTho,019805,MRC_WRUP_VN_019805,MRC_EXPORT_2026-08-31,32.7,32.7,mS/m,VERIFIED,PASS,Raw - Not Yet Reviewed,Unverified data,O
1989-06-15 00:00:00+07:00,MyTho,019805,MRC_WRUP_VN_019805,MRC_EXPORT_2026-08-31,19.0,19.0,mS/m,VERIFIED,PASS,Raw - Not Yet Reviewed,Unverified data,O
1989-07-14 00:00:00+07:00,MyTho,019805,MRC_WRUP_VN_019805,MRC_EXPORT_2026-08-31,26.9,26.9,mS/m,VERIFIED,PASS,Raw - Not Yet Reviewed,Unverified data,O
1989-08-15 00:00:00+07:00,MyTho,019805,MRC_WRUP_VN_019805,MRC_EXPORT_2026-08-31,12.1,12.1,mS/m,VERIFIED,PASS,Raw - Not Yet Reviewed,Unverified data,O
1989-09-15 00:00:00+07:00,MyTho,019805,MRC_WRUP_VN_019805,MRC_EXPORT_2026-08-31,16.7,16.7,mS/m,VERIFIED,PASS,Raw - Not Yet Reviewed,Unverified data,O
1989-10-14 00:00:00+07:00,MyTho,019805,MRC_WRUP_VN_019805,MRC_EXPORT_2026-08-31,14.7,14.7,mS/m,VERIFIED,PASS,Raw - Not Yet Reviewed,Unverified data,O
1989-11-15 00:00:00+07:00,MyTho,019805,MRC_WRUP_VN_019805,MRC_EXPORT_2026-08-31,15.5,15.5,mS/m,VERIFIED,PASS,Raw - Not Yet Reviewed,Unverified data,O
1989-12-15 00:00:00+07:00,MyTho,019805,MRC_WRUP_VN_019805,MRC_EXPORT_2026-08-31,15.1,15.1,mS/m,VERIFIED,PASS,Raw - Not Yet Reviewed,Unverified data,O
1990-01-14 00:00:00+07:00,MyTho,019805,MRC_WRUP_VN_019805,MRC_EXPORT_2026-08-31,15.5,15.5,mS/m,VERIFIED,PASS,Raw - Not Yet Reviewed,Unverified data,O
1990-02-14 00:00:00+07:00,MyTho,019805,MRC_WRUP_VN_019805,MRC_EXPORT_2026-08-31,16.6,16.6,mS/m,VERIFIED,PASS,Raw - Not Yet Reviewed,Unverified data,O
1990-03-15 00:00:00+07:00,MyTho,019805,MRC_WRUP_VN_019805,MRC_EXPORT_2026-08-31,152.2,152.2,mS/m,SUSPECT,"IQR_OUTLIER[0.000,67.150]; ABRUPT_JUMP_GT_19.950_MS_PER_M",Raw - Not Yet Reviewed,Unverified data,O
1990-04-14 00:00:00+07:00,MyTho,019805,MRC_WRUP_VN_019805,MRC_EXPORT_2026-08-31,47.5,47.5,mS/m,SUSPECT,ABRUPT_JUMP_GT_19.950_MS_PER_M,Raw - Not Yet Reviewed,Unverified data,O
1990-05-14 00:00:00+07:00,MyTho,019805,MRC_WRUP_VN_019805,MRC_EXPORT_2026-08-31,221.0,221.0,mS/m,SUSPECT,"IQR_OUTLIER[0.000,67.150]; ABRUPT_JUMP_GT_19.950_MS_PER_M",Raw - Not Yet Reviewed,Unverified data,O
1990-06-14 00:00:00+07:00,MyTho,019805,MRC_WRUP_VN_019805,MRC_EXPORT_2026-08-31,22.6,22.6,mS/m,SUSPECT,ABRUPT_JUMP_GT_19.950_MS_PER_M,Raw - Not Yet Reviewed,Unverified data,O
1990-07-14 00:00:00+07:00,MyTho,019805,MRC_WRUP_VN_019805,MRC_EXPORT_2026-08-31,13.8,13.8,mS/m,VERIFIED,PASS,Raw - Not Yet Reviewed,Unverified data,O
1990-08-14 00:00:00+07:00,MyTho,019805,MRC_WRUP_VN_019805,MRC_EXPORT_2026-08-31,15.5,15.5,mS/m,VERIFIED,PASS,Raw - Not Yet Reviewed,Unverified data,O
1990-09-14 00:00:00+07:00,MyTho,019805,MRC_WRUP_VN_019805,MRC_EXPORT_2026-08-31,12.7,12.7,mS/m,VERIFIED,PASS,Raw - Not Yet Reviewed,Unverified data,O
1990-10-14 00:00:00+07:00,MyTho,019805,MRC_WRUP_VN_019805,MRC_EXPORT_2026-08-31,16.9,16.9,mS/m,VERIFIED,PASS,Raw - Not Yet Reviewed,Unverified data,O
1990-11-14 00:00:00+07:00,MyTho,019805,MRC_WRUP_VN_019805,MRC_EXPORT_2026-08-31,15.7,15.7,mS/m,VERIFIED,PASS,Raw - Not Yet Reviewed,Unverified data,O
1990-12-15 00:00:00+07:00,MyTho,019805,MRC_WRUP_VN_019805,MRC_EXPORT_2026-08-31,17.9,17.9,mS/m,VERIFIED,PASS,Raw - Not Yet Reviewed,Unverified data,O
1991-01-15 00:00:00+07:00,MyTho,019805,MRC_WRUP_VN_019805,MRC_EXPORT_2026-08-31,15.7,15.7,mS/m,VERIFIED,PASS,Raw - Not Yet Reviewed,Unverified data,O
1991-02-09 00:00:00+07:00,MyTho,019805,MRC_WRUP_VN_019805,MRC_EXPORT_2026-08-31,25.7,25.7,mS/m,VERIFIED,PASS,Raw - Not Yet Reviewed,Unverified data,O
1991-03-15 00:00:00+07:00,MyTho,019805,MRC_WRUP_VN_019805,MRC_EXPORT_2026-08-31,50.8,50.8,mS/m,SUSPECT,ABRUPT_JUMP_GT_19.950_MS_PER_M,Raw - Not Yet Reviewed,Unverified data,O
1991-04-15 00:00:00+07:00,MyTho,019805,MRC_WRUP_VN_019805,MRC_EXPORT_2026-08-31,211.0,211.0,mS/m,SUSPECT,"IQR_OUTLIER[0.000,67.150]; ABRUPT_JUMP_GT_19.950_MS_PER_M",Raw - Not Yet Reviewed,Unverified data,O
1991-05-15 00:00:00+07:00,MyTho,019805,MRC_WRUP_VN_019805,MRC_EXPORT_2026-08-31,96.6,96.6,mS/m,SUSPECT,"IQR_OUTLIER[0.000,67.150]; ABRUPT_JUMP_GT_19.950_MS_PER_M",Raw - Not Yet Reviewed,Unverified data,O
1991-06-15 00:00:00+07:00,MyTho,019805,MRC_WRUP_VN_019805,MRC_EXPORT_2026-08-31,41.1,41.1,mS/m,SUSPECT,ABRUPT_JUMP_GT_19.950_MS_PER_M,Raw - Not Yet Reviewed,Unverified data,O
1991-07-15 00:00:00+07:00,MyTho,019805,MRC_WRUP_VN_019805,MRC_EXPORT_2026-08-31,24.9,24.9,mS/m,VERIFIED,PASS,Raw - Not Yet Reviewed,Unverified data,O
1991-08-15 00:00:00+07:00,MyTho,019805,MRC_WRUP_VN_019805,MRC_EXPORT_2026-08-31,13.2,13.2,mS/m,VERIFIED,PASS,Raw - Not Yet Reviewed,Unverified data,O
1991-09-15 00:00:00+07:00,MyTho,019805,MRC_WRUP_VN_019805,MRC_EXPORT_2026-08-31,31.3,31.3,mS/m,VERIFIED,PASS,Raw - Not Yet Reviewed,Unverified data,O
1991-10-15 00:00:00+07:00,MyTho,019805,MRC_WRUP_VN_019805,MRC_EXPORT_2026-08-31,19.2,19.2,mS/m,VERIFIED,PASS,Raw - Not Yet Reviewed,Unverified data,O
1991-11-15 00:00:00+07:00,MyTho,019805,MRC_WRUP_VN_019805,MRC_EXPORT_2026-08-31,16.8,16.8,mS/m,VERIFIED,PASS,Raw - Not Yet Reviewed,Unverified data,O
1991-12-15 00:00:00+07:00,MyTho,019805,MRC_WRUP_VN_019805,MRC_EXPORT_2026-08-31,15.2,15.2,mS/m,VERIFIED,PASS,Raw - Not Yet Reviewed,Unverified data,O
1992-01-15 00:00:00+07:00,MyTho,019805,MRC_WRUP_VN_019805,MRC_EXPORT_2026-08-31,17.5,17.5,mS/m,VERIFIED,PASS,Raw - Not Yet Reviewed,Unverified data,O
1992-02-15 00:00:00+07:00,MyTho,019805,MRC_WRUP_VN_019805,MRC_EXPORT_2026-08-31,42.6,42.6,mS/m,SUSPECT,ABRUPT_JUMP_GT_19.950_MS_PER_M,Raw - Not Yet Reviewed,Unverified data,O
1992-03-15 00:00:00+07:00,MyTho,019805,MRC_WRUP_VN_019805,MRC_EXPORT_2026-08-31,24.1,24.1,mS/m,VERIFIED,PASS,Raw - Not Yet Reviewed,Unverified data,O
1992-04-15 00:00:00+07:00,MyTho,019805,MRC_WRUP_VN_019805,MRC_EXPORT_2026-08-31,42.4,42.4,mS/m,VERIFIED,PASS,Raw - Not Yet Reviewed,Unverified data,O
1992-05-15 00:00:00+07:00,MyTho,019805,MRC_WRUP_VN_019805,MRC_EXPORT_2026-08-31,259.0,259.0,mS/m,SUSPECT,"IQR_OUTLIER[0.000,67.150]; ABRUPT_JUMP_GT_19.950_MS_PER_M",Raw - Not Yet Reviewed,Unverified data,O
1992-06-14 00:00:00+07:00,MyTho,019805,MRC_WRUP_VN_019805,MRC_EXPORT_2026-08-31,70.5,70.5,mS/m,SUSPECT,"IQR_OUTLIER[0.000,67.150]; ABRUPT_JUMP_GT_19.950_MS_PER_M",Raw - Not Yet Reviewed,Unverified data,O
1992-07-14 00:00:00+07:00,MyTho,019805,MRC_WRUP_VN_019805,MRC_EXPORT_2026-08-31,25.8,25.8,mS/m,SUSPECT,ABRUPT_JUMP_GT_19.950_MS_PER_M,Raw - Not Yet Reviewed,Unverified data,O
1992-08-15 00:00:00+07:00,MyTho,019805,MRC_WRUP_VN_019805,MRC_EXPORT_2026-08-31,23.1,23.1,mS/m,VERIFIED,PASS,Raw - Not Yet Reviewed,Unverified data,O
1992-09-15 00:00:00+07:00,MyTho,019805,MRC_WRUP_VN_019805,MRC_EXPORT_2026-08-31,11.0,11.0,mS/m,VERIFIED,PASS,Raw - Not Yet Reviewed,Unverified data,O
1992-10-15 00:00:00+07:00,MyTho,019805,MRC_WRUP_VN_019805,MRC_EXPORT_2026-08-31,12.7,12.7,mS/m,VERIFIED,PASS,Raw - Not Yet Reviewed,Unverified data,O
1992-11-14 00:00:00+07:00,MyTho,019805,MRC_WRUP_VN_019805,MRC_EXPORT_2026-08-31,13.2,13.2,mS/m,VERIFIED,PASS,Raw - Not Yet Reviewed,Unverified data,O
1992-12-14 00:00:00+07:00,MyTho,019805,MRC_WRUP_VN_019805,MRC_EXPORT_2026-08-31,14.8,14.8,mS/m,VERIFIED,PASS,Raw - Not Yet Reviewed,Unverified data,O
1993-01-15 00:00:00+07:00,MyTho,019805,MRC_WRUP_VN_019805,MRC_EXPORT_2026-08-31,15.5,15.5,mS/m,VERIFIED,PASS,Raw - Not Yet Reviewed,Unverified data,O
1993-02-15 00:00:00+07:00,MyTho,019805,MRC_WRUP_VN_019805,MRC_EXPORT_2026-08-31,18.1,18.1,mS/m,VERIFIED,PASS,Raw - Not Yet Reviewed,Unverified data,O
1993-03-15 00:00:00+07:00,MyTho,019805,MRC_WRUP_VN_019805,MRC_EXPORT_2026-08-31,165.0,165.0,mS/m,SUSPECT,"IQR_OUTLIER[0.000,67.150]; ABRUPT_JUMP_GT_19.950_MS_PER_M",Raw - Not Yet Reviewed,Unverified data,O
1993-04-15 00:00:00+07:00,MyTho,019805,MRC_WRUP_VN_019805,MRC_EXPORT_2026-08-31,535.0,535.0,mS/m,SUSPECT,"IQR_OUTLIER[0.000,67.150]; ABRUPT_JUMP_GT_19.950_MS_PER_M",Raw - Not Yet Reviewed,Unverified data,O
1993-05-15 00:00:00+07:00,MyTho,019805,MRC_WRUP_VN_019805,MRC_EXPORT_2026-08-31,58.8,58.8,mS/m,SUSPECT,ABRUPT_JUMP_GT_19.950_MS_PER_M,Raw - Not Yet Reviewed,Unverified data,O
1993-06-15 00:00:00+07:00,MyTho,019805,MRC_WRUP_VN_019805,MRC_EXPORT_2026-08-31,27.7,27.7,mS/m,SUSPECT,ABRUPT_JUMP_GT_19.950_MS_PER_M,Raw - Not Yet Reviewed,Unverified data,O
1993-07-15 00:00:00+07:00,MyTho,019805,MRC_WRUP_VN_019805,MRC_EXPORT_2026-08-31,22.5,22.5,mS/m,VERIFIED,PASS,Raw - Not Yet Reviewed,Unverified data,O
1993-08-15 00:00:00+07:00,MyTho,019805,MRC_WRUP_VN_019805,MRC_EXPORT_2026-08-31,17.4,17.4,mS/m,VERIFIED,PASS,Raw - Not Yet Reviewed,Unverified data,O
1993-09-15 00:00:00+07:00,MyTho,019805,MRC_WRUP_VN_019805,MRC_EXPORT_2026-08-31,17.6,17.6,mS/m,VERIFIED,PASS,Raw - Not Yet Reviewed,Unverified data,O
1993-10-15 00:00:00+07:00,MyTho,019805,MRC_WRUP_VN_019805,MRC_EXPORT_2026-08-31,18.2,18.2,mS/m,VERIFIED,PASS,Raw - Not Yet Reviewed,Unverified data,O
1993-11-15 00:00:00+07:00,MyTho,019805,MRC_WRUP_VN_019805,MRC_EXPORT_2026-08-31,14.8,14.8,mS/m,VERIFIED,PASS,Raw - Not Yet Reviewed,Unverified data,O
1993-12-15 00:00:00+07:00,MyTho,019805,MRC_WRUP_VN_019805,MRC_EXPORT_2026-08-31,16.2,16.2,mS/m,VERIFIED,PASS,Raw - Not Yet Reviewed,Unverified data,O
1994-01-15 00:00:00+07:00,MyTho,019805,MRC_WRUP_VN_019805,MRC_EXPORT_2026-08-31,18.4,18.4,mS/m,VERIFIED,PASS,Raw - Not Yet Reviewed,Unverified data,O
1994-02-15 00:00:00+07:00,MyTho,019805,MRC_WRUP_VN_019805,MRC_EXPORT_2026-08-31,80.5,80.5,mS/m,SUSPECT,"IQR_OUTLIER[0.000,67.150]; ABRUPT_JUMP_GT_19.950_MS_PER_M",Raw - Not Yet Reviewed,Unverified data,O
1994-03-15 00:00:00+07:00,MyTho,019805,MRC_WRUP_VN_019805,MRC_EXPORT_2026-08-31,451.0,451.0,mS/m,SUSPECT,"IQR_OUTLIER[0.000,67.150]; ABRUPT_JUMP_GT_19.950_MS_PER_M",Raw - Not Yet Reviewed,Unverified data,O
1994-04-15 00:00:00+07:00,MyTho,019805,MRC_WRUP_VN_019805,MRC_EXPORT_2026-08-31,699.0,699.0,mS/m,SUSPECT,"IQR_OUTLIER[0.000,67.150]; ABRUPT_JUMP_GT_19.950_MS_PER_M",Raw - Not Yet Reviewed,Unverified data,O
1994-05-15 00:00:00+07:00,MyTho,019805,MRC_WRUP_VN_019805,MRC_EXPORT_2026-08-31,73.8,73.8,mS/m,SUSPECT,"IQR_OUTLIER[0.000,67.150]; ABRUPT_JUMP_GT_19.950_MS_PER_M",Raw - Not Yet Reviewed,Unverified data,O
1994-06-15 00:00:00+07:00,MyTho,019805,MRC_WRUP_VN_019805,MRC_EXPORT_2026-08-31,32.0,32.0,mS/m,SUSPECT,ABRUPT_JUMP_GT_19.950_MS_PER_M,Raw - Not Yet Reviewed,Unverified data,O
1994-07-15 00:00:00+07:00,MyTho,019805,MRC_WRUP_VN_019805,MRC_EXPORT_2026-08-31,18.3,18.3,mS/m,VERIFIED,PASS,Raw - Not Yet Reviewed,Unverified data,O
1994-08-15 00:00:00+07:00,MyTho,019805,MRC_WRUP_VN_019805,MRC_EXPORT_2026-08-31,10.9,10.9,mS/m,VERIFIED,PASS,Raw - Not Yet Reviewed,Unverified data,O
1994-09-15 00:00:00+07:00,MyTho,019805,MRC_WRUP_VN_019805,MRC_EXPORT_2026-08-31,14.0,14.0,mS/m,VERIFIED,PASS,Raw - Not Yet Reviewed,Unverified data,O
1994-10-15 00:00:00+07:00,MyTho,019805,MRC_WRUP_VN_019805,MRC_EXPORT_2026-08-31,18.0,18.0,mS/m,VERIFIED,PASS,Raw - Not Yet Reviewed,Unverified data,O
1994-11-15 00:00:00+07:00,MyTho,019805,MRC_WRUP_VN_019805,MRC_EXPORT_2026-08-31,16.7,16.7,mS/m,VERIFIED,PASS,Raw - Not Yet Reviewed,Unverified data,O
1994-12-15 00:00:00+07:00,MyTho,019805,MRC_WRUP_VN_019805,MRC_EXPORT_2026-08-31,14.0,14.0,mS/m,VERIFIED,PASS,Raw - Not Yet Reviewed,Unverified data,O
1995-01-15 00:00:00+07:00,MyTho,019805,MRC_WRUP_VN_019805,MRC_EXPORT_2026-08-31,15.8,15.8,mS/m,VERIFIED,PASS,Raw - Not Yet Reviewed,Unverified data,O
1995-02-15 00:00:00+07:00,MyTho,019805,MRC_WRUP_VN_019805,MRC_EXPORT_2026-08-31,17.0,17.0,mS/m,VERIFIED,PASS,Raw - Not Yet Reviewed,Unverified data,O
1995-03-15 00:00:00+07:00,MyTho,019805,MRC_WRUP_VN_019805,MRC_EXPORT_2026-08-31,52.9,52.9,mS/m,SUSPECT,ABRUPT_JUMP_GT_19.950_MS_PER_M,Raw - Not Yet Reviewed,Unverified data,O
1995-04-15 00:00:00+07:00,MyTho,019805,MRC_WRUP_VN_019805,MRC_EXPORT_2026-08-31,93.9,93.9,mS/m,SUSPECT,"IQR_OUTLIER[0.000,67.150]; ABRUPT_JUMP_GT_19.950_MS_PER_M",Raw - Not Yet Reviewed,Unverified data,O
1995-05-15 00:00:00+07:00,MyTho,019805,MRC_WRUP_VN_019805,MRC_EXPORT_2026-08-31,603.0,603.0,mS/m,SUSPECT,"IQR_OUTLIER[0.000,67.150]; ABRUPT_JUMP_GT_19.950_MS_PER_M",Raw - Not Yet Reviewed,Unverified data,O
1995-06-15 00:00:00+07:00,MyTho,019805,MRC_WRUP_VN_019805,MRC_EXPORT_2026-08-31,52.0,52.0,mS/m,SUSPECT,ABRUPT_JUMP_GT_19.950_MS_PER_M,Raw - Not Yet Reviewed,Unverified data,O
1995-07-15 00:00:00+07:00,MyTho,019805,MRC_WRUP_VN_019805,MRC_EXPORT_2026-08-31,25.2,25.2,mS/m,SUSPECT,ABRUPT_JUMP_GT_19.950_MS_PER_M,Raw - Not Yet Reviewed,Unverified data,O
1995-08-15 00:00:00+07:00,MyTho,019805,MRC_WRUP_VN_019805,MRC_EXPORT_2026-08-31,14.3,14.3,mS/m,VERIFIED,PASS,Raw - Not Yet Reviewed,Unverified data,O
1995-09-15 00:00:00+07:00,MyTho,019805,MRC_WRUP_VN_019805,MRC_EXPORT_2026-08-31,14.2,14.2,mS/m,VERIFIED,PASS,Raw - Not Yet Reviewed,Unverified data,O
1995-10-15 00:00:00+07:00,MyTho,019805,MRC_WRUP_VN_019805,MRC_EXPORT_2026-08-31,13.4,13.4,mS/m,VERIFIED,PASS,Raw - Not Yet Reviewed,Unverified data,O
1995-11-15 00:00:00+07:00,MyTho,019805,MRC_WRUP_VN_019805,MRC_EXPORT_2026-08-31,12.8,12.8,mS/m,VERIFIED,PASS,Raw - Not Yet Reviewed,Unverified data,O
1995-12-15 00:00:00+07:00,MyTho,019805,MRC_WRUP_VN_019805,MRC_EXPORT_2026-08-31,15.7,15.7,mS/m,VERIFIED,PASS,Raw - Not Yet Reviewed,Unverified data,O
1996-01-15 00:00:00+07:00,MyTho,019805,MRC_WRUP_VN_019805,MRC_EXPORT_2026-08-31,15.5,15.5,mS/m,VERIFIED,PASS,Raw - Not Yet Reviewed,Unverified data,O
1996-02-15 00:00:00+07:00,MyTho,019805,MRC_WRUP_VN_019805,MRC_EXPORT_2026-08-31,17.5,17.5,mS/m,VERIFIED,PASS,Raw - Not Yet Reviewed,Unverified data,O
1996-03-15 00:00:00+07:00,MyTho,019805,MRC_WRUP_VN_019805,MRC_EXPORT_2026-08-31,20.6,20.6,mS/m,VERIFIED,PASS,Raw - Not Yet Reviewed,Unverified data,O
1996-04-15 00:00:00+07:00,MyTho,019805,MRC_WRUP_VN_019805,MRC_EXPORT_2026-08-31,210.0,210.0,mS/m,SUSPECT,"IQR_OUTLIER[0.000,67.150]; ABRUPT_JUMP_GT_19.950_MS_PER_M",Raw - Not Yet Reviewed,Unverified data,O
1996-05-15 00:00:00+07:00,MyTho,019805,MRC_WRUP_VN_019805,MRC_EXPORT_2026-08-31,35.4,35.4,mS/m,SUSPECT,ABRUPT_JUMP_GT_19.950_MS_PER_M,Raw - Not Yet Reviewed,Unverified data,O
1996-06-15 00:00:00+07:00,MyTho,019805,MRC_WRUP_VN_019805,MRC_EXPORT_2026-08-31,19.4,19.4,mS/m,VERIFIED,PASS,Raw - Not Yet Reviewed,Unverified data,O
1996-07-15 00:00:00+07:00,MyTho,019805,MRC_WRUP_VN_019805,MRC_EXPORT_2026-08-31,23.1,23.1,mS/m,VERIFIED,PASS,Raw - Not Yet Reviewed,Unverified data,O
1996-08-15 00:00:00+07:00,MyTho,019805,MRC_WRUP_VN_019805,MRC_EXPORT_2026-08-31,12.7,12.7,mS/m,VERIFIED,PASS,Raw - Not Yet Reviewed,Unverified data,O
1996-09-15 00:00:00+07:00,MyTho,019805,MRC_WRUP_VN_019805,MRC_EXPORT_2026-08-31,14.3,14.3,mS/m,VERIFIED,PASS,Raw - Not Yet Reviewed,Unverified data,O
1996-10-15 00:00:00+07:00,MyTho,019805,MRC_WRUP_VN_019805,MRC_EXPORT_2026-08-31,14.2,14.2,mS/m,VERIFIED,PASS,Raw - Not Yet Reviewed,Unverified data,O
1996-11-15 00:00:00+07:00,MyTho,019805,MRC_WRUP_VN_019805,MRC_EXPORT_2026-08-31,10.7,10.7,mS/m,VERIFIED,PASS,Raw - Not Yet Reviewed,Unverified data,O
1996-12-15 00:00:00+07:00,MyTho,019805,MRC_WRUP_VN_019805,MRC_EXPORT_2026-08-31,12.7,12.7,mS/m,VERIFIED,PASS,Raw - Not Yet Reviewed,Unverified data,O
1997-01-15 00:00:00+07:00,MyTho,019805,MRC_WRUP_VN_019805,MRC_EXPORT_2026-08-31,12.9,12.9,mS/m,VERIFIED,PASS,Raw - Not Yet Reviewed,Unverified data,O
1997-02-15 00:00:00+07:00,MyTho,019805,MRC_WRUP_VN_019805,MRC_EXPORT_2026-08-31,15.5,15.5,mS/m,VERIFIED,PASS,Raw - Not Yet Reviewed,Unverified data,O
1997-03-15 00:00:00+07:00,MyTho,019805,MRC_WRUP_VN_019805,MRC_EXPORT_2026-08-31,35.5,35.5,mS/m,SUSPECT,ABRUPT_JUMP_GT_19.950_MS_PER_M,Raw - Not Yet Reviewed,Unverified data,O
1997-04-15 00:00:00+07:00,MyTho,019805,MRC_WRUP_VN_019805,MRC_EXPORT_2026-08-31,27.0,27.0,mS/m,VERIFIED,PASS,Raw - Not Yet Reviewed,Unverified data,O
1997-05-15 00:00:00+07:00,MyTho,019805,MRC_WRUP_VN_019805,MRC_EXPORT_2026-08-31,22.7,22.7,mS/m,VERIFIED,PASS,Raw - Not Yet Reviewed,Unverified data,O
1997-06-15 00:00:00+07:00,MyTho,019805,MRC_WRUP_VN_019805,MRC_EXPORT_2026-08-31,28.6,28.6,mS/m,VERIFIED,PASS,Raw - Not Yet Reviewed,Unverified data,O
1997-07-15 00:00:00+07:00,MyTho,019805,MRC_WRUP_VN_019805,MRC_EXPORT_2026-08-31,22.4,22.4,mS/m,VERIFIED,PASS,Raw - Not Yet Reviewed,Unverified data,O
1997-08-15 00:00:00+07:00,MyTho,019805,MRC_WRUP_VN_019805,MRC_EXPORT_2026-08-31,13.5,13.5,mS/m,VERIFIED,PASS,Raw - Not Yet Reviewed,Unverified data,O
1997-09-15 00:00:00+07:00,MyTho,019805,MRC_WRUP_VN_019805,MRC_EXPORT_2026-08-31,13.5,13.5,mS/m,VERIFIED,PASS,Raw - Not Yet Reviewed,Unverified data,O
1997-10-15 00:00:00+07:00,MyTho,019805,MRC_WRUP_VN_019805,MRC_EXPORT_2026-08-31,12.7,12.7,mS/m,VERIFIED,PASS,Raw - Not Yet Reviewed,Unverified data,O
1997-11-15 00:00:00+07:00,MyTho,019805,MRC_WRUP_VN_019805,MRC_EXPORT_2026-08-31,13.0,13.0,mS/m,VERIFIED,PASS,Raw - Not Yet Reviewed,Unverified data,O
1997-12-15 00:00:00+07:00,MyTho,019805,MRC_WRUP_VN_019805,MRC_EXPORT_2026-08-31,14.3,14.3,mS/m,VERIFIED,PASS,Raw - Not Yet Reviewed,Unverified data,O
1998-01-15 00:00:00+07:00,MyTho,019805,MRC_WRUP_VN_019805,MRC_EXPORT_2026-08-31,17.4,17.4,mS/m,VERIFIED,PASS,Raw - Not Yet Reviewed,Unverified data,O
1998-02-15 00:00:00+07:00,MyTho,019805,MRC_WRUP_VN_019805,MRC_EXPORT_2026-08-31,4.2,4.2,mS/m,VERIFIED,PASS,Raw - Not Yet Reviewed,Unverified data,O
1998-03-15 00:00:00+07:00,MyTho,019805,MRC_WRUP_VN_019805,MRC_EXPORT_2026-08-31,131.9,131.9,mS/m,SUSPECT,"IQR_OUTLIER[0.000,67.150]; ABRUPT_JUMP_GT_19.950_MS_PER_M",Raw - Not Yet Reviewed,Unverified data,O
1998-04-15 00:00:00+07:00,MyTho,019805,MRC_WRUP_VN_019805,MRC_EXPORT_2026-08-31,841.0,841.0,mS/m,SUSPECT,"IQR_OUTLIER[0.000,67.150]; ABRUPT_JUMP_GT_19.950_MS_PER_M",Raw - Not Yet Reviewed,Unverified data,O
1998-05-15 00:00:00+07:00,MyTho,019805,MRC_WRUP_VN_019805,MRC_EXPORT_2026-08-31,118.8,118.8,mS/m,SUSPECT,"IQR_OUTLIER[0.000,67.150]; ABRUPT_JUMP_GT_19.950_MS_PER_M",Raw - Not Yet Reviewed,Unverified data,O
1998-06-15 00:00:00+07:00,MyTho,019805,MRC_WRUP_VN_019805,MRC_EXPORT_2026-08-31,90.3,90.3,mS/m,SUSPECT,"IQR_OUTLIER[0.000,67.150]; ABRUPT_JUMP_GT_19.950_MS_PER_M",Raw - Not Yet Reviewed,Unverified data,O
1998-07-15 00:00:00+07:00,MyTho,019805,MRC_WRUP_VN_019805,MRC_EXPORT_2026-08-31,21.1,21.1,mS/m,SUSPECT,ABRUPT_JUMP_GT_19.950_MS_PER_M,Raw - Not Yet Reviewed,Unverified data,O
1998-08-15 00:00:00+07:00,MyTho,019805,MRC_WRUP_VN_019805,MRC_EXPORT_2026-08-31,17.9,17.9,mS/m,VERIFIED,PASS,Raw - Not Yet Reviewed,Unverified data,O
1998-09-15 00:00:00+07:00,MyTho,019805,MRC_WRUP_VN_019805,MRC_EXPORT_2026-08-31,21.5,21.5,mS/m,VERIFIED,PASS,Raw - Not Yet Reviewed,Unverified data,O
1998-10-15 00:00:00+07:00,MyTho,019805,MRC_WRUP_VN_019805,MRC_EXPORT_2026-08-31,17.0,17.0,mS/m,VERIFIED,PASS,Raw - Not Yet Reviewed,Unverified data,O
1998-11-15 00:00:00+07:00,MyTho,019805,MRC_WRUP_VN_019805,MRC_EXPORT_2026-08-31,20.9,20.9,mS/m,VERIFIED,PASS,Raw - Not Yet Reviewed,Unverified data,O
1998-12-15 00:00:00+07:00,MyTho,019805,MRC_WRUP_VN_019805,MRC_EXPORT_2026-08-31,49.4,49.4,mS/m,SUSPECT,ABRUPT_JUMP_GT_19.950_MS_PER_M,Raw - Not Yet Reviewed,Unverified data,O
1999-01-15 00:00:00+07:00,MyTho,019805,MRC_WRUP_VN_019805,MRC_EXPORT_2026-08-31,17.0,17.0,mS/m,SUSPECT,ABRUPT_JUMP_GT_19.950_MS_PER_M,Raw - Not Yet Reviewed,Unverified data,O
1999-02-15 00:00:00+07:00,MyTho,019805,MRC_WRUP_VN_019805,MRC_EXPORT_2026-08-31,18.2,18.2,mS/m,VERIFIED,PASS,Raw - Not Yet Reviewed,Unverified data,O
1999-03-15 00:00:00+07:00,MyTho,019805,MRC_WRUP_VN_019805,MRC_EXPORT_2026-08-31,51.0,51.0,mS/m,SUSPECT,ABRUPT_JUMP_GT_19.950_MS_PER_M,Raw - Not Yet Reviewed,Unverified data,O
1999-04-15 00:00:00+07:00,MyTho,019805,MRC_WRUP_VN_019805,MRC_EXPORT_2026-08-31,98.5,98.5,mS/m,SUSPECT,"IQR_OUTLIER[0.000,67.150]; ABRUPT_JUMP_GT_19.950_MS_PER_M",Raw - Not Yet Reviewed,Unverified data,O
1999-05-15 00:00:00+07:00,MyTho,019805,MRC_WRUP_VN_019805,MRC_EXPORT_2026-08-31,58.3,58.3,mS/m,SUSPECT,ABRUPT_JUMP_GT_19.950_MS_PER_M,Raw - Not Yet Reviewed,Unverified data,O
1999-06-15 00:00:00+07:00,MyTho,019805,MRC_WRUP_VN_019805,MRC_EXPORT_2026-08-31,15.2,15.2,mS/m,SUSPECT,ABRUPT_JUMP_GT_19.950_MS_PER_M,Raw - Not Yet Reviewed,Unverified data,O
1999-07-15 00:00:00+07:00,MyTho,019805,MRC_WRUP_VN_019805,MRC_EXPORT_2026-08-31,13.5,13.5,mS/m,VERIFIED,PASS,Raw - Not Yet Reviewed,Unverified data,O
1999-08-15 00:00:00+07:00,MyTho,019805,MRC_WRUP_VN_019805,MRC_EXPORT_2026-08-31,13.8,13.8,mS/m,VERIFIED,PASS,Raw - Not Yet Reviewed,Unverified data,O
1999-09-15 00:00:00+07:00,MyTho,019805,MRC_WRUP_VN_019805,MRC_EXPORT_2026-08-31,14.5,14.5,mS/m,VERIFIED,PASS,Raw - Not Yet Reviewed,Unverified data,O
1999-10-15 00:00:00+07:00,MyTho,019805,MRC_WRUP_VN_019805,MRC_EXPORT_2026-08-31,13.6,13.6,mS/m,VERIFIED,PASS,Raw - Not Yet Reviewed,Unverified data,O
1999-11-15 00:00:00+07:00,MyTho,019805,MRC_WRUP_VN_019805,MRC_EXPORT_2026-08-31,15.6,15.6,mS/m,VERIFIED,PASS,Raw - Not Yet Reviewed,Unverified data,O
1999-12-15 00:00:00+07:00,MyTho,019805,MRC_WRUP_VN_019805,MRC_EXPORT_2026-08-31,15.2,15.2,mS/m,VERIFIED,PASS,Raw - Not Yet Reviewed,Unverified data,O
2000-01-15 00:00:00+07:00,MyTho,019805,MRC_WRUP_VN_019805,MRC_EXPORT_2026-08-31,23.72,23.72,mS/m,VERIFIED,PASS,Raw - Not Yet Reviewed,Unverified data,O
2000-02-15 00:00:00+07:00,MyTho,019805,MRC_WRUP_VN_019805,MRC_EXPORT_2026-08-31,14.4,14.4,mS/m,VERIFIED,PASS,Raw - Not Yet Reviewed,Unverified data,O
2000-03-15 00:00:00+07:00,MyTho,019805,MRC_WRUP_VN_019805,MRC_EXPORT_2026-08-31,19.8,19.8,mS/m,VERIFIED,PASS,Raw - Not Yet Reviewed,Unverified data,O
2000-04-15 00:00:00+07:00,MyTho,019805,MRC_WRUP_VN_019805,MRC_EXPORT_2026-08-31,20.8,20.8,mS/m,VERIFIED,PASS,Raw - Not Yet Reviewed,Unverified data,O
2000-05-15 00:00:00+07:00,MyTho,019805,MRC_WRUP_VN_019805,MRC_EXPORT_2026-08-31,22.6,22.6,mS/m,VERIFIED,PASS,Raw - Not Yet Reviewed,Unverified data,O
2000-06-15 00:00:00+07:00,MyTho,019805,MRC_WRUP_VN_019805,MRC_EXPORT_2026-08-31,16.48,16.48,mS/m,VERIFIED,PASS,Raw - Not Yet Reviewed,Unverified data,O
2000-07-15 00:00:00+07:00,MyTho,019805,MRC_WRUP_VN_019805,MRC_EXPORT_2026-08-31,8.61,8.61,mS/m,VERIFIED,PASS,Raw - Not Yet Reviewed,Unverified data,O
2000-08-15 00:00:00+07:00,MyTho,019805,MRC_WRUP_VN_019805,MRC_EXPORT_2026-08-31,11.45,11.45,mS/m,VERIFIED,PASS,Raw - Not Yet Reviewed,Unverified data,O
2000-09-15 00:00:00+07:00,MyTho,019805,MRC_WRUP_VN_019805,MRC_EXPORT_2026-08-31,10.84,10.84,mS/m,VERIFIED,PASS,Raw - Not Yet Reviewed,Unverified data,O
2000-10-15 00:00:00+07:00,MyTho,019805,MRC_WRUP_VN_019805,MRC_EXPORT_2026-08-31,12.9,12.9,mS/m,VERIFIED,PASS,Raw - Not Yet Reviewed,Unverified data,O
2000-11-15 00:00:00+07:00,MyTho,019805,MRC_WRUP_VN_019805,MRC_EXPORT_2026-08-31,12.59,12.59,mS/m,VERIFIED,PASS,Raw - Not Yet Reviewed,Unverified data,O
2000-12-15 00:00:00+07:00,MyTho,019805,MRC_WRUP_VN_019805,MRC_EXPORT_2026-08-31,12.05,12.05,mS/m,VERIFIED,PASS,Raw - Not Yet Reviewed,Unverified data,O
2001-01-15 00:00:00+07:00,MyTho,019805,MRC_WRUP_VN_019805,MRC_EXPORT_2026-08-31,12.48,12.48,mS/m,VERIFIED,PASS,Raw - Not Yet Reviewed,Unverified data,O
2001-02-15 00:00:00+07:00,MyTho,019805,MRC_WRUP_VN_019805,MRC_EXPORT_2026-08-31,14.15,14.15,mS/m,VERIFIED,PASS,Raw - Not Yet Reviewed,Unverified data,O
2001-03-15 00:00:00+07:00,MyTho,019805,MRC_WRUP_VN_019805,MRC_EXPORT_2026-08-31,18.19,18.19,mS/m,VERIFIED,PASS,Raw - Not Yet Reviewed,Unverified data,O
2001-04-15 00:00:00+07:00,MyTho,019805,MRC_WRUP_VN_019805,MRC_EXPORT_2026-08-31,14.22,14.22,mS/m,VERIFIED,PASS,Raw - Not Yet Reviewed,Unverified data,O
2001-05-15 00:00:00+07:00,MyTho,019805,MRC_WRUP_VN_019805,MRC_EXPORT_2026-08-31,17.15,17.15,mS/m,VERIFIED,PASS,Raw - Not Yet Reviewed,Unverified data,O
2001-06-15 00:00:00+07:00,MyTho,019805,MRC_WRUP_VN_019805,MRC_EXPORT_2026-08-31,13.83,13.83,mS/m,VERIFIED,PASS,Raw - Not Yet Reviewed,Unverified data,O
2001-07-15 00:00:00+07:00,MyTho,019805,MRC_WRUP_VN_019805,MRC_EXPORT_2026-08-31,12.03,12.03,mS/m,VERIFIED,PASS,Raw - Not Yet Reviewed,Unverified data,O
2001-08-15 00:00:00+07:00,MyTho,019805,MRC_WRUP_VN_019805,MRC_EXPORT_2026-08-31,10.62,10.62,mS/m,VERIFIED,PASS,Raw - Not Yet Reviewed,Unverified data,O
2001-09-15 00:00:00+07:00,MyTho,019805,MRC_WRUP_VN_019805,MRC_EXPORT_2026-08-31,10.99,10.99,mS/m,VERIFIED,PASS,Raw - Not Yet Reviewed,Unverified data,O
2001-10-15 00:00:00+07:00,MyTho,019805,MRC_WRUP_VN_019805,MRC_EXPORT_2026-08-31,10.71,10.71,mS/m,VERIFIED,PASS,Raw - Not Yet Reviewed,Unverified data,O
2001-11-15 00:00:00+07:00,MyTho,019805,MRC_WRUP_VN_019805,MRC_EXPORT_2026-08-31,12.19,12.19,mS/m,VERIFIED,PASS,Raw - Not Yet Reviewed,Unverified data,O
2001-12-01 00:00:00+07:00,MyTho,019805,MRC_WRUP_VN_019805,MRC_EXPORT_2026-08-31,15.3,15.3,mS/m,VERIFIED,PASS,Raw - Not Yet Reviewed,Unverified data,O
2002-01-15 00:00:00+07:00,MyTho,019805,MRC_WRUP_VN_019805,MRC_EXPORT_2026-08-31,14.32,14.32,mS/m,VERIFIED,PASS,Raw - Not Yet Reviewed,Unverified data,O
2002-02-15 00:00:00+07:00,MyTho,019805,MRC_WRUP_VN_019805,MRC_EXPORT_2026-08-31,15.67,15.67,mS/m,VERIFIED,PASS,Raw - Not Yet Reviewed,Unverified data,O
2002-03-15 00:00:00+07:00,MyTho,019805,MRC_WRUP_VN_019805,MRC_EXPORT_2026-08-31,25.3,25.3,mS/m,VERIFIED,PASS,Raw - Not Yet Reviewed,Unverified data,O
2002-04-15 00:00:00+07:00,MyTho,019805,MRC_WRUP_VN_019805,MRC_EXPORT_2026-08-31,78.2,78.2,mS/m,SUSPECT,"IQR_OUTLIER[0.000,67.150]; ABRUPT_JUMP_GT_19.950_MS_PER_M",Raw - Not Yet Reviewed,Unverified data,O
2002-05-15 00:00:00+07:00,MyTho,019805,MRC_WRUP_VN_019805,MRC_EXPORT_2026-08-31,94.5,94.5,mS/m,SUSPECT,"IQR_OUTLIER[0.000,67.150]",Raw - Not Yet Reviewed,Unverified data,O
2002-06-15 00:00:00+07:00,MyTho,019805,MRC_WRUP_VN_019805,MRC_EXPORT_2026-08-31,28.2,28.2,mS/m,SUSPECT,ABRUPT_JUMP_GT_19.950_MS_PER_M,Raw - Not Yet Reviewed,Unverified data,O
2002-07-15 00:00:00+07:00,MyTho,019805,MRC_WRUP_VN_019805,MRC_EXPORT_2026-08-31,13.66,13.66,mS/m,VERIFIED,PASS,Raw - Not Yet Reviewed,Unverified data,O
2002-08-15 00:00:00+07:00,MyTho,019805,MRC_WRUP_VN_019805,MRC_EXPORT_2026-08-31,13.67,13.67,mS/m,VERIFIED,PASS,Raw - Not Yet Reviewed,Unverified data,O
2002-09-15 00:00:00+07:00,MyTho,019805,MRC_WRUP_VN_019805,MRC_EXPORT_2026-08-31,13.3,13.3,mS/m,VERIFIED,PASS,Raw - Not Yet Reviewed,Unverified data,O
2002-10-15 00:00:00+07:00,MyTho,019805,MRC_WRUP_VN_019805,MRC_EXPORT_2026-08-31,12.84,12.84,mS/m,VERIFIED,PASS,Raw - Not Yet Reviewed,Unverified data,O
2002-11-15 00:00:00+07:00,MyTho,019805,MRC_WRUP_VN_019805,MRC_EXPORT_2026-08-31,14.83,14.83,mS/m,VERIFIED,PASS,Raw - Not Yet Reviewed,Unverified data,O
2002-12-15 00:00:00+07:00,MyTho,019805,MRC_WRUP_VN_019805,MRC_EXPORT_2026-08-31,14.3,14.3,mS/m,VERIFIED,PASS,Raw - Not Yet Reviewed,Unverified data,O
2003-01-15 00:00:00+07:00,MyTho,019805,MRC_WRUP_VN_019805,MRC_EXPORT_2026-08-31,14.5,14.5,mS/m,VERIFIED,PASS,Raw - Not Yet Reviewed,Unverified data,O
2003-02-15 00:00:00+07:00,MyTho,019805,MRC_WRUP_VN_019805,MRC_EXPORT_2026-08-31,12.6,12.6,mS/m,VERIFIED,PASS,Raw - Not Yet Reviewed,Unverified data,O
2003-03-15 00:00:00+07:00,MyTho,019805,MRC_WRUP_VN_019805,MRC_EXPORT_2026-08-31,13.6,13.6,mS/m,VERIFIED,PASS,Raw - Not Yet Reviewed,Unverified data,O
2003-04-15 00:00:00+07:00,MyTho,019805,MRC_WRUP_VN_019805,MRC_EXPORT_2026-08-31,23.6,23.6,mS/m,VERIFIED,PASS,Raw - Not Yet Reviewed,Unverified data,O
2003-05-15 00:00:00+07:00,MyTho,019805,MRC_WRUP_VN_019805,MRC_EXPORT_2026-08-31,26.6,26.6,mS/m,VERIFIED,PASS,Raw - Not Yet Reviewed,Unverified data,O
2003-06-15 00:00:00+07:00,MyTho,019805,MRC_WRUP_VN_019805,MRC_EXPORT_2026-08-31,21.2,21.2,mS/m,VERIFIED,PASS,Raw - Not Yet Reviewed,Unverified data,O
2003-07-15 00:00:00+07:00,MyTho,019805,MRC_WRUP_VN_019805,MRC_EXPORT_2026-08-31,23.7,23.7,mS/m,VERIFIED,PASS,Raw - Not Yet Reviewed,Unverified data,O
2003-08-15 00:00:00+07:00,MyTho,019805,MRC_WRUP_VN_019805,MRC_EXPORT_2026-08-31,23.6,23.6,mS/m,VERIFIED,PASS,Raw - Not Yet Reviewed,Unverified data,O
2003-09-15 00:00:00+07:00,MyTho,019805,MRC_WRUP_VN_019805,MRC_EXPORT_2026-08-31,15.5,15.5,mS/m,VERIFIED,PASS,Raw - Not Yet Reviewed,Unverified data,O
2003-10-15 00:00:00+07:00,MyTho,019805,MRC_WRUP_VN_019805,MRC_EXPORT_2026-08-31,19.4,19.4,mS/m,VERIFIED,PASS,Raw - Not Yet Reviewed,Unverified data,O
2003-11-15 00:00:00+07:00,MyTho,019805,MRC_WRUP_VN_019805,MRC_EXPORT_2026-08-31,14.1,14.1,mS/m,VERIFIED,PASS,Raw - Not Yet Reviewed,Unverified data,O
2003-12-15 00:00:00+07:00,MyTho,019805,MRC_WRUP_VN_019805,MRC_EXPORT_2026-08-31,14.5,14.5,mS/m,VERIFIED,PASS,Raw - Not Yet Reviewed,Unverified data,O
2004-01-15 00:00:00+07:00,MyTho,019805,MRC_WRUP_VN_019805,MRC_EXPORT_2026-08-31,20.63,20.63,mS/m,VERIFIED,PASS,Raw - Not Yet Reviewed,Unverified data,O
2004-02-15 00:00:00+07:00,MyTho,019805,MRC_WRUP_VN_019805,MRC_EXPORT_2026-08-31,21.4,21.4,mS/m,VERIFIED,PASS,Raw - Not Yet Reviewed,Unverified data,O
2004-03-15 00:00:00+07:00,MyTho,019805,MRC_WRUP_VN_019805,MRC_EXPORT_2026-08-31,122.9,122.9,mS/m,SUSPECT,"IQR_OUTLIER[0.000,67.150]; ABRUPT_JUMP_GT_19.950_MS_PER_M",Raw - Not Yet Reviewed,Unverified data,O
2004-04-15 00:00:00+07:00,MyTho,019805,MRC_WRUP_VN_019805,MRC_EXPORT_2026-08-31,187.3,187.3,mS/m,SUSPECT,"IQR_OUTLIER[0.000,67.150]; ABRUPT_JUMP_GT_19.950_MS_PER_M",Raw - Not Yet Reviewed,Unverified data,O
2004-05-15 00:00:00+07:00,MyTho,019805,MRC_WRUP_VN_019805,MRC_EXPORT_2026-08-31,124.6,124.6,mS/m,SUSPECT,"IQR_OUTLIER[0.000,67.150]; ABRUPT_JUMP_GT_19.950_MS_PER_M",Raw - Not Yet Reviewed,Unverified data,O
2004-06-15 00:00:00+07:00,MyTho,019805,MRC_WRUP_VN_019805,MRC_EXPORT_2026-08-31,39.0,39.0,mS/m,SUSPECT,ABRUPT_JUMP_GT_19.950_MS_PER_M,Raw - Not Yet Reviewed,Unverified data,O
2004-07-15 00:00:00+07:00,MyTho,019805,MRC_WRUP_VN_019805,MRC_EXPORT_2026-08-31,19.7,19.7,mS/m,VERIFIED,PASS,Raw - Not Yet Reviewed,Unverified data,O
2004-08-15 00:00:00+07:00,MyTho,019805,MRC_WRUP_VN_019805,MRC_EXPORT_2026-08-31,16.3,16.3,mS/m,VERIFIED,PASS,Raw - Not Yet Reviewed,Unverified data,O
2004-09-15 00:00:00+07:00,MyTho,019805,MRC_WRUP_VN_019805,MRC_EXPORT_2026-08-31,13.8,13.8,mS/m,VERIFIED,PASS,Raw - Not Yet Reviewed,Unverified data,O
2004-10-15 00:00:00+07:00,MyTho,019805,MRC_WRUP_VN_019805,MRC_EXPORT_2026-08-31,15.1,15.1,mS/m,VERIFIED,PASS,Raw - Not Yet Reviewed,Unverified data,O
2004-11-15 00:00:00+07:00,MyTho,019805,MRC_WRUP_VN_019805,MRC_EXPORT_2026-08-31,15.0,15.0,mS/m,VERIFIED,PASS,Raw - Not Yet Reviewed,Unverified data,O
2004-12-15 00:00:00+07:00,MyTho,019805,MRC_WRUP_VN_019805,MRC_EXPORT_2026-08-31,14.2,14.2,mS/m,VERIFIED,PASS,Raw - Not Yet Reviewed,Unverified data,O
2005-01-15 00:00:00+07:00,MyTho,019805,MRC_WRUP_VN_019805,MRC_EXPORT_2026-08-31,17.4,17.4,mS/m,VERIFIED,PASS,Raw - Not Yet Reviewed,Unverified data,O
2005-02-15 00:00:00+07:00,MyTho,019805,MRC_WRUP_VN_019805,MRC_EXPORT_2026-08-31,19.0,19.0,mS/m,VERIFIED,PASS,Raw - Not Yet Reviewed,Unverified data,O
2005-03-15 00:00:00+07:00,MyTho,019805,MRC_WRUP_VN_019805,MRC_EXPORT_2026-08-31,112.6,112.6,mS/m,SUSPECT,"IQR_OUTLIER[0.000,67.150]; ABRUPT_JUMP_GT_19.950_MS_PER_M",Raw - Not Yet Reviewed,Unverified data,O
2005-04-15 00:00:00+07:00,MyTho,019805,MRC_WRUP_VN_019805,MRC_EXPORT_2026-08-31,121.8,121.8,mS/m,SUSPECT,"IQR_OUTLIER[0.000,67.150]",Raw - Not Yet Reviewed,Unverified data,O
2005-05-15 00:00:00+07:00,MyTho,019805,MRC_WRUP_VN_019805,MRC_EXPORT_2026-08-31,28.6,28.6,mS/m,SUSPECT,ABRUPT_JUMP_GT_19.950_MS_PER_M,Raw - Not Yet Reviewed,Unverified data,O
2005-06-15 00:00:00+07:00,MyTho,019805,MRC_WRUP_VN_019805,MRC_EXPORT_2026-08-31,36.4,36.4,mS/m,VERIFIED,PASS,Raw - Not Yet Reviewed,Unverified data,O
2005-07-15 00:00:00+07:00,MyTho,019805,MRC_WRUP_VN_019805,MRC_EXPORT_2026-08-31,18.6,18.6,mS/m,VERIFIED,PASS,Raw - Not Yet Reviewed,Unverified data,O
2005-08-15 00:00:00+07:00,MyTho,019805,MRC_WRUP_VN_019805,MRC_EXPORT_2026-08-31,12.8,12.8,mS/m,VERIFIED,PASS,Raw - Not Yet Reviewed,Unverified data,O
2005-09-15 00:00:00+07:00,MyTho,019805,MRC_WRUP_VN_019805,MRC_EXPORT_2026-08-31,14.8,14.8,mS/m,VERIFIED,PASS,Raw - Not Yet Reviewed,Unverified data,O
2005-10-15 00:00:00+07:00,MyTho,019805,MRC_WRUP_VN_019805,MRC_EXPORT_2026-08-31,13.1,13.1,mS/m,VERIFIED,PASS,Raw - Not Yet Reviewed,Unverified data,O
2005-11-15 00:00:00+07:00,MyTho,019805,MRC_WRUP_VN_019805,MRC_EXPORT_2026-08-31,14.0,14.0,mS/m,VERIFIED,PASS,Raw - Not Yet Reviewed,Unverified data,O
2005-12-15 00:00:00+07:00,MyTho,019805,MRC_WRUP_VN_019805,MRC_EXPORT_2026-08-31,15.2,15.2,mS/m,VERIFIED,PASS,Raw - Not Yet Reviewed,Unverified data,O
2006-01-15 00:00:00+07:00,MyTho,019805,MRC_WRUP_VN_019805,MRC_EXPORT_2026-08-31,14.9,14.9,mS/m,VERIFIED,PASS,Raw - Not Yet Reviewed,Unverified data,O
2006-02-15 00:00:00+07:00,MyTho,019805,MRC_WRUP_VN_019805,MRC_EXPORT_2026-08-31,15.8,15.8,mS/m,VERIFIED,PASS,Raw - Not Yet Reviewed,Unverified data,O
2006-03-15 00:00:00+07:00,MyTho,019805,MRC_WRUP_VN_019805,MRC_EXPORT_2026-08-31,19.3,19.3,mS/m,VERIFIED,PASS,Raw - Not Yet Reviewed,Unverified data,O
2006-04-15 00:00:00+07:00,MyTho,019805,MRC_WRUP_VN_019805,MRC_EXPORT_2026-08-31,26.2,26.2,mS/m,VERIFIED,PASS,Raw - Not Yet Reviewed,Unverified data,O
2006-05-15 00:00:00+07:00,MyTho,019805,MRC_WRUP_VN_019805,MRC_EXPORT_2026-08-31,60.6,60.6,mS/m,SUSPECT,ABRUPT_JUMP_GT_19.950_MS_PER_M,Raw - Not Yet Reviewed,Unverified data,O
2006-06-15 00:00:00+07:00,MyTho,019805,MRC_WRUP_VN_019805,MRC_EXPORT_2026-08-31,20.0,20.0,mS/m,SUSPECT,ABRUPT_JUMP_GT_19.950_MS_PER_M,Raw - Not Yet Reviewed,Unverified data,O
2006-07-15 00:00:00+07:00,MyTho,019805,MRC_WRUP_VN_019805,MRC_EXPORT_2026-08-31,16.1,16.1,mS/m,VERIFIED,PASS,Raw - Not Yet Reviewed,Unverified data,O
2006-08-15 00:00:00+07:00,MyTho,019805,MRC_WRUP_VN_019805,MRC_EXPORT_2026-08-31,11.7,11.7,mS/m,VERIFIED,PASS,Raw - Not Yet Reviewed,Unverified data,O
2006-09-15 00:00:00+07:00,MyTho,019805,MRC_WRUP_VN_019805,MRC_EXPORT_2026-08-31,12.6,12.6,mS/m,VERIFIED,PASS,Raw - Not Yet Reviewed,Unverified data,O
2006-10-15 00:00:00+07:00,MyTho,019805,MRC_WRUP_VN_019805,MRC_EXPORT_2026-08-31,10.7,10.7,mS/m,VERIFIED,PASS,Raw - Not Yet Reviewed,Unverified data,O
2006-11-15 00:00:00+07:00,MyTho,019805,MRC_WRUP_VN_019805,MRC_EXPORT_2026-08-31,12.7,12.7,mS/m,VERIFIED,PASS,Raw - Not Yet Reviewed,Unverified data,O
2006-12-15 00:00:00+07:00,MyTho,019805,MRC_WRUP_VN_019805,MRC_EXPORT_2026-08-31,14.9,14.9,mS/m,VERIFIED,PASS,Raw - Not Yet Reviewed,Unverified data,O
2007-01-15 00:00:00+07:00,MyTho,019805,MRC_WRUP_VN_019805,MRC_EXPORT_2026-08-31,14.1,14.1,mS/m,VERIFIED,PASS,Raw - Not Yet Reviewed,Unverified data,O
2007-02-15 00:00:00+07:00,MyTho,019805,MRC_WRUP_VN_019805,MRC_EXPORT_2026-08-31,16.4,16.4,mS/m,VERIFIED,PASS,Raw - Not Yet Reviewed,Unverified data,O
2007-03-15 00:00:00+07:00,MyTho,019805,MRC_WRUP_VN_019805,MRC_EXPORT_2026-08-31,46.4,46.4,mS/m,SUSPECT,ABRUPT_JUMP_GT_19.950_MS_PER_M,Raw - Not Yet Reviewed,Unverified data,O
2007-04-15 00:00:00+07:00,MyTho,019805,MRC_WRUP_VN_019805,MRC_EXPORT_2026-08-31,168.6,168.6,mS/m,SUSPECT,"IQR_OUTLIER[0.000,67.150]; ABRUPT_JUMP_GT_19.950_MS_PER_M",Raw - Not Yet Reviewed,Unverified data,O
2007-05-15 00:00:00+07:00,MyTho,019805,MRC_WRUP_VN_019805,MRC_EXPORT_2026-08-31,38.0,38.0,mS/m,SUSPECT,ABRUPT_JUMP_GT_19.950_MS_PER_M,Raw - Not Yet Reviewed,Unverified data,O
2007-06-15 00:00:00+07:00,MyTho,019805,MRC_WRUP_VN_019805,MRC_EXPORT_2026-08-31,21.8,21.8,mS/m,VERIFIED,PASS,Raw - Not Yet Reviewed,Unverified data,O
2007-07-15 00:00:00+07:00,MyTho,019805,MRC_WRUP_VN_019805,MRC_EXPORT_2026-08-31,19.3,19.3,mS/m,VERIFIED,PASS,Raw - Not Yet Reviewed,Unverified data,O
2007-08-15 00:00:00+07:00,MyTho,019805,MRC_WRUP_VN_019805,MRC_EXPORT_2026-08-31,14.4,14.4,mS/m,VERIFIED,PASS,Raw - Not Yet Reviewed,Unverified data,O
2007-09-15 00:00:00+07:00,MyTho,019805,MRC_WRUP_VN_019805,MRC_EXPORT_2026-08-31,15.0,15.0,mS/m,VERIFIED,PASS,Raw - Not Yet Reviewed,Unverified data,O
2007-10-15 00:00:00+07:00,MyTho,019805,MRC_WRUP_VN_019805,MRC_EXPORT_2026-08-31,15.9,15.9,mS/m,VERIFIED,PASS,Raw - Not Yet Reviewed,Unverified data,O
2007-11-15 00:00:00+07:00,MyTho,019805,MRC_WRUP_VN_019805,MRC_EXPORT_2026-08-31,16.1,16.1,mS/m,VERIFIED,PASS,Raw - Not Yet Reviewed,Unverified data,O
2007-12-15 00:00:00+07:00,MyTho,019805,MRC_WRUP_VN_019805,MRC_EXPORT_2026-08-31,14.9,14.9,mS/m,VERIFIED,PASS,Raw - Not Yet Reviewed,Unverified data,O
2008-01-15 00:00:00+07:00,MyTho,019805,MRC_WRUP_VN_019805,MRC_EXPORT_2026-08-31,14.7,14.7,mS/m,VERIFIED,PASS,Raw - Not Yet Reviewed,Unverified data,O
2008-02-15 00:00:00+07:00,MyTho,019805,MRC_WRUP_VN_019805,MRC_EXPORT_2026-08-31,15.2,15.2,mS/m,VERIFIED,PASS,Raw - Not Yet Reviewed,Unverified data,O
2008-03-15 00:00:00+07:00,MyTho,019805,MRC_WRUP_VN_019805,MRC_EXPORT_2026-08-31,18.7,18.7,mS/m,VERIFIED,PASS,Raw - Not Yet Reviewed,Unverified data,O
2008-04-15 00:00:00+07:00,MyTho,019805,MRC_WRUP_VN_019805,MRC_EXPORT_2026-08-31,44.6,44.6,mS/m,SUSPECT,ABRUPT_JUMP_GT_19.950_MS_PER_M,Raw - Not Yet Reviewed,Unverified data,O
2008-05-15 00:00:00+07:00,MyTho,019805,MRC_WRUP_VN_019805,MRC_EXPORT_2026-08-31,25.7,25.7,mS/m,VERIFIED,PASS,Raw - Not Yet Reviewed,Unverified data,O
2008-06-15 00:00:00+07:00,MyTho,019805,MRC_WRUP_VN_019805,MRC_EXPORT_2026-08-31,22.6,22.6,mS/m,VERIFIED,PASS,Raw - Not Yet Reviewed,Unverified data,O
2008-07-15 00:00:00+07:00,MyTho,019805,MRC_WRUP_VN_019805,MRC_EXPORT_2026-08-31,15.9,15.9,mS/m,VERIFIED,PASS,Raw - Not Yet Reviewed,Unverified data,O
2008-08-15 00:00:00+07:00,MyTho,019805,MRC_WRUP_VN_019805,MRC_EXPORT_2026-08-31,15.8,15.8,mS/m,VERIFIED,PASS,Raw - Not Yet Reviewed,Unverified data,O
2008-09-15 00:00:00+07:00,MyTho,019805,MRC_WRUP_VN_019805,MRC_EXPORT_2026-08-31,17.1,17.1,mS/m,VERIFIED,PASS,Raw - Not Yet Reviewed,Unverified data,O
2008-10-15 00:00:00+07:00,MyTho,019805,MRC_WRUP_VN_019805,MRC_EXPORT_2026-08-31,14.5,14.5,mS/m,VERIFIED,PASS,Raw - Not Yet Reviewed,Unverified data,O
2008-11-15 00:00:00+07:00,MyTho,019805,MRC_WRUP_VN_019805,MRC_EXPORT_2026-08-31,14.9,14.9,mS/m,VERIFIED,PASS,Raw - Not Yet Reviewed,Unverified data,O
2008-12-15 00:00:00+07:00,MyTho,019805,MRC_WRUP_VN_019805,MRC_EXPORT_2026-08-31,16.7,16.7,mS/m,VERIFIED,PASS,Raw - Not Yet Reviewed,Unverified data,O
2009-01-15 00:00:00+07:00,MyTho,019805,MRC_WRUP_VN_019805,MRC_EXPORT_2026-08-31,21.0,21.0,mS/m,VERIFIED,PASS,Raw - Not Yet Reviewed,Unverified data,O
2009-02-15 00:00:00+07:00,MyTho,019805,MRC_WRUP_VN_019805,MRC_EXPORT_2026-08-31,17.6,17.6,mS/m,VERIFIED,PASS,Raw - Not Yet Reviewed,Unverified data,O
2009-03-15 00:00:00+07:00,MyTho,019805,MRC_WRUP_VN_019805,MRC_EXPORT_2026-08-31,25.7,25.7,mS/m,VERIFIED,PASS,Raw - Not Yet Reviewed,Unverified data,O
2009-04-15 00:00:00+07:00,MyTho,019805,MRC_WRUP_VN_019805,MRC_EXPORT_2026-08-31,159.1,159.1,mS/m,SUSPECT,"IQR_OUTLIER[0.000,67.150]; ABRUPT_JUMP_GT_19.950_MS_PER_M",Raw - Not Yet Reviewed,Unverified data,O
2009-05-15 00:00:00+07:00,MyTho,019805,MRC_WRUP_VN_019805,MRC_EXPORT_2026-08-31,26.2,26.2,mS/m,SUSPECT,ABRUPT_JUMP_GT_19.950_MS_PER_M,Raw - Not Yet Reviewed,Unverified data,O
2009-06-15 00:00:00+07:00,MyTho,019805,MRC_WRUP_VN_019805,MRC_EXPORT_2026-08-31,22.4,22.4,mS/m,VERIFIED,PASS,Raw - Not Yet Reviewed,Unverified data,O
2009-07-15 00:00:00+07:00,MyTho,019805,MRC_WRUP_VN_019805,MRC_EXPORT_2026-08-31,17.8,17.8,mS/m,VERIFIED,PASS,Raw - Not Yet Reviewed,Unverified data,O
2009-08-15 00:00:00+07:00,MyTho,019805,MRC_WRUP_VN_019805,MRC_EXPORT_2026-08-31,10.1,10.1,mS/m,VERIFIED,PASS,Raw - Not Yet Reviewed,Unverified data,O
2009-09-15 00:00:00+07:00,MyTho,019805,MRC_WRUP_VN_019805,MRC_EXPORT_2026-08-31,13.41,13.41,mS/m,VERIFIED,PASS,Raw - Not Yet Reviewed,Unverified data,O
2009-10-15 00:00:00+07:00,MyTho,019805,MRC_WRUP_VN_019805,MRC_EXPORT_2026-08-31,11.26,11.26,mS/m,VERIFIED,PASS,Raw - Not Yet Reviewed,Unverified data,O
2009-11-15 00:00:00+07:00,MyTho,019805,MRC_WRUP_VN_019805,MRC_EXPORT_2026-08-31,12.44,12.44,mS/m,VERIFIED,PASS,Raw - Not Yet Reviewed,Unverified data,O
2009-12-15 00:00:00+07:00,MyTho,019805,MRC_WRUP_VN_019805,MRC_EXPORT_2026-08-31,14.38,14.38,mS/m,VERIFIED,PASS,Raw - Not Yet Reviewed,Unverified data,O
2010-01-15 00:00:00+07:00,MyTho,019805,MRC_WRUP_VN_019805,MRC_EXPORT_2026-08-31,18.1,18.1,mS/m,VERIFIED,PASS,Raw - Not Yet Reviewed,Unverified data,O
2010-02-15 00:00:00+07:00,MyTho,019805,MRC_WRUP_VN_019805,MRC_EXPORT_2026-08-31,19.09,19.09,mS/m,VERIFIED,PASS,Raw - Not Yet Reviewed,Unverified data,O
2010-03-15 00:00:00+07:00,MyTho,019805,MRC_WRUP_VN_019805,MRC_EXPORT_2026-08-31,26.4,26.4,mS/m,VERIFIED,PASS,Raw - Not Yet Reviewed,Unverified data,O
2010-04-15 00:00:00+07:00,MyTho,019805,MRC_WRUP_VN_019805,MRC_EXPORT_2026-08-31,141.3,141.3,mS/m,SUSPECT,"IQR_OUTLIER[0.000,67.150]; ABRUPT_JUMP_GT_19.950_MS_PER_M",Raw - Not Yet Reviewed,Unverified data,O
2010-05-15 00:00:00+07:00,MyTho,019805,MRC_WRUP_VN_019805,MRC_EXPORT_2026-08-31,260.0,260.0,mS/m,SUSPECT,"IQR_OUTLIER[0.000,67.150]; ABRUPT_JUMP_GT_19.950_MS_PER_M",Raw - Not Yet Reviewed,Unverified data,O
2010-06-15 00:00:00+07:00,MyTho,019805,MRC_WRUP_VN_019805,MRC_EXPORT_2026-08-31,24.7,24.7,mS/m,SUSPECT,ABRUPT_JUMP_GT_19.950_MS_PER_M,Raw - Not Yet Reviewed,Unverified data,O
2010-07-15 00:00:00+07:00,MyTho,019805,MRC_WRUP_VN_019805,MRC_EXPORT_2026-08-31,27.2,27.2,mS/m,VERIFIED,PASS,Raw - Not Yet Reviewed,Unverified data,O
2010-08-15 00:00:00+07:00,MyTho,019805,MRC_WRUP_VN_019805,MRC_EXPORT_2026-08-31,18.7,18.7,mS/m,VERIFIED,PASS,Raw - Not Yet Reviewed,Unverified data,O
2010-09-15 00:00:00+07:00,MyTho,019805,MRC_WRUP_VN_019805,MRC_EXPORT_2026-08-31,17.6,17.6,mS/m,VERIFIED,PASS,Raw - Not Yet Reviewed,Unverified data,O
2010-10-15 00:00:00+07:00,MyTho,019805,MRC_WRUP_VN_019805,MRC_EXPORT_2026-08-31,15.78,15.78,mS/m,VERIFIED,PASS,Raw - Not Yet Reviewed,Unverified data,O
2010-11-15 00:00:00+07:00,MyTho,019805,MRC_WRUP_VN_019805,MRC_EXPORT_2026-08-31,15.43,15.43,mS/m,VERIFIED,PASS,Raw - Not Yet Reviewed,Unverified data,O
2010-12-15 00:00:00+07:00,MyTho,019805,MRC_WRUP_VN_019805,MRC_EXPORT_2026-08-31,19.12,19.12,mS/m,VERIFIED,PASS,Raw - Not Yet Reviewed,Unverified data,O
2011-01-15 00:00:00+07:00,MyTho,019805,MRC_WRUP_VN_019805,MRC_EXPORT_2026-08-31,17.63,17.63,mS/m,VERIFIED,PASS,Raw - Not Yet Reviewed,Unverified data,O
2011-02-15 00:00:00+07:00,MyTho,019805,MRC_WRUP_VN_019805,MRC_EXPORT_2026-08-31,25.2,25.2,mS/m,VERIFIED,PASS,Raw - Not Yet Reviewed,Unverified data,O
2011-03-15 00:00:00+07:00,MyTho,019805,MRC_WRUP_VN_019805,MRC_EXPORT_2026-08-31,29.0,29.0,mS/m,VERIFIED,PASS,Raw - Not Yet Reviewed,Unverified data,O
2011-04-15 00:00:00+07:00,MyTho,019805,MRC_WRUP_VN_019805,MRC_EXPORT_2026-08-31,23.8,23.8,mS/m,VERIFIED,PASS,Raw - Not Yet Reviewed,Unverified data,O
2011-05-15 00:00:00+07:00,MyTho,019805,MRC_WRUP_VN_019805,MRC_EXPORT_2026-08-31,26.1,26.1,mS/m,VERIFIED,PASS,Raw - Not Yet Reviewed,Unverified data,O
2011-06-15 00:00:00+07:00,MyTho,019805,MRC_WRUP_VN_019805,MRC_EXPORT_2026-08-31,22.4,22.4,mS/m,VERIFIED,PASS,Raw - Not Yet Reviewed,Unverified data,O
2011-07-15 00:00:00+07:00,MyTho,019805,MRC_WRUP_VN_019805,MRC_EXPORT_2026-08-31,14.97,14.97,mS/m,VERIFIED,PASS,Raw - Not Yet Reviewed,Unverified data,O
2011-08-15 00:00:00+07:00,MyTho,019805,MRC_WRUP_VN_019805,MRC_EXPORT_2026-08-31,11.2,11.2,mS/m,VERIFIED,PASS,Raw - Not Yet Reviewed,Unverified data,O
2011-09-15 00:00:00+07:00,MyTho,019805,MRC_WRUP_VN_019805,MRC_EXPORT_2026-08-31,12.0,12.0,mS/m,VERIFIED,PASS,Raw - Not Yet Reviewed,Unverified data,O
2011-10-15 00:00:00+07:00,MyTho,019805,MRC_WRUP_VN_019805,MRC_EXPORT_2026-08-31,13.9,13.9,mS/m,VERIFIED,PASS,Raw - Not Yet Reviewed,Unverified data,O
2011-11-15 00:00:00+07:00,MyTho,019805,MRC_WRUP_VN_019805,MRC_EXPORT_2026-08-31,12.8,12.8,mS/m,VERIFIED,PASS,Raw - Not Yet Reviewed,Unverified data,O
2011-12-15 00:00:00+07:00,MyTho,019805,MRC_WRUP_VN_019805,MRC_EXPORT_2026-08-31,14.3,14.3,mS/m,VERIFIED,PASS,Raw - Not Yet Reviewed,Unverified data,O
2012-01-15 00:00:00+07:00,MyTho,019805,MRC_WRUP_VN_019805,MRC_EXPORT_2026-08-31,13.1,13.1,mS/m,VERIFIED,PASS,Raw - Not Yet Reviewed,Unverified data,O
2012-02-15 00:00:00+07:00,MyTho,019805,MRC_WRUP_VN_019805,MRC_EXPORT_2026-08-31,15.5,15.5,mS/m,VERIFIED,PASS,Raw - Not Yet Reviewed,Unverified data,O
2012-03-15 00:00:00+07:00,MyTho,019805,MRC_WRUP_VN_019805,MRC_EXPORT_2026-08-31,17.3,17.3,mS/m,VERIFIED,PASS,Raw - Not Yet Reviewed,Unverified data,O
2012-04-15 00:00:00+07:00,MyTho,019805,MRC_WRUP_VN_019805,MRC_EXPORT_2026-08-31,48.3,48.3,mS/m,SUSPECT,ABRUPT_JUMP_GT_19.950_MS_PER_M,Raw - Not Yet Reviewed,Unverified data,O
2012-05-15 00:00:00+07:00,MyTho,019805,MRC_WRUP_VN_019805,MRC_EXPORT_2026-08-31,50.7,50.7,mS/m,VERIFIED,PASS,Raw - Not Yet Reviewed,Unverified data,O
2012-06-15 00:00:00+07:00,MyTho,019805,MRC_WRUP_VN_019805,MRC_EXPORT_2026-08-31,21.2,21.2,mS/m,SUSPECT,ABRUPT_JUMP_GT_19.950_MS_PER_M,Raw - Not Yet Reviewed,Unverified data,O
2012-07-15 00:00:00+07:00,MyTho,019805,MRC_WRUP_VN_019805,MRC_EXPORT_2026-08-31,18.84,18.84,mS/m,VERIFIED,PASS,Raw - Not Yet Reviewed,Unverified data,O
2012-08-15 00:00:00+07:00,MyTho,019805,MRC_WRUP_VN_019805,MRC_EXPORT_2026-08-31,14.9,14.9,mS/m,VERIFIED,PASS,Raw - Not Yet Reviewed,Unverified data,O
2012-09-15 00:00:00+07:00,MyTho,019805,MRC_WRUP_VN_019805,MRC_EXPORT_2026-08-31,16.59,16.59,mS/m,VERIFIED,PASS,Raw - Not Yet Reviewed,Unverified data,O
2012-10-15 00:00:00+07:00,MyTho,019805,MRC_WRUP_VN_019805,MRC_EXPORT_2026-08-31,13.28,13.28,mS/m,VERIFIED,PASS,Raw - Not Yet Reviewed,Unverified data,O
2012-11-15 00:00:00+07:00,MyTho,019805,MRC_WRUP_VN_019805,MRC_EXPORT_2026-08-31,15.2,15.2,mS/m,VERIFIED,PASS,Raw - Not Yet Reviewed,Unverified data,O
2012-12-15 00:00:00+07:00,MyTho,019805,MRC_WRUP_VN_019805,MRC_EXPORT_2026-08-31,15.1,15.1,mS/m,VERIFIED,PASS,Raw - Not Yet Reviewed,Unverified data,O
2013-01-15 00:00:00+07:00,MyTho,019805,MRC_WRUP_VN_019805,MRC_EXPORT_2026-08-31,17.03,17.03,mS/m,VERIFIED,PASS,Raw - Not Yet Reviewed,Unverified data,O
2013-02-15 00:00:00+07:00,MyTho,019805,MRC_WRUP_VN_019805,MRC_EXPORT_2026-08-31,22.8,22.8,mS/m,VERIFIED,PASS,Raw - Not Yet Reviewed,Unverified data,O
2013-03-15 00:00:00+07:00,MyTho,019805,MRC_WRUP_VN_019805,MRC_EXPORT_2026-08-31,72.0,72.0,mS/m,SUSPECT,"IQR_OUTLIER[0.000,67.150]; ABRUPT_JUMP_GT_19.950_MS_PER_M",Raw - Not Yet Reviewed,Unverified data,O
2013-04-15 00:00:00+07:00,MyTho,019805,MRC_WRUP_VN_019805,MRC_EXPORT_2026-08-31,38.9,38.9,mS/m,SUSPECT,ABRUPT_JUMP_GT_19.950_MS_PER_M,Raw - Not Yet Reviewed,Unverified data,O
2013-05-15 00:00:00+07:00,MyTho,019805,MRC_WRUP_VN_019805,MRC_EXPORT_2026-08-31,27.2,27.2,mS/m,VERIFIED,PASS,Raw - Not Yet Reviewed,Unverified data,O
2013-06-15 00:00:00+07:00,MyTho,019805,MRC_WRUP_VN_019805,MRC_EXPORT_2026-08-31,21.7,21.7,mS/m,VERIFIED,PASS,Raw - Not Yet Reviewed,Unverified data,O
2013-07-15 00:00:00+07:00,MyTho,019805,MRC_WRUP_VN_019805,MRC_EXPORT_2026-08-31,20.2,20.2,mS/m,VERIFIED,PASS,Raw - Not Yet Reviewed,Unverified data,O
2013-08-15 00:00:00+07:00,MyTho,019805,MRC_WRUP_VN_019805,MRC_EXPORT_2026-08-31,16.67,16.67,mS/m,VERIFIED,PASS,Raw - Not Yet Reviewed,Unverified data,O
2013-09-15 00:00:00+07:00,MyTho,019805,MRC_WRUP_VN_019805,MRC_EXPORT_2026-08-31,20.8,20.8,mS/m,VERIFIED,PASS,Raw - Not Yet Reviewed,Unverified data,O
2013-10-15 00:00:00+07:00,MyTho,019805,MRC_WRUP_VN_019805,MRC_EXPORT_2026-08-31,14.37,14.37,mS/m,VERIFIED,PASS,Raw - Not Yet Reviewed,Unverified data,O
2013-11-15 00:00:00+07:00,MyTho,019805,MRC_WRUP_VN_019805,MRC_EXPORT_2026-08-31,14.52,14.52,mS/m,VERIFIED,PASS,Raw - Not Yet Reviewed,Unverified data,O
2013-12-15 00:00:00+07:00,MyTho,019805,MRC_WRUP_VN_019805,MRC_EXPORT_2026-08-31,13.92,13.92,mS/m,VERIFIED,PASS,Raw - Not Yet Reviewed,Unverified data,O
2014-01-15 00:00:00+07:00,MyTho,019805,MRC_WRUP_VN_019805,MRC_EXPORT_2026-08-31,15.76,15.76,mS/m,VERIFIED,PASS,Raw - Not Yet Reviewed,Unverified data,O
2014-02-15 00:00:00+07:00,MyTho,019805,MRC_WRUP_VN_019805,MRC_EXPORT_2026-08-31,14.6,14.6,mS/m,VERIFIED,PASS,Raw - Not Yet Reviewed,Unverified data,O
2014-03-15 00:00:00+07:00,MyTho,019805,MRC_WRUP_VN_019805,MRC_EXPORT_2026-08-31,20.9,20.9,mS/m,VERIFIED,PASS,Raw - Not Yet Reviewed,Unverified data,O
2014-04-15 00:00:00+07:00,MyTho,019805,MRC_WRUP_VN_019805,MRC_EXPORT_2026-08-31,24.2,24.2,mS/m,VERIFIED,PASS,Raw - Not Yet Reviewed,Unverified data,O
2014-05-15 00:00:00+07:00,MyTho,019805,MRC_WRUP_VN_019805,MRC_EXPORT_2026-08-31,23.1,23.1,mS/m,VERIFIED,PASS,Raw - Not Yet Reviewed,Unverified data,O
2014-06-15 00:00:00+07:00,MyTho,019805,MRC_WRUP_VN_019805,MRC_EXPORT_2026-08-31,25.2,25.2,mS/m,VERIFIED,PASS,Raw - Not Yet Reviewed,Unverified data,O
2014-07-15 00:00:00+07:00,MyTho,019805,MRC_WRUP_VN_019805,MRC_EXPORT_2026-08-31,12.9,12.9,mS/m,VERIFIED,PASS,Raw - Not Yet Reviewed,Unverified data,O
2014-08-15 00:00:00+07:00,MyTho,019805,MRC_WRUP_VN_019805,MRC_EXPORT_2026-08-31,11.87,11.87,mS/m,VERIFIED,PASS,Raw - Not Yet Reviewed,Unverified data,O
2014-09-15 00:00:00+07:00,MyTho,019805,MRC_WRUP_VN_019805,MRC_EXPORT_2026-08-31,12.16,12.16,mS/m,VERIFIED,PASS,Raw - Not Yet Reviewed,Unverified data,O
2014-10-15 00:00:00+07:00,MyTho,019805,MRC_WRUP_VN_019805,MRC_EXPORT_2026-08-31,14.48,14.48,mS/m,VERIFIED,PASS,Raw - Not Yet Reviewed,Unverified data,O
2014-11-15 00:00:00+07:00,MyTho,019805,MRC_WRUP_VN_019805,MRC_EXPORT_2026-08-31,13.91,13.91,mS/m,VERIFIED,PASS,Raw - Not Yet Reviewed,Unverified data,O
2014-12-15 00:00:00+07:00,MyTho,019805,MRC_WRUP_VN_019805,MRC_EXPORT_2026-08-31,16.0,16.0,mS/m,VERIFIED,PASS,Raw - Not Yet Reviewed,Unverified data,O
2015-01-15 00:00:00+07:00,MyTho,019805,MRC_WRUP_VN_019805,MRC_EXPORT_2026-08-31,18.16,18.16,mS/m,VERIFIED,PASS,Raw - Not Yet Reviewed,Unverified data,O
2015-02-15 00:00:00+07:00,MyTho,019805,MRC_WRUP_VN_019805,MRC_EXPORT_2026-08-31,41.8,41.8,mS/m,SUSPECT,ABRUPT_JUMP_GT_19.950_MS_PER_M,Raw - Not Yet Reviewed,Unverified data,O
2015-03-15 00:00:00+07:00,MyTho,019805,MRC_WRUP_VN_019805,MRC_EXPORT_2026-08-31,42.5,42.5,mS/m,VERIFIED,PASS,Raw - Not Yet Reviewed,Unverified data,O
2015-04-15 00:00:00+07:00,MyTho,019805,MRC_WRUP_VN_019805,MRC_EXPORT_2026-08-31,31.1,31.1,mS/m,VERIFIED,PASS,Raw - Not Yet Reviewed,Unverified data,O
2015-05-15 00:00:00+07:00,MyTho,019805,MRC_WRUP_VN_019805,MRC_EXPORT_2026-08-31,29.3,29.3,mS/m,VERIFIED,PASS,Raw - Not Yet Reviewed,Unverified data,O
2015-06-15 00:00:00+07:00,MyTho,019805,MRC_WRUP_VN_019805,MRC_EXPORT_2026-08-31,40.6,40.6,mS/m,VERIFIED,PASS,Raw - Not Yet Reviewed,Unverified data,O
2015-07-15 00:00:00+07:00,MyTho,019805,MRC_WRUP_VN_019805,MRC_EXPORT_2026-08-31,21.4,21.4,mS/m,VERIFIED,PASS,Raw - Not Yet Reviewed,Unverified data,O
2015-08-15 00:00:00+07:00,MyTho,019805,MRC_WRUP_VN_019805,MRC_EXPORT_2026-08-31,14.4,14.4,mS/m,VERIFIED,PASS,Raw - Not Yet Reviewed,Unverified data,O
2015-09-15 00:00:00+07:00,MyTho,019805,MRC_WRUP_VN_019805,MRC_EXPORT_2026-08-31,13.9,13.9,mS/m,VERIFIED,PASS,Raw - Not Yet Reviewed,Unverified data,O
2015-10-15 00:00:00+07:00,MyTho,019805,MRC_WRUP_VN_019805,MRC_EXPORT_2026-08-31,12.08,12.08,mS/m,VERIFIED,PASS,Raw - Not Yet Reviewed,Unverified data,O
2015-11-15 00:00:00+07:00,MyTho,019805,MRC_WRUP_VN_019805,MRC_EXPORT_2026-08-31,13.86,13.86,mS/m,VERIFIED,PASS,Raw - Not Yet Reviewed,Unverified data,O
2015-12-15 00:00:00+07:00,MyTho,019805,MRC_WRUP_VN_019805,MRC_EXPORT_2026-08-31,16.9,16.9,mS/m,VERIFIED,PASS,Raw - Not Yet Reviewed,Unverified data,O
2016-01-15 00:00:00+07:00,MyTho,019805,MRC_WRUP_VN_019805,MRC_EXPORT_2026-08-31,173.0,173.0,mS/m,SUSPECT,"IQR_OUTLIER[0.000,67.150]; ABRUPT_JUMP_GT_19.950_MS_PER_M",Raw - Not Yet Reviewed,Unverified data,O
2016-02-15 00:00:00+07:00,MyTho,019805,MRC_WRUP_VN_019805,MRC_EXPORT_2026-08-31,91.5,91.5,mS/m,SUSPECT,"IQR_OUTLIER[0.000,67.150]; ABRUPT_JUMP_GT_19.950_MS_PER_M",Raw - Not Yet Reviewed,Unverified data,O
2016-03-15 00:00:00+07:00,MyTho,019805,MRC_WRUP_VN_019805,MRC_EXPORT_2026-08-31,385.0,385.0,mS/m,SUSPECT,"IQR_OUTLIER[0.000,67.150]; ABRUPT_JUMP_GT_19.950_MS_PER_M",Raw - Not Yet Reviewed,Unverified data,O
2016-04-15 00:00:00+07:00,MyTho,019805,MRC_WRUP_VN_019805,MRC_EXPORT_2026-08-31,103.3,103.3,mS/m,SUSPECT,"IQR_OUTLIER[0.000,67.150]; ABRUPT_JUMP_GT_19.950_MS_PER_M",Raw - Not Yet Reviewed,Unverified data,O
2016-05-15 00:00:00+07:00,MyTho,019805,MRC_WRUP_VN_019805,MRC_EXPORT_2026-08-31,32.8,32.8,mS/m,SUSPECT,ABRUPT_JUMP_GT_19.950_MS_PER_M,Raw - Not Yet Reviewed,Unverified data,O
2016-06-15 00:00:00+07:00,MyTho,019805,MRC_WRUP_VN_019805,MRC_EXPORT_2026-08-31,32.3,32.3,mS/m,VERIFIED,PASS,Raw - Not Yet Reviewed,Unverified data,O
2016-07-15 00:00:00+07:00,MyTho,019805,MRC_WRUP_VN_019805,MRC_EXPORT_2026-08-31,16.29,16.29,mS/m,VERIFIED,PASS,Raw - Not Yet Reviewed,Unverified data,O
2016-08-15 00:00:00+07:00,MyTho,019805,MRC_WRUP_VN_019805,MRC_EXPORT_2026-08-31,15.1,15.1,mS/m,VERIFIED,PASS,Raw - Not Yet Reviewed,Unverified data,O
2016-09-15 00:00:00+07:00,MyTho,019805,MRC_WRUP_VN_019805,MRC_EXPORT_2026-08-31,23.3,23.3,mS/m,VERIFIED,PASS,Raw - Not Yet Reviewed,Unverified data,O
2016-10-15 00:00:00+07:00,MyTho,019805,MRC_WRUP_VN_019805,MRC_EXPORT_2026-08-31,14.07,14.07,mS/m,VERIFIED,PASS,Raw - Not Yet Reviewed,Unverified data,O
2016-11-15 00:00:00+07:00,MyTho,019805,MRC_WRUP_VN_019805,MRC_EXPORT_2026-08-31,14.06,14.06,mS/m,VERIFIED,PASS,Raw - Not Yet Reviewed,Unverified data,O
2016-12-15 00:00:00+07:00,MyTho,019805,MRC_WRUP_VN_019805,MRC_EXPORT_2026-08-31,18.19,18.19,mS/m,VERIFIED,PASS,Raw - Not Yet Reviewed,Unverified data,O
2017-01-15 00:00:00+07:00,MyTho,019805,MRC_WRUP_VN_019805,MRC_EXPORT_2026-08-31,17.15,17.15,mS/m,VERIFIED,PASS,Raw - Not Yet Reviewed,Unverified data,O
2017-02-15 00:00:00+07:00,MyTho,019805,MRC_WRUP_VN_019805,MRC_EXPORT_2026-08-31,20.2,20.2,mS/m,VERIFIED,PASS,Raw - Not Yet Reviewed,Unverified data,O
2017-03-15 00:00:00+07:00,MyTho,019805,MRC_WRUP_VN_019805,MRC_EXPORT_2026-08-31,19.34,19.34,mS/m,VERIFIED,PASS,Raw - Not Yet Reviewed,Unverified data,O
2017-04-15 00:00:00+07:00,MyTho,019805,MRC_WRUP_VN_019805,MRC_EXPORT_2026-08-31,28.4,28.4,mS/m,VERIFIED,PASS,Raw - Not Yet Reviewed,Unverified data,O
2017-05-15 00:00:00+07:00,MyTho,019805,MRC_WRUP_VN_019805,MRC_EXPORT_2026-08-31,25.6,25.6,mS/m,VERIFIED,PASS,Raw - Not Yet Reviewed,Unverified data,O
2017-06-15 00:00:00+07:00,MyTho,019805,MRC_WRUP_VN_019805,MRC_EXPORT_2026-08-31,19.45,19.45,mS/m,VERIFIED,PASS,Raw - Not Yet Reviewed,Unverified data,O
2017-07-15 00:00:00+07:00,MyTho,019805,MRC_WRUP_VN_019805,MRC_EXPORT_2026-08-31,16.41,16.41,mS/m,VERIFIED,PASS,Raw - Not Yet Reviewed,Unverified data,O
2017-08-15 00:00:00+07:00,MyTho,019805,MRC_WRUP_VN_019805,MRC_EXPORT_2026-08-31,11.84,11.84,mS/m,VERIFIED,PASS,Raw - Not Yet Reviewed,Unverified data,O
2017-09-15 00:00:00+07:00,MyTho,019805,MRC_WRUP_VN_019805,MRC_EXPORT_2026-08-31,13.42,13.42,mS/m,VERIFIED,PASS,Raw - Not Yet Reviewed,Unverified data,O
2017-10-15 00:00:00+07:00,MyTho,019805,MRC_WRUP_VN_019805,MRC_EXPORT_2026-08-31,12.55,12.55,mS/m,VERIFIED,PASS,Raw - Not Yet Reviewed,Unverified data,O
2017-11-15 00:00:00+07:00,MyTho,019805,MRC_WRUP_VN_019805,MRC_EXPORT_2026-08-31,14.95,14.95,mS/m,VERIFIED,PASS,Raw - Not Yet Reviewed,Unverified data,O
2017-12-15 00:00:00+07:00,MyTho,019805,MRC_WRUP_VN_019805,MRC_EXPORT_2026-08-31,17.32,17.32,mS/m,VERIFIED,PASS,Raw - Not Yet Reviewed,Unverified data,O
2018-01-15 00:00:00+07:00,MyTho,019805,MRC_WRUP_VN_019805,MRC_EXPORT_2026-08-31,19.02,19.02,mS/m,VERIFIED,PASS,Raw - Not Yet Reviewed,Unverified data,O
2018-02-15 00:00:00+07:00,MyTho,019805,MRC_WRUP_VN_019805,MRC_EXPORT_2026-08-31,18.77,18.77,mS/m,VERIFIED,PASS,Raw - Not Yet Reviewed,Unverified data,O
2018-03-15 00:00:00+07:00,MyTho,019805,MRC_WRUP_VN_019805,MRC_EXPORT_2026-08-31,23.1,23.1,mS/m,VERIFIED,PASS,Raw - Not Yet Reviewed,Unverified data,O
2018-04-15 00:00:00+07:00,MyTho,019805,MRC_WRUP_VN_019805,MRC_EXPORT_2026-08-31,50.7,50.7,mS/m,SUSPECT,ABRUPT_JUMP_GT_19.950_MS_PER_M,Raw - Not Yet Reviewed,Unverified data,O
2018-05-15 00:00:00+07:00,MyTho,019805,MRC_WRUP_VN_019805,MRC_EXPORT_2026-08-31,29.0,29.0,mS/m,SUSPECT,ABRUPT_JUMP_GT_19.950_MS_PER_M,Raw - Not Yet Reviewed,Unverified data,O
2018-06-15 00:00:00+07:00,MyTho,019805,MRC_WRUP_VN_019805,MRC_EXPORT_2026-08-31,21.6,21.6,mS/m,VERIFIED,PASS,Raw - Not Yet Reviewed,Unverified data,O
2018-07-15 00:00:00+07:00,MyTho,019805,MRC_WRUP_VN_019805,MRC_EXPORT_2026-08-31,24.0,24.0,mS/m,VERIFIED,PASS,Raw - Not Yet Reviewed,Unverified data,O
2018-08-15 00:00:00+07:00,MyTho,019805,MRC_WRUP_VN_019805,MRC_EXPORT_2026-08-31,22.1,22.1,mS/m,VERIFIED,PASS,Raw - Not Yet Reviewed,Unverified data,O
2018-09-15 00:00:00+07:00,MyTho,019805,MRC_WRUP_VN_019805,MRC_EXPORT_2026-08-31,13.57,13.57,mS/m,VERIFIED,PASS,Raw - Not Yet Reviewed,Unverified data,O
2018-10-15 00:00:00+07:00,MyTho,019805,MRC_WRUP_VN_019805,MRC_EXPORT_2026-08-31,15.3,15.3,mS/m,VERIFIED,PASS,Raw - Not Yet Reviewed,Unverified data,O
2018-11-15 00:00:00+07:00,MyTho,019805,MRC_WRUP_VN_019805,MRC_EXPORT_2026-08-31,16.04,16.04,mS/m,VERIFIED,PASS,Raw - Not Yet Reviewed,Unverified data,O
2018-12-15 00:00:00+07:00,MyTho,019805,MRC_WRUP_VN_019805,MRC_EXPORT_2026-08-31,16.64,16.64,mS/m,VERIFIED,PASS,Raw - Not Yet Reviewed,Unverified data,O
2019-01-15 00:00:00+07:00,MyTho,019805,MRC_WRUP_VN_019805,MRC_EXPORT_2026-08-31,19.58,19.58,mS/m,VERIFIED,PASS,Raw - Not Yet Reviewed,Unverified data,O
2019-02-15 00:00:00+07:00,MyTho,019805,MRC_WRUP_VN_019805,MRC_EXPORT_2026-08-31,23.3,23.3,mS/m,VERIFIED,PASS,Raw - Not Yet Reviewed,Unverified data,O
2019-03-15 00:00:00+07:00,MyTho,019805,MRC_WRUP_VN_019805,MRC_EXPORT_2026-08-31,31.5,31.5,mS/m,VERIFIED,PASS,Raw - Not Yet Reviewed,Unverified data,O
2019-04-16 00:00:00+07:00,MyTho,019805,MRC_WRUP_VN_019805,MRC_EXPORT_2026-08-31,26.7,26.7,mS/m,VERIFIED,PASS,Raw - Not Yet Reviewed,Unverified data,O
2019-05-15 00:00:00+07:00,MyTho,019805,MRC_WRUP_VN_019805,MRC_EXPORT_2026-08-31,57.4,57.4,mS/m,SUSPECT,ABRUPT_JUMP_GT_19.950_MS_PER_M,Raw - Not Yet Reviewed,Unverified data,O
2019-06-15 00:00:00+07:00,MyTho,019805,MRC_WRUP_VN_019805,MRC_EXPORT_2026-08-31,25.8,25.8,mS/m,SUSPECT,ABRUPT_JUMP_GT_19.950_MS_PER_M,Raw - Not Yet Reviewed,Unverified data,O
2019-07-15 00:00:00+07:00,MyTho,019805,MRC_WRUP_VN_019805,MRC_EXPORT_2026-08-31,24.1,24.1,mS/m,VERIFIED,PASS,Raw - Not Yet Reviewed,Unverified data,O
2019-08-15 00:00:00+07:00,MyTho,019805,MRC_WRUP_VN_019805,MRC_EXPORT_2026-08-31,15.95,15.95,mS/m,VERIFIED,PASS,Raw - Not Yet Reviewed,Unverified data,O
2019-09-16 00:00:00+07:00,MyTho,019805,MRC_WRUP_VN_019805,MRC_EXPORT_2026-08-31,8.75,8.75,mS/m,VERIFIED,PASS,Raw - Not Yet Reviewed,Unverified data,O
2019-10-15 00:00:00+07:00,MyTho,019805,MRC_WRUP_VN_019805,MRC_EXPORT_2026-08-31,13.99,13.99,mS/m,VERIFIED,PASS,Raw - Not Yet Reviewed,Unverified data,O
2019-11-15 00:00:00+07:00,MyTho,019805,MRC_WRUP_VN_019805,MRC_EXPORT_2026-08-31,16.53,16.53,mS/m,VERIFIED,PASS,Raw - Not Yet Reviewed,Unverified data,O
2019-12-15 00:00:00+07:00,MyTho,019805,MRC_WRUP_VN_019805,MRC_EXPORT_2026-08-31,47.7,47.7,mS/m,SUSPECT,ABRUPT_JUMP_GT_19.950_MS_PER_M,Raw - Not Yet Reviewed,Unverified data,O
2020-01-15 00:00:00+07:00,MyTho,019805,MRC_WRUP_VN_019805,MRC_EXPORT_2026-08-31,22.1,22.1,mS/m,SUSPECT,ABRUPT_JUMP_GT_19.950_MS_PER_M,Raw - Not Yet Reviewed,Unverified data,O
2020-02-15 00:00:00+07:00,MyTho,019805,MRC_WRUP_VN_019805,MRC_EXPORT_2026-08-31,558.0,558.0,mS/m,SUSPECT,"IQR_OUTLIER[0.000,67.150]; ABRUPT_JUMP_GT_19.950_MS_PER_M",Raw - Not Yet Reviewed,Unverified data,O
2020-03-15 00:00:00+07:00,MyTho,019805,MRC_WRUP_VN_019805,MRC_EXPORT_2026-08-31,692.0,692.0,mS/m,SUSPECT,"IQR_OUTLIER[0.000,67.150]; ABRUPT_JUMP_GT_19.950_MS_PER_M",Raw - Not Yet Reviewed,Unverified data,O
2020-04-16 00:00:00+07:00,MyTho,019805,MRC_WRUP_VN_019805,MRC_EXPORT_2026-08-31,607.0,607.0,mS/m,SUSPECT,"IQR_OUTLIER[0.000,67.150]; ABRUPT_JUMP_GT_19.950_MS_PER_M",Raw - Not Yet Reviewed,Unverified data,O
2020-05-15 00:00:00+07:00,MyTho,019805,MRC_WRUP_VN_019805,MRC_EXPORT_2026-08-31,398.0,398.0,mS/m,SUSPECT,"IQR_OUTLIER[0.000,67.150]; ABRUPT_JUMP_GT_19.950_MS_PER_M",Raw - Not Yet Reviewed,Unverified data,O
2020-06-15 00:00:00+07:00,MyTho,019805,MRC_WRUP_VN_019805,MRC_EXPORT_2026-08-31,55.8,55.8,mS/m,SUSPECT,ABRUPT_JUMP_GT_19.950_MS_PER_M,Raw - Not Yet Reviewed,Unverified data,O
2020-07-15 00:00:00+07:00,MyTho,019805,MRC_WRUP_VN_019805,MRC_EXPORT_2026-08-31,36.4,36.4,mS/m,VERIFIED,PASS,Raw - Not Yet Reviewed,Unverified data,O
2020-08-15 00:00:00+07:00,MyTho,019805,MRC_WRUP_VN_019805,MRC_EXPORT_2026-08-31,22.8,22.8,mS/m,VERIFIED,PASS,Raw - Not Yet Reviewed,Unverified data,O
2020-09-15 00:00:00+07:00,MyTho,019805,MRC_WRUP_VN_019805,MRC_EXPORT_2026-08-31,20.7,20.7,mS/m,VERIFIED,PASS,Raw - Not Yet Reviewed,Unverified data,O
2020-10-15 00:00:00+07:00,MyTho,019805,MRC_WRUP_VN_019805,MRC_EXPORT_2026-08-31,20.95,20.95,mS/m,VERIFIED,PASS,Raw - Not Yet Reviewed,Unverified data,O
2020-11-15 00:00:00+07:00,MyTho,019805,MRC_WRUP_VN_019805,MRC_EXPORT_2026-08-31,22.85,22.85,mS/m,VERIFIED,PASS,Raw - Not Yet Reviewed,Unverified data,O
2020-12-15 00:00:00+07:00,MyTho,019805,MRC_WRUP_VN_019805,MRC_EXPORT_2026-08-31,22.15,22.15,mS/m,VERIFIED,PASS,Raw - Not Yet Reviewed,Unverified data,O
2021-01-15 00:00:00+07:00,MyTho,019805,MRC_WRUP_VN_019805,MRC_EXPORT_2026-08-31,19.74,19.74,mS/m,VERIFIED,PASS,Raw - Not Yet Reviewed,Unverified data,O
2021-02-15 00:00:00+07:00,MyTho,019805,MRC_WRUP_VN_019805,MRC_EXPORT_2026-08-31,55.2,55.2,mS/m,SUSPECT,ABRUPT_JUMP_GT_19.950_MS_PER_M,Raw - Not Yet Reviewed,Unverified data,O
2021-03-15 00:00:00+07:00,MyTho,019805,MRC_WRUP_VN_019805,MRC_EXPORT_2026-08-31,191.5,191.5,mS/m,SUSPECT,"IQR_OUTLIER[0.000,67.150]; ABRUPT_JUMP_GT_19.950_MS_PER_M",Raw - Not Yet Reviewed,Unverified data,O
2021-04-15 00:00:00+07:00,MyTho,019805,MRC_WRUP_VN_019805,MRC_EXPORT_2026-08-31,194.5,194.5,mS/m,SUSPECT,"IQR_OUTLIER[0.000,67.150]",Raw - Not Yet Reviewed,Unverified data,O
2021-05-15 00:00:00+07:00,MyTho,019805,MRC_WRUP_VN_019805,MRC_EXPORT_2026-08-31,34.0,34.0,mS/m,SUSPECT,ABRUPT_JUMP_GT_19.950_MS_PER_M,Raw - Not Yet Reviewed,Unverified data,O
2021-06-15 00:00:00+07:00,MyTho,019805,MRC_WRUP_VN_019805,MRC_EXPORT_2026-08-31,31.3,31.3,mS/m,VERIFIED,PASS,Raw - Not Yet Reviewed,Unverified data,O
2021-07-15 00:00:00+07:00,MyTho,019805,MRC_WRUP_VN_019805,MRC_EXPORT_2026-08-31,35.0,35.0,mS/m,VERIFIED,PASS,Raw - Not Yet Reviewed,Unverified data,O
2021-08-15 00:00:00+07:00,MyTho,019805,MRC_WRUP_VN_019805,MRC_EXPORT_2026-08-31,20.0,20.0,mS/m,VERIFIED,PASS,Raw - Not Yet Reviewed,Unverified data,O
2021-09-15 00:00:00+07:00,MyTho,019805,MRC_WRUP_VN_019805,MRC_EXPORT_2026-08-31,14.44,14.44,mS/m,VERIFIED,PASS,Raw - Not Yet Reviewed,Unverified data,O
2021-10-15 00:00:00+07:00,MyTho,019805,MRC_WRUP_VN_019805,MRC_EXPORT_2026-08-31,16.96,16.96,mS/m,VERIFIED,PASS,Raw - Not Yet Reviewed,Unverified data,O
2021-11-15 00:00:00+07:00,MyTho,019805,MRC_WRUP_VN_019805,MRC_EXPORT_2026-08-31,20.3,20.3,mS/m,VERIFIED,PASS,Raw - Not Yet Reviewed,Unverified data,O
2021-12-15 00:00:00+07:00,MyTho,019805,MRC_WRUP_VN_019805,MRC_EXPORT_2026-08-31,19.43,19.43,mS/m,VERIFIED,PASS,Raw - Not Yet Reviewed,Unverified data,O
2022-01-15 00:00:00+07:00,MyTho,019805,MRC_WRUP_VN_019805,MRC_EXPORT_2026-08-31,18.5,18.5,mS/m,VERIFIED,PASS,Raw - Not Yet Reviewed,Unverified data,O
2022-02-15 00:00:00+07:00,MyTho,019805,MRC_WRUP_VN_019805,MRC_EXPORT_2026-08-31,50.0,50.0,mS/m,SUSPECT,ABRUPT_JUMP_GT_19.950_MS_PER_M,Raw - Not Yet Reviewed,Unverified data,O
2022-03-15 00:00:00+07:00,MyTho,019805,MRC_WRUP_VN_019805,MRC_EXPORT_2026-08-31,38.7,38.7,mS/m,VERIFIED,PASS,Raw - Not Yet Reviewed,Unverified data,O
2022-04-15 00:00:00+07:00,MyTho,019805,MRC_WRUP_VN_019805,MRC_EXPORT_2026-08-31,25.7,25.7,mS/m,VERIFIED,PASS,Raw - Not Yet Reviewed,Unverified data,O
2022-05-15 00:00:00+07:00,MyTho,019805,MRC_WRUP_VN_019805,MRC_EXPORT_2026-08-31,33.0,33.0,mS/m,VERIFIED,PASS,Raw - Not Yet Reviewed,Unverified data,O
2022-06-15 00:00:00+07:00,MyTho,019805,MRC_WRUP_VN_019805,MRC_EXPORT_2026-08-31,23.7,23.7,mS/m,VERIFIED,PASS,Raw - Not Yet Reviewed,Unverified data,O
2022-07-15 00:00:00+07:00,MyTho,019805,MRC_WRUP_VN_019805,MRC_EXPORT_2026-08-31,24.6,24.6,mS/m,VERIFIED,PASS,Raw - Not Yet Reviewed,Unverified data,O
2022-08-15 00:00:00+07:00,MyTho,019805,MRC_WRUP_VN_019805,MRC_EXPORT_2026-08-31,16.68,16.68,mS/m,VERIFIED,PASS,Raw - Not Yet Reviewed,Unverified data,O
2022-09-15 00:00:00+07:00,MyTho,019805,MRC_WRUP_VN_019805,MRC_EXPORT_2026-08-31,16.3,16.3,mS/m,VERIFIED,PASS,Raw - Not Yet Reviewed,Unverified data,O
2022-10-15 00:00:00+07:00,MyTho,019805,MRC_WRUP_VN_019805,MRC_EXPORT_2026-08-31,13.53,13.53,mS/m,VERIFIED,PASS,Raw - Not Yet Reviewed,Unverified data,O
2022-11-15 00:00:00+07:00,MyTho,019805,MRC_WRUP_VN_019805,MRC_EXPORT_2026-08-31,18.62,18.62,mS/m,VERIFIED,PASS,Raw - Not Yet Reviewed,Unverified data,O
2022-12-15 00:00:00+07:00,MyTho,019805,MRC_WRUP_VN_019805,MRC_EXPORT_2026-08-31,17.15,17.15,mS/m,VERIFIED,PASS,Raw - Not Yet Reviewed,Unverified data,O
2023-01-15 00:00:00+07:00,MyTho,019805,MRC_WRUP_VN_019805,MRC_EXPORT_2026-08-31,19.36,19.36,mS/m,VERIFIED,PASS,Raw - Not Yet Reviewed,Unverified data,O
2023-02-15 00:00:00+07:00,MyTho,019805,MRC_WRUP_VN_019805,MRC_EXPORT_2026-08-31,25.9,25.9,mS/m,VERIFIED,PASS,Raw - Not Yet Reviewed,Unverified data,O
2023-03-15 00:00:00+07:00,MyTho,019805,MRC_WRUP_VN_019805,MRC_EXPORT_2026-08-31,78.3,78.3,mS/m,SUSPECT,"IQR_OUTLIER[0.000,67.150]; ABRUPT_JUMP_GT_19.950_MS_PER_M",Raw - Not Yet Reviewed,Unverified data,O
2023-04-15 00:00:00+07:00,MyTho,019805,MRC_WRUP_VN_019805,MRC_EXPORT_2026-08-31,45.1,45.1,mS/m,SUSPECT,ABRUPT_JUMP_GT_19.950_MS_PER_M,Raw - Not Yet Reviewed,Unverified data,O
2023-05-15 00:00:00+07:00,MyTho,019805,MRC_WRUP_VN_019805,MRC_EXPORT_2026-08-31,39.5,39.5,mS/m,VERIFIED,PASS,Raw - Not Yet Reviewed,Unverified data,O
2023-06-15 00:00:00+07:00,MyTho,019805,MRC_WRUP_VN_019805,MRC_EXPORT_2026-08-31,37.9,37.9,mS/m,VERIFIED,PASS,Raw - Not Yet Reviewed,Unverified data,O
2023-07-15 00:00:00+07:00,MyTho,019805,MRC_WRUP_VN_019805,MRC_EXPORT_2026-08-31,32.7,32.7,mS/m,VERIFIED,PASS,Raw - Not Yet Reviewed,Unverified data,O
2023-08-15 00:00:00+07:00,MyTho,019805,MRC_WRUP_VN_019805,MRC_EXPORT_2026-08-31,14.8,14.8,mS/m,VERIFIED,PASS,Raw - Not Yet Reviewed,Unverified data,O
2023-09-15 00:00:00+07:00,MyTho,019805,MRC_WRUP_VN_019805,MRC_EXPORT_2026-08-31,14.5,14.5,mS/m,VERIFIED,PASS,Raw - Not Yet Reviewed,Unverified data,O
2023-10-15 00:00:00+07:00,MyTho,019805,MRC_WRUP_VN_019805,MRC_EXPORT_2026-08-31,16.4,16.4,mS/m,VERIFIED,PASS,Raw - Not Yet Reviewed,Unverified data,O
2023-11-15 00:00:00+07:00,MyTho,019805,MRC_WRUP_VN_019805,MRC_EXPORT_2026-08-31,15.7,15.7,mS/m,VERIFIED,PASS,Raw - Not Yet Reviewed,Unverified data,O
2023-12-15 00:00:00+07:00,MyTho,019805,MRC_WRUP_VN_019805,MRC_EXPORT_2026-08-31,15.4,15.4,mS/m,VERIFIED,PASS,Raw - Not Yet Reviewed,Unverified data,O
1985-05-15 00:00:00+07:00,TanChau,019803,MRC_WRUP_VN_019803,MRC_EXPORT_2026-08-31,13.8,13.8,mS/m,VERIFIED,PASS,Raw - Not Yet Reviewed,Unverified data,O
1985-06-26 00:00:00+07:00,TanChau,019803,MRC_WRUP_VN_019803,MRC_EXPORT_2026-08-31,7.5,7.5,mS/m,VERIFIED,PASS,Raw - Not Yet Reviewed,Unverified data,O
1985-07-16 00:00:00+07:00,TanChau,019803,MRC_WRUP_VN_019803,MRC_EXPORT_2026-08-31,9.7,9.7,mS/m,VERIFIED,PASS,Raw - Not Yet Reviewed,Unverified data,O
1985-08-15 00:00:00+07:00,TanChau,019803,MRC_WRUP_VN_019803,MRC_EXPORT_2026-08-31,11.3,11.3,mS/m,VERIFIED,PASS,Raw - Not Yet Reviewed,Unverified data,O
1985-09-19 00:00:00+07:00,TanChau,019803,MRC_WRUP_VN_019803,MRC_EXPORT_2026-08-31,11.2,11.2,mS/m,VERIFIED,PASS,Raw - Not Yet Reviewed,Unverified data,O
1985-10-15 00:00:00+07:00,TanChau,019803,MRC_WRUP_VN_019803,MRC_EXPORT_2026-08-31,14.7,14.7,mS/m,VERIFIED,PASS,Raw - Not Yet Reviewed,Unverified data,O
1985-11-15 00:00:00+07:00,TanChau,019803,MRC_WRUP_VN_019803,MRC_EXPORT_2026-08-31,12.7,12.7,mS/m,VERIFIED,PASS,Raw - Not Yet Reviewed,Unverified data,O
1985-12-17 00:00:00+07:00,TanChau,019803,MRC_WRUP_VN_019803,MRC_EXPORT_2026-08-31,13.0,13.0,mS/m,VERIFIED,PASS,Raw - Not Yet Reviewed,Unverified data,O
1986-01-14 00:00:00+07:00,TanChau,019803,MRC_WRUP_VN_019803,MRC_EXPORT_2026-08-31,13.7,13.7,mS/m,VERIFIED,PASS,Raw - Not Yet Reviewed,Unverified data,O
1986-02-15 00:00:00+07:00,TanChau,019803,MRC_WRUP_VN_019803,MRC_EXPORT_2026-08-31,8.6,8.6,mS/m,VERIFIED,PASS,Raw - Not Yet Reviewed,Unverified data,O
1986-03-14 00:00:00+07:00,TanChau,019803,MRC_WRUP_VN_019803,MRC_EXPORT_2026-08-31,17.3,17.3,mS/m,SUSPECT,ABRUPT_JUMP_GT_8.610_MS_PER_M,Raw - Not Yet Reviewed,Unverified data,O
1986-04-14 00:00:00+07:00,TanChau,019803,MRC_WRUP_VN_019803,MRC_EXPORT_2026-08-31,20.6,20.6,mS/m,VERIFIED,PASS,Raw - Not Yet Reviewed,Unverified data,O
1986-05-15 00:00:00+07:00,TanChau,019803,MRC_WRUP_VN_019803,MRC_EXPORT_2026-08-31,21.4,21.4,mS/m,VERIFIED,PASS,Raw - Not Yet Reviewed,Unverified data,O
1986-06-15 00:00:00+07:00,TanChau,019803,MRC_WRUP_VN_019803,MRC_EXPORT_2026-08-31,13.0,13.0,mS/m,VERIFIED,PASS,Raw - Not Yet Reviewed,Unverified data,O
1986-07-15 00:00:00+07:00,TanChau,019803,MRC_WRUP_VN_019803,MRC_EXPORT_2026-08-31,12.0,12.0,mS/m,VERIFIED,PASS,Raw - Not Yet Reviewed,Unverified data,O
1986-08-14 00:00:00+07:00,TanChau,019803,MRC_WRUP_VN_019803,MRC_EXPORT_2026-08-31,9.7,9.7,mS/m,VERIFIED,PASS,Raw - Not Yet Reviewed,Unverified data,O
1986-09-14 00:00:00+07:00,TanChau,019803,MRC_WRUP_VN_019803,MRC_EXPORT_2026-08-31,8.8,8.8,mS/m,VERIFIED,PASS,Raw - Not Yet Reviewed,Unverified data,O
1986-10-14 00:00:00+07:00,TanChau,019803,MRC_WRUP_VN_019803,MRC_EXPORT_2026-08-31,10.2,10.2,mS/m,VERIFIED,PASS,Raw - Not Yet Reviewed,Unverified data,O
1986-11-14 00:00:00+07:00,TanChau,019803,MRC_WRUP_VN_019803,MRC_EXPORT_2026-08-31,10.9,10.9,mS/m,VERIFIED,PASS,Raw - Not Yet Reviewed,Unverified data,O
1986-12-14 00:00:00+07:00,TanChau,019803,MRC_WRUP_VN_019803,MRC_EXPORT_2026-08-31,11.5,11.5,mS/m,VERIFIED,PASS,Raw - Not Yet Reviewed,Unverified data,O
1987-01-14 00:00:00+07:00,TanChau,019803,MRC_WRUP_VN_019803,MRC_EXPORT_2026-08-31,13.1,13.1,mS/m,VERIFIED,PASS,Raw - Not Yet Reviewed,Unverified data,O
1987-02-14 00:00:00+07:00,TanChau,019803,MRC_WRUP_VN_019803,MRC_EXPORT_2026-08-31,14.9,14.9,mS/m,VERIFIED,PASS,Raw - Not Yet Reviewed,Unverified data,O
1987-03-14 00:00:00+07:00,TanChau,019803,MRC_WRUP_VN_019803,MRC_EXPORT_2026-08-31,17.6,17.6,mS/m,VERIFIED,PASS,Raw - Not Yet Reviewed,Unverified data,O
1987-04-14 00:00:00+07:00,TanChau,019803,MRC_WRUP_VN_019803,MRC_EXPORT_2026-08-31,19.1,19.1,mS/m,VERIFIED,PASS,Raw - Not Yet Reviewed,Unverified data,O
1987-05-14 00:00:00+07:00,TanChau,019803,MRC_WRUP_VN_019803,MRC_EXPORT_2026-08-31,20.1,20.1,mS/m,VERIFIED,PASS,Raw - Not Yet Reviewed,Unverified data,O
1987-06-14 00:00:00+07:00,TanChau,019803,MRC_WRUP_VN_019803,MRC_EXPORT_2026-08-31,21.0,21.0,mS/m,VERIFIED,PASS,Raw - Not Yet Reviewed,Unverified data,O
1987-07-14 00:00:00+07:00,TanChau,019803,MRC_WRUP_VN_019803,MRC_EXPORT_2026-08-31,8.6,8.6,mS/m,SUSPECT,ABRUPT_JUMP_GT_8.610_MS_PER_M,Raw - Not Yet Reviewed,Unverified data,O
1987-08-14 00:00:00+07:00,TanChau,019803,MRC_WRUP_VN_019803,MRC_EXPORT_2026-08-31,22.5,22.5,mS/m,SUSPECT,ABRUPT_JUMP_GT_8.610_MS_PER_M,Raw - Not Yet Reviewed,Unverified data,O
1987-09-14 00:00:00+07:00,TanChau,019803,MRC_WRUP_VN_019803,MRC_EXPORT_2026-08-31,10.2,10.2,mS/m,SUSPECT,ABRUPT_JUMP_GT_8.610_MS_PER_M,Raw - Not Yet Reviewed,Unverified data,O
1987-10-14 00:00:00+07:00,TanChau,019803,MRC_WRUP_VN_019803,MRC_EXPORT_2026-08-31,13.4,13.4,mS/m,VERIFIED,PASS,Raw - Not Yet Reviewed,Unverified data,O
1987-11-14 00:00:00+07:00,TanChau,019803,MRC_WRUP_VN_019803,MRC_EXPORT_2026-08-31,14.1,14.1,mS/m,VERIFIED,PASS,Raw - Not Yet Reviewed,Unverified data,O
1987-12-14 00:00:00+07:00,TanChau,019803,MRC_WRUP_VN_019803,MRC_EXPORT_2026-08-31,13.4,13.4,mS/m,VERIFIED,PASS,Raw - Not Yet Reviewed,Unverified data,O
1988-01-14 00:00:00+07:00,TanChau,019803,MRC_WRUP_VN_019803,MRC_EXPORT_2026-08-31,13.8,13.8,mS/m,VERIFIED,PASS,Raw - Not Yet Reviewed,Unverified data,O
1988-02-14 00:00:00+07:00,TanChau,019803,MRC_WRUP_VN_019803,MRC_EXPORT_2026-08-31,16.0,16.0,mS/m,VERIFIED,PASS,Raw - Not Yet Reviewed,Unverified data,O
1988-03-14 00:00:00+07:00,TanChau,019803,MRC_WRUP_VN_019803,MRC_EXPORT_2026-08-31,18.7,18.7,mS/m,VERIFIED,PASS,Raw - Not Yet Reviewed,Unverified data,O
1988-04-14 00:00:00+07:00,TanChau,019803,MRC_WRUP_VN_019803,MRC_EXPORT_2026-08-31,21.6,21.6,mS/m,VERIFIED,PASS,Raw - Not Yet Reviewed,Unverified data,O
1988-05-14 00:00:00+07:00,TanChau,019803,MRC_WRUP_VN_019803,MRC_EXPORT_2026-08-31,22.2,22.2,mS/m,VERIFIED,PASS,Raw - Not Yet Reviewed,Unverified data,O
1988-06-14 00:00:00+07:00,TanChau,019803,MRC_WRUP_VN_019803,MRC_EXPORT_2026-08-31,13.7,13.7,mS/m,VERIFIED,PASS,Raw - Not Yet Reviewed,Unverified data,O
1988-07-14 00:00:00+07:00,TanChau,019803,MRC_WRUP_VN_019803,MRC_EXPORT_2026-08-31,13.8,13.8,mS/m,VERIFIED,PASS,Raw - Not Yet Reviewed,Unverified data,O
1988-08-14 00:00:00+07:00,TanChau,019803,MRC_WRUP_VN_019803,MRC_EXPORT_2026-08-31,10.8,10.8,mS/m,VERIFIED,PASS,Raw - Not Yet Reviewed,Unverified data,O
1988-09-14 00:00:00+07:00,TanChau,019803,MRC_WRUP_VN_019803,MRC_EXPORT_2026-08-31,13.4,13.4,mS/m,VERIFIED,PASS,Raw - Not Yet Reviewed,Unverified data,O
1988-10-14 00:00:00+07:00,TanChau,019803,MRC_WRUP_VN_019803,MRC_EXPORT_2026-08-31,9.0,9.0,mS/m,VERIFIED,PASS,Raw - Not Yet Reviewed,Unverified data,O
1988-11-14 00:00:00+07:00,TanChau,019803,MRC_WRUP_VN_019803,MRC_EXPORT_2026-08-31,11.7,11.7,mS/m,VERIFIED,PASS,Raw - Not Yet Reviewed,Unverified data,O
1988-12-14 00:00:00+07:00,TanChau,019803,MRC_WRUP_VN_019803,MRC_EXPORT_2026-08-31,12.9,12.9,mS/m,VERIFIED,PASS,Raw - Not Yet Reviewed,Unverified data,O
1989-01-14 00:00:00+07:00,TanChau,019803,MRC_WRUP_VN_019803,MRC_EXPORT_2026-08-31,15.7,15.7,mS/m,VERIFIED,PASS,Raw - Not Yet Reviewed,Unverified data,O
1989-02-14 00:00:00+07:00,TanChau,019803,MRC_WRUP_VN_019803,MRC_EXPORT_2026-08-31,16.0,16.0,mS/m,VERIFIED,PASS,Raw - Not Yet Reviewed,Unverified data,O
1989-03-14 00:00:00+07:00,TanChau,019803,MRC_WRUP_VN_019803,MRC_EXPORT_2026-08-31,19.0,19.0,mS/m,VERIFIED,PASS,Raw - Not Yet Reviewed,Unverified data,O
1989-04-14 00:00:00+07:00,TanChau,019803,MRC_WRUP_VN_019803,MRC_EXPORT_2026-08-31,20.8,20.8,mS/m,VERIFIED,PASS,Raw - Not Yet Reviewed,Unverified data,O
1989-05-15 00:00:00+07:00,TanChau,019803,MRC_WRUP_VN_019803,MRC_EXPORT_2026-08-31,22.5,22.5,mS/m,VERIFIED,PASS,Raw - Not Yet Reviewed,Unverified data,O
1989-06-14 00:00:00+07:00,TanChau,019803,MRC_WRUP_VN_019803,MRC_EXPORT_2026-08-31,16.0,16.0,mS/m,VERIFIED,PASS,Raw - Not Yet Reviewed,Unverified data,O
1989-07-14 00:00:00+07:00,TanChau,019803,MRC_WRUP_VN_019803,MRC_EXPORT_2026-08-31,14.8,14.8,mS/m,VERIFIED,PASS,Raw - Not Yet Reviewed,Unverified data,O
1989-08-14 00:00:00+07:00,TanChau,019803,MRC_WRUP_VN_019803,MRC_EXPORT_2026-08-31,11.3,11.3,mS/m,VERIFIED,PASS,Raw - Not Yet Reviewed,Unverified data,O
1989-09-14 00:00:00+07:00,TanChau,019803,MRC_WRUP_VN_019803,MRC_EXPORT_2026-08-31,11.2,11.2,mS/m,VERIFIED,PASS,Raw - Not Yet Reviewed,Unverified data,O
1989-10-14 00:00:00+07:00,TanChau,019803,MRC_WRUP_VN_019803,MRC_EXPORT_2026-08-31,13.7,13.7,mS/m,VERIFIED,PASS,Raw - Not Yet Reviewed,Unverified data,O
1989-11-14 00:00:00+07:00,TanChau,019803,MRC_WRUP_VN_019803,MRC_EXPORT_2026-08-31,14.4,14.4,mS/m,VERIFIED,PASS,Raw - Not Yet Reviewed,Unverified data,O
1989-12-14 00:00:00+07:00,TanChau,019803,MRC_WRUP_VN_019803,MRC_EXPORT_2026-08-31,13.4,13.4,mS/m,VERIFIED,PASS,Raw - Not Yet Reviewed,Unverified data,O
1990-01-14 00:00:00+07:00,TanChau,019803,MRC_WRUP_VN_019803,MRC_EXPORT_2026-08-31,14.2,14.2,mS/m,VERIFIED,PASS,Raw - Not Yet Reviewed,Unverified data,O
1990-02-14 00:00:00+07:00,TanChau,019803,MRC_WRUP_VN_019803,MRC_EXPORT_2026-08-31,17.5,17.5,mS/m,VERIFIED,PASS,Raw - Not Yet Reviewed,Unverified data,O
1990-03-14 00:00:00+07:00,TanChau,019803,MRC_WRUP_VN_019803,MRC_EXPORT_2026-08-31,21.3,21.3,mS/m,VERIFIED,PASS,Raw - Not Yet Reviewed,Unverified data,O
1990-04-14 00:00:00+07:00,TanChau,019803,MRC_WRUP_VN_019803,MRC_EXPORT_2026-08-31,22.7,22.7,mS/m,VERIFIED,PASS,Raw - Not Yet Reviewed,Unverified data,O
1990-05-14 00:00:00+07:00,TanChau,019803,MRC_WRUP_VN_019803,MRC_EXPORT_2026-08-31,19.9,19.9,mS/m,VERIFIED,PASS,Raw - Not Yet Reviewed,Unverified data,O
1990-06-14 00:00:00+07:00,TanChau,019803,MRC_WRUP_VN_019803,MRC_EXPORT_2026-08-31,16.3,16.3,mS/m,VERIFIED,PASS,Raw - Not Yet Reviewed,Unverified data,O
1990-07-14 00:00:00+07:00,TanChau,019803,MRC_WRUP_VN_019803,MRC_EXPORT_2026-08-31,14.2,14.2,mS/m,VERIFIED,PASS,Raw - Not Yet Reviewed,Unverified data,O
1990-08-14 00:00:00+07:00,TanChau,019803,MRC_WRUP_VN_019803,MRC_EXPORT_2026-08-31,12.5,12.5,mS/m,VERIFIED,PASS,Raw - Not Yet Reviewed,Unverified data,O
1990-09-14 00:00:00+07:00,TanChau,019803,MRC_WRUP_VN_019803,MRC_EXPORT_2026-08-31,9.8,9.8,mS/m,VERIFIED,PASS,Raw - Not Yet Reviewed,Unverified data,O
1990-10-14 00:00:00+07:00,TanChau,019803,MRC_WRUP_VN_019803,MRC_EXPORT_2026-08-31,14.5,14.5,mS/m,VERIFIED,PASS,Raw - Not Yet Reviewed,Unverified data,O
1990-11-14 00:00:00+07:00,TanChau,019803,MRC_WRUP_VN_019803,MRC_EXPORT_2026-08-31,13.4,13.4,mS/m,VERIFIED,PASS,Raw - Not Yet Reviewed,Unverified data,O
1990-12-14 00:00:00+07:00,TanChau,019803,MRC_WRUP_VN_019803,MRC_EXPORT_2026-08-31,13.5,13.5,mS/m,VERIFIED,PASS,Raw - Not Yet Reviewed,Unverified data,O
1991-01-14 00:00:00+07:00,TanChau,019803,MRC_WRUP_VN_019803,MRC_EXPORT_2026-08-31,14.9,14.9,mS/m,VERIFIED,PASS,Raw - Not Yet Reviewed,Unverified data,O
1991-02-09 00:00:00+07:00,TanChau,019803,MRC_WRUP_VN_019803,MRC_EXPORT_2026-08-31,15.8,15.8,mS/m,VERIFIED,PASS,Raw - Not Yet Reviewed,Unverified data,O
1991-03-14 00:00:00+07:00,TanChau,019803,MRC_WRUP_VN_019803,MRC_EXPORT_2026-08-31,16.9,16.9,mS/m,VERIFIED,PASS,Raw - Not Yet Reviewed,Unverified data,O
1991-04-14 00:00:00+07:00,TanChau,019803,MRC_WRUP_VN_019803,MRC_EXPORT_2026-08-31,19.5,19.5,mS/m,VERIFIED,PASS,Raw - Not Yet Reviewed,Unverified data,O
1991-05-14 00:00:00+07:00,TanChau,019803,MRC_WRUP_VN_019803,MRC_EXPORT_2026-08-31,22.0,22.0,mS/m,VERIFIED,PASS,Raw - Not Yet Reviewed,Unverified data,O
1991-06-14 00:00:00+07:00,TanChau,019803,MRC_WRUP_VN_019803,MRC_EXPORT_2026-08-31,21.0,21.0,mS/m,VERIFIED,PASS,Raw - Not Yet Reviewed,Unverified data,O
1991-07-14 00:00:00+07:00,TanChau,019803,MRC_WRUP_VN_019803,MRC_EXPORT_2026-08-31,15.9,15.9,mS/m,VERIFIED,PASS,Raw - Not Yet Reviewed,Unverified data,O
1991-08-14 00:00:00+07:00,TanChau,019803,MRC_WRUP_VN_019803,MRC_EXPORT_2026-08-31,10.5,10.5,mS/m,VERIFIED,PASS,Raw - Not Yet Reviewed,Unverified data,O
1991-09-14 00:00:00+07:00,TanChau,019803,MRC_WRUP_VN_019803,MRC_EXPORT_2026-08-31,9.9,9.9,mS/m,VERIFIED,PASS,Raw - Not Yet Reviewed,Unverified data,O
1991-10-14 00:00:00+07:00,TanChau,019803,MRC_WRUP_VN_019803,MRC_EXPORT_2026-08-31,10.9,10.9,mS/m,VERIFIED,PASS,Raw - Not Yet Reviewed,Unverified data,O
1991-11-14 00:00:00+07:00,TanChau,019803,MRC_WRUP_VN_019803,MRC_EXPORT_2026-08-31,13.8,13.8,mS/m,VERIFIED,PASS,Raw - Not Yet Reviewed,Unverified data,O
1991-12-14 00:00:00+07:00,TanChau,019803,MRC_WRUP_VN_019803,MRC_EXPORT_2026-08-31,13.5,13.5,mS/m,VERIFIED,PASS,Raw - Not Yet Reviewed,Unverified data,O
1992-01-14 00:00:00+07:00,TanChau,019803,MRC_WRUP_VN_019803,MRC_EXPORT_2026-08-31,14.3,14.3,mS/m,VERIFIED,PASS,Raw - Not Yet Reviewed,Unverified data,O
1992-02-14 00:00:00+07:00,TanChau,019803,MRC_WRUP_VN_019803,MRC_EXPORT_2026-08-31,15.1,15.1,mS/m,VERIFIED,PASS,Raw - Not Yet Reviewed,Unverified data,O
1992-03-14 00:00:00+07:00,TanChau,019803,MRC_WRUP_VN_019803,MRC_EXPORT_2026-08-31,18.0,18.0,mS/m,VERIFIED,PASS,Raw - Not Yet Reviewed,Unverified data,O
1992-04-14 00:00:00+07:00,TanChau,019803,MRC_WRUP_VN_019803,MRC_EXPORT_2026-08-31,19.4,19.4,mS/m,VERIFIED,PASS,Raw - Not Yet Reviewed,Unverified data,O
1992-05-14 00:00:00+07:00,TanChau,019803,MRC_WRUP_VN_019803,MRC_EXPORT_2026-08-31,22.8,22.8,mS/m,VERIFIED,PASS,Raw - Not Yet Reviewed,Unverified data,O
1992-06-14 00:00:00+07:00,TanChau,019803,MRC_WRUP_VN_019803,MRC_EXPORT_2026-08-31,17.7,17.7,mS/m,VERIFIED,PASS,Raw - Not Yet Reviewed,Unverified data,O
1992-07-14 00:00:00+07:00,TanChau,019803,MRC_WRUP_VN_019803,MRC_EXPORT_2026-08-31,11.8,11.8,mS/m,VERIFIED,PASS,Raw - Not Yet Reviewed,Unverified data,O
1992-08-14 00:00:00+07:00,TanChau,019803,MRC_WRUP_VN_019803,MRC_EXPORT_2026-08-31,12.2,12.2,mS/m,VERIFIED,PASS,Raw - Not Yet Reviewed,Unverified data,O
1992-09-14 00:00:00+07:00,TanChau,019803,MRC_WRUP_VN_019803,MRC_EXPORT_2026-08-31,9.6,9.6,mS/m,VERIFIED,PASS,Raw - Not Yet Reviewed,Unverified data,O
1992-10-14 00:00:00+07:00,TanChau,019803,MRC_WRUP_VN_019803,MRC_EXPORT_2026-08-31,11.2,11.2,mS/m,VERIFIED,PASS,Raw - Not Yet Reviewed,Unverified data,O
1992-11-14 00:00:00+07:00,TanChau,019803,MRC_WRUP_VN_019803,MRC_EXPORT_2026-08-31,12.2,12.2,mS/m,VERIFIED,PASS,Raw - Not Yet Reviewed,Unverified data,O
1992-12-14 00:00:00+07:00,TanChau,019803,MRC_WRUP_VN_019803,MRC_EXPORT_2026-08-31,12.9,12.9,mS/m,VERIFIED,PASS,Raw - Not Yet Reviewed,Unverified data,O
1993-01-14 00:00:00+07:00,TanChau,019803,MRC_WRUP_VN_019803,MRC_EXPORT_2026-08-31,14.3,14.3,mS/m,VERIFIED,PASS,Raw - Not Yet Reviewed,Unverified data,O
1993-02-14 00:00:00+07:00,TanChau,019803,MRC_WRUP_VN_019803,MRC_EXPORT_2026-08-31,15.4,15.4,mS/m,VERIFIED,PASS,Raw - Not Yet Reviewed,Unverified data,O
1993-03-14 00:00:00+07:00,TanChau,019803,MRC_WRUP_VN_019803,MRC_EXPORT_2026-08-31,19.0,19.0,mS/m,VERIFIED,PASS,Raw - Not Yet Reviewed,Unverified data,O
1993-04-14 00:00:00+07:00,TanChau,019803,MRC_WRUP_VN_019803,MRC_EXPORT_2026-08-31,20.3,20.3,mS/m,VERIFIED,PASS,Raw - Not Yet Reviewed,Unverified data,O
1993-05-14 00:00:00+07:00,TanChau,019803,MRC_WRUP_VN_019803,MRC_EXPORT_2026-08-31,21.3,21.3,mS/m,VERIFIED,PASS,Raw - Not Yet Reviewed,Unverified data,O
1993-06-14 00:00:00+07:00,TanChau,019803,MRC_WRUP_VN_019803,MRC_EXPORT_2026-08-31,21.8,21.8,mS/m,VERIFIED,PASS,Raw - Not Yet Reviewed,Unverified data,O
1993-07-14 00:00:00+07:00,TanChau,019803,MRC_WRUP_VN_019803,MRC_EXPORT_2026-08-31,9.8,9.8,mS/m,SUSPECT,ABRUPT_JUMP_GT_8.610_MS_PER_M,Raw - Not Yet Reviewed,Unverified data,O
1993-08-14 00:00:00+07:00,TanChau,019803,MRC_WRUP_VN_019803,MRC_EXPORT_2026-08-31,8.9,8.9,mS/m,VERIFIED,PASS,Raw - Not Yet Reviewed,Unverified data,O
1993-09-14 00:00:00+07:00,TanChau,019803,MRC_WRUP_VN_019803,MRC_EXPORT_2026-08-31,11.4,11.4,mS/m,VERIFIED,PASS,Raw - Not Yet Reviewed,Unverified data,O
1993-10-14 00:00:00+07:00,TanChau,019803,MRC_WRUP_VN_019803,MRC_EXPORT_2026-08-31,10.4,10.4,mS/m,VERIFIED,PASS,Raw - Not Yet Reviewed,Unverified data,O
1993-11-14 00:00:00+07:00,TanChau,019803,MRC_WRUP_VN_019803,MRC_EXPORT_2026-08-31,13.2,13.2,mS/m,VERIFIED,PASS,Raw - Not Yet Reviewed,Unverified data,O
1993-12-14 00:00:00+07:00,TanChau,019803,MRC_WRUP_VN_019803,MRC_EXPORT_2026-08-31,12.6,12.6,mS/m,VERIFIED,PASS,Raw - Not Yet Reviewed,Unverified data,O
1994-01-15 00:00:00+07:00,TanChau,019803,MRC_WRUP_VN_019803,MRC_EXPORT_2026-08-31,13.3,13.3,mS/m,VERIFIED,PASS,Raw - Not Yet Reviewed,Unverified data,O
1994-02-15 00:00:00+07:00,TanChau,019803,MRC_WRUP_VN_019803,MRC_EXPORT_2026-08-31,14.7,14.7,mS/m,VERIFIED,PASS,Raw - Not Yet Reviewed,Unverified data,O
1994-03-15 00:00:00+07:00,TanChau,019803,MRC_WRUP_VN_019803,MRC_EXPORT_2026-08-31,17.5,17.5,mS/m,VERIFIED,PASS,Raw - Not Yet Reviewed,Unverified data,O
1994-04-15 00:00:00+07:00,TanChau,019803,MRC_WRUP_VN_019803,MRC_EXPORT_2026-08-31,23.9,23.9,mS/m,VERIFIED,PASS,Raw - Not Yet Reviewed,Unverified data,O
1994-05-15 00:00:00+07:00,TanChau,019803,MRC_WRUP_VN_019803,MRC_EXPORT_2026-08-31,23.4,23.4,mS/m,VERIFIED,PASS,Raw - Not Yet Reviewed,Unverified data,O
1994-06-15 00:00:00+07:00,TanChau,019803,MRC_WRUP_VN_019803,MRC_EXPORT_2026-08-31,18.4,18.4,mS/m,VERIFIED,PASS,Raw - Not Yet Reviewed,Unverified data,O
1994-07-15 00:00:00+07:00,TanChau,019803,MRC_WRUP_VN_019803,MRC_EXPORT_2026-08-31,13.6,13.6,mS/m,VERIFIED,PASS,Raw - Not Yet Reviewed,Unverified data,O
1994-08-15 00:00:00+07:00,TanChau,019803,MRC_WRUP_VN_019803,MRC_EXPORT_2026-08-31,9.7,9.7,mS/m,VERIFIED,PASS,Raw - Not Yet Reviewed,Unverified data,O
1994-09-15 00:00:00+07:00,TanChau,019803,MRC_WRUP_VN_019803,MRC_EXPORT_2026-08-31,9.0,9.0,mS/m,VERIFIED,PASS,Raw - Not Yet Reviewed,Unverified data,O
1994-10-15 00:00:00+07:00,TanChau,019803,MRC_WRUP_VN_019803,MRC_EXPORT_2026-08-31,10.6,10.6,mS/m,VERIFIED,PASS,Raw - Not Yet Reviewed,Unverified data,O
1994-11-15 00:00:00+07:00,TanChau,019803,MRC_WRUP_VN_019803,MRC_EXPORT_2026-08-31,11.3,11.3,mS/m,VERIFIED,PASS,Raw - Not Yet Reviewed,Unverified data,O
1994-12-15 00:00:00+07:00,TanChau,019803,MRC_WRUP_VN_019803,MRC_EXPORT_2026-08-31,12.1,12.1,mS/m,VERIFIED,PASS,Raw - Not Yet Reviewed,Unverified data,O
1995-01-15 00:00:00+07:00,TanChau,019803,MRC_WRUP_VN_019803,MRC_EXPORT_2026-08-31,16.6,16.6,mS/m,VERIFIED,PASS,Raw - Not Yet Reviewed,Unverified data,O
1995-02-15 00:00:00+07:00,TanChau,019803,MRC_WRUP_VN_019803,MRC_EXPORT_2026-08-31,13.2,13.2,mS/m,VERIFIED,PASS,Raw - Not Yet Reviewed,Unverified data,O
1995-03-15 00:00:00+07:00,TanChau,019803,MRC_WRUP_VN_019803,MRC_EXPORT_2026-08-31,16.3,16.3,mS/m,VERIFIED,PASS,Raw - Not Yet Reviewed,Unverified data,O
1995-04-15 00:00:00+07:00,TanChau,019803,MRC_WRUP_VN_019803,MRC_EXPORT_2026-08-31,17.8,17.8,mS/m,VERIFIED,PASS,Raw - Not Yet Reviewed,Unverified data,O
1995-05-15 00:00:00+07:00,TanChau,019803,MRC_WRUP_VN_019803,MRC_EXPORT_2026-08-31,21.5,21.5,mS/m,VERIFIED,PASS,Raw - Not Yet Reviewed,Unverified data,O
1995-06-15 00:00:00+07:00,TanChau,019803,MRC_WRUP_VN_019803,MRC_EXPORT_2026-08-31,21.0,21.0,mS/m,VERIFIED,PASS,Raw - Not Yet Reviewed,Unverified data,O
1995-07-15 00:00:00+07:00,TanChau,019803,MRC_WRUP_VN_019803,MRC_EXPORT_2026-08-31,11.4,11.4,mS/m,SUSPECT,ABRUPT_JUMP_GT_8.610_MS_PER_M,Raw - Not Yet Reviewed,Unverified data,O
1995-08-15 00:00:00+07:00,TanChau,019803,MRC_WRUP_VN_019803,MRC_EXPORT_2026-08-31,10.3,10.3,mS/m,VERIFIED,PASS,Raw - Not Yet Reviewed,Unverified data,O
1995-09-15 00:00:00+07:00,TanChau,019803,MRC_WRUP_VN_019803,MRC_EXPORT_2026-08-31,19.4,19.4,mS/m,SUSPECT,ABRUPT_JUMP_GT_8.610_MS_PER_M,Raw - Not Yet Reviewed,Unverified data,O
1995-10-15 00:00:00+07:00,TanChau,019803,MRC_WRUP_VN_019803,MRC_EXPORT_2026-08-31,10.9,10.9,mS/m,VERIFIED,PASS,Raw - Not Yet Reviewed,Unverified data,O
1995-11-15 00:00:00+07:00,TanChau,019803,MRC_WRUP_VN_019803,MRC_EXPORT_2026-08-31,15.1,15.1,mS/m,VERIFIED,PASS,Raw - Not Yet Reviewed,Unverified data,O
1995-12-15 00:00:00+07:00,TanChau,019803,MRC_WRUP_VN_019803,MRC_EXPORT_2026-08-31,14.4,14.4,mS/m,VERIFIED,PASS,Raw - Not Yet Reviewed,Unverified data,O
1996-01-15 00:00:00+07:00,TanChau,019803,MRC_WRUP_VN_019803,MRC_EXPORT_2026-08-31,13.7,13.7,mS/m,VERIFIED,PASS,Raw - Not Yet Reviewed,Unverified data,O
1996-02-15 00:00:00+07:00,TanChau,019803,MRC_WRUP_VN_019803,MRC_EXPORT_2026-08-31,13.8,13.8,mS/m,VERIFIED,PASS,Raw - Not Yet Reviewed,Unverified data,O
1996-03-15 00:00:00+07:00,TanChau,019803,MRC_WRUP_VN_019803,MRC_EXPORT_2026-08-31,15.9,15.9,mS/m,VERIFIED,PASS,Raw - Not Yet Reviewed,Unverified data,O
1996-04-15 00:00:00+07:00,TanChau,019803,MRC_WRUP_VN_019803,MRC_EXPORT_2026-08-31,18.5,18.5,mS/m,VERIFIED,PASS,Raw - Not Yet Reviewed,Unverified data,O
1996-05-15 00:00:00+07:00,TanChau,019803,MRC_WRUP_VN_019803,MRC_EXPORT_2026-08-31,19.7,19.7,mS/m,VERIFIED,PASS,Raw - Not Yet Reviewed,Unverified data,O
1996-06-15 00:00:00+07:00,TanChau,019803,MRC_WRUP_VN_019803,MRC_EXPORT_2026-08-31,12.8,12.8,mS/m,VERIFIED,PASS,Raw - Not Yet Reviewed,Unverified data,O
1996-07-15 00:00:00+07:00,TanChau,019803,MRC_WRUP_VN_019803,MRC_EXPORT_2026-08-31,13.0,13.0,mS/m,VERIFIED,PASS,Raw - Not Yet Reviewed,Unverified data,O
1996-08-15 00:00:00+07:00,TanChau,019803,MRC_WRUP_VN_019803,MRC_EXPORT_2026-08-31,9.6,9.6,mS/m,VERIFIED,PASS,Raw - Not Yet Reviewed,Unverified data,O
1996-09-15 00:00:00+07:00,TanChau,019803,MRC_WRUP_VN_019803,MRC_EXPORT_2026-08-31,10.7,10.7,mS/m,VERIFIED,PASS,Raw - Not Yet Reviewed,Unverified data,O
1996-10-15 00:00:00+07:00,TanChau,019803,MRC_WRUP_VN_019803,MRC_EXPORT_2026-08-31,10.1,10.1,mS/m,VERIFIED,PASS,Raw - Not Yet Reviewed,Unverified data,O
1996-11-15 00:00:00+07:00,TanChau,019803,MRC_WRUP_VN_019803,MRC_EXPORT_2026-08-31,10.2,10.2,mS/m,VERIFIED,PASS,Raw - Not Yet Reviewed,Unverified data,O
1996-12-15 00:00:00+07:00,TanChau,019803,MRC_WRUP_VN_019803,MRC_EXPORT_2026-08-31,11.5,11.5,mS/m,VERIFIED,PASS,Raw - Not Yet Reviewed,Unverified data,O
1997-01-15 00:00:00+07:00,TanChau,019803,MRC_WRUP_VN_019803,MRC_EXPORT_2026-08-31,13.3,13.3,mS/m,VERIFIED,PASS,Raw - Not Yet Reviewed,Unverified data,O
1997-02-15 00:00:00+07:00,TanChau,019803,MRC_WRUP_VN_019803,MRC_EXPORT_2026-08-31,12.2,12.2,mS/m,VERIFIED,PASS,Raw - Not Yet Reviewed,Unverified data,O
1997-03-15 00:00:00+07:00,TanChau,019803,MRC_WRUP_VN_019803,MRC_EXPORT_2026-08-31,12.9,12.9,mS/m,VERIFIED,PASS,Raw - Not Yet Reviewed,Unverified data,O
1997-04-15 00:00:00+07:00,TanChau,019803,MRC_WRUP_VN_019803,MRC_EXPORT_2026-08-31,16.0,16.0,mS/m,VERIFIED,PASS,Raw - Not Yet Reviewed,Unverified data,O
1997-05-15 00:00:00+07:00,TanChau,019803,MRC_WRUP_VN_019803,MRC_EXPORT_2026-08-31,18.1,18.1,mS/m,VERIFIED,PASS,Raw - Not Yet Reviewed,Unverified data,O
1997-06-15 00:00:00+07:00,TanChau,019803,MRC_WRUP_VN_019803,MRC_EXPORT_2026-08-31,14.2,14.2,mS/m,VERIFIED,PASS,Raw - Not Yet Reviewed,Unverified data,O
1997-07-15 00:00:00+07:00,TanChau,019803,MRC_WRUP_VN_019803,MRC_EXPORT_2026-08-31,12.1,12.1,mS/m,VERIFIED,PASS,Raw - Not Yet Reviewed,Unverified data,O
1997-08-15 00:00:00+07:00,TanChau,019803,MRC_WRUP_VN_019803,MRC_EXPORT_2026-08-31,8.3,8.3,mS/m,VERIFIED,PASS,Raw - Not Yet Reviewed,Unverified data,O
1997-09-15 00:00:00+07:00,TanChau,019803,MRC_WRUP_VN_019803,MRC_EXPORT_2026-08-31,11.1,11.1,mS/m,VERIFIED,PASS,Raw - Not Yet Reviewed,Unverified data,O
1997-10-15 00:00:00+07:00,TanChau,019803,MRC_WRUP_VN_019803,MRC_EXPORT_2026-08-31,10.7,10.7,mS/m,VERIFIED,PASS,Raw - Not Yet Reviewed,Unverified data,O
1997-11-15 00:00:00+07:00,TanChau,019803,MRC_WRUP_VN_019803,MRC_EXPORT_2026-08-31,10.6,10.6,mS/m,VERIFIED,PASS,Raw - Not Yet Reviewed,Unverified data,O
1997-12-15 00:00:00+07:00,TanChau,019803,MRC_WRUP_VN_019803,MRC_EXPORT_2026-08-31,11.9,11.9,mS/m,VERIFIED,PASS,Raw - Not Yet Reviewed,Unverified data,O
1998-01-15 00:00:00+07:00,TanChau,019803,MRC_WRUP_VN_019803,MRC_EXPORT_2026-08-31,14.1,14.1,mS/m,VERIFIED,PASS,Raw - Not Yet Reviewed,Unverified data,O
1998-02-15 00:00:00+07:00,TanChau,019803,MRC_WRUP_VN_019803,MRC_EXPORT_2026-08-31,1.4,1.4,mS/m,SUSPECT,ABRUPT_JUMP_GT_8.610_MS_PER_M,Raw - Not Yet Reviewed,Unverified data,O
1998-03-15 00:00:00+07:00,TanChau,019803,MRC_WRUP_VN_019803,MRC_EXPORT_2026-08-31,56.4,56.4,mS/m,SUSPECT,"IQR_OUTLIER[0.000,40.150]; ABRUPT_JUMP_GT_8.610_MS_PER_M",Raw - Not Yet Reviewed,Unverified data,O
1998-04-15 00:00:00+07:00,TanChau,019803,MRC_WRUP_VN_019803,MRC_EXPORT_2026-08-31,21.3,21.3,mS/m,SUSPECT,ABRUPT_JUMP_GT_8.610_MS_PER_M,Raw - Not Yet Reviewed,Unverified data,O
1998-05-15 00:00:00+07:00,TanChau,019803,MRC_WRUP_VN_019803,MRC_EXPORT_2026-08-31,19.5,19.5,mS/m,VERIFIED,PASS,Raw - Not Yet Reviewed,Unverified data,O
1998-06-15 00:00:00+07:00,TanChau,019803,MRC_WRUP_VN_019803,MRC_EXPORT_2026-08-31,60.9,60.9,mS/m,SUSPECT,"IQR_OUTLIER[0.000,40.150]; ABRUPT_JUMP_GT_8.610_MS_PER_M",Raw - Not Yet Reviewed,Unverified data,O
1998-07-15 00:00:00+07:00,TanChau,019803,MRC_WRUP_VN_019803,MRC_EXPORT_2026-08-31,13.7,13.7,mS/m,SUSPECT,ABRUPT_JUMP_GT_8.610_MS_PER_M,Raw - Not Yet Reviewed,Unverified data,O
1998-08-15 00:00:00+07:00,TanChau,019803,MRC_WRUP_VN_019803,MRC_EXPORT_2026-08-31,13.3,13.3,mS/m,VERIFIED,PASS,Raw - Not Yet Reviewed,Unverified data,O
1998-09-15 00:00:00+07:00,TanChau,019803,MRC_WRUP_VN_019803,MRC_EXPORT_2026-08-31,14.7,14.7,mS/m,VERIFIED,PASS,Raw - Not Yet Reviewed,Unverified data,O
1998-10-15 00:00:00+07:00,TanChau,019803,MRC_WRUP_VN_019803,MRC_EXPORT_2026-08-31,11.6,11.6,mS/m,VERIFIED,PASS,Raw - Not Yet Reviewed,Unverified data,O
1998-11-15 00:00:00+07:00,TanChau,019803,MRC_WRUP_VN_019803,MRC_EXPORT_2026-08-31,13.7,13.7,mS/m,VERIFIED,PASS,Raw - Not Yet Reviewed,Unverified data,O
1998-12-15 00:00:00+07:00,TanChau,019803,MRC_WRUP_VN_019803,MRC_EXPORT_2026-08-31,31.0,31.0,mS/m,SUSPECT,ABRUPT_JUMP_GT_8.610_MS_PER_M,Raw - Not Yet Reviewed,Unverified data,O
1999-01-15 00:00:00+07:00,TanChau,019803,MRC_WRUP_VN_019803,MRC_EXPORT_2026-08-31,13.3,13.3,mS/m,SUSPECT,ABRUPT_JUMP_GT_8.610_MS_PER_M,Raw - Not Yet Reviewed,Unverified data,O
1999-02-15 00:00:00+07:00,TanChau,019803,MRC_WRUP_VN_019803,MRC_EXPORT_2026-08-31,15.4,15.4,mS/m,VERIFIED,PASS,Raw - Not Yet Reviewed,Unverified data,O
1999-03-15 00:00:00+07:00,TanChau,019803,MRC_WRUP_VN_019803,MRC_EXPORT_2026-08-31,17.4,17.4,mS/m,VERIFIED,PASS,Raw - Not Yet Reviewed,Unverified data,O
1999-04-15 00:00:00+07:00,TanChau,019803,MRC_WRUP_VN_019803,MRC_EXPORT_2026-08-31,18.7,18.7,mS/m,VERIFIED,PASS,Raw - Not Yet Reviewed,Unverified data,O
1999-05-15 00:00:00+07:00,TanChau,019803,MRC_WRUP_VN_019803,MRC_EXPORT_2026-08-31,15.2,15.2,mS/m,VERIFIED,PASS,Raw - Not Yet Reviewed,Unverified data,O
1999-06-15 00:00:00+07:00,TanChau,019803,MRC_WRUP_VN_019803,MRC_EXPORT_2026-08-31,8.12,8.12,mS/m,VERIFIED,PASS,Raw - Not Yet Reviewed,Unverified data,O
1999-07-15 00:00:00+07:00,TanChau,019803,MRC_WRUP_VN_019803,MRC_EXPORT_2026-08-31,10.3,10.3,mS/m,VERIFIED,PASS,Raw - Not Yet Reviewed,Unverified data,O
1999-08-15 00:00:00+07:00,TanChau,019803,MRC_WRUP_VN_019803,MRC_EXPORT_2026-08-31,9.42,9.42,mS/m,VERIFIED,PASS,Raw - Not Yet Reviewed,Unverified data,O
1999-09-15 00:00:00+07:00,TanChau,019803,MRC_WRUP_VN_019803,MRC_EXPORT_2026-08-31,12.7,12.7,mS/m,VERIFIED,PASS,Raw - Not Yet Reviewed,Unverified data,O
1999-10-15 00:00:00+07:00,TanChau,019803,MRC_WRUP_VN_019803,MRC_EXPORT_2026-08-31,11.3,11.3,mS/m,VERIFIED,PASS,Raw - Not Yet Reviewed,Unverified data,O
1999-11-15 00:00:00+07:00,TanChau,019803,MRC_WRUP_VN_019803,MRC_EXPORT_2026-08-31,15.6,15.6,mS/m,VERIFIED,PASS,Raw - Not Yet Reviewed,Unverified data,O
1999-12-15 00:00:00+07:00,TanChau,019803,MRC_WRUP_VN_019803,MRC_EXPORT_2026-08-31,12.9,12.9,mS/m,VERIFIED,PASS,Raw - Not Yet Reviewed,Unverified data,O
2000-01-15 00:00:00+07:00,TanChau,019803,MRC_WRUP_VN_019803,MRC_EXPORT_2026-08-31,13.4,13.4,mS/m,VERIFIED,PASS,Raw - Not Yet Reviewed,Unverified data,O
2000-02-15 00:00:00+07:00,TanChau,019803,MRC_WRUP_VN_019803,MRC_EXPORT_2026-08-31,11.8,11.8,mS/m,VERIFIED,PASS,Raw - Not Yet Reviewed,Unverified data,O
2000-03-15 00:00:00+07:00,TanChau,019803,MRC_WRUP_VN_019803,MRC_EXPORT_2026-08-31,14.5,14.5,mS/m,VERIFIED,PASS,Raw - Not Yet Reviewed,Unverified data,O
2000-04-15 00:00:00+07:00,TanChau,019803,MRC_WRUP_VN_019803,MRC_EXPORT_2026-08-31,16.2,16.2,mS/m,VERIFIED,PASS,Raw - Not Yet Reviewed,Unverified data,O
2000-05-15 00:00:00+07:00,TanChau,019803,MRC_WRUP_VN_019803,MRC_EXPORT_2026-08-31,15.4,15.4,mS/m,VERIFIED,PASS,Raw - Not Yet Reviewed,Unverified data,O
2000-06-15 00:00:00+07:00,TanChau,019803,MRC_WRUP_VN_019803,MRC_EXPORT_2026-08-31,13.75,13.75,mS/m,VERIFIED,PASS,Raw - Not Yet Reviewed,Unverified data,O
2000-07-15 00:00:00+07:00,TanChau,019803,MRC_WRUP_VN_019803,MRC_EXPORT_2026-08-31,9.62,9.62,mS/m,VERIFIED,PASS,Raw - Not Yet Reviewed,Unverified data,O
2000-08-15 00:00:00+07:00,TanChau,019803,MRC_WRUP_VN_019803,MRC_EXPORT_2026-08-31,11.23,11.23,mS/m,VERIFIED,PASS,Raw - Not Yet Reviewed,Unverified data,O
2000-09-15 00:00:00+07:00,TanChau,019803,MRC_WRUP_VN_019803,MRC_EXPORT_2026-08-31,9.93,9.93,mS/m,VERIFIED,PASS,Raw - Not Yet Reviewed,Unverified data,O
2000-10-15 00:00:00+07:00,TanChau,019803,MRC_WRUP_VN_019803,MRC_EXPORT_2026-08-31,12.9,12.9,mS/m,VERIFIED,PASS,Raw - Not Yet Reviewed,Unverified data,O
2000-11-15 00:00:00+07:00,TanChau,019803,MRC_WRUP_VN_019803,MRC_EXPORT_2026-08-31,12.06,12.06,mS/m,VERIFIED,PASS,Raw - Not Yet Reviewed,Unverified data,O
2000-12-15 00:00:00+07:00,TanChau,019803,MRC_WRUP_VN_019803,MRC_EXPORT_2026-08-31,11.5,11.5,mS/m,VERIFIED,PASS,Raw - Not Yet Reviewed,Unverified data,O
2001-01-15 00:00:00+07:00,TanChau,019803,MRC_WRUP_VN_019803,MRC_EXPORT_2026-08-31,11.8,11.8,mS/m,VERIFIED,PASS,Raw - Not Yet Reviewed,Unverified data,O
2001-02-15 00:00:00+07:00,TanChau,019803,MRC_WRUP_VN_019803,MRC_EXPORT_2026-08-31,13.14,13.14,mS/m,VERIFIED,PASS,Raw - Not Yet Reviewed,Unverified data,O
2001-03-15 00:00:00+07:00,TanChau,019803,MRC_WRUP_VN_019803,MRC_EXPORT_2026-08-31,14.82,14.82,mS/m,VERIFIED,PASS,Raw - Not Yet Reviewed,Unverified data,O
2001-04-15 00:00:00+07:00,TanChau,019803,MRC_WRUP_VN_019803,MRC_EXPORT_2026-08-31,17.66,17.66,mS/m,VERIFIED,PASS,Raw - Not Yet Reviewed,Unverified data,O
2001-05-15 00:00:00+07:00,TanChau,019803,MRC_WRUP_VN_019803,MRC_EXPORT_2026-08-31,17.02,17.02,mS/m,VERIFIED,PASS,Raw - Not Yet Reviewed,Unverified data,O
2001-06-15 00:00:00+07:00,TanChau,019803,MRC_WRUP_VN_019803,MRC_EXPORT_2026-08-31,13.71,13.71,mS/m,VERIFIED,PASS,Raw - Not Yet Reviewed,Unverified data,O
2001-07-15 00:00:00+07:00,TanChau,019803,MRC_WRUP_VN_019803,MRC_EXPORT_2026-08-31,10.19,10.19,mS/m,VERIFIED,PASS,Raw - Not Yet Reviewed,Unverified data,O
2001-08-15 00:00:00+07:00,TanChau,019803,MRC_WRUP_VN_019803,MRC_EXPORT_2026-08-31,10.98,10.98,mS/m,VERIFIED,PASS,Raw - Not Yet Reviewed,Unverified data,O
2001-09-15 00:00:00+07:00,TanChau,019803,MRC_WRUP_VN_019803,MRC_EXPORT_2026-08-31,10.39,10.39,mS/m,VERIFIED,PASS,Raw - Not Yet Reviewed,Unverified data,O
2001-10-15 00:00:00+07:00,TanChau,019803,MRC_WRUP_VN_019803,MRC_EXPORT_2026-08-31,10.64,10.64,mS/m,VERIFIED,PASS,Raw - Not Yet Reviewed,Unverified data,O
2001-11-15 00:00:00+07:00,TanChau,019803,MRC_WRUP_VN_019803,MRC_EXPORT_2026-08-31,13.07,13.07,mS/m,VERIFIED,PASS,Raw - Not Yet Reviewed,Unverified data,O
2001-12-15 00:00:00+07:00,TanChau,019803,MRC_WRUP_VN_019803,MRC_EXPORT_2026-08-31,12.12,12.12,mS/m,VERIFIED,PASS,Raw - Not Yet Reviewed,Unverified data,O
2002-01-15 00:00:00+07:00,TanChau,019803,MRC_WRUP_VN_019803,MRC_EXPORT_2026-08-31,12.74,12.74,mS/m,VERIFIED,PASS,Raw - Not Yet Reviewed,Unverified data,O
2002-02-15 00:00:00+07:00,TanChau,019803,MRC_WRUP_VN_019803,MRC_EXPORT_2026-08-31,14.61,14.61,mS/m,VERIFIED,PASS,Raw - Not Yet Reviewed,Unverified data,O
2002-03-15 00:00:00+07:00,TanChau,019803,MRC_WRUP_VN_019803,MRC_EXPORT_2026-08-31,16.49,16.49,mS/m,VERIFIED,PASS,Raw - Not Yet Reviewed,Unverified data,O
2002-04-15 00:00:00+07:00,TanChau,019803,MRC_WRUP_VN_019803,MRC_EXPORT_2026-08-31,21.2,21.2,mS/m,VERIFIED,PASS,Raw - Not Yet Reviewed,Unverified data,O
2002-05-15 00:00:00+07:00,TanChau,019803,MRC_WRUP_VN_019803,MRC_EXPORT_2026-08-31,20.5,20.5,mS/m,VERIFIED,PASS,Raw - Not Yet Reviewed,Unverified data,O
2002-06-15 00:00:00+07:00,TanChau,019803,MRC_WRUP_VN_019803,MRC_EXPORT_2026-08-31,15.97,15.97,mS/m,VERIFIED,PASS,Raw - Not Yet Reviewed,Unverified data,O
2002-07-15 00:00:00+07:00,TanChau,019803,MRC_WRUP_VN_019803,MRC_EXPORT_2026-08-31,13.66,13.66,mS/m,VERIFIED,PASS,Raw - Not Yet Reviewed,Unverified data,O
2002-08-15 00:00:00+07:00,TanChau,019803,MRC_WRUP_VN_019803,MRC_EXPORT_2026-08-31,10.33,10.33,mS/m,VERIFIED,PASS,Raw - Not Yet Reviewed,Unverified data,O
2002-09-15 00:00:00+07:00,TanChau,019803,MRC_WRUP_VN_019803,MRC_EXPORT_2026-08-31,10.62,10.62,mS/m,VERIFIED,PASS,Raw - Not Yet Reviewed,Unverified data,O
2002-10-15 00:00:00+07:00,TanChau,019803,MRC_WRUP_VN_019803,MRC_EXPORT_2026-08-31,9.68,9.68,mS/m,VERIFIED,PASS,Raw - Not Yet Reviewed,Unverified data,O
2002-11-15 00:00:00+07:00,TanChau,019803,MRC_WRUP_VN_019803,MRC_EXPORT_2026-08-31,10.6,10.6,mS/m,VERIFIED,PASS,Raw - Not Yet Reviewed,Unverified data,O
2002-12-15 00:00:00+07:00,TanChau,019803,MRC_WRUP_VN_019803,MRC_EXPORT_2026-08-31,11.21,11.21,mS/m,VERIFIED,PASS,Raw - Not Yet Reviewed,Unverified data,O
2003-01-15 00:00:00+07:00,TanChau,019803,MRC_WRUP_VN_019803,MRC_EXPORT_2026-08-31,12.36,12.36,mS/m,VERIFIED,PASS,Raw - Not Yet Reviewed,Unverified data,O
2003-02-15 00:00:00+07:00,TanChau,019803,MRC_WRUP_VN_019803,MRC_EXPORT_2026-08-31,14.59,14.59,mS/m,VERIFIED,PASS,Raw - Not Yet Reviewed,Unverified data,O
2003-03-15 00:00:00+07:00,TanChau,019803,MRC_WRUP_VN_019803,MRC_EXPORT_2026-08-31,16.63,16.63,mS/m,VERIFIED,PASS,Raw - Not Yet Reviewed,Unverified data,O
2003-04-15 00:00:00+07:00,TanChau,019803,MRC_WRUP_VN_019803,MRC_EXPORT_2026-08-31,18.1,18.1,mS/m,VERIFIED,PASS,Raw - Not Yet Reviewed,Unverified data,O
2003-05-15 00:00:00+07:00,TanChau,019803,MRC_WRUP_VN_019803,MRC_EXPORT_2026-08-31,18.2,18.2,mS/m,VERIFIED,PASS,Raw - Not Yet Reviewed,Unverified data,O
2003-06-15 00:00:00+07:00,TanChau,019803,MRC_WRUP_VN_019803,MRC_EXPORT_2026-08-31,11.5,11.5,mS/m,VERIFIED,PASS,Raw - Not Yet Reviewed,Unverified data,O
2003-07-15 00:00:00+07:00,TanChau,019803,MRC_WRUP_VN_019803,MRC_EXPORT_2026-08-31,15.2,15.2,mS/m,VERIFIED,PASS,Raw - Not Yet Reviewed,Unverified data,O
2003-08-15 00:00:00+07:00,TanChau,019803,MRC_WRUP_VN_019803,MRC_EXPORT_2026-08-31,10.7,10.7,mS/m,VERIFIED,PASS,Raw - Not Yet Reviewed,Unverified data,O
2003-09-15 00:00:00+07:00,TanChau,019803,MRC_WRUP_VN_019803,MRC_EXPORT_2026-08-31,9.5,9.5,mS/m,VERIFIED,PASS,Raw - Not Yet Reviewed,Unverified data,O
2003-10-15 00:00:00+07:00,TanChau,019803,MRC_WRUP_VN_019803,MRC_EXPORT_2026-08-31,11.7,11.7,mS/m,VERIFIED,PASS,Raw - Not Yet Reviewed,Unverified data,O
2003-11-15 00:00:00+07:00,TanChau,019803,MRC_WRUP_VN_019803,MRC_EXPORT_2026-08-31,12.5,12.5,mS/m,VERIFIED,PASS,Raw - Not Yet Reviewed,Unverified data,O
2003-12-15 00:00:00+07:00,TanChau,019803,MRC_WRUP_VN_019803,MRC_EXPORT_2026-08-31,12.6,12.6,mS/m,VERIFIED,PASS,Raw - Not Yet Reviewed,Unverified data,O
2004-01-15 00:00:00+07:00,TanChau,019803,MRC_WRUP_VN_019803,MRC_EXPORT_2026-08-31,15.96,15.96,mS/m,VERIFIED,PASS,Raw - Not Yet Reviewed,Unverified data,O
2004-02-15 00:00:00+07:00,TanChau,019803,MRC_WRUP_VN_019803,MRC_EXPORT_2026-08-31,16.7,16.7,mS/m,VERIFIED,PASS,Raw - Not Yet Reviewed,Unverified data,O
2004-03-15 00:00:00+07:00,TanChau,019803,MRC_WRUP_VN_019803,MRC_EXPORT_2026-08-31,19.8,19.8,mS/m,VERIFIED,PASS,Raw - Not Yet Reviewed,Unverified data,O
2004-04-15 00:00:00+07:00,TanChau,019803,MRC_WRUP_VN_019803,MRC_EXPORT_2026-08-31,21.4,21.4,mS/m,VERIFIED,PASS,Raw - Not Yet Reviewed,Unverified data,O
2004-05-15 00:00:00+07:00,TanChau,019803,MRC_WRUP_VN_019803,MRC_EXPORT_2026-08-31,20.9,20.9,mS/m,VERIFIED,PASS,Raw - Not Yet Reviewed,Unverified data,O
2004-06-15 00:00:00+07:00,TanChau,019803,MRC_WRUP_VN_019803,MRC_EXPORT_2026-08-31,16.9,16.9,mS/m,VERIFIED,PASS,Raw - Not Yet Reviewed,Unverified data,O
2004-07-15 00:00:00+07:00,TanChau,019803,MRC_WRUP_VN_019803,MRC_EXPORT_2026-08-31,14.3,14.3,mS/m,VERIFIED,PASS,Raw - Not Yet Reviewed,Unverified data,O
2004-08-15 00:00:00+07:00,TanChau,019803,MRC_WRUP_VN_019803,MRC_EXPORT_2026-08-31,9.9,9.9,mS/m,VERIFIED,PASS,Raw - Not Yet Reviewed,Unverified data,O
2004-09-15 00:00:00+07:00,TanChau,019803,MRC_WRUP_VN_019803,MRC_EXPORT_2026-08-31,10.4,10.4,mS/m,VERIFIED,PASS,Raw - Not Yet Reviewed,Unverified data,O
2004-10-15 00:00:00+07:00,TanChau,019803,MRC_WRUP_VN_019803,MRC_EXPORT_2026-08-31,11.8,11.8,mS/m,VERIFIED,PASS,Raw - Not Yet Reviewed,Unverified data,O
2004-11-15 00:00:00+07:00,TanChau,019803,MRC_WRUP_VN_019803,MRC_EXPORT_2026-08-31,13.0,13.0,mS/m,VERIFIED,PASS,Raw - Not Yet Reviewed,Unverified data,O
2004-12-15 00:00:00+07:00,TanChau,019803,MRC_WRUP_VN_019803,MRC_EXPORT_2026-08-31,12.9,12.9,mS/m,VERIFIED,PASS,Raw - Not Yet Reviewed,Unverified data,O
2005-01-15 00:00:00+07:00,TanChau,019803,MRC_WRUP_VN_019803,MRC_EXPORT_2026-08-31,14.1,14.1,mS/m,VERIFIED,PASS,Raw - Not Yet Reviewed,Unverified data,O
2005-02-15 00:00:00+07:00,TanChau,019803,MRC_WRUP_VN_019803,MRC_EXPORT_2026-08-31,16.8,16.8,mS/m,VERIFIED,PASS,Raw - Not Yet Reviewed,Unverified data,O
2005-03-15 00:00:00+07:00,TanChau,019803,MRC_WRUP_VN_019803,MRC_EXPORT_2026-08-31,18.8,18.8,mS/m,VERIFIED,PASS,Raw - Not Yet Reviewed,Unverified data,O
2005-04-15 00:00:00+07:00,TanChau,019803,MRC_WRUP_VN_019803,MRC_EXPORT_2026-08-31,23.4,23.4,mS/m,VERIFIED,PASS,Raw - Not Yet Reviewed,Unverified data,O
2005-05-15 00:00:00+07:00,TanChau,019803,MRC_WRUP_VN_019803,MRC_EXPORT_2026-08-31,24.7,24.7,mS/m,VERIFIED,PASS,Raw - Not Yet Reviewed,Unverified data,O
2005-06-15 00:00:00+07:00,TanChau,019803,MRC_WRUP_VN_019803,MRC_EXPORT_2026-08-31,20.5,20.5,mS/m,VERIFIED,PASS,Raw - Not Yet Reviewed,Unverified data,O
2005-07-15 00:00:00+07:00,TanChau,019803,MRC_WRUP_VN_019803,MRC_EXPORT_2026-08-31,10.7,10.7,mS/m,SUSPECT,ABRUPT_JUMP_GT_8.610_MS_PER_M,Raw - Not Yet Reviewed,Unverified data,O
2005-08-15 00:00:00+07:00,TanChau,019803,MRC_WRUP_VN_019803,MRC_EXPORT_2026-08-31,8.4,8.4,mS/m,VERIFIED,PASS,Raw - Not Yet Reviewed,Unverified data,O
2005-09-15 00:00:00+07:00,TanChau,019803,MRC_WRUP_VN_019803,MRC_EXPORT_2026-08-31,10.3,10.3,mS/m,VERIFIED,PASS,Raw - Not Yet Reviewed,Unverified data,O
2005-10-15 00:00:00+07:00,TanChau,019803,MRC_WRUP_VN_019803,MRC_EXPORT_2026-08-31,11.9,11.9,mS/m,VERIFIED,PASS,Raw - Not Yet Reviewed,Unverified data,O
2005-11-15 00:00:00+07:00,TanChau,019803,MRC_WRUP_VN_019803,MRC_EXPORT_2026-08-31,12.3,12.3,mS/m,VERIFIED,PASS,Raw - Not Yet Reviewed,Unverified data,O
2005-12-15 00:00:00+07:00,TanChau,019803,MRC_WRUP_VN_019803,MRC_EXPORT_2026-08-31,11.7,11.7,mS/m,VERIFIED,PASS,Raw - Not Yet Reviewed,Unverified data,O
2006-01-15 00:00:00+07:00,TanChau,019803,MRC_WRUP_VN_019803,MRC_EXPORT_2026-08-31,13.6,13.6,mS/m,VERIFIED,PASS,Raw - Not Yet Reviewed,Unverified data,O
2006-02-15 00:00:00+07:00,TanChau,019803,MRC_WRUP_VN_019803,MRC_EXPORT_2026-08-31,14.0,14.0,mS/m,VERIFIED,PASS,Raw - Not Yet Reviewed,Unverified data,O
2006-03-15 00:00:00+07:00,TanChau,019803,MRC_WRUP_VN_019803,MRC_EXPORT_2026-08-31,17.1,17.1,mS/m,VERIFIED,PASS,Raw - Not Yet Reviewed,Unverified data,O
2006-04-15 00:00:00+07:00,TanChau,019803,MRC_WRUP_VN_019803,MRC_EXPORT_2026-08-31,18.4,18.4,mS/m,VERIFIED,PASS,Raw - Not Yet Reviewed,Unverified data,O
2006-05-15 00:00:00+07:00,TanChau,019803,MRC_WRUP_VN_019803,MRC_EXPORT_2026-08-31,20.6,20.6,mS/m,VERIFIED,PASS,Raw - Not Yet Reviewed,Unverified data,O
2006-06-15 00:00:00+07:00,TanChau,019803,MRC_WRUP_VN_019803,MRC_EXPORT_2026-08-31,17.6,17.6,mS/m,VERIFIED,PASS,Raw - Not Yet Reviewed,Unverified data,O
2006-07-15 00:00:00+07:00,TanChau,019803,MRC_WRUP_VN_019803,MRC_EXPORT_2026-08-31,11.1,11.1,mS/m,VERIFIED,PASS,Raw - Not Yet Reviewed,Unverified data,O
2006-08-15 00:00:00+07:00,TanChau,019803,MRC_WRUP_VN_019803,MRC_EXPORT_2026-08-31,10.6,10.6,mS/m,VERIFIED,PASS,Raw - Not Yet Reviewed,Unverified data,O
2006-09-15 00:00:00+07:00,TanChau,019803,MRC_WRUP_VN_019803,MRC_EXPORT_2026-08-31,10.2,10.2,mS/m,VERIFIED,PASS,Raw - Not Yet Reviewed,Unverified data,O
2006-10-15 00:00:00+07:00,TanChau,019803,MRC_WRUP_VN_019803,MRC_EXPORT_2026-08-31,7.2,7.2,mS/m,VERIFIED,PASS,Raw - Not Yet Reviewed,Unverified data,O
2006-11-15 00:00:00+07:00,TanChau,019803,MRC_WRUP_VN_019803,MRC_EXPORT_2026-08-31,11.6,11.6,mS/m,VERIFIED,PASS,Raw - Not Yet Reviewed,Unverified data,O
2006-12-15 00:00:00+07:00,TanChau,019803,MRC_WRUP_VN_019803,MRC_EXPORT_2026-08-31,12.5,12.5,mS/m,VERIFIED,PASS,Raw - Not Yet Reviewed,Unverified data,O
2007-01-15 00:00:00+07:00,TanChau,019803,MRC_WRUP_VN_019803,MRC_EXPORT_2026-08-31,12.3,12.3,mS/m,VERIFIED,PASS,Raw - Not Yet Reviewed,Unverified data,O
2007-02-15 00:00:00+07:00,TanChau,019803,MRC_WRUP_VN_019803,MRC_EXPORT_2026-08-31,13.7,13.7,mS/m,VERIFIED,PASS,Raw - Not Yet Reviewed,Unverified data,O
2007-03-15 00:00:00+07:00,TanChau,019803,MRC_WRUP_VN_019803,MRC_EXPORT_2026-08-31,16.6,16.6,mS/m,VERIFIED,PASS,Raw - Not Yet Reviewed,Unverified data,O
2007-04-15 00:00:00+07:00,TanChau,019803,MRC_WRUP_VN_019803,MRC_EXPORT_2026-08-31,17.3,17.3,mS/m,VERIFIED,PASS,Raw - Not Yet Reviewed,Unverified data,O
2007-05-15 00:00:00+07:00,TanChau,019803,MRC_WRUP_VN_019803,MRC_EXPORT_2026-08-31,19.2,19.2,mS/m,VERIFIED,PASS,Raw - Not Yet Reviewed,Unverified data,O
2007-06-15 00:00:00+07:00,TanChau,019803,MRC_WRUP_VN_019803,MRC_EXPORT_2026-08-31,19.8,19.8,mS/m,VERIFIED,PASS,Raw - Not Yet Reviewed,Unverified data,O
2007-07-15 00:00:00+07:00,TanChau,019803,MRC_WRUP_VN_019803,MRC_EXPORT_2026-08-31,14.0,14.0,mS/m,VERIFIED,PASS,Raw - Not Yet Reviewed,Unverified data,O
2007-08-15 00:00:00+07:00,TanChau,019803,MRC_WRUP_VN_019803,MRC_EXPORT_2026-08-31,14.7,14.7,mS/m,VERIFIED,PASS,Raw - Not Yet Reviewed,Unverified data,O
2007-09-15 00:00:00+07:00,TanChau,019803,MRC_WRUP_VN_019803,MRC_EXPORT_2026-08-31,12.0,12.0,mS/m,VERIFIED,PASS,Raw - Not Yet Reviewed,Unverified data,O
2007-10-15 00:00:00+07:00,TanChau,019803,MRC_WRUP_VN_019803,MRC_EXPORT_2026-08-31,8.9,8.9,mS/m,VERIFIED,PASS,Raw - Not Yet Reviewed,Unverified data,O
2007-11-15 00:00:00+07:00,TanChau,019803,MRC_WRUP_VN_019803,MRC_EXPORT_2026-08-31,12.5,12.5,mS/m,VERIFIED,PASS,Raw - Not Yet Reviewed,Unverified data,O
2007-12-15 00:00:00+07:00,TanChau,019803,MRC_WRUP_VN_019803,MRC_EXPORT_2026-08-31,12.2,12.2,mS/m,VERIFIED,PASS,Raw - Not Yet Reviewed,Unverified data,O
2008-01-15 00:00:00+07:00,TanChau,019803,MRC_WRUP_VN_019803,MRC_EXPORT_2026-08-31,12.0,12.0,mS/m,VERIFIED,PASS,Raw - Not Yet Reviewed,Unverified data,O
2008-02-15 00:00:00+07:00,TanChau,019803,MRC_WRUP_VN_019803,MRC_EXPORT_2026-08-31,13.2,13.2,mS/m,VERIFIED,PASS,Raw - Not Yet Reviewed,Unverified data,O
2008-03-15 00:00:00+07:00,TanChau,019803,MRC_WRUP_VN_019803,MRC_EXPORT_2026-08-31,15.5,15.5,mS/m,VERIFIED,PASS,Raw - Not Yet Reviewed,Unverified data,O
2008-04-15 00:00:00+07:00,TanChau,019803,MRC_WRUP_VN_019803,MRC_EXPORT_2026-08-31,18.1,18.1,mS/m,VERIFIED,PASS,Raw - Not Yet Reviewed,Unverified data,O
2008-05-15 00:00:00+07:00,TanChau,019803,MRC_WRUP_VN_019803,MRC_EXPORT_2026-08-31,17.8,17.8,mS/m,VERIFIED,PASS,Raw - Not Yet Reviewed,Unverified data,O
2008-06-15 00:00:00+07:00,TanChau,019803,MRC_WRUP_VN_019803,MRC_EXPORT_2026-08-31,14.8,14.8,mS/m,VERIFIED,PASS,Raw - Not Yet Reviewed,Unverified data,O
2008-07-15 00:00:00+07:00,TanChau,019803,MRC_WRUP_VN_019803,MRC_EXPORT_2026-08-31,13.2,13.2,mS/m,VERIFIED,PASS,Raw - Not Yet Reviewed,Unverified data,O
2008-08-15 00:00:00+07:00,TanChau,019803,MRC_WRUP_VN_019803,MRC_EXPORT_2026-08-31,12.3,12.3,mS/m,VERIFIED,PASS,Raw - Not Yet Reviewed,Unverified data,O
2008-09-15 00:00:00+07:00,TanChau,019803,MRC_WRUP_VN_019803,MRC_EXPORT_2026-08-31,12.8,12.8,mS/m,VERIFIED,PASS,Raw - Not Yet Reviewed,Unverified data,O
2008-10-15 00:00:00+07:00,TanChau,019803,MRC_WRUP_VN_019803,MRC_EXPORT_2026-08-31,13.3,13.3,mS/m,VERIFIED,PASS,Raw - Not Yet Reviewed,Unverified data,O
2008-11-15 00:00:00+07:00,TanChau,019803,MRC_WRUP_VN_019803,MRC_EXPORT_2026-08-31,14.0,14.0,mS/m,VERIFIED,PASS,Raw - Not Yet Reviewed,Unverified data,O
2008-12-15 00:00:00+07:00,TanChau,019803,MRC_WRUP_VN_019803,MRC_EXPORT_2026-08-31,13.1,13.1,mS/m,VERIFIED,PASS,Raw - Not Yet Reviewed,Unverified data,O
2009-01-15 00:00:00+07:00,TanChau,019803,MRC_WRUP_VN_019803,MRC_EXPORT_2026-08-31,13.6,13.6,mS/m,VERIFIED,PASS,Raw - Not Yet Reviewed,Unverified data,O
2009-02-15 00:00:00+07:00,TanChau,019803,MRC_WRUP_VN_019803,MRC_EXPORT_2026-08-31,14.0,14.0,mS/m,VERIFIED,PASS,Raw - Not Yet Reviewed,Unverified data,O
2009-03-15 00:00:00+07:00,TanChau,019803,MRC_WRUP_VN_019803,MRC_EXPORT_2026-08-31,15.9,15.9,mS/m,VERIFIED,PASS,Raw - Not Yet Reviewed,Unverified data,O
2009-04-15 00:00:00+07:00,TanChau,019803,MRC_WRUP_VN_019803,MRC_EXPORT_2026-08-31,17.2,17.2,mS/m,VERIFIED,PASS,Raw - Not Yet Reviewed,Unverified data,O
2009-05-15 00:00:00+07:00,TanChau,019803,MRC_WRUP_VN_019803,MRC_EXPORT_2026-08-31,19.3,19.3,mS/m,VERIFIED,PASS,Raw - Not Yet Reviewed,Unverified data,O
2009-06-15 00:00:00+07:00,TanChau,019803,MRC_WRUP_VN_019803,MRC_EXPORT_2026-08-31,15.1,15.1,mS/m,VERIFIED,PASS,Raw - Not Yet Reviewed,Unverified data,O
2009-07-15 00:00:00+07:00,TanChau,019803,MRC_WRUP_VN_019803,MRC_EXPORT_2026-08-31,13.9,13.9,mS/m,VERIFIED,PASS,Raw - Not Yet Reviewed,Unverified data,O
2009-08-15 00:00:00+07:00,TanChau,019803,MRC_WRUP_VN_019803,MRC_EXPORT_2026-08-31,7.8,7.8,mS/m,VERIFIED,PASS,Raw - Not Yet Reviewed,Unverified data,O
2009-09-15 00:00:00+07:00,TanChau,019803,MRC_WRUP_VN_019803,MRC_EXPORT_2026-08-31,10.23,10.23,mS/m,VERIFIED,PASS,Raw - Not Yet Reviewed,Unverified data,O
2009-10-15 00:00:00+07:00,TanChau,019803,MRC_WRUP_VN_019803,MRC_EXPORT_2026-08-31,8.74,8.74,mS/m,VERIFIED,PASS,Raw - Not Yet Reviewed,Unverified data,O
2009-11-15 00:00:00+07:00,TanChau,019803,MRC_WRUP_VN_019803,MRC_EXPORT_2026-08-31,10.52,10.52,mS/m,VERIFIED,PASS,Raw - Not Yet Reviewed,Unverified data,O
2009-12-15 00:00:00+07:00,TanChau,019803,MRC_WRUP_VN_019803,MRC_EXPORT_2026-08-31,11.67,11.67,mS/m,VERIFIED,PASS,Raw - Not Yet Reviewed,Unverified data,O
2010-01-15 00:00:00+07:00,TanChau,019803,MRC_WRUP_VN_019803,MRC_EXPORT_2026-08-31,11.33,11.33,mS/m,VERIFIED,PASS,Raw - Not Yet Reviewed,Unverified data,O
2010-02-15 00:00:00+07:00,TanChau,019803,MRC_WRUP_VN_019803,MRC_EXPORT_2026-08-31,14.86,14.86,mS/m,VERIFIED,PASS,Raw - Not Yet Reviewed,Unverified data,O
2010-03-15 00:00:00+07:00,TanChau,019803,MRC_WRUP_VN_019803,MRC_EXPORT_2026-08-31,15.7,15.7,mS/m,VERIFIED,PASS,Raw - Not Yet Reviewed,Unverified data,O
2010-04-15 00:00:00+07:00,TanChau,019803,MRC_WRUP_VN_019803,MRC_EXPORT_2026-08-31,20.3,20.3,mS/m,VERIFIED,PASS,Raw - Not Yet Reviewed,Unverified data,O
2010-05-15 00:00:00+07:00,TanChau,019803,MRC_WRUP_VN_019803,MRC_EXPORT_2026-08-31,17.39,17.39,mS/m,VERIFIED,PASS,Raw - Not Yet Reviewed,Unverified data,O
2010-06-15 00:00:00+07:00,TanChau,019803,MRC_WRUP_VN_019803,MRC_EXPORT_2026-08-31,19.33,19.33,mS/m,VERIFIED,PASS,Raw - Not Yet Reviewed,Unverified data,O
2010-07-15 00:00:00+07:00,TanChau,019803,MRC_WRUP_VN_019803,MRC_EXPORT_2026-08-31,22.0,22.0,mS/m,VERIFIED,PASS,Raw - Not Yet Reviewed,Unverified data,O
2010-08-15 00:00:00+07:00,TanChau,019803,MRC_WRUP_VN_019803,MRC_EXPORT_2026-08-31,13.4,13.4,mS/m,VERIFIED,PASS,Raw - Not Yet Reviewed,Unverified data,O
2010-09-15 00:00:00+07:00,TanChau,019803,MRC_WRUP_VN_019803,MRC_EXPORT_2026-08-31,14.08,14.08,mS/m,VERIFIED,PASS,Raw - Not Yet Reviewed,Unverified data,O
2010-10-15 00:00:00+07:00,TanChau,019803,MRC_WRUP_VN_019803,MRC_EXPORT_2026-08-31,12.15,12.15,mS/m,VERIFIED,PASS,Raw - Not Yet Reviewed,Unverified data,O
2010-11-15 00:00:00+07:00,TanChau,019803,MRC_WRUP_VN_019803,MRC_EXPORT_2026-08-31,12.5,12.5,mS/m,VERIFIED,PASS,Raw - Not Yet Reviewed,Unverified data,O
2010-12-15 00:00:00+07:00,TanChau,019803,MRC_WRUP_VN_019803,MRC_EXPORT_2026-08-31,14.49,14.49,mS/m,VERIFIED,PASS,Raw - Not Yet Reviewed,Unverified data,O
2011-01-15 00:00:00+07:00,TanChau,019803,MRC_WRUP_VN_019803,MRC_EXPORT_2026-08-31,13.59,13.59,mS/m,VERIFIED,PASS,Raw - Not Yet Reviewed,Unverified data,O
2011-02-15 00:00:00+07:00,TanChau,019803,MRC_WRUP_VN_019803,MRC_EXPORT_2026-08-31,14.12,14.12,mS/m,VERIFIED,PASS,Raw - Not Yet Reviewed,Unverified data,O
2011-03-15 00:00:00+07:00,TanChau,019803,MRC_WRUP_VN_019803,MRC_EXPORT_2026-08-31,18.4,18.4,mS/m,VERIFIED,PASS,Raw - Not Yet Reviewed,Unverified data,O
2011-04-15 00:00:00+07:00,TanChau,019803,MRC_WRUP_VN_019803,MRC_EXPORT_2026-08-31,19.4,19.4,mS/m,VERIFIED,PASS,Raw - Not Yet Reviewed,Unverified data,O
2011-05-15 00:00:00+07:00,TanChau,019803,MRC_WRUP_VN_019803,MRC_EXPORT_2026-08-31,18.88,18.88,mS/m,VERIFIED,PASS,Raw - Not Yet Reviewed,Unverified data,O
2011-06-15 00:00:00+07:00,TanChau,019803,MRC_WRUP_VN_019803,MRC_EXPORT_2026-08-31,16.9,16.9,mS/m,VERIFIED,PASS,Raw - Not Yet Reviewed,Unverified data,O
2011-07-15 00:00:00+07:00,TanChau,019803,MRC_WRUP_VN_019803,MRC_EXPORT_2026-08-31,10.33,10.33,mS/m,VERIFIED,PASS,Raw - Not Yet Reviewed,Unverified data,O
2011-08-15 00:00:00+07:00,TanChau,019803,MRC_WRUP_VN_019803,MRC_EXPORT_2026-08-31,10.64,10.64,mS/m,VERIFIED,PASS,Raw - Not Yet Reviewed,Unverified data,O
2011-09-15 00:00:00+07:00,TanChau,019803,MRC_WRUP_VN_019803,MRC_EXPORT_2026-08-31,10.8,10.8,mS/m,VERIFIED,PASS,Raw - Not Yet Reviewed,Unverified data,O
2011-10-15 00:00:00+07:00,TanChau,019803,MRC_WRUP_VN_019803,MRC_EXPORT_2026-08-31,9.5,9.5,mS/m,VERIFIED,PASS,Raw - Not Yet Reviewed,Unverified data,O
2011-11-15 00:00:00+07:00,TanChau,019803,MRC_WRUP_VN_019803,MRC_EXPORT_2026-08-31,10.0,10.0,mS/m,VERIFIED,PASS,Raw - Not Yet Reviewed,Unverified data,O
2011-12-15 00:00:00+07:00,TanChau,019803,MRC_WRUP_VN_019803,MRC_EXPORT_2026-08-31,11.4,11.4,mS/m,VERIFIED,PASS,Raw - Not Yet Reviewed,Unverified data,O
2012-01-15 00:00:00+07:00,TanChau,019803,MRC_WRUP_VN_019803,MRC_EXPORT_2026-08-31,11.0,11.0,mS/m,VERIFIED,PASS,Raw - Not Yet Reviewed,Unverified data,O
2012-02-15 00:00:00+07:00,TanChau,019803,MRC_WRUP_VN_019803,MRC_EXPORT_2026-08-31,13.5,13.5,mS/m,VERIFIED,PASS,Raw - Not Yet Reviewed,Unverified data,O
2012-03-15 00:00:00+07:00,TanChau,019803,MRC_WRUP_VN_019803,MRC_EXPORT_2026-08-31,15.3,15.3,mS/m,VERIFIED,PASS,Raw - Not Yet Reviewed,Unverified data,O
2012-04-15 00:00:00+07:00,TanChau,019803,MRC_WRUP_VN_019803,MRC_EXPORT_2026-08-31,14.8,14.8,mS/m,VERIFIED,PASS,Raw - Not Yet Reviewed,Unverified data,O
2012-05-15 00:00:00+07:00,TanChau,019803,MRC_WRUP_VN_019803,MRC_EXPORT_2026-08-31,16.9,16.9,mS/m,VERIFIED,PASS,Raw - Not Yet Reviewed,Unverified data,O
2012-06-15 00:00:00+07:00,TanChau,019803,MRC_WRUP_VN_019803,MRC_EXPORT_2026-08-31,16.96,16.96,mS/m,VERIFIED,PASS,Raw - Not Yet Reviewed,Unverified data,O
2012-07-15 00:00:00+07:00,TanChau,019803,MRC_WRUP_VN_019803,MRC_EXPORT_2026-08-31,12.15,12.15,mS/m,VERIFIED,PASS,Raw - Not Yet Reviewed,Unverified data,O
2012-08-15 00:00:00+07:00,TanChau,019803,MRC_WRUP_VN_019803,MRC_EXPORT_2026-08-31,11.3,11.3,mS/m,VERIFIED,PASS,Raw - Not Yet Reviewed,Unverified data,O
2012-09-15 00:00:00+07:00,TanChau,019803,MRC_WRUP_VN_019803,MRC_EXPORT_2026-08-31,10.71,10.71,mS/m,VERIFIED,PASS,Raw - Not Yet Reviewed,Unverified data,O
2012-10-15 00:00:00+07:00,TanChau,019803,MRC_WRUP_VN_019803,MRC_EXPORT_2026-08-31,10.47,10.47,mS/m,VERIFIED,PASS,Raw - Not Yet Reviewed,Unverified data,O
2012-11-15 00:00:00+07:00,TanChau,019803,MRC_WRUP_VN_019803,MRC_EXPORT_2026-08-31,12.6,12.6,mS/m,VERIFIED,PASS,Raw - Not Yet Reviewed,Unverified data,O
2012-12-15 00:00:00+07:00,TanChau,019803,MRC_WRUP_VN_019803,MRC_EXPORT_2026-08-31,12.6,12.6,mS/m,VERIFIED,PASS,Raw - Not Yet Reviewed,Unverified data,O
2013-01-15 00:00:00+07:00,TanChau,019803,MRC_WRUP_VN_019803,MRC_EXPORT_2026-08-31,13.22,13.22,mS/m,VERIFIED,PASS,Raw - Not Yet Reviewed,Unverified data,O
2013-02-15 00:00:00+07:00,TanChau,019803,MRC_WRUP_VN_019803,MRC_EXPORT_2026-08-31,16.22,16.22,mS/m,VERIFIED,PASS,Raw - Not Yet Reviewed,Unverified data,O
2013-03-15 00:00:00+07:00,TanChau,019803,MRC_WRUP_VN_019803,MRC_EXPORT_2026-08-31,19.7,19.7,mS/m,VERIFIED,PASS,Raw - Not Yet Reviewed,Unverified data,O
2013-04-15 00:00:00+07:00,TanChau,019803,MRC_WRUP_VN_019803,MRC_EXPORT_2026-08-31,22.4,22.4,mS/m,VERIFIED,PASS,Raw - Not Yet Reviewed,Unverified data,O
2013-05-15 00:00:00+07:00,TanChau,019803,MRC_WRUP_VN_019803,MRC_EXPORT_2026-08-31,19.61,19.61,mS/m,VERIFIED,PASS,Raw - Not Yet Reviewed,Unverified data,O
2013-06-15 00:00:00+07:00,TanChau,019803,MRC_WRUP_VN_019803,MRC_EXPORT_2026-08-31,20.1,20.1,mS/m,VERIFIED,PASS,Raw - Not Yet Reviewed,Unverified data,O
2013-07-15 00:00:00+07:00,TanChau,019803,MRC_WRUP_VN_019803,MRC_EXPORT_2026-08-31,14.66,14.66,mS/m,VERIFIED,PASS,Raw - Not Yet Reviewed,Unverified data,O
2013-08-15 00:00:00+07:00,TanChau,019803,MRC_WRUP_VN_019803,MRC_EXPORT_2026-08-31,10.43,10.43,mS/m,VERIFIED,PASS,Raw - Not Yet Reviewed,Unverified data,O
2013-09-15 00:00:00+07:00,TanChau,019803,MRC_WRUP_VN_019803,MRC_EXPORT_2026-08-31,10.9,10.9,mS/m,VERIFIED,PASS,Raw - Not Yet Reviewed,Unverified data,O
2013-10-15 00:00:00+07:00,TanChau,019803,MRC_WRUP_VN_019803,MRC_EXPORT_2026-08-31,9.32,9.32,mS/m,VERIFIED,PASS,Raw - Not Yet Reviewed,Unverified data,O
2013-11-15 00:00:00+07:00,TanChau,019803,MRC_WRUP_VN_019803,MRC_EXPORT_2026-08-31,14.88,14.88,mS/m,VERIFIED,PASS,Raw - Not Yet Reviewed,Unverified data,O
2013-12-15 00:00:00+07:00,TanChau,019803,MRC_WRUP_VN_019803,MRC_EXPORT_2026-08-31,11.15,11.15,mS/m,VERIFIED,PASS,Raw - Not Yet Reviewed,Unverified data,O
2014-01-15 00:00:00+07:00,TanChau,019803,MRC_WRUP_VN_019803,MRC_EXPORT_2026-08-31,12.01,12.01,mS/m,VERIFIED,PASS,Raw - Not Yet Reviewed,Unverified data,O
2014-02-15 00:00:00+07:00,TanChau,019803,MRC_WRUP_VN_019803,MRC_EXPORT_2026-08-31,14.8,14.8,mS/m,VERIFIED,PASS,Raw - Not Yet Reviewed,Unverified data,O
2014-03-15 00:00:00+07:00,TanChau,019803,MRC_WRUP_VN_019803,MRC_EXPORT_2026-08-31,18.09,18.09,mS/m,VERIFIED,PASS,Raw - Not Yet Reviewed,Unverified data,O
2014-04-15 00:00:00+07:00,TanChau,019803,MRC_WRUP_VN_019803,MRC_EXPORT_2026-08-31,22.5,22.5,mS/m,VERIFIED,PASS,Raw - Not Yet Reviewed,Unverified data,O
2014-05-15 00:00:00+07:00,TanChau,019803,MRC_WRUP_VN_019803,MRC_EXPORT_2026-08-31,19.8,19.8,mS/m,VERIFIED,PASS,Raw - Not Yet Reviewed,Unverified data,O
2014-06-15 00:00:00+07:00,TanChau,019803,MRC_WRUP_VN_019803,MRC_EXPORT_2026-08-31,21.0,21.0,mS/m,VERIFIED,PASS,Raw - Not Yet Reviewed,Unverified data,O
2014-07-15 00:00:00+07:00,TanChau,019803,MRC_WRUP_VN_019803,MRC_EXPORT_2026-08-31,9.3,9.3,mS/m,SUSPECT,ABRUPT_JUMP_GT_8.610_MS_PER_M,Raw - Not Yet Reviewed,Unverified data,O
2014-08-15 00:00:00+07:00,TanChau,019803,MRC_WRUP_VN_019803,MRC_EXPORT_2026-08-31,8.56,8.56,mS/m,VERIFIED,PASS,Raw - Not Yet Reviewed,Unverified data,O
2014-09-15 00:00:00+07:00,TanChau,019803,MRC_WRUP_VN_019803,MRC_EXPORT_2026-08-31,11.26,11.26,mS/m,VERIFIED,PASS,Raw - Not Yet Reviewed,Unverified data,O
2014-10-15 00:00:00+07:00,TanChau,019803,MRC_WRUP_VN_019803,MRC_EXPORT_2026-08-31,11.73,11.73,mS/m,VERIFIED,PASS,Raw - Not Yet Reviewed,Unverified data,O
2014-11-15 00:00:00+07:00,TanChau,019803,MRC_WRUP_VN_019803,MRC_EXPORT_2026-08-31,13.11,13.11,mS/m,VERIFIED,PASS,Raw - Not Yet Reviewed,Unverified data,O
2014-12-15 00:00:00+07:00,TanChau,019803,MRC_WRUP_VN_019803,MRC_EXPORT_2026-08-31,12.91,12.91,mS/m,VERIFIED,PASS,Raw - Not Yet Reviewed,Unverified data,O
2015-01-15 00:00:00+07:00,TanChau,019803,MRC_WRUP_VN_019803,MRC_EXPORT_2026-08-31,17.58,17.58,mS/m,VERIFIED,PASS,Raw - Not Yet Reviewed,Unverified data,O
2015-02-15 00:00:00+07:00,TanChau,019803,MRC_WRUP_VN_019803,MRC_EXPORT_2026-08-31,20.1,20.1,mS/m,VERIFIED,PASS,Raw - Not Yet Reviewed,Unverified data,O
2015-03-15 00:00:00+07:00,TanChau,019803,MRC_WRUP_VN_019803,MRC_EXPORT_2026-08-31,20.2,20.2,mS/m,VERIFIED,PASS,Raw - Not Yet Reviewed,Unverified data,O
2015-04-15 00:00:00+07:00,TanChau,019803,MRC_WRUP_VN_019803,MRC_EXPORT_2026-08-31,23.1,23.1,mS/m,VERIFIED,PASS,Raw - Not Yet Reviewed,Unverified data,O
2015-05-15 00:00:00+07:00,TanChau,019803,MRC_WRUP_VN_019803,MRC_EXPORT_2026-08-31,25.1,25.1,mS/m,VERIFIED,PASS,Raw - Not Yet Reviewed,Unverified data,O
2015-06-15 00:00:00+07:00,TanChau,019803,MRC_WRUP_VN_019803,MRC_EXPORT_2026-08-31,20.2,20.2,mS/m,VERIFIED,PASS,Raw - Not Yet Reviewed,Unverified data,O
2015-07-15 00:00:00+07:00,TanChau,019803,MRC_WRUP_VN_019803,MRC_EXPORT_2026-08-31,19.7,19.7,mS/m,VERIFIED,PASS,Raw - Not Yet Reviewed,Unverified data,O
2015-08-15 00:00:00+07:00,TanChau,019803,MRC_WRUP_VN_019803,MRC_EXPORT_2026-08-31,13.3,13.3,mS/m,VERIFIED,PASS,Raw - Not Yet Reviewed,Unverified data,O
2015-09-15 00:00:00+07:00,TanChau,019803,MRC_WRUP_VN_019803,MRC_EXPORT_2026-08-31,12.2,12.2,mS/m,VERIFIED,PASS,Raw - Not Yet Reviewed,Unverified data,O
2015-10-15 00:00:00+07:00,TanChau,019803,MRC_WRUP_VN_019803,MRC_EXPORT_2026-08-31,14.26,14.26,mS/m,VERIFIED,PASS,Raw - Not Yet Reviewed,Unverified data,O
2015-11-15 00:00:00+07:00,TanChau,019803,MRC_WRUP_VN_019803,MRC_EXPORT_2026-08-31,14.02,14.02,mS/m,VERIFIED,PASS,Raw - Not Yet Reviewed,Unverified data,O
2015-12-15 00:00:00+07:00,TanChau,019803,MRC_WRUP_VN_019803,MRC_EXPORT_2026-08-31,13.85,13.85,mS/m,VERIFIED,PASS,Raw - Not Yet Reviewed,Unverified data,O
2016-01-15 00:00:00+07:00,TanChau,019803,MRC_WRUP_VN_019803,MRC_EXPORT_2026-08-31,17.42,17.42,mS/m,VERIFIED,PASS,Raw - Not Yet Reviewed,Unverified data,O
2016-02-15 00:00:00+07:00,TanChau,019803,MRC_WRUP_VN_019803,MRC_EXPORT_2026-08-31,19.72,19.72,mS/m,VERIFIED,PASS,Raw - Not Yet Reviewed,Unverified data,O
2016-03-15 00:00:00+07:00,TanChau,019803,MRC_WRUP_VN_019803,MRC_EXPORT_2026-08-31,21.8,21.8,mS/m,VERIFIED,PASS,Raw - Not Yet Reviewed,Unverified data,O
2016-04-15 00:00:00+07:00,TanChau,019803,MRC_WRUP_VN_019803,MRC_EXPORT_2026-08-31,21.9,21.9,mS/m,VERIFIED,PASS,Raw - Not Yet Reviewed,Unverified data,O
2016-05-15 00:00:00+07:00,TanChau,019803,MRC_WRUP_VN_019803,MRC_EXPORT_2026-08-31,25.7,25.7,mS/m,VERIFIED,PASS,Raw - Not Yet Reviewed,Unverified data,O
2016-06-15 00:00:00+07:00,TanChau,019803,MRC_WRUP_VN_019803,MRC_EXPORT_2026-08-31,22.4,22.4,mS/m,VERIFIED,PASS,Raw - Not Yet Reviewed,Unverified data,O
2016-07-15 00:00:00+07:00,TanChau,019803,MRC_WRUP_VN_019803,MRC_EXPORT_2026-08-31,11.84,11.84,mS/m,SUSPECT,ABRUPT_JUMP_GT_8.610_MS_PER_M,Raw - Not Yet Reviewed,Unverified data,O
2016-08-15 00:00:00+07:00,TanChau,019803,MRC_WRUP_VN_019803,MRC_EXPORT_2026-08-31,12.68,12.68,mS/m,VERIFIED,PASS,Raw - Not Yet Reviewed,Unverified data,O
2016-09-15 00:00:00+07:00,TanChau,019803,MRC_WRUP_VN_019803,MRC_EXPORT_2026-08-31,11.65,11.65,mS/m,VERIFIED,PASS,Raw - Not Yet Reviewed,Unverified data,O
2016-10-15 00:00:00+07:00,TanChau,019803,MRC_WRUP_VN_019803,MRC_EXPORT_2026-08-31,10.05,10.05,mS/m,VERIFIED,PASS,Raw - Not Yet Reviewed,Unverified data,O
2016-11-15 00:00:00+07:00,TanChau,019803,MRC_WRUP_VN_019803,MRC_EXPORT_2026-08-31,12.88,12.88,mS/m,VERIFIED,PASS,Raw - Not Yet Reviewed,Unverified data,O
2016-12-15 00:00:00+07:00,TanChau,019803,MRC_WRUP_VN_019803,MRC_EXPORT_2026-08-31,14.71,14.71,mS/m,VERIFIED,PASS,Raw - Not Yet Reviewed,Unverified data,O
2017-01-15 00:00:00+07:00,TanChau,019803,MRC_WRUP_VN_019803,MRC_EXPORT_2026-08-31,14.88,14.88,mS/m,VERIFIED,PASS,Raw - Not Yet Reviewed,Unverified data,O
2017-02-15 00:00:00+07:00,TanChau,019803,MRC_WRUP_VN_019803,MRC_EXPORT_2026-08-31,17.1,17.1,mS/m,VERIFIED,PASS,Raw - Not Yet Reviewed,Unverified data,O
2017-03-15 00:00:00+07:00,TanChau,019803,MRC_WRUP_VN_019803,MRC_EXPORT_2026-08-31,19.44,19.44,mS/m,VERIFIED,PASS,Raw - Not Yet Reviewed,Unverified data,O
2017-04-15 00:00:00+07:00,TanChau,019803,MRC_WRUP_VN_019803,MRC_EXPORT_2026-08-31,21.25,21.25,mS/m,VERIFIED,PASS,Raw - Not Yet Reviewed,Unverified data,O
2017-05-15 00:00:00+07:00,TanChau,019803,MRC_WRUP_VN_019803,MRC_EXPORT_2026-08-31,20.6,20.6,mS/m,VERIFIED,PASS,Raw - Not Yet Reviewed,Unverified data,O
2017-06-15 00:00:00+07:00,TanChau,019803,MRC_WRUP_VN_019803,MRC_EXPORT_2026-08-31,16.05,16.05,mS/m,VERIFIED,PASS,Raw - Not Yet Reviewed,Unverified data,O
2017-07-15 00:00:00+07:00,TanChau,019803,MRC_WRUP_VN_019803,MRC_EXPORT_2026-08-31,12.65,12.65,mS/m,VERIFIED,PASS,Raw - Not Yet Reviewed,Unverified data,O
2017-08-15 00:00:00+07:00,TanChau,019803,MRC_WRUP_VN_019803,MRC_EXPORT_2026-08-31,11.96,11.96,mS/m,VERIFIED,PASS,Raw - Not Yet Reviewed,Unverified data,O
2017-09-15 00:00:00+07:00,TanChau,019803,MRC_WRUP_VN_019803,MRC_EXPORT_2026-08-31,11.82,11.82,mS/m,VERIFIED,PASS,Raw - Not Yet Reviewed,Unverified data,O
2017-10-15 00:00:00+07:00,TanChau,019803,MRC_WRUP_VN_019803,MRC_EXPORT_2026-08-31,13.03,13.03,mS/m,VERIFIED,PASS,Raw - Not Yet Reviewed,Unverified data,O
2017-11-15 00:00:00+07:00,TanChau,019803,MRC_WRUP_VN_019803,MRC_EXPORT_2026-08-31,11.73,11.73,mS/m,VERIFIED,PASS,Raw - Not Yet Reviewed,Unverified data,O
2017-12-15 00:00:00+07:00,TanChau,019803,MRC_WRUP_VN_019803,MRC_EXPORT_2026-08-31,14.3,14.3,mS/m,VERIFIED,PASS,Raw - Not Yet Reviewed,Unverified data,O
2018-01-15 00:00:00+07:00,TanChau,019803,MRC_WRUP_VN_019803,MRC_EXPORT_2026-08-31,15.12,15.12,mS/m,VERIFIED,PASS,Raw - Not Yet Reviewed,Unverified data,O
2018-02-15 00:00:00+07:00,TanChau,019803,MRC_WRUP_VN_019803,MRC_EXPORT_2026-08-31,17.98,17.98,mS/m,VERIFIED,PASS,Raw - Not Yet Reviewed,Unverified data,O
2018-03-15 00:00:00+07:00,TanChau,019803,MRC_WRUP_VN_019803,MRC_EXPORT_2026-08-31,20.8,20.8,mS/m,VERIFIED,PASS,Raw - Not Yet Reviewed,Unverified data,O
2018-04-15 00:00:00+07:00,TanChau,019803,MRC_WRUP_VN_019803,MRC_EXPORT_2026-08-31,21.5,21.5,mS/m,VERIFIED,PASS,Raw - Not Yet Reviewed,Unverified data,O
2018-05-15 00:00:00+07:00,TanChau,019803,MRC_WRUP_VN_019803,MRC_EXPORT_2026-08-31,21.7,21.7,mS/m,VERIFIED,PASS,Raw - Not Yet Reviewed,Unverified data,O
2018-06-15 00:00:00+07:00,TanChau,019803,MRC_WRUP_VN_019803,MRC_EXPORT_2026-08-31,20.9,20.9,mS/m,VERIFIED,PASS,Raw - Not Yet Reviewed,Unverified data,O
2018-07-15 00:00:00+07:00,TanChau,019803,MRC_WRUP_VN_019803,MRC_EXPORT_2026-08-31,15.13,15.13,mS/m,VERIFIED,PASS,Raw - Not Yet Reviewed,Unverified data,O
2018-08-15 00:00:00+07:00,TanChau,019803,MRC_WRUP_VN_019803,MRC_EXPORT_2026-08-31,10.51,10.51,mS/m,VERIFIED,PASS,Raw - Not Yet Reviewed,Unverified data,O
2018-09-15 00:00:00+07:00,TanChau,019803,MRC_WRUP_VN_019803,MRC_EXPORT_2026-08-31,11.63,11.63,mS/m,VERIFIED,PASS,Raw - Not Yet Reviewed,Unverified data,O
2018-10-15 00:00:00+07:00,TanChau,019803,MRC_WRUP_VN_019803,MRC_EXPORT_2026-08-31,11.74,11.74,mS/m,VERIFIED,PASS,Raw - Not Yet Reviewed,Unverified data,O
2018-11-15 00:00:00+07:00,TanChau,019803,MRC_WRUP_VN_019803,MRC_EXPORT_2026-08-31,13.58,13.58,mS/m,VERIFIED,PASS,Raw - Not Yet Reviewed,Unverified data,O
2018-12-15 00:00:00+07:00,TanChau,019803,MRC_WRUP_VN_019803,MRC_EXPORT_2026-08-31,13.94,13.94,mS/m,VERIFIED,PASS,Raw - Not Yet Reviewed,Unverified data,O
2019-01-15 00:00:00+07:00,TanChau,019803,MRC_WRUP_VN_019803,MRC_EXPORT_2026-08-31,15.84,15.84,mS/m,VERIFIED,PASS,Raw - Not Yet Reviewed,Unverified data,O
2019-02-15 00:00:00+07:00,TanChau,019803,MRC_WRUP_VN_019803,MRC_EXPORT_2026-08-31,19.32,19.32,mS/m,VERIFIED,PASS,Raw - Not Yet Reviewed,Unverified data,O
2019-03-15 00:00:00+07:00,TanChau,019803,MRC_WRUP_VN_019803,MRC_EXPORT_2026-08-31,22.0,22.0,mS/m,VERIFIED,PASS,Raw - Not Yet Reviewed,Unverified data,O
2019-04-16 00:00:00+07:00,TanChau,019803,MRC_WRUP_VN_019803,MRC_EXPORT_2026-08-31,25.7,25.7,mS/m,VERIFIED,PASS,Raw - Not Yet Reviewed,Unverified data,O
2019-05-15 00:00:00+07:00,TanChau,019803,MRC_WRUP_VN_019803,MRC_EXPORT_2026-08-31,23.2,23.2,mS/m,VERIFIED,PASS,Raw - Not Yet Reviewed,Unverified data,O
2019-06-15 00:00:00+07:00,TanChau,019803,MRC_WRUP_VN_019803,MRC_EXPORT_2026-08-31,22.7,22.7,mS/m,VERIFIED,PASS,Raw - Not Yet Reviewed,Unverified data,O
2019-07-15 00:00:00+07:00,TanChau,019803,MRC_WRUP_VN_019803,MRC_EXPORT_2026-08-31,15.88,15.88,mS/m,VERIFIED,PASS,Raw - Not Yet Reviewed,Unverified data,O
2019-08-15 00:00:00+07:00,TanChau,019803,MRC_WRUP_VN_019803,MRC_EXPORT_2026-08-31,10.52,10.52,mS/m,VERIFIED,PASS,Raw - Not Yet Reviewed,Unverified data,O
2019-09-16 00:00:00+07:00,TanChau,019803,MRC_WRUP_VN_019803,MRC_EXPORT_2026-08-31,9.23,9.23,mS/m,VERIFIED,PASS,Raw - Not Yet Reviewed,Unverified data,O
2019-10-15 00:00:00+07:00,TanChau,019803,MRC_WRUP_VN_019803,MRC_EXPORT_2026-08-31,10.82,10.82,mS/m,VERIFIED,PASS,Raw - Not Yet Reviewed,Unverified data,O
2019-11-15 00:00:00+07:00,TanChau,019803,MRC_WRUP_VN_019803,MRC_EXPORT_2026-08-31,12.66,12.66,mS/m,VERIFIED,PASS,Raw - Not Yet Reviewed,Unverified data,O
2019-12-15 00:00:00+07:00,TanChau,019803,MRC_WRUP_VN_019803,MRC_EXPORT_2026-08-31,16.42,16.42,mS/m,VERIFIED,PASS,Raw - Not Yet Reviewed,Unverified data,O
2020-01-15 00:00:00+07:00,TanChau,019803,MRC_WRUP_VN_019803,MRC_EXPORT_2026-08-31,21.54,21.54,mS/m,VERIFIED,PASS,Raw - Not Yet Reviewed,Unverified data,O
2020-02-15 00:00:00+07:00,TanChau,019803,MRC_WRUP_VN_019803,MRC_EXPORT_2026-08-31,24.8,24.8,mS/m,VERIFIED,PASS,Raw - Not Yet Reviewed,Unverified data,O
2020-03-15 00:00:00+07:00,TanChau,019803,MRC_WRUP_VN_019803,MRC_EXPORT_2026-08-31,25.1,25.1,mS/m,VERIFIED,PASS,Raw - Not Yet Reviewed,Unverified data,O
2020-04-16 00:00:00+07:00,TanChau,019803,MRC_WRUP_VN_019803,MRC_EXPORT_2026-08-31,26.7,26.7,mS/m,VERIFIED,PASS,Raw - Not Yet Reviewed,Unverified data,O
2020-05-15 00:00:00+07:00,TanChau,019803,MRC_WRUP_VN_019803,MRC_EXPORT_2026-08-31,30.3,30.3,mS/m,VERIFIED,PASS,Raw - Not Yet Reviewed,Unverified data,O
2020-06-15 00:00:00+07:00,TanChau,019803,MRC_WRUP_VN_019803,MRC_EXPORT_2026-08-31,22.7,22.7,mS/m,VERIFIED,PASS,Raw - Not Yet Reviewed,Unverified data,O
2020-07-15 00:00:00+07:00,TanChau,019803,MRC_WRUP_VN_019803,MRC_EXPORT_2026-08-31,22.1,22.1,mS/m,VERIFIED,PASS,Raw - Not Yet Reviewed,Unverified data,O
2020-08-15 00:00:00+07:00,TanChau,019803,MRC_WRUP_VN_019803,MRC_EXPORT_2026-08-31,12.9,12.9,mS/m,SUSPECT,ABRUPT_JUMP_GT_8.610_MS_PER_M,Raw - Not Yet Reviewed,Unverified data,O
2020-09-15 00:00:00+07:00,TanChau,019803,MRC_WRUP_VN_019803,MRC_EXPORT_2026-08-31,13.7,13.7,mS/m,VERIFIED,PASS,Raw - Not Yet Reviewed,Unverified data,O
2020-10-15 00:00:00+07:00,TanChau,019803,MRC_WRUP_VN_019803,MRC_EXPORT_2026-08-31,12.14,12.14,mS/m,VERIFIED,PASS,Raw - Not Yet Reviewed,Unverified data,O
2020-11-15 00:00:00+07:00,TanChau,019803,MRC_WRUP_VN_019803,MRC_EXPORT_2026-08-31,12.56,12.56,mS/m,VERIFIED,PASS,Raw - Not Yet Reviewed,Unverified data,O
2020-12-15 00:00:00+07:00,TanChau,019803,MRC_WRUP_VN_019803,MRC_EXPORT_2026-08-31,14.72,14.72,mS/m,VERIFIED,PASS,Raw - Not Yet Reviewed,Unverified data,O
2021-01-15 00:00:00+07:00,TanChau,019803,MRC_WRUP_VN_019803,MRC_EXPORT_2026-08-31,16.62,16.62,mS/m,VERIFIED,PASS,Raw - Not Yet Reviewed,Unverified data,O
2021-02-15 00:00:00+07:00,TanChau,019803,MRC_WRUP_VN_019803,MRC_EXPORT_2026-08-31,21.3,21.3,mS/m,VERIFIED,PASS,Raw - Not Yet Reviewed,Unverified data,O
2021-03-15 00:00:00+07:00,TanChau,019803,MRC_WRUP_VN_019803,MRC_EXPORT_2026-08-31,22.1,22.1,mS/m,VERIFIED,PASS,Raw - Not Yet Reviewed,Unverified data,O
2021-04-15 00:00:00+07:00,TanChau,019803,MRC_WRUP_VN_019803,MRC_EXPORT_2026-08-31,23.4,23.4,mS/m,VERIFIED,PASS,Raw - Not Yet Reviewed,Unverified data,O
2021-05-15 00:00:00+07:00,TanChau,019803,MRC_WRUP_VN_019803,MRC_EXPORT_2026-08-31,23.1,23.1,mS/m,VERIFIED,PASS,Raw - Not Yet Reviewed,Unverified data,O
2021-06-15 00:00:00+07:00,TanChau,019803,MRC_WRUP_VN_019803,MRC_EXPORT_2026-08-31,24.5,24.5,mS/m,VERIFIED,PASS,Raw - Not Yet Reviewed,Unverified data,O
2021-07-15 00:00:00+07:00,TanChau,019803,MRC_WRUP_VN_019803,MRC_EXPORT_2026-08-31,21.0,21.0,mS/m,VERIFIED,PASS,Raw - Not Yet Reviewed,Unverified data,O
2021-08-15 00:00:00+07:00,TanChau,019803,MRC_WRUP_VN_019803,MRC_EXPORT_2026-08-31,13.49,13.49,mS/m,VERIFIED,PASS,Raw - Not Yet Reviewed,Unverified data,O
2021-09-15 00:00:00+07:00,TanChau,019803,MRC_WRUP_VN_019803,MRC_EXPORT_2026-08-31,10.99,10.99,mS/m,VERIFIED,PASS,Raw - Not Yet Reviewed,Unverified data,O
2021-10-15 00:00:00+07:00,TanChau,019803,MRC_WRUP_VN_019803,MRC_EXPORT_2026-08-31,13.69,13.69,mS/m,VERIFIED,PASS,Raw - Not Yet Reviewed,Unverified data,O
2021-11-15 00:00:00+07:00,TanChau,019803,MRC_WRUP_VN_019803,MRC_EXPORT_2026-08-31,18.35,18.35,mS/m,VERIFIED,PASS,Raw - Not Yet Reviewed,Unverified data,O
2021-12-15 00:00:00+07:00,TanChau,019803,MRC_WRUP_VN_019803,MRC_EXPORT_2026-08-31,14.91,14.91,mS/m,VERIFIED,PASS,Raw - Not Yet Reviewed,Unverified data,O
2022-01-15 00:00:00+07:00,TanChau,019803,MRC_WRUP_VN_019803,MRC_EXPORT_2026-08-31,17.4,17.4,mS/m,VERIFIED,PASS,Raw - Not Yet Reviewed,Unverified data,O
2022-02-15 00:00:00+07:00,TanChau,019803,MRC_WRUP_VN_019803,MRC_EXPORT_2026-08-31,20.6,20.6,mS/m,VERIFIED,PASS,Raw - Not Yet Reviewed,Unverified data,O
2022-03-15 00:00:00+07:00,TanChau,019803,MRC_WRUP_VN_019803,MRC_EXPORT_2026-08-31,22.9,22.9,mS/m,VERIFIED,PASS,Raw - Not Yet Reviewed,Unverified data,O
2022-04-15 00:00:00+07:00,TanChau,019803,MRC_WRUP_VN_019803,MRC_EXPORT_2026-08-31,23.5,23.5,mS/m,VERIFIED,PASS,Raw - Not Yet Reviewed,Unverified data,O
2022-05-15 00:00:00+07:00,TanChau,019803,MRC_WRUP_VN_019803,MRC_EXPORT_2026-08-31,23.3,23.3,mS/m,VERIFIED,PASS,Raw - Not Yet Reviewed,Unverified data,O
2022-06-15 00:00:00+07:00,TanChau,019803,MRC_WRUP_VN_019803,MRC_EXPORT_2026-08-31,22.2,22.2,mS/m,VERIFIED,PASS,Raw - Not Yet Reviewed,Unverified data,O
2022-07-15 00:00:00+07:00,TanChau,019803,MRC_WRUP_VN_019803,MRC_EXPORT_2026-08-31,17.5,17.5,mS/m,VERIFIED,PASS,Raw - Not Yet Reviewed,Unverified data,O
2022-08-15 00:00:00+07:00,TanChau,019803,MRC_WRUP_VN_019803,MRC_EXPORT_2026-08-31,10.2,10.2,mS/m,VERIFIED,PASS,Raw - Not Yet Reviewed,Unverified data,O
2022-09-15 00:00:00+07:00,TanChau,019803,MRC_WRUP_VN_019803,MRC_EXPORT_2026-08-31,12.1,12.1,mS/m,VERIFIED,PASS,Raw - Not Yet Reviewed,Unverified data,O
2022-10-15 00:00:00+07:00,TanChau,019803,MRC_WRUP_VN_019803,MRC_EXPORT_2026-08-31,11.5,11.5,mS/m,VERIFIED,PASS,Raw - Not Yet Reviewed,Unverified data,O
2022-11-15 00:00:00+07:00,TanChau,019803,MRC_WRUP_VN_019803,MRC_EXPORT_2026-08-31,13.6,13.6,mS/m,VERIFIED,PASS,Raw - Not Yet Reviewed,Unverified data,O
2022-12-12 00:00:00+07:00,TanChau,019803,MRC_WRUP_VN_019803,MRC_EXPORT_2026-08-31,13.64,13.64,mS/m,VERIFIED,PASS,Raw - Not Yet Reviewed,Unverified data,O
2023-01-15 00:00:00+07:00,TanChau,019803,MRC_WRUP_VN_019803,MRC_EXPORT_2026-08-31,17.94,17.94,mS/m,VERIFIED,PASS,Raw - Not Yet Reviewed,Unverified data,O
2023-02-15 00:00:00+07:00,TanChau,019803,MRC_WRUP_VN_019803,MRC_EXPORT_2026-08-31,23.3,23.3,mS/m,VERIFIED,PASS,Raw - Not Yet Reviewed,Unverified data,O
2023-03-15 00:00:00+07:00,TanChau,019803,MRC_WRUP_VN_019803,MRC_EXPORT_2026-08-31,26.8,26.8,mS/m,VERIFIED,PASS,Raw - Not Yet Reviewed,Unverified data,O
2023-04-15 00:00:00+07:00,TanChau,019803,MRC_WRUP_VN_019803,MRC_EXPORT_2026-08-31,30.3,30.3,mS/m,VERIFIED,PASS,Raw - Not Yet Reviewed,Unverified data,O
2023-05-15 00:00:00+07:00,TanChau,019803,MRC_WRUP_VN_019803,MRC_EXPORT_2026-08-31,30.4,30.4,mS/m,VERIFIED,PASS,Raw - Not Yet Reviewed,Unverified data,O
2023-06-15 00:00:00+07:00,TanChau,019803,MRC_WRUP_VN_019803,MRC_EXPORT_2026-08-31,25.2,25.2,mS/m,VERIFIED,PASS,Raw - Not Yet Reviewed,Unverified data,O
2023-07-15 00:00:00+07:00,TanChau,019803,MRC_WRUP_VN_019803,MRC_EXPORT_2026-08-31,23.6,23.6,mS/m,VERIFIED,PASS,Raw - Not Yet Reviewed,Unverified data,O
2023-08-15 00:00:00+07:00,TanChau,019803,MRC_WRUP_VN_019803,MRC_EXPORT_2026-08-31,14.2,14.2,mS/m,SUSPECT,ABRUPT_JUMP_GT_8.610_MS_PER_M,Raw - Not Yet Reviewed,Unverified data,O
2023-09-15 00:00:00+07:00,TanChau,019803,MRC_WRUP_VN_019803,MRC_EXPORT_2026-08-31,11.7,11.7,mS/m,VERIFIED,PASS,Raw - Not Yet Reviewed,Unverified data,O
2023-10-15 00:00:00+07:00,TanChau,019803,MRC_WRUP_VN_019803,MRC_EXPORT_2026-08-31,13.0,13.0,mS/m,VERIFIED,PASS,Raw - Not Yet Reviewed,Unverified data,O
2023-11-15 00:00:00+07:00,TanChau,019803,MRC_WRUP_VN_019803,MRC_EXPORT_2026-08-31,13.6,13.6,mS/m,VERIFIED,PASS,Raw - Not Yet Reviewed,Unverified data,O
2023-12-15 00:00:00+07:00,TanChau,019803,MRC_WRUP_VN_019803,MRC_EXPORT_2026-08-31,13.5,13.5,mS/m,VERIFIED,PASS,Raw - Not Yet Reviewed,Unverified data,O
