gate_code,gate_name,latitude,longitude,candidate_latitude,candidate_longitude,coordinate_method,webgis_ready,confidence_note,source,source_id,snapshot_id,is_primary_coord
PL3-0001,Cống Đường nước Uỷ ban,,,,,UNKNOWN,False,Giữ trống tọa độ để tránh tạo điểm giả; cần GIS kỹ thuật/khảo sát hoặc nguồn công bố trực tiếp.,PL3_2025_DongThap_old,4. PL3 - danh muc cong .pdf,GATE_MASTER_2026-10-02,False
PL3-0002,Cống Bảy Ngỏi,,,,,UNKNOWN,False,Giữ trống tọa độ để tránh tạo điểm giả; cần GIS kỹ thuật/khảo sát hoặc nguồn công bố trực tiếp.,PL3_2025_DongThap_old,4. PL3 - danh muc cong .pdf,GATE_MASTER_2026-10-02,False
PL3-0003,Cống Kho Bể,,,,,UNKNOWN,False,Giữ trống tọa độ để tránh tạo điểm giả; cần GIS kỹ thuật/khảo sát hoặc nguồn công bố trực tiếp.,PL3_2025_DongThap_old,4. PL3 - danh muc cong .pdf,GATE_MASTER_2026-10-02,False
PL3-0004,Cống Đồng Tiến,,,,,UNKNOWN,False,Giữ trống tọa độ để tránh tạo điểm giả; cần GIS kỹ thuật/khảo sát hoặc nguồn công bố trực tiếp.,PL3_2025_DongThap_old,4. PL3 - danh muc cong .pdf,GATE_MASTER_2026-10-02,False
PL3-0005,Cống Quốc lộ 30,,,,,UNKNOWN,False,Giữ trống tọa độ để tránh tạo điểm giả; cần GIS kỹ thuật/khảo sát hoặc nguồn công bố trực tiếp.,PL3_2025_DongThap_old,4. PL3 - danh muc cong .pdf,GATE_MASTER_2026-10-02,False
PL3-0006,Cống Quốc lộ 30,,,,,UNKNOWN,False,Giữ trống tọa độ để tránh tạo điểm giả; cần GIS kỹ thuật/khảo sát hoặc nguồn công bố trực tiếp.,PL3_2025_DongThap_old,4. PL3 - danh muc cong .pdf,GATE_MASTER_2026-10-02,False
PL3-0007,Cống Lam Phương,,,,,UNKNOWN,False,Giữ trống tọa độ để tránh tạo điểm giả; cần GIS kỹ thuật/khảo sát hoặc nguồn công bố trực tiếp.,PL3_2025_DongThap_old,4. PL3 - danh muc cong .pdf,GATE_MASTER_2026-10-02,False
PL3-0008,Cống đê bao.TTSR,,,,,UNKNOWN,False,Giữ trống tọa độ để tránh tạo điểm giả; cần GIS kỹ thuật/khảo sát hoặc nguồn công bố trực tiếp.,PL3_2025_DongThap_old,4. PL3 - danh muc cong .pdf,GATE_MASTER_2026-10-02,False
PL3-0009,Cống Tân Hoà,,,,,UNKNOWN,False,Giữ trống tọa độ để tránh tạo điểm giả; cần GIS kỹ thuật/khảo sát hoặc nguồn công bố trực tiếp.,PL3_2025_DongThap_old,4. PL3 - danh muc cong .pdf,GATE_MASTER_2026-10-02,False
PL3-0010,Cống tiêu THT số 3,,,,,UNKNOWN,False,Giữ trống tọa độ để tránh tạo điểm giả; cần GIS kỹ thuật/khảo sát hoặc nguồn công bố trực tiếp.,PL3_2025_DongThap_old,4. PL3 - danh muc cong .pdf,GATE_MASTER_2026-10-02,False
PL3-0011,Cống tiêu ranh xã Tân Thành A - Tân Phước,,,,,UNKNOWN,False,Giữ trống tọa độ để tránh tạo điểm giả; cần GIS kỹ thuật/khảo sát hoặc nguồn công bố trực tiếp.,PL3_2025_DongThap_old,4. PL3 - danh muc cong .pdf,GATE_MASTER_2026-10-02,False
PL3-0012,Cống Chín Sỏi,,,,,UNKNOWN,False,Giữ trống tọa độ để tránh tạo điểm giả; cần GIS kỹ thuật/khảo sát hoặc nguồn công bố trực tiếp.,PL3_2025_DongThap_old,4. PL3 - danh muc cong .pdf,GATE_MASTER_2026-10-02,False
PL3-0013,Cống Mương Tổng,,,,,UNKNOWN,False,Giữ trống tọa độ để tránh tạo điểm giả; cần GIS kỹ thuật/khảo sát hoặc nguồn công bố trực tiếp.,PL3_2025_DongThap_old,4. PL3 - danh muc cong .pdf,GATE_MASTER_2026-10-02,False
PL3-0014,Cống Sáu Hoàng,,,,,UNKNOWN,False,Giữ trống tọa độ để tránh tạo điểm giả; cần GIS kỹ thuật/khảo sát hoặc nguồn công bố trực tiếp.,PL3_2025_DongThap_old,4. PL3 - danh muc cong .pdf,GATE_MASTER_2026-10-02,False
PL3-0015,Cống Tư Tiếp,,,,,UNKNOWN,False,Giữ trống tọa độ để tránh tạo điểm giả; cần GIS kỹ thuật/khảo sát hoặc nguồn công bố trực tiếp.,PL3_2025_DongThap_old,4. PL3 - danh muc cong .pdf,GATE_MASTER_2026-10-02,False
PL3-0016,Cống Rọc Bà Thả,,,,,UNKNOWN,False,Giữ trống tọa độ để tránh tạo điểm giả; cần GIS kỹ thuật/khảo sát hoặc nguồn công bố trực tiếp.,PL3_2025_DongThap_old,4. PL3 - danh muc cong .pdf,GATE_MASTER_2026-10-02,False
PL3-0017,Cống Lung Sâu,,,,,UNKNOWN,False,Giữ trống tọa độ để tránh tạo điểm giả; cần GIS kỹ thuật/khảo sát hoặc nguồn công bố trực tiếp.,PL3_2025_DongThap_old,4. PL3 - danh muc cong .pdf,GATE_MASTER_2026-10-02,False
PL3-0018,Cống Kênh 4 Thước 1,,,,,UNKNOWN,False,Giữ trống tọa độ để tránh tạo điểm giả; cần GIS kỹ thuật/khảo sát hoặc nguồn công bố trực tiếp.,PL3_2025_DongThap_old,4. PL3 - danh muc cong .pdf,GATE_MASTER_2026-10-02,False
PL3-0019,Cống Kênh 4 Thước 2,,,,,UNKNOWN,False,Giữ trống tọa độ để tránh tạo điểm giả; cần GIS kỹ thuật/khảo sát hoặc nguồn công bố trực tiếp.,PL3_2025_DongThap_old,4. PL3 - danh muc cong .pdf,GATE_MASTER_2026-10-02,False
PL3-0020,Cống Kênh 4 Thước 3,,,,,UNKNOWN,False,Giữ trống tọa độ để tránh tạo điểm giả; cần GIS kỹ thuật/khảo sát hoặc nguồn công bố trực tiếp.,PL3_2025_DongThap_old,4. PL3 - danh muc cong .pdf,GATE_MASTER_2026-10-02,False
PL3-0021,Cống Kênh 4 Thước 4,,,,,UNKNOWN,False,Giữ trống tọa độ để tránh tạo điểm giả; cần GIS kỹ thuật/khảo sát hoặc nguồn công bố trực tiếp.,PL3_2025_DongThap_old,4. PL3 - danh muc cong .pdf,GATE_MASTER_2026-10-02,False
PL3-0022,Cống Năm Bàng,,,,,UNKNOWN,False,Giữ trống tọa độ để tránh tạo điểm giả; cần GIS kỹ thuật/khảo sát hoặc nguồn công bố trực tiếp.,PL3_2025_DongThap_old,4. PL3 - danh muc cong .pdf,GATE_MASTER_2026-10-02,False
PL3-0023,Cống Bến đò,,,,,UNKNOWN,False,Giữ trống tọa độ để tránh tạo điểm giả; cần GIS kỹ thuật/khảo sát hoặc nguồn công bố trực tiếp.,PL3_2025_DongThap_old,4. PL3 - danh muc cong .pdf,GATE_MASTER_2026-10-02,False
PL3-0024,Cống Kênh Cụt,,,,,UNKNOWN,False,Giữ trống tọa độ để tránh tạo điểm giả; cần GIS kỹ thuật/khảo sát hoặc nguồn công bố trực tiếp.,PL3_2025_DongThap_old,4. PL3 - danh muc cong .pdf,GATE_MASTER_2026-10-02,False
PL3-0025,Cống Lò Gạch,,,,,UNKNOWN,False,Giữ trống tọa độ để tránh tạo điểm giả; cần GIS kỹ thuật/khảo sát hoặc nguồn công bố trực tiếp.,PL3_2025_DongThap_old,4. PL3 - danh muc cong .pdf,GATE_MASTER_2026-10-02,False
PL3-0026,Cống Sáu Cá Bóng,,,,,UNKNOWN,False,Giữ trống tọa độ để tránh tạo điểm giả; cần GIS kỹ thuật/khảo sát hoặc nguồn công bố trực tiếp.,PL3_2025_DongThap_old,4. PL3 - danh muc cong .pdf,GATE_MASTER_2026-10-02,False
PL3-0027,Cống TCC 3 -1,,,,,UNKNOWN,False,Giữ trống tọa độ để tránh tạo điểm giả; cần GIS kỹ thuật/khảo sát hoặc nguồn công bố trực tiếp.,PL3_2025_DongThap_old,4. PL3 - danh muc cong .pdf,GATE_MASTER_2026-10-02,False
PL3-0028,Cống TCC 3 -2,,,,,UNKNOWN,False,Giữ trống tọa độ để tránh tạo điểm giả; cần GIS kỹ thuật/khảo sát hoặc nguồn công bố trực tiếp.,PL3_2025_DongThap_old,4. PL3 - danh muc cong .pdf,GATE_MASTER_2026-10-02,False
PL3-0029,Cống Đìa Trâu,,,,,UNKNOWN,False,Giữ trống tọa độ để tránh tạo điểm giả; cần GIS kỹ thuật/khảo sát hoặc nguồn công bố trực tiếp.,PL3_2025_DongThap_old,4. PL3 - danh muc cong .pdf,GATE_MASTER_2026-10-02,False
PL3-0030,Cống Sáu Vĩ,,,,,UNKNOWN,False,Giữ trống tọa độ để tránh tạo điểm giả; cần GIS kỹ thuật/khảo sát hoặc nguồn công bố trực tiếp.,PL3_2025_DongThap_old,4. PL3 - danh muc cong .pdf,GATE_MASTER_2026-10-02,False
PL3-0031,Cống Bào Sen 2,,,,,UNKNOWN,False,Giữ trống tọa độ để tránh tạo điểm giả; cần GIS kỹ thuật/khảo sát hoặc nguồn công bố trực tiếp.,PL3_2025_DongThap_old,4. PL3 - danh muc cong .pdf,GATE_MASTER_2026-10-02,False
PL3-0032,Cống Bào Sen 1,,,,,UNKNOWN,False,Giữ trống tọa độ để tránh tạo điểm giả; cần GIS kỹ thuật/khảo sát hoặc nguồn công bố trực tiếp.,PL3_2025_DongThap_old,4. PL3 - danh muc cong .pdf,GATE_MASTER_2026-10-02,False
PL3-0033,Cống Mương 70,,,,,UNKNOWN,False,Giữ trống tọa độ để tránh tạo điểm giả; cần GIS kỹ thuật/khảo sát hoặc nguồn công bố trực tiếp.,PL3_2025_DongThap_old,4. PL3 - danh muc cong .pdf,GATE_MASTER_2026-10-02,False
PL3-0034,Cống Út Giặc,,,,,UNKNOWN,False,Giữ trống tọa độ để tránh tạo điểm giả; cần GIS kỹ thuật/khảo sát hoặc nguồn công bố trực tiếp.,PL3_2025_DongThap_old,4. PL3 - danh muc cong .pdf,GATE_MASTER_2026-10-02,False
PL3-0035,Cống Tư Dầy,,,,,UNKNOWN,False,Giữ trống tọa độ để tránh tạo điểm giả; cần GIS kỹ thuật/khảo sát hoặc nguồn công bố trực tiếp.,PL3_2025_DongThap_old,4. PL3 - danh muc cong .pdf,GATE_MASTER_2026-10-02,False
PL3-0036,Cống TCC 8 -1,,,,,UNKNOWN,False,Giữ trống tọa độ để tránh tạo điểm giả; cần GIS kỹ thuật/khảo sát hoặc nguồn công bố trực tiếp.,PL3_2025_DongThap_old,4. PL3 - danh muc cong .pdf,GATE_MASTER_2026-10-02,False
PL3-0037,Cống TCC 8 -2,,,,,UNKNOWN,False,Giữ trống tọa độ để tránh tạo điểm giả; cần GIS kỹ thuật/khảo sát hoặc nguồn công bố trực tiếp.,PL3_2025_DongThap_old,4. PL3 - danh muc cong .pdf,GATE_MASTER_2026-10-02,False
PL3-0038,Cống Bào sen 1,,,,,UNKNOWN,False,Giữ trống tọa độ để tránh tạo điểm giả; cần GIS kỹ thuật/khảo sát hoặc nguồn công bố trực tiếp.,PL3_2025_DongThap_old,4. PL3 - danh muc cong .pdf,GATE_MASTER_2026-10-02,False
PL3-0039,Cống Phạm Hùm,,,,,UNKNOWN,False,Giữ trống tọa độ để tránh tạo điểm giả; cần GIS kỹ thuật/khảo sát hoặc nguồn công bố trực tiếp.,PL3_2025_DongThap_old,4. PL3 - danh muc cong .pdf,GATE_MASTER_2026-10-02,False
PL3-0040,Cống Sáu Ân,,,,,UNKNOWN,False,Giữ trống tọa độ để tránh tạo điểm giả; cần GIS kỹ thuật/khảo sát hoặc nguồn công bố trực tiếp.,PL3_2025_DongThap_old,4. PL3 - danh muc cong .pdf,GATE_MASTER_2026-10-02,False
PL3-0041,Cống T.Lập(TCC),,,,,UNKNOWN,False,Giữ trống tọa độ để tránh tạo điểm giả; cần GIS kỹ thuật/khảo sát hoặc nguồn công bố trực tiếp.,PL3_2025_DongThap_old,4. PL3 - danh muc cong .pdf,GATE_MASTER_2026-10-02,False
PL3-0042,Cống T.Lập(TN),,,,,UNKNOWN,False,Giữ trống tọa độ để tránh tạo điểm giả; cần GIS kỹ thuật/khảo sát hoặc nguồn công bố trực tiếp.,PL3_2025_DongThap_old,4. PL3 - danh muc cong .pdf,GATE_MASTER_2026-10-02,False
PL3-0043,Cống Ông Sư,,,,,UNKNOWN,False,Giữ trống tọa độ để tránh tạo điểm giả; cần GIS kỹ thuật/khảo sát hoặc nguồn công bố trực tiếp.,PL3_2025_DongThap_old,4. PL3 - danh muc cong .pdf,GATE_MASTER_2026-10-02,False
PL3-0044,Cống Huyện Đội,,,,,UNKNOWN,False,Giữ trống tọa độ để tránh tạo điểm giả; cần GIS kỹ thuật/khảo sát hoặc nguồn công bố trực tiếp.,PL3_2025_DongThap_old,4. PL3 - danh muc cong .pdf,GATE_MASTER_2026-10-02,False
PL3-0045,Cống Bún Lộn,,,,,UNKNOWN,False,Giữ trống tọa độ để tránh tạo điểm giả; cần GIS kỹ thuật/khảo sát hoặc nguồn công bố trực tiếp.,PL3_2025_DongThap_old,4. PL3 - danh muc cong .pdf,GATE_MASTER_2026-10-02,False
PL3-0046,Cống Rọc Rừng,,,,,UNKNOWN,False,Giữ trống tọa độ để tránh tạo điểm giả; cần GIS kỹ thuật/khảo sát hoặc nguồn công bố trực tiếp.,PL3_2025_DongThap_old,4. PL3 - danh muc cong .pdf,GATE_MASTER_2026-10-02,False
PL3-0047,Cống Bào Chanh,,,,,UNKNOWN,False,Giữ trống tọa độ để tránh tạo điểm giả; cần GIS kỹ thuật/khảo sát hoặc nguồn công bố trực tiếp.,PL3_2025_DongThap_old,4. PL3 - danh muc cong .pdf,GATE_MASTER_2026-10-02,False
PL3-0048,Cống Bào đất sét,,,,,UNKNOWN,False,Giữ trống tọa độ để tránh tạo điểm giả; cần GIS kỹ thuật/khảo sát hoặc nguồn công bố trực tiếp.,PL3_2025_DongThap_old,4. PL3 - danh muc cong .pdf,GATE_MASTER_2026-10-02,False
PL3-0049,Cống THC 1-3,,,,,UNKNOWN,False,Giữ trống tọa độ để tránh tạo điểm giả; cần GIS kỹ thuật/khảo sát hoặc nguồn công bố trực tiếp.,PL3_2025_DongThap_old,4. PL3 - danh muc cong .pdf,GATE_MASTER_2026-10-02,False
PL3-0050,Cống THC 1-2,,,,,UNKNOWN,False,Giữ trống tọa độ để tránh tạo điểm giả; cần GIS kỹ thuật/khảo sát hoặc nguồn công bố trực tiếp.,PL3_2025_DongThap_old,4. PL3 - danh muc cong .pdf,GATE_MASTER_2026-10-02,False
PL3-0051,Cống Vọng Nguyệt,,,,,UNKNOWN,False,Giữ trống tọa độ để tránh tạo điểm giả; cần GIS kỹ thuật/khảo sát hoặc nguồn công bố trực tiếp.,PL3_2025_DongThap_old,4. PL3 - danh muc cong .pdf,GATE_MASTER_2026-10-02,False
PL3-0052,Cống Lăng Xăng,,,,,UNKNOWN,False,Giữ trống tọa độ để tránh tạo điểm giả; cần GIS kỹ thuật/khảo sát hoặc nguồn công bố trực tiếp.,PL3_2025_DongThap_old,4. PL3 - danh muc cong .pdf,GATE_MASTER_2026-10-02,False
PL3-0053,Cống Tân Hoà,,,,,UNKNOWN,False,Giữ trống tọa độ để tránh tạo điểm giả; cần GIS kỹ thuật/khảo sát hoặc nguồn công bố trực tiếp.,PL3_2025_DongThap_old,4. PL3 - danh muc cong .pdf,GATE_MASTER_2026-10-02,False
PL3-0054,Cống Cà Vàng,,,,,UNKNOWN,False,Giữ trống tọa độ để tránh tạo điểm giả; cần GIS kỹ thuật/khảo sát hoặc nguồn công bố trực tiếp.,PL3_2025_DongThap_old,4. PL3 - danh muc cong .pdf,GATE_MASTER_2026-10-02,False
PL3-0055,Cống Tám Đồng,,,,,UNKNOWN,False,Giữ trống tọa độ để tránh tạo điểm giả; cần GIS kỹ thuật/khảo sát hoặc nguồn công bố trực tiếp.,PL3_2025_DongThap_old,4. PL3 - danh muc cong .pdf,GATE_MASTER_2026-10-02,False
PL3-0056,Cống Tám Giáo,,,,,UNKNOWN,False,Giữ trống tọa độ để tránh tạo điểm giả; cần GIS kỹ thuật/khảo sát hoặc nguồn công bố trực tiếp.,PL3_2025_DongThap_old,4. PL3 - danh muc cong .pdf,GATE_MASTER_2026-10-02,False
PL3-0057,Cống Năm Di,,,,,UNKNOWN,False,Giữ trống tọa độ để tránh tạo điểm giả; cần GIS kỹ thuật/khảo sát hoặc nguồn công bố trực tiếp.,PL3_2025_DongThap_old,4. PL3 - danh muc cong .pdf,GATE_MASTER_2026-10-02,False
PL3-0058,Cống Hai Tiểu,,,,,UNKNOWN,False,Giữ trống tọa độ để tránh tạo điểm giả; cần GIS kỹ thuật/khảo sát hoặc nguồn công bố trực tiếp.,PL3_2025_DongThap_old,4. PL3 - danh muc cong .pdf,GATE_MASTER_2026-10-02,False
PL3-0059,Cống Sáu Nhịn,,,,,UNKNOWN,False,Giữ trống tọa độ để tránh tạo điểm giả; cần GIS kỹ thuật/khảo sát hoặc nguồn công bố trực tiếp.,PL3_2025_DongThap_old,4. PL3 - danh muc cong .pdf,GATE_MASTER_2026-10-02,False
PL3-0060,Cống Sáu Hà,,,,,UNKNOWN,False,Giữ trống tọa độ để tránh tạo điểm giả; cần GIS kỹ thuật/khảo sát hoặc nguồn công bố trực tiếp.,PL3_2025_DongThap_old,4. PL3 - danh muc cong .pdf,GATE_MASTER_2026-10-02,False
PL3-0061,Cống Cá Sấu,,,,,UNKNOWN,False,Giữ trống tọa độ để tránh tạo điểm giả; cần GIS kỹ thuật/khảo sát hoặc nguồn công bố trực tiếp.,PL3_2025_DongThap_old,4. PL3 - danh muc cong .pdf,GATE_MASTER_2026-10-02,False
PL3-0062,Cống Soá 1,,,,,UNKNOWN,False,Giữ trống tọa độ để tránh tạo điểm giả; cần GIS kỹ thuật/khảo sát hoặc nguồn công bố trực tiếp.,PL3_2025_DongThap_old,4. PL3 - danh muc cong .pdf,GATE_MASTER_2026-10-02,False
PL3-0063,Cống Lộ bể,,,,,UNKNOWN,False,Giữ trống tọa độ để tránh tạo điểm giả; cần GIS kỹ thuật/khảo sát hoặc nguồn công bố trực tiếp.,PL3_2025_DongThap_old,4. PL3 - danh muc cong .pdf,GATE_MASTER_2026-10-02,False
PL3-0064,Cống Năm Hưng,,,,,UNKNOWN,False,Giữ trống tọa độ để tránh tạo điểm giả; cần GIS kỹ thuật/khảo sát hoặc nguồn công bố trực tiếp.,PL3_2025_DongThap_old,4. PL3 - danh muc cong .pdf,GATE_MASTER_2026-10-02,False
PL3-0065,Cống Cả Găng 1,,,,,UNKNOWN,False,Giữ trống tọa độ để tránh tạo điểm giả; cần GIS kỹ thuật/khảo sát hoặc nguồn công bố trực tiếp.,PL3_2025_DongThap_old,4. PL3 - danh muc cong .pdf,GATE_MASTER_2026-10-02,False
PL3-0066,Cống Cả Găng 2,,,,,UNKNOWN,False,Giữ trống tọa độ để tránh tạo điểm giả; cần GIS kỹ thuật/khảo sát hoặc nguồn công bố trực tiếp.,PL3_2025_DongThap_old,4. PL3 - danh muc cong .pdf,GATE_MASTER_2026-10-02,False
PL3-0067,Cống Bình Phú 3-1,,,,,UNKNOWN,False,Giữ trống tọa độ để tránh tạo điểm giả; cần GIS kỹ thuật/khảo sát hoặc nguồn công bố trực tiếp.,PL3_2025_DongThap_old,4. PL3 - danh muc cong .pdf,GATE_MASTER_2026-10-02,False
PL3-0068,Cống Bào Chót,,,,,UNKNOWN,False,Giữ trống tọa độ để tránh tạo điểm giả; cần GIS kỹ thuật/khảo sát hoặc nguồn công bố trực tiếp.,PL3_2025_DongThap_old,4. PL3 - danh muc cong .pdf,GATE_MASTER_2026-10-02,False
PL3-0069,Cống Tầm Lành,,,,,UNKNOWN,False,Giữ trống tọa độ để tránh tạo điểm giả; cần GIS kỹ thuật/khảo sát hoặc nguồn công bố trực tiếp.,PL3_2025_DongThap_old,4. PL3 - danh muc cong .pdf,GATE_MASTER_2026-10-02,False
PL3-0070,Cống Bắc Dung,,,,,UNKNOWN,False,Giữ trống tọa độ để tránh tạo điểm giả; cần GIS kỹ thuật/khảo sát hoặc nguồn công bố trực tiếp.,PL3_2025_DongThap_old,4. PL3 - danh muc cong .pdf,GATE_MASTER_2026-10-02,False
PL3-0071,Cống Bình Phú 5 - 2,,,,,UNKNOWN,False,Giữ trống tọa độ để tránh tạo điểm giả; cần GIS kỹ thuật/khảo sát hoặc nguồn công bố trực tiếp.,PL3_2025_DongThap_old,4. PL3 - danh muc cong .pdf,GATE_MASTER_2026-10-02,False
PL3-0072,Cống Kênh Sườn lô 3,,,,,UNKNOWN,False,Giữ trống tọa độ để tránh tạo điểm giả; cần GIS kỹ thuật/khảo sát hoặc nguồn công bố trực tiếp.,PL3_2025_DongThap_old,4. PL3 - danh muc cong .pdf,GATE_MASTER_2026-10-02,False
PL3-0073,Cống Sa Rài,,,,,UNKNOWN,False,Giữ trống tọa độ để tránh tạo điểm giả; cần GIS kỹ thuật/khảo sát hoặc nguồn công bố trực tiếp.,PL3_2025_DongThap_old,4. PL3 - danh muc cong .pdf,GATE_MASTER_2026-10-02,False
PL3-0074,Cống Bình Phú 1 - 1,,,,,UNKNOWN,False,Giữ trống tọa độ để tránh tạo điểm giả; cần GIS kỹ thuật/khảo sát hoặc nguồn công bố trực tiếp.,PL3_2025_DongThap_old,4. PL3 - danh muc cong .pdf,GATE_MASTER_2026-10-02,False
PL3-0075,Cống Mương Tải,,,,,UNKNOWN,False,Giữ trống tọa độ để tránh tạo điểm giả; cần GIS kỹ thuật/khảo sát hoặc nguồn công bố trực tiếp.,PL3_2025_DongThap_old,4. PL3 - danh muc cong .pdf,GATE_MASTER_2026-10-02,False
PL3-0076,Cống Bình Phú 3 - 3,,,,,UNKNOWN,False,Giữ trống tọa độ để tránh tạo điểm giả; cần GIS kỹ thuật/khảo sát hoặc nguồn công bố trực tiếp.,PL3_2025_DongThap_old,4. PL3 - danh muc cong .pdf,GATE_MASTER_2026-10-02,False
PL3-0077,Cống A 19,,,,,UNKNOWN,False,Giữ trống tọa độ để tránh tạo điểm giả; cần GIS kỹ thuật/khảo sát hoặc nguồn công bố trực tiếp.,PL3_2025_DongThap_old,4. PL3 - danh muc cong .pdf,GATE_MASTER_2026-10-02,False
PL3-0078,Cống Bà Phỉnh,,,,,UNKNOWN,False,Giữ trống tọa độ để tránh tạo điểm giả; cần GIS kỹ thuật/khảo sát hoặc nguồn công bố trực tiếp.,PL3_2025_DongThap_old,4. PL3 - danh muc cong .pdf,GATE_MASTER_2026-10-02,False
PL3-0079,Cống Tư Bổ,,,,,UNKNOWN,False,Giữ trống tọa độ để tránh tạo điểm giả; cần GIS kỹ thuật/khảo sát hoặc nguồn công bố trực tiếp.,PL3_2025_DongThap_old,4. PL3 - danh muc cong .pdf,GATE_MASTER_2026-10-02,False
PL3-0080,Cống Cả Chanh,,,,,UNKNOWN,False,Giữ trống tọa độ để tránh tạo điểm giả; cần GIS kỹ thuật/khảo sát hoặc nguồn công bố trực tiếp.,PL3_2025_DongThap_old,4. PL3 - danh muc cong .pdf,GATE_MASTER_2026-10-02,False
PL3-0081,Cống Cả Găng,,,,,UNKNOWN,False,Giữ trống tọa độ để tránh tạo điểm giả; cần GIS kỹ thuật/khảo sát hoặc nguồn công bố trực tiếp.,PL3_2025_DongThap_old,4. PL3 - danh muc cong .pdf,GATE_MASTER_2026-10-02,False
PL3-0082,Cống Bà Huế,,,,,UNKNOWN,False,Giữ trống tọa độ để tránh tạo điểm giả; cần GIS kỹ thuật/khảo sát hoặc nguồn công bố trực tiếp.,PL3_2025_DongThap_old,4. PL3 - danh muc cong .pdf,GATE_MASTER_2026-10-02,False
PL3-0083,Cống Bà Đủ,,,,,UNKNOWN,False,Giữ trống tọa độ để tránh tạo điểm giả; cần GIS kỹ thuật/khảo sát hoặc nguồn công bố trực tiếp.,PL3_2025_DongThap_old,4. PL3 - danh muc cong .pdf,GATE_MASTER_2026-10-02,False
PL3-0084,Cống Tám Tiều,,,,,UNKNOWN,False,Giữ trống tọa độ để tránh tạo điểm giả; cần GIS kỹ thuật/khảo sát hoặc nguồn công bố trực tiếp.,PL3_2025_DongThap_old,4. PL3 - danh muc cong .pdf,GATE_MASTER_2026-10-02,False
PL3-0085,Cống Thị Đình,,,,,UNKNOWN,False,Giữ trống tọa độ để tránh tạo điểm giả; cần GIS kỹ thuật/khảo sát hoặc nguồn công bố trực tiếp.,PL3_2025_DongThap_old,4. PL3 - danh muc cong .pdf,GATE_MASTER_2026-10-02,False
PL3-0086,Cống Cây Me,,,,,UNKNOWN,False,Giữ trống tọa độ để tránh tạo điểm giả; cần GIS kỹ thuật/khảo sát hoặc nguồn công bố trực tiếp.,PL3_2025_DongThap_old,4. PL3 - danh muc cong .pdf,GATE_MASTER_2026-10-02,False
PL3-0087,Cống Ấp Bồ 1,,,,,UNKNOWN,False,Giữ trống tọa độ để tránh tạo điểm giả; cần GIS kỹ thuật/khảo sát hoặc nguồn công bố trực tiếp.,PL3_2025_DongThap_old,4. PL3 - danh muc cong .pdf,GATE_MASTER_2026-10-02,False
PL3-0088,Cống Ấp Bồ 2,,,,,UNKNOWN,False,Giữ trống tọa độ để tránh tạo điểm giả; cần GIS kỹ thuật/khảo sát hoặc nguồn công bố trực tiếp.,PL3_2025_DongThap_old,4. PL3 - danh muc cong .pdf,GATE_MASTER_2026-10-02,False
PL3-0089,Cống Lung Đầm,,,,,UNKNOWN,False,Giữ trống tọa độ để tránh tạo điểm giả; cần GIS kỹ thuật/khảo sát hoặc nguồn công bố trực tiếp.,PL3_2025_DongThap_old,4. PL3 - danh muc cong .pdf,GATE_MASTER_2026-10-02,False
PL3-0090,Cống Tám Cọp,,,,,UNKNOWN,False,Giữ trống tọa độ để tránh tạo điểm giả; cần GIS kỹ thuật/khảo sát hoặc nguồn công bố trực tiếp.,PL3_2025_DongThap_old,4. PL3 - danh muc cong .pdf,GATE_MASTER_2026-10-02,False
PL3-0091,Cống Cà Vàng,,,,,UNKNOWN,False,Giữ trống tọa độ để tránh tạo điểm giả; cần GIS kỹ thuật/khảo sát hoặc nguồn công bố trực tiếp.,PL3_2025_DongThap_old,4. PL3 - danh muc cong .pdf,GATE_MASTER_2026-10-02,False
PL3-0092,Cống Chòi Mòi,,,,,UNKNOWN,False,Giữ trống tọa độ để tránh tạo điểm giả; cần GIS kỹ thuật/khảo sát hoặc nguồn công bố trực tiếp.,PL3_2025_DongThap_old,4. PL3 - danh muc cong .pdf,GATE_MASTER_2026-10-02,False
PL3-0093,Cống Kênh Chòi Mòi,,,,,UNKNOWN,False,Giữ trống tọa độ để tránh tạo điểm giả; cần GIS kỹ thuật/khảo sát hoặc nguồn công bố trực tiếp.,PL3_2025_DongThap_old,4. PL3 - danh muc cong .pdf,GATE_MASTER_2026-10-02,False
PL3-0094,Cống Chủ Tống,,,,,UNKNOWN,False,Giữ trống tọa độ để tránh tạo điểm giả; cần GIS kỹ thuật/khảo sát hoặc nguồn công bố trực tiếp.,PL3_2025_DongThap_old,4. PL3 - danh muc cong .pdf,GATE_MASTER_2026-10-02,False
PL3-0095,Cống Láng Duồng,,,,,UNKNOWN,False,Giữ trống tọa độ để tránh tạo điểm giả; cần GIS kỹ thuật/khảo sát hoặc nguồn công bố trực tiếp.,PL3_2025_DongThap_old,4. PL3 - danh muc cong .pdf,GATE_MASTER_2026-10-02,False
PL3-0096,Cống Láng Cò,,,,,UNKNOWN,False,Giữ trống tọa độ để tránh tạo điểm giả; cần GIS kỹ thuật/khảo sát hoặc nguồn công bố trực tiếp.,PL3_2025_DongThap_old,4. PL3 - danh muc cong .pdf,GATE_MASTER_2026-10-02,False
PL3-0097,Cống Lòng Ép,,,,,UNKNOWN,False,Giữ trống tọa độ để tránh tạo điểm giả; cần GIS kỹ thuật/khảo sát hoặc nguồn công bố trực tiếp.,PL3_2025_DongThap_old,4. PL3 - danh muc cong .pdf,GATE_MASTER_2026-10-02,False
PL3-0098,Cống Năm Song,,,,,UNKNOWN,False,Giữ trống tọa độ để tránh tạo điểm giả; cần GIS kỹ thuật/khảo sát hoặc nguồn công bố trực tiếp.,PL3_2025_DongThap_old,4. PL3 - danh muc cong .pdf,GATE_MASTER_2026-10-02,False
PL3-0099,Cống Lộ Bể,,,,,UNKNOWN,False,Giữ trống tọa độ để tránh tạo điểm giả; cần GIS kỹ thuật/khảo sát hoặc nguồn công bố trực tiếp.,PL3_2025_DongThap_old,4. PL3 - danh muc cong .pdf,GATE_MASTER_2026-10-02,False
PL3-0100,Cống Cả Chốc,,,,,UNKNOWN,False,Giữ trống tọa độ để tránh tạo điểm giả; cần GIS kỹ thuật/khảo sát hoặc nguồn công bố trực tiếp.,PL3_2025_DongThap_old,4. PL3 - danh muc cong .pdf,GATE_MASTER_2026-10-02,False
PL3-0101,Cống Tư Sinh,,,,,UNKNOWN,False,Giữ trống tọa độ để tránh tạo điểm giả; cần GIS kỹ thuật/khảo sát hoặc nguồn công bố trực tiếp.,PL3_2025_DongThap_old,4. PL3 - danh muc cong .pdf,GATE_MASTER_2026-10-02,False
PL3-0102,Cống Thông Bình 6 - 1,,,,,UNKNOWN,False,Giữ trống tọa độ để tránh tạo điểm giả; cần GIS kỹ thuật/khảo sát hoặc nguồn công bố trực tiếp.,PL3_2025_DongThap_old,4. PL3 - danh muc cong .pdf,GATE_MASTER_2026-10-02,False
PL3-0103,Cống Thông Bình 7 - 1,,,,,UNKNOWN,False,Giữ trống tọa độ để tránh tạo điểm giả; cần GIS kỹ thuật/khảo sát hoặc nguồn công bố trực tiếp.,PL3_2025_DongThap_old,4. PL3 - danh muc cong .pdf,GATE_MASTER_2026-10-02,False
PL3-0104,Cống Ấp Bồ 2,,,,,UNKNOWN,False,Giữ trống tọa độ để tránh tạo điểm giả; cần GIS kỹ thuật/khảo sát hoặc nguồn công bố trực tiếp.,PL3_2025_DongThap_old,4. PL3 - danh muc cong .pdf,GATE_MASTER_2026-10-02,False
PL3-0105,Cống Bào Chanh,,,,,UNKNOWN,False,Giữ trống tọa độ để tránh tạo điểm giả; cần GIS kỹ thuật/khảo sát hoặc nguồn công bố trực tiếp.,PL3_2025_DongThap_old,4. PL3 - danh muc cong .pdf,GATE_MASTER_2026-10-02,False
PL3-0106,Cống Cả Chốc,,,,,UNKNOWN,False,Giữ trống tọa độ để tránh tạo điểm giả; cần GIS kỹ thuật/khảo sát hoặc nguồn công bố trực tiếp.,PL3_2025_DongThap_old,4. PL3 - danh muc cong .pdf,GATE_MASTER_2026-10-02,False
PL3-0107,Cống Chín Kheo,,,,,UNKNOWN,False,Giữ trống tọa độ để tránh tạo điểm giả; cần GIS kỹ thuật/khảo sát hoặc nguồn công bố trực tiếp.,PL3_2025_DongThap_old,4. PL3 - danh muc cong .pdf,GATE_MASTER_2026-10-02,False
PL3-0108,Cống Bà Buôi,,,,,UNKNOWN,False,Giữ trống tọa độ để tránh tạo điểm giả; cần GIS kỹ thuật/khảo sát hoặc nguồn công bố trực tiếp.,PL3_2025_DongThap_old,4. PL3 - danh muc cong .pdf,GATE_MASTER_2026-10-02,False
PL3-0109,Cống Ông Trói,,,,,UNKNOWN,False,Giữ trống tọa độ để tránh tạo điểm giả; cần GIS kỹ thuật/khảo sát hoặc nguồn công bố trực tiếp.,PL3_2025_DongThap_old,4. PL3 - danh muc cong .pdf,GATE_MASTER_2026-10-02,False
PL3-0110,Cống Chín Ngói,,,,,UNKNOWN,False,Giữ trống tọa độ để tránh tạo điểm giả; cần GIS kỹ thuật/khảo sát hoặc nguồn công bố trực tiếp.,PL3_2025_DongThap_old,4. PL3 - danh muc cong .pdf,GATE_MASTER_2026-10-02,False
PL3-0111,Cống Bà Hường,,,,,UNKNOWN,False,Giữ trống tọa độ để tránh tạo điểm giả; cần GIS kỹ thuật/khảo sát hoặc nguồn công bố trực tiếp.,PL3_2025_DongThap_old,4. PL3 - danh muc cong .pdf,GATE_MASTER_2026-10-02,False
PL3-0112,Cống Tư Điền,,,,,UNKNOWN,False,Giữ trống tọa độ để tránh tạo điểm giả; cần GIS kỹ thuật/khảo sát hoặc nguồn công bố trực tiếp.,PL3_2025_DongThap_old,4. PL3 - danh muc cong .pdf,GATE_MASTER_2026-10-02,False
PL3-0113,Cống Mười Bửng,,,,,UNKNOWN,False,Giữ trống tọa độ để tránh tạo điểm giả; cần GIS kỹ thuật/khảo sát hoặc nguồn công bố trực tiếp.,PL3_2025_DongThap_old,4. PL3 - danh muc cong .pdf,GATE_MASTER_2026-10-02,False
PL3-0114,Cống Kênh Co 2,,,,,UNKNOWN,False,Giữ trống tọa độ để tránh tạo điểm giả; cần GIS kỹ thuật/khảo sát hoặc nguồn công bố trực tiếp.,PL3_2025_DongThap_old,4. PL3 - danh muc cong .pdf,GATE_MASTER_2026-10-02,False
PL3-0115,Cống Kênh Co 1,,,,,UNKNOWN,False,Giữ trống tọa độ để tránh tạo điểm giả; cần GIS kỹ thuật/khảo sát hoặc nguồn công bố trực tiếp.,PL3_2025_DongThap_old,4. PL3 - danh muc cong .pdf,GATE_MASTER_2026-10-02,False
PL3-0116,Cống Ba Tráng,,,,,UNKNOWN,False,Giữ trống tọa độ để tránh tạo điểm giả; cần GIS kỹ thuật/khảo sát hoặc nguồn công bố trực tiếp.,PL3_2025_DongThap_old,4. PL3 - danh muc cong .pdf,GATE_MASTER_2026-10-02,False
PL3-0117,Cống Bảy Nghĩa,,,,,UNKNOWN,False,Giữ trống tọa độ để tránh tạo điểm giả; cần GIS kỹ thuật/khảo sát hoặc nguồn công bố trực tiếp.,PL3_2025_DongThap_old,4. PL3 - danh muc cong .pdf,GATE_MASTER_2026-10-02,False
PL3-0118,Cống Bảy Sung,,,,,UNKNOWN,False,Giữ trống tọa độ để tránh tạo điểm giả; cần GIS kỹ thuật/khảo sát hoặc nguồn công bố trực tiếp.,PL3_2025_DongThap_old,4. PL3 - danh muc cong .pdf,GATE_MASTER_2026-10-02,False
PL3-0119,Cống Năm Cống,,,,,UNKNOWN,False,Giữ trống tọa độ để tránh tạo điểm giả; cần GIS kỹ thuật/khảo sát hoặc nguồn công bố trực tiếp.,PL3_2025_DongThap_old,4. PL3 - danh muc cong .pdf,GATE_MASTER_2026-10-02,False
PL3-0120,Cống Hai Có,,,,,UNKNOWN,False,Giữ trống tọa độ để tránh tạo điểm giả; cần GIS kỹ thuật/khảo sát hoặc nguồn công bố trực tiếp.,PL3_2025_DongThap_old,4. PL3 - danh muc cong .pdf,GATE_MASTER_2026-10-02,False
PL3-0121,Cống Ông Pháo,,,,,UNKNOWN,False,Giữ trống tọa độ để tránh tạo điểm giả; cần GIS kỹ thuật/khảo sát hoặc nguồn công bố trực tiếp.,PL3_2025_DongThap_old,4. PL3 - danh muc cong .pdf,GATE_MASTER_2026-10-02,False
PL3-0122,Cống Ba Thế,,,,,UNKNOWN,False,Giữ trống tọa độ để tránh tạo điểm giả; cần GIS kỹ thuật/khảo sát hoặc nguồn công bố trực tiếp.,PL3_2025_DongThap_old,4. PL3 - danh muc cong .pdf,GATE_MASTER_2026-10-02,False
PL3-0123,Cống Tư Ngân,,,,,UNKNOWN,False,Giữ trống tọa độ để tránh tạo điểm giả; cần GIS kỹ thuật/khảo sát hoặc nguồn công bố trực tiếp.,PL3_2025_DongThap_old,4. PL3 - danh muc cong .pdf,GATE_MASTER_2026-10-02,False
PL3-0124,Cống Chín Kheo,,,,,UNKNOWN,False,Giữ trống tọa độ để tránh tạo điểm giả; cần GIS kỹ thuật/khảo sát hoặc nguồn công bố trực tiếp.,PL3_2025_DongThap_old,4. PL3 - danh muc cong .pdf,GATE_MASTER_2026-10-02,False
PL3-0125,Cống Bào Cái,,,,,UNKNOWN,False,Giữ trống tọa độ để tránh tạo điểm giả; cần GIS kỹ thuật/khảo sát hoặc nguồn công bố trực tiếp.,PL3_2025_DongThap_old,4. PL3 - danh muc cong .pdf,GATE_MASTER_2026-10-02,False
PL3-0126,Cống Út Hoa,,,,,UNKNOWN,False,Giữ trống tọa độ để tránh tạo điểm giả; cần GIS kỹ thuật/khảo sát hoặc nguồn công bố trực tiếp.,PL3_2025_DongThap_old,4. PL3 - danh muc cong .pdf,GATE_MASTER_2026-10-02,False
PL3-0127,Cống Ông Thành,,,,,UNKNOWN,False,Giữ trống tọa độ để tránh tạo điểm giả; cần GIS kỹ thuật/khảo sát hoặc nguồn công bố trực tiếp.,PL3_2025_DongThap_old,4. PL3 - danh muc cong .pdf,GATE_MASTER_2026-10-02,False
PL3-0128,Cống Đìa Chồn 1,,,,,UNKNOWN,False,Giữ trống tọa độ để tránh tạo điểm giả; cần GIS kỹ thuật/khảo sát hoặc nguồn công bố trực tiếp.,PL3_2025_DongThap_old,4. PL3 - danh muc cong .pdf,GATE_MASTER_2026-10-02,False
PL3-0129,Cống Bảy Bảo,,,,,UNKNOWN,False,Giữ trống tọa độ để tránh tạo điểm giả; cần GIS kỹ thuật/khảo sát hoặc nguồn công bố trực tiếp.,PL3_2025_DongThap_old,4. PL3 - danh muc cong .pdf,GATE_MASTER_2026-10-02,False
PL3-0130,Cống Đìa Chồn 2,,,,,UNKNOWN,False,Giữ trống tọa độ để tránh tạo điểm giả; cần GIS kỹ thuật/khảo sát hoặc nguồn công bố trực tiếp.,PL3_2025_DongThap_old,4. PL3 - danh muc cong .pdf,GATE_MASTER_2026-10-02,False
PL3-0131,Cống Cả Trấp 2,,,,,UNKNOWN,False,Giữ trống tọa độ để tránh tạo điểm giả; cần GIS kỹ thuật/khảo sát hoặc nguồn công bố trực tiếp.,PL3_2025_DongThap_old,4. PL3 - danh muc cong .pdf,GATE_MASTER_2026-10-02,False
PL3-0132,Cống Bảy Thưa 1,,,,,UNKNOWN,False,Giữ trống tọa độ để tránh tạo điểm giả; cần GIS kỹ thuật/khảo sát hoặc nguồn công bố trực tiếp.,PL3_2025_DongThap_old,4. PL3 - danh muc cong .pdf,GATE_MASTER_2026-10-02,False
PL3-0133,Cống Bảy Thưa 2,,,,,UNKNOWN,False,Giữ trống tọa độ để tránh tạo điểm giả; cần GIS kỹ thuật/khảo sát hoặc nguồn công bố trực tiếp.,PL3_2025_DongThap_old,4. PL3 - danh muc cong .pdf,GATE_MASTER_2026-10-02,False
PL3-0134,Cống Bào Lức Lớn,,,,,UNKNOWN,False,Giữ trống tọa độ để tránh tạo điểm giả; cần GIS kỹ thuật/khảo sát hoặc nguồn công bố trực tiếp.,PL3_2025_DongThap_old,4. PL3 - danh muc cong .pdf,GATE_MASTER_2026-10-02,False
PL3-0135,Cống Đìa Đất Sét,,,,,UNKNOWN,False,Giữ trống tọa độ để tránh tạo điểm giả; cần GIS kỹ thuật/khảo sát hoặc nguồn công bố trực tiếp.,PL3_2025_DongThap_old,4. PL3 - danh muc cong .pdf,GATE_MASTER_2026-10-02,False
PL3-0136,Cống Ông Dọn,,,,,UNKNOWN,False,Giữ trống tọa độ để tránh tạo điểm giả; cần GIS kỹ thuật/khảo sát hoặc nguồn công bố trực tiếp.,PL3_2025_DongThap_old,4. PL3 - danh muc cong .pdf,GATE_MASTER_2026-10-02,False
PL3-0137,Cống Hai Huồng,,,,,UNKNOWN,False,Giữ trống tọa độ để tránh tạo điểm giả; cần GIS kỹ thuật/khảo sát hoặc nguồn công bố trực tiếp.,PL3_2025_DongThap_old,4. PL3 - danh muc cong .pdf,GATE_MASTER_2026-10-02,False
PL3-0138,Cống Gáo đôi 1,,,,,UNKNOWN,False,Giữ trống tọa độ để tránh tạo điểm giả; cần GIS kỹ thuật/khảo sát hoặc nguồn công bố trực tiếp.,PL3_2025_DongThap_old,4. PL3 - danh muc cong .pdf,GATE_MASTER_2026-10-02,False
PL3-0139,Cống Gáo đôi 2,,,,,UNKNOWN,False,Giữ trống tọa độ để tránh tạo điểm giả; cần GIS kỹ thuật/khảo sát hoặc nguồn công bố trực tiếp.,PL3_2025_DongThap_old,4. PL3 - danh muc cong .pdf,GATE_MASTER_2026-10-02,False
PL3-0140,Cống Cả Trọi,,,,,UNKNOWN,False,Giữ trống tọa độ để tránh tạo điểm giả; cần GIS kỹ thuật/khảo sát hoặc nguồn công bố trực tiếp.,PL3_2025_DongThap_old,4. PL3 - danh muc cong .pdf,GATE_MASTER_2026-10-02,False
PL3-0141,Cống THT soá 5,,,,,UNKNOWN,False,Giữ trống tọa độ để tránh tạo điểm giả; cần GIS kỹ thuật/khảo sát hoặc nguồn công bố trực tiếp.,PL3_2025_DongThap_old,4. PL3 - danh muc cong .pdf,GATE_MASTER_2026-10-02,False
PL3-0142,Cống Lê Hoàng,,,,,UNKNOWN,False,Giữ trống tọa độ để tránh tạo điểm giả; cần GIS kỹ thuật/khảo sát hoặc nguồn công bố trực tiếp.,PL3_2025_DongThap_old,4. PL3 - danh muc cong .pdf,GATE_MASTER_2026-10-02,False
PL3-0143,Cống Tư Châu,,,,,UNKNOWN,False,Giữ trống tọa độ để tránh tạo điểm giả; cần GIS kỹ thuật/khảo sát hoặc nguồn công bố trực tiếp.,PL3_2025_DongThap_old,4. PL3 - danh muc cong .pdf,GATE_MASTER_2026-10-02,False
PL3-0144,Cống Ba Lộ,,,,,UNKNOWN,False,Giữ trống tọa độ để tránh tạo điểm giả; cần GIS kỹ thuật/khảo sát hoặc nguồn công bố trực tiếp.,PL3_2025_DongThap_old,4. PL3 - danh muc cong .pdf,GATE_MASTER_2026-10-02,False
PL3-0145,Cống Ông Dọn,,,,,UNKNOWN,False,Giữ trống tọa độ để tránh tạo điểm giả; cần GIS kỹ thuật/khảo sát hoặc nguồn công bố trực tiếp.,PL3_2025_DongThap_old,4. PL3 - danh muc cong .pdf,GATE_MASTER_2026-10-02,False
PL3-0146,Cống Gò Mả 1,,,,,UNKNOWN,False,Giữ trống tọa độ để tránh tạo điểm giả; cần GIS kỹ thuật/khảo sát hoặc nguồn công bố trực tiếp.,PL3_2025_DongThap_old,4. PL3 - danh muc cong .pdf,GATE_MASTER_2026-10-02,False
PL3-0147,Cống Gò Mả 2,,,,,UNKNOWN,False,Giữ trống tọa độ để tránh tạo điểm giả; cần GIS kỹ thuật/khảo sát hoặc nguồn công bố trực tiếp.,PL3_2025_DongThap_old,4. PL3 - danh muc cong .pdf,GATE_MASTER_2026-10-02,False
PL3-0148,Cống Ngọn Cũ 1,,,,,UNKNOWN,False,Giữ trống tọa độ để tránh tạo điểm giả; cần GIS kỹ thuật/khảo sát hoặc nguồn công bố trực tiếp.,PL3_2025_DongThap_old,4. PL3 - danh muc cong .pdf,GATE_MASTER_2026-10-02,False
PL3-0149,Cống Ngọn Cũ 2,,,,,UNKNOWN,False,Giữ trống tọa độ để tránh tạo điểm giả; cần GIS kỹ thuật/khảo sát hoặc nguồn công bố trực tiếp.,PL3_2025_DongThap_old,4. PL3 - danh muc cong .pdf,GATE_MASTER_2026-10-02,False
PL3-0150,Cống Mương Gáo,,,,,UNKNOWN,False,Giữ trống tọa độ để tránh tạo điểm giả; cần GIS kỹ thuật/khảo sát hoặc nguồn công bố trực tiếp.,PL3_2025_DongThap_old,4. PL3 - danh muc cong .pdf,GATE_MASTER_2026-10-02,False
PL3-0151,Cống Thuỷ Lợi 2,,,,,UNKNOWN,False,Giữ trống tọa độ để tránh tạo điểm giả; cần GIS kỹ thuật/khảo sát hoặc nguồn công bố trực tiếp.,PL3_2025_DongThap_old,4. PL3 - danh muc cong .pdf,GATE_MASTER_2026-10-02,False
PL3-0152,Cống Thuỷ Lợi 650,,,,,UNKNOWN,False,Giữ trống tọa độ để tránh tạo điểm giả; cần GIS kỹ thuật/khảo sát hoặc nguồn công bố trực tiếp.,PL3_2025_DongThap_old,4. PL3 - danh muc cong .pdf,GATE_MASTER_2026-10-02,False
PL3-0153,Cống Cả Trấp 2,,,,,UNKNOWN,False,Giữ trống tọa độ để tránh tạo điểm giả; cần GIS kỹ thuật/khảo sát hoặc nguồn công bố trực tiếp.,PL3_2025_DongThap_old,4. PL3 - danh muc cong .pdf,GATE_MASTER_2026-10-02,False
PL3-0154,Cống Mười Đức,,,,,UNKNOWN,False,Giữ trống tọa độ để tránh tạo điểm giả; cần GIS kỹ thuật/khảo sát hoặc nguồn công bố trực tiếp.,PL3_2025_DongThap_old,4. PL3 - danh muc cong .pdf,GATE_MASTER_2026-10-02,False
PL3-0155,Cống Tư Sườn,,,,,UNKNOWN,False,Giữ trống tọa độ để tránh tạo điểm giả; cần GIS kỹ thuật/khảo sát hoặc nguồn công bố trực tiếp.,PL3_2025_DongThap_old,4. PL3 - danh muc cong .pdf,GATE_MASTER_2026-10-02,False
PL3-0156,Cống Mương 70,,,,,UNKNOWN,False,Giữ trống tọa độ để tránh tạo điểm giả; cần GIS kỹ thuật/khảo sát hoặc nguồn công bố trực tiếp.,PL3_2025_DongThap_old,4. PL3 - danh muc cong .pdf,GATE_MASTER_2026-10-02,False
PL3-0157,Cống Tư Đủ,,,,,UNKNOWN,False,Giữ trống tọa độ để tránh tạo điểm giả; cần GIS kỹ thuật/khảo sát hoặc nguồn công bố trực tiếp.,PL3_2025_DongThap_old,4. PL3 - danh muc cong .pdf,GATE_MASTER_2026-10-02,False
PL3-0158,Cống Thuỷ Lợi 1,,,,,UNKNOWN,False,Giữ trống tọa độ để tránh tạo điểm giả; cần GIS kỹ thuật/khảo sát hoặc nguồn công bố trực tiếp.,PL3_2025_DongThap_old,4. PL3 - danh muc cong .pdf,GATE_MASTER_2026-10-02,False
PL3-0159,Cống Liệt Sỉ,,,,,UNKNOWN,False,Giữ trống tọa độ để tránh tạo điểm giả; cần GIS kỹ thuật/khảo sát hoặc nguồn công bố trực tiếp.,PL3_2025_DongThap_old,4. PL3 - danh muc cong .pdf,GATE_MASTER_2026-10-02,False
PL3-0160,Cống Chín Giàu,,,,,UNKNOWN,False,Giữ trống tọa độ để tránh tạo điểm giả; cần GIS kỹ thuật/khảo sát hoặc nguồn công bố trực tiếp.,PL3_2025_DongThap_old,4. PL3 - danh muc cong .pdf,GATE_MASTER_2026-10-02,False
PL3-0161,Cống Rọc Sậy,,,,,UNKNOWN,False,Giữ trống tọa độ để tránh tạo điểm giả; cần GIS kỹ thuật/khảo sát hoặc nguồn công bố trực tiếp.,PL3_2025_DongThap_old,4. PL3 - danh muc cong .pdf,GATE_MASTER_2026-10-02,False
PL3-0162,Cống Thuỷ Lợi 1,,,,,UNKNOWN,False,Giữ trống tọa độ để tránh tạo điểm giả; cần GIS kỹ thuật/khảo sát hoặc nguồn công bố trực tiếp.,PL3_2025_DongThap_old,4. PL3 - danh muc cong .pdf,GATE_MASTER_2026-10-02,False
PL3-0163,Cống Thuỷ Lợi 900,,,,,UNKNOWN,False,Giữ trống tọa độ để tránh tạo điểm giả; cần GIS kỹ thuật/khảo sát hoặc nguồn công bố trực tiếp.,PL3_2025_DongThap_old,4. PL3 - danh muc cong .pdf,GATE_MASTER_2026-10-02,False
PL3-0164,Cống Nhà thuốc nam,,,,,UNKNOWN,False,Giữ trống tọa độ để tránh tạo điểm giả; cần GIS kỹ thuật/khảo sát hoặc nguồn công bố trực tiếp.,PL3_2025_DongThap_old,4. PL3 - danh muc cong .pdf,GATE_MASTER_2026-10-02,False
PL3-0165,Cống Thuỷ Lợi 2,,,,,UNKNOWN,False,Giữ trống tọa độ để tránh tạo điểm giả; cần GIS kỹ thuật/khảo sát hoặc nguồn công bố trực tiếp.,PL3_2025_DongThap_old,4. PL3 - danh muc cong .pdf,GATE_MASTER_2026-10-02,False
PL3-0166,Cống Hai Có,,,,,UNKNOWN,False,Giữ trống tọa độ để tránh tạo điểm giả; cần GIS kỹ thuật/khảo sát hoặc nguồn công bố trực tiếp.,PL3_2025_DongThap_old,4. PL3 - danh muc cong .pdf,GATE_MASTER_2026-10-02,False
PL3-0167,Cống Cà Vàng (Việt Thược),,,,,UNKNOWN,False,Giữ trống tọa độ để tránh tạo điểm giả; cần GIS kỹ thuật/khảo sát hoặc nguồn công bố trực tiếp.,PL3_2025_DongThap_old,4. PL3 - danh muc cong .pdf,GATE_MASTER_2026-10-02,False
PL3-0168,Cống Bào Môn,,,,,UNKNOWN,False,Giữ trống tọa độ để tránh tạo điểm giả; cần GIS kỹ thuật/khảo sát hoặc nguồn công bố trực tiếp.,PL3_2025_DongThap_old,4. PL3 - danh muc cong .pdf,GATE_MASTER_2026-10-02,False
PL3-0169,Cống Công Binh,,,,,UNKNOWN,False,Giữ trống tọa độ để tránh tạo điểm giả; cần GIS kỹ thuật/khảo sát hoặc nguồn công bố trực tiếp.,PL3_2025_DongThap_old,4. PL3 - danh muc cong .pdf,GATE_MASTER_2026-10-02,False
PL3-0170,Cống Bảy Thưa,,,,,UNKNOWN,False,Giữ trống tọa độ để tránh tạo điểm giả; cần GIS kỹ thuật/khảo sát hoặc nguồn công bố trực tiếp.,PL3_2025_DongThap_old,4. PL3 - danh muc cong .pdf,GATE_MASTER_2026-10-02,False
PL3-0171,Cống Chín Kheo,,,,,UNKNOWN,False,Giữ trống tọa độ để tránh tạo điểm giả; cần GIS kỹ thuật/khảo sát hoặc nguồn công bố trực tiếp.,PL3_2025_DongThap_old,4. PL3 - danh muc cong .pdf,GATE_MASTER_2026-10-02,False
PL3-0172,Cống Cả Mũi,,,,,UNKNOWN,False,Giữ trống tọa độ để tránh tạo điểm giả; cần GIS kỹ thuật/khảo sát hoặc nguồn công bố trực tiếp.,PL3_2025_DongThap_old,4. PL3 - danh muc cong .pdf,GATE_MASTER_2026-10-02,False
PL3-0173,Cống Bà Hồng (Bào Cái),,,,,UNKNOWN,False,Giữ trống tọa độ để tránh tạo điểm giả; cần GIS kỹ thuật/khảo sát hoặc nguồn công bố trực tiếp.,PL3_2025_DongThap_old,4. PL3 - danh muc cong .pdf,GATE_MASTER_2026-10-02,False
PL3-0174,Cống tiêu Ba Tâm,,,,,UNKNOWN,False,Giữ trống tọa độ để tránh tạo điểm giả; cần GIS kỹ thuật/khảo sát hoặc nguồn công bố trực tiếp.,PL3_2025_DongThap_old,4. PL3 - danh muc cong .pdf,GATE_MASTER_2026-10-02,False
PL3-0175,Cống Ông Dinh,,,,,UNKNOWN,False,Giữ trống tọa độ để tránh tạo điểm giả; cần GIS kỹ thuật/khảo sát hoặc nguồn công bố trực tiếp.,PL3_2025_DongThap_old,4. PL3 - danh muc cong .pdf,GATE_MASTER_2026-10-02,False
PL3-0176,Cống Ông Sang,,,,,UNKNOWN,False,Giữ trống tọa độ để tránh tạo điểm giả; cần GIS kỹ thuật/khảo sát hoặc nguồn công bố trực tiếp.,PL3_2025_DongThap_old,4. PL3 - danh muc cong .pdf,GATE_MASTER_2026-10-02,False
PL3-0177,Cống Năm Chầu,,,,,UNKNOWN,False,Giữ trống tọa độ để tránh tạo điểm giả; cần GIS kỹ thuật/khảo sát hoặc nguồn công bố trực tiếp.,PL3_2025_DongThap_old,4. PL3 - danh muc cong .pdf,GATE_MASTER_2026-10-02,False
PL3-0178,Cống 6 Còn,,,,,UNKNOWN,False,Giữ trống tọa độ để tránh tạo điểm giả; cần GIS kỹ thuật/khảo sát hoặc nguồn công bố trực tiếp.,PL3_2025_DongThap_old,4. PL3 - danh muc cong .pdf,GATE_MASTER_2026-10-02,False
PL3-0179,Cống 7 Đức,,,,,UNKNOWN,False,Giữ trống tọa độ để tránh tạo điểm giả; cần GIS kỹ thuật/khảo sát hoặc nguồn công bố trực tiếp.,PL3_2025_DongThap_old,4. PL3 - danh muc cong .pdf,GATE_MASTER_2026-10-02,False
PL3-0180,Cống Nhà ông Hoàng,,,,,UNKNOWN,False,Giữ trống tọa độ để tránh tạo điểm giả; cần GIS kỹ thuật/khảo sát hoặc nguồn công bố trực tiếp.,PL3_2025_DongThap_old,4. PL3 - danh muc cong .pdf,GATE_MASTER_2026-10-02,False
PL3-0181,Cống bào chữ U,,,,,UNKNOWN,False,Giữ trống tọa độ để tránh tạo điểm giả; cần GIS kỹ thuật/khảo sát hoặc nguồn công bố trực tiếp.,PL3_2025_DongThap_old,4. PL3 - danh muc cong .pdf,GATE_MASTER_2026-10-02,False
PL3-0182,Cống đường nước 7 Chì THT số 3,,,,,UNKNOWN,False,Giữ trống tọa độ để tránh tạo điểm giả; cần GIS kỹ thuật/khảo sát hoặc nguồn công bố trực tiếp.,PL3_2025_DongThap_old,4. PL3 - danh muc cong .pdf,GATE_MASTER_2026-10-02,False
PL3-0183,Cống đường nước 6 Sỉ THT số 6,,,,,UNKNOWN,False,Giữ trống tọa độ để tránh tạo điểm giả; cần GIS kỹ thuật/khảo sát hoặc nguồn công bố trực tiếp.,PL3_2025_DongThap_old,4. PL3 - danh muc cong .pdf,GATE_MASTER_2026-10-02,False
PL3-0184,Cống trạm bơm Tân Thành B1 (Bửu),,,,,UNKNOWN,False,Giữ trống tọa độ để tránh tạo điểm giả; cần GIS kỹ thuật/khảo sát hoặc nguồn công bố trực tiếp.,PL3_2025_DongThap_old,4. PL3 - danh muc cong .pdf,GATE_MASTER_2026-10-02,False
PL3-0185,Cống tiêu Lô 3,,,,,UNKNOWN,False,Giữ trống tọa độ để tránh tạo điểm giả; cần GIS kỹ thuật/khảo sát hoặc nguồn công bố trực tiếp.,PL3_2025_DongThap_old,4. PL3 - danh muc cong .pdf,GATE_MASTER_2026-10-02,False
PL3-0186,Cống mương tiêu Cán Lộng,,,,,UNKNOWN,False,Giữ trống tọa độ để tránh tạo điểm giả; cần GIS kỹ thuật/khảo sát hoặc nguồn công bố trực tiếp.,PL3_2025_DongThap_old,4. PL3 - danh muc cong .pdf,GATE_MASTER_2026-10-02,False
PL3-0187,Cống thoát đìa Tư Chiến,,,,,UNKNOWN,False,Giữ trống tọa độ để tránh tạo điểm giả; cần GIS kỹ thuật/khảo sát hoặc nguồn công bố trực tiếp.,PL3_2025_DongThap_old,4. PL3 - danh muc cong .pdf,GATE_MASTER_2026-10-02,False
PL3-0188,Nâng cấp sửa chữa Cống tiêu ngang đường nước Út Hùng,,,,,UNKNOWN,False,Giữ trống tọa độ để tránh tạo điểm giả; cần GIS kỹ thuật/khảo sát hoặc nguồn công bố trực tiếp.,PL3_2025_DongThap_old,4. PL3 - danh muc cong .pdf,GATE_MASTER_2026-10-02,False
PL3-0189,Cống tiêu THT số 10,,,,,UNKNOWN,False,Giữ trống tọa độ để tránh tạo điểm giả; cần GIS kỹ thuật/khảo sát hoặc nguồn công bố trực tiếp.,PL3_2025_DongThap_old,4. PL3 - danh muc cong .pdf,GATE_MASTER_2026-10-02,False
PL3-0190,Cống tiêu THT số 12,,,,,UNKNOWN,False,Giữ trống tọa độ để tránh tạo điểm giả; cần GIS kỹ thuật/khảo sát hoặc nguồn công bố trực tiếp.,PL3_2025_DongThap_old,4. PL3 - danh muc cong .pdf,GATE_MASTER_2026-10-02,False
PL3-0191,Cống Đìa cát ( 7 Ngỏi ),,,,,UNKNOWN,False,Giữ trống tọa độ để tránh tạo điểm giả; cần GIS kỹ thuật/khảo sát hoặc nguồn công bố trực tiếp.,PL3_2025_DongThap_old,4. PL3 - danh muc cong .pdf,GATE_MASTER_2026-10-02,False
PL3-0192,Cống Hậu Bào Gốc,10.85807636,105.276983593,,,OFFICIAL,True,Khớp tên và địa bàn giữa PL3 và bảng tọa độ kỹ thuật ESIA.,PL3_2025_DongThap_old,4. PL3 - danh muc cong .pdf,GATE_MASTER_2026-10-02,True
PL3-0193,Cống Hậu Mương Vọp,10.87763483,105.258103199,,,OFFICIAL,True,Khớp tên và địa bàn giữa PL3 và bảng tọa độ kỹ thuật ESIA.,PL3_2025_DongThap_old,4. PL3 - danh muc cong .pdf,GATE_MASTER_2026-10-02,True
PL3-0194,Cống Kênh 17,,,,,UNKNOWN,False,Giữ trống tọa độ để tránh tạo điểm giả; cần GIS kỹ thuật/khảo sát hoặc nguồn công bố trực tiếp.,PL3_2025_DongThap_old,4. PL3 - danh muc cong .pdf,GATE_MASTER_2026-10-02,False
PL3-0195,Cống Long Hữu,,,,,UNKNOWN,False,Giữ trống tọa độ để tránh tạo điểm giả; cần GIS kỹ thuật/khảo sát hoặc nguồn công bố trực tiếp.,PL3_2025_DongThap_old,4. PL3 - danh muc cong .pdf,GATE_MASTER_2026-10-02,False
PL3-0196,Cống Hậu Cả Cát,10.851709562,105.298086294,,,OFFICIAL,True,Khớp tên + địa bàn. ESIA dùng xã Thường Thới Hậu B; xã này được nhập vào Thường Lạc từ 01/01/2020.,PL3_2025_DongThap_old,4. PL3 - danh muc cong .pdf,GATE_MASTER_2026-10-02,True
PL3-0197,Cống Sáu Quang,10.839145417,105.339111132,,,OFFICIAL,True,Khớp tên + địa bàn. ESIA dùng xã Thường Thới Hậu B; xã này được nhập vào Thường Lạc từ 01/01/2020.,PL3_2025_DongThap_old,4. PL3 - danh muc cong .pdf,GATE_MASTER_2026-10-02,True
PL3-0198,Cống Chín Ngoánh,,,,,UNKNOWN,False,Giữ trống tọa độ để tránh tạo điểm giả; cần GIS kỹ thuật/khảo sát hoặc nguồn công bố trực tiếp.,PL3_2025_DongThap_old,4. PL3 - danh muc cong .pdf,GATE_MASTER_2026-10-02,False
PL3-0199,Cống Bảy Đen,,,,,UNKNOWN,False,Giữ trống tọa độ để tránh tạo điểm giả; cần GIS kỹ thuật/khảo sát hoặc nguồn công bố trực tiếp.,PL3_2025_DongThap_old,4. PL3 - danh muc cong .pdf,GATE_MASTER_2026-10-02,False
PL3-0200,Cống Sáu Ngọt,,,,,UNKNOWN,False,Giữ trống tọa độ để tránh tạo điểm giả; cần GIS kỹ thuật/khảo sát hoặc nguồn công bố trực tiếp.,PL3_2025_DongThap_old,4. PL3 - danh muc cong .pdf,GATE_MASTER_2026-10-02,False
PL3-0201,Cống Bào Gốc,,,,,UNKNOWN,False,Giữ trống tọa độ để tránh tạo điểm giả; cần GIS kỹ thuật/khảo sát hoặc nguồn công bố trực tiếp.,PL3_2025_DongThap_old,4. PL3 - danh muc cong .pdf,GATE_MASTER_2026-10-02,False
PL3-0202,Cống Xã Mác,,,,,UNKNOWN,False,Giữ trống tọa độ để tránh tạo điểm giả; cần GIS kỹ thuật/khảo sát hoặc nguồn công bố trực tiếp.,PL3_2025_DongThap_old,4. PL3 - danh muc cong .pdf,GATE_MASTER_2026-10-02,False
PL3-0203,Cống Nam Hang,,,,,UNKNOWN,False,Giữ trống tọa độ để tránh tạo điểm giả; cần GIS kỹ thuật/khảo sát hoặc nguồn công bố trực tiếp.,PL3_2025_DongThap_old,4. PL3 - danh muc cong .pdf,GATE_MASTER_2026-10-02,False
PL3-0204,Cống Mương Lớn,,,,,UNKNOWN,False,Giữ trống tọa độ để tránh tạo điểm giả; cần GIS kỹ thuật/khảo sát hoặc nguồn công bố trực tiếp.,PL3_2025_DongThap_old,4. PL3 - danh muc cong .pdf,GATE_MASTER_2026-10-02,False
PL3-0205,Cống Cội Đại,,,,,UNKNOWN,False,Giữ trống tọa độ để tránh tạo điểm giả; cần GIS kỹ thuật/khảo sát hoặc nguồn công bố trực tiếp.,PL3_2025_DongThap_old,4. PL3 - danh muc cong .pdf,GATE_MASTER_2026-10-02,False
PL3-0206,Cống Thông Lưu,,,,,UNKNOWN,False,Giữ trống tọa độ để tránh tạo điểm giả; cần GIS kỹ thuật/khảo sát hoặc nguồn công bố trực tiếp.,PL3_2025_DongThap_old,4. PL3 - danh muc cong .pdf,GATE_MASTER_2026-10-02,False
PL3-0207,Cống Mương Kinh,,,,,UNKNOWN,False,Giữ trống tọa độ để tránh tạo điểm giả; cần GIS kỹ thuật/khảo sát hoặc nguồn công bố trực tiếp.,PL3_2025_DongThap_old,4. PL3 - danh muc cong .pdf,GATE_MASTER_2026-10-02,False
PL3-0208,Cống Năm Khảm,,,,,UNKNOWN,False,Giữ trống tọa độ để tránh tạo điểm giả; cần GIS kỹ thuật/khảo sát hoặc nguồn công bố trực tiếp.,PL3_2025_DongThap_old,4. PL3 - danh muc cong .pdf,GATE_MASTER_2026-10-02,False
PL3-0209,Cống Cây Gáo,,,,,UNKNOWN,False,Giữ trống tọa độ để tránh tạo điểm giả; cần GIS kỹ thuật/khảo sát hoặc nguồn công bố trực tiếp.,PL3_2025_DongThap_old,4. PL3 - danh muc cong .pdf,GATE_MASTER_2026-10-02,False
PL3-0210,Cống Tưới Mương Chợ ( Kênh sườn 2 ),,,,,UNKNOWN,False,Giữ trống tọa độ để tránh tạo điểm giả; cần GIS kỹ thuật/khảo sát hoặc nguồn công bố trực tiếp.,PL3_2025_DongThap_old,4. PL3 - danh muc cong .pdf,GATE_MASTER_2026-10-02,False
PL3-0211,Công Tiêu Long La,,,,,UNKNOWN,False,Giữ trống tọa độ để tránh tạo điểm giả; cần GIS kỹ thuật/khảo sát hoặc nguồn công bố trực tiếp.,PL3_2025_DongThap_old,4. PL3 - danh muc cong .pdf,GATE_MASTER_2026-10-02,False
PL3-0212,Cống Tiêu Còke,,,,,UNKNOWN,False,Giữ trống tọa độ để tránh tạo điểm giả; cần GIS kỹ thuật/khảo sát hoặc nguồn công bố trực tiếp.,PL3_2025_DongThap_old,4. PL3 - danh muc cong .pdf,GATE_MASTER_2026-10-02,False
PL3-0213,Cống tiêu Hồ Bé,,,,,UNKNOWN,False,Giữ trống tọa độ để tránh tạo điểm giả; cần GIS kỹ thuật/khảo sát hoặc nguồn công bố trực tiếp.,PL3_2025_DongThap_old,4. PL3 - danh muc cong .pdf,GATE_MASTER_2026-10-02,False
PL3-0214,Cống tiêu Sáu Đãi,,,,,UNKNOWN,False,Giữ trống tọa độ để tránh tạo điểm giả; cần GIS kỹ thuật/khảo sát hoặc nguồn công bố trực tiếp.,PL3_2025_DongThap_old,4. PL3 - danh muc cong .pdf,GATE_MASTER_2026-10-02,False
PL3-0215,Cống Chín Tuấn ( cống tưới ),,,,,UNKNOWN,False,Giữ trống tọa độ để tránh tạo điểm giả; cần GIS kỹ thuật/khảo sát hoặc nguồn công bố trực tiếp.,PL3_2025_DongThap_old,4. PL3 - danh muc cong .pdf,GATE_MASTER_2026-10-02,False
PL3-0216,Cống Chín Lịnh ( tiêu ),,,,,UNKNOWN,False,Giữ trống tọa độ để tránh tạo điểm giả; cần GIS kỹ thuật/khảo sát hoặc nguồn công bố trực tiếp.,PL3_2025_DongThap_old,4. PL3 - danh muc cong .pdf,GATE_MASTER_2026-10-02,False
PL3-0217,Cống Tưới Ba Tây,,,,,UNKNOWN,False,Giữ trống tọa độ để tránh tạo điểm giả; cần GIS kỹ thuật/khảo sát hoặc nguồn công bố trực tiếp.,PL3_2025_DongThap_old,4. PL3 - danh muc cong .pdf,GATE_MASTER_2026-10-02,False
PL3-0218,Công Tưới và tiêu Khán Chiến,,,,,UNKNOWN,False,Giữ trống tọa độ để tránh tạo điểm giả; cần GIS kỹ thuật/khảo sát hoặc nguồn công bố trực tiếp.,PL3_2025_DongThap_old,4. PL3 - danh muc cong .pdf,GATE_MASTER_2026-10-02,False
PL3-0219,Cống tưới Huỳnh Út,,,,,UNKNOWN,False,Giữ trống tọa độ để tránh tạo điểm giả; cần GIS kỹ thuật/khảo sát hoặc nguồn công bố trực tiếp.,PL3_2025_DongThap_old,4. PL3 - danh muc cong .pdf,GATE_MASTER_2026-10-02,False
PL3-0220,Cống tưới Ông Dương,,,,,UNKNOWN,False,Giữ trống tọa độ để tránh tạo điểm giả; cần GIS kỹ thuật/khảo sát hoặc nguồn công bố trực tiếp.,PL3_2025_DongThap_old,4. PL3 - danh muc cong .pdf,GATE_MASTER_2026-10-02,False
PL3-0221,Cống Tưới Rô Be,,,,,UNKNOWN,False,Giữ trống tọa độ để tránh tạo điểm giả; cần GIS kỹ thuật/khảo sát hoặc nguồn công bố trực tiếp.,PL3_2025_DongThap_old,4. PL3 - danh muc cong .pdf,GATE_MASTER_2026-10-02,False
PL3-0222,Cống Tưới Hai trường ( kênh Tứ Thường),,,,,UNKNOWN,False,Giữ trống tọa độ để tránh tạo điểm giả; cần GIS kỹ thuật/khảo sát hoặc nguồn công bố trực tiếp.,PL3_2025_DongThap_old,4. PL3 - danh muc cong .pdf,GATE_MASTER_2026-10-02,False
PL3-0223,Cống Ông Hò,,,,,UNKNOWN,False,Giữ trống tọa độ để tránh tạo điểm giả; cần GIS kỹ thuật/khảo sát hoặc nguồn công bố trực tiếp.,PL3_2025_DongThap_old,4. PL3 - danh muc cong .pdf,GATE_MASTER_2026-10-02,False
PL3-0224,Cống Hai Lùng ( Đìa Heo Nái),,,,,UNKNOWN,False,Giữ trống tọa độ để tránh tạo điểm giả; cần GIS kỹ thuật/khảo sát hoặc nguồn công bố trực tiếp.,PL3_2025_DongThap_old,4. PL3 - danh muc cong .pdf,GATE_MASTER_2026-10-02,False
PL3-0225,Cống Tưới Long La 2,,,,,UNKNOWN,False,Giữ trống tọa độ để tránh tạo điểm giả; cần GIS kỹ thuật/khảo sát hoặc nguồn công bố trực tiếp.,PL3_2025_DongThap_old,4. PL3 - danh muc cong .pdf,GATE_MASTER_2026-10-02,False
PL3-0226,Cống Tiêu Rọc Ngã Tư,,,,,UNKNOWN,False,Giữ trống tọa độ để tránh tạo điểm giả; cần GIS kỹ thuật/khảo sát hoặc nguồn công bố trực tiếp.,PL3_2025_DongThap_old,4. PL3 - danh muc cong .pdf,GATE_MASTER_2026-10-02,False
PL3-0227,Cống tiêu Đìa đoàn Gánh,,,,,UNKNOWN,False,Giữ trống tọa độ để tránh tạo điểm giả; cần GIS kỹ thuật/khảo sát hoặc nguồn công bố trực tiếp.,PL3_2025_DongThap_old,4. PL3 - danh muc cong .pdf,GATE_MASTER_2026-10-02,False
PL3-0228,Cống tiêu Tư Đầy,,,,,UNKNOWN,False,Giữ trống tọa độ để tránh tạo điểm giả; cần GIS kỹ thuật/khảo sát hoặc nguồn công bố trực tiếp.,PL3_2025_DongThap_old,4. PL3 - danh muc cong .pdf,GATE_MASTER_2026-10-02,False
PL3-0229,Cống tiêu Hai Hưởng,,,,,UNKNOWN,False,Giữ trống tọa độ để tránh tạo điểm giả; cần GIS kỹ thuật/khảo sát hoặc nguồn công bố trực tiếp.,PL3_2025_DongThap_old,4. PL3 - danh muc cong .pdf,GATE_MASTER_2026-10-02,False
PL3-0230,Cống Tưới Đường nước số 2 HTX số 3,,,,,UNKNOWN,False,Giữ trống tọa độ để tránh tạo điểm giả; cần GIS kỹ thuật/khảo sát hoặc nguồn công bố trực tiếp.,PL3_2025_DongThap_old,4. PL3 - danh muc cong .pdf,GATE_MASTER_2026-10-02,False
PL3-0231,Cống Rọc Thuyền ( cống tiêu),,,,,UNKNOWN,False,Giữ trống tọa độ để tránh tạo điểm giả; cần GIS kỹ thuật/khảo sát hoặc nguồn công bố trực tiếp.,PL3_2025_DongThap_old,4. PL3 - danh muc cong .pdf,GATE_MASTER_2026-10-02,False
PL3-0232,Cống tưới rọc Thuyền,,,,,UNKNOWN,False,Giữ trống tọa độ để tránh tạo điểm giả; cần GIS kỹ thuật/khảo sát hoặc nguồn công bố trực tiếp.,PL3_2025_DongThap_old,4. PL3 - danh muc cong .pdf,GATE_MASTER_2026-10-02,False
PL3-0233,Cống tưới Hai Nguyện,,,,,UNKNOWN,False,Giữ trống tọa độ để tránh tạo điểm giả; cần GIS kỹ thuật/khảo sát hoặc nguồn công bố trực tiếp.,PL3_2025_DongThap_old,4. PL3 - danh muc cong .pdf,GATE_MASTER_2026-10-02,False
PL3-0234,Cống Tưới Út Đeo,,,,,UNKNOWN,False,Giữ trống tọa độ để tránh tạo điểm giả; cần GIS kỹ thuật/khảo sát hoặc nguồn công bố trực tiếp.,PL3_2025_DongThap_old,4. PL3 - danh muc cong .pdf,GATE_MASTER_2026-10-02,False
PL3-0235,Cống Tiêu Mương Kênh Cũ,,,,,UNKNOWN,False,Giữ trống tọa độ để tránh tạo điểm giả; cần GIS kỹ thuật/khảo sát hoặc nguồn công bố trực tiếp.,PL3_2025_DongThap_old,4. PL3 - danh muc cong .pdf,GATE_MASTER_2026-10-02,False
PL3-0236,Cống Tiêu Đìa Sậy,,,,,UNKNOWN,False,Giữ trống tọa độ để tránh tạo điểm giả; cần GIS kỹ thuật/khảo sát hoặc nguồn công bố trực tiếp.,PL3_2025_DongThap_old,4. PL3 - danh muc cong .pdf,GATE_MASTER_2026-10-02,False
PL3-0237,Cống Ba Nguyên,,,,,UNKNOWN,False,Giữ trống tọa độ để tránh tạo điểm giả; cần GIS kỹ thuật/khảo sát hoặc nguồn công bố trực tiếp.,PL3_2025_DongThap_old,4. PL3 - danh muc cong .pdf,GATE_MASTER_2026-10-02,False
PL3-0238,Cống Mương Vọp,,,,,UNKNOWN,False,Giữ trống tọa độ để tránh tạo điểm giả; cần GIS kỹ thuật/khảo sát hoặc nguồn công bố trực tiếp.,PL3_2025_DongThap_old,4. PL3 - danh muc cong .pdf,GATE_MASTER_2026-10-02,False
PL3-0239,Cống 7 Le,,,,,UNKNOWN,False,Giữ trống tọa độ để tránh tạo điểm giả; cần GIS kỹ thuật/khảo sát hoặc nguồn công bố trực tiếp.,PL3_2025_DongThap_old,4. PL3 - danh muc cong .pdf,GATE_MASTER_2026-10-02,False
PL3-0240,Cống Ông Bình,,,,,UNKNOWN,False,Giữ trống tọa độ để tránh tạo điểm giả; cần GIS kỹ thuật/khảo sát hoặc nguồn công bố trực tiếp.,PL3_2025_DongThap_old,4. PL3 - danh muc cong .pdf,GATE_MASTER_2026-10-02,False
PL3-0241,Cống Hai Thước,,,,,UNKNOWN,False,Giữ trống tọa độ để tránh tạo điểm giả; cần GIS kỹ thuật/khảo sát hoặc nguồn công bố trực tiếp.,PL3_2025_DongThap_old,4. PL3 - danh muc cong .pdf,GATE_MASTER_2026-10-02,False
PL3-0242,Cống Đìa Cựa,,,,,UNKNOWN,False,Giữ trống tọa độ để tránh tạo điểm giả; cần GIS kỹ thuật/khảo sát hoặc nguồn công bố trực tiếp.,PL3_2025_DongThap_old,4. PL3 - danh muc cong .pdf,GATE_MASTER_2026-10-02,False
PL3-0243,Cống Kinh Xã,,,,,UNKNOWN,False,Giữ trống tọa độ để tránh tạo điểm giả; cần GIS kỹ thuật/khảo sát hoặc nguồn công bố trực tiếp.,PL3_2025_DongThap_old,4. PL3 - danh muc cong .pdf,GATE_MASTER_2026-10-02,False
PL3-0244,Cống kênh Tiêu hãng nước mắm,,,,,UNKNOWN,False,Giữ trống tọa độ để tránh tạo điểm giả; cần GIS kỹ thuật/khảo sát hoặc nguồn công bố trực tiếp.,PL3_2025_DongThap_old,4. PL3 - danh muc cong .pdf,GATE_MASTER_2026-10-02,False
PL3-0245,Cống Đại đội 53,,,,,UNKNOWN,False,Giữ trống tọa độ để tránh tạo điểm giả; cần GIS kỹ thuật/khảo sát hoặc nguồn công bố trực tiếp.,PL3_2025_DongThap_old,4. PL3 - danh muc cong .pdf,GATE_MASTER_2026-10-02,False
PL3-0246,Cống hộp mương Tuần Thử,,,,,UNKNOWN,False,Giữ trống tọa độ để tránh tạo điểm giả; cần GIS kỹ thuật/khảo sát hoặc nguồn công bố trực tiếp.,PL3_2025_DongThap_old,4. PL3 - danh muc cong .pdf,GATE_MASTER_2026-10-02,False
PL3-0247,Cống TDC Kênh 17,,,,,UNKNOWN,False,Giữ trống tọa độ để tránh tạo điểm giả; cần GIS kỹ thuật/khảo sát hoặc nguồn công bố trực tiếp.,PL3_2025_DongThap_old,4. PL3 - danh muc cong .pdf,GATE_MASTER_2026-10-02,False
PL3-0248,Cống hộp mương Chùa Lá,,,,,UNKNOWN,False,Giữ trống tọa độ để tránh tạo điểm giả; cần GIS kỹ thuật/khảo sát hoặc nguồn công bố trực tiếp.,PL3_2025_DongThap_old,4. PL3 - danh muc cong .pdf,GATE_MASTER_2026-10-02,False
PL3-0249,Cống tròn Phú Hòa A,,,,,UNKNOWN,False,Giữ trống tọa độ để tránh tạo điểm giả; cần GIS kỹ thuật/khảo sát hoặc nguồn công bố trực tiếp.,PL3_2025_DongThap_old,4. PL3 - danh muc cong .pdf,GATE_MASTER_2026-10-02,False
PL3-0250,Cống tròn Tám Nghiệp,,,,,UNKNOWN,False,Giữ trống tọa độ để tránh tạo điểm giả; cần GIS kỹ thuật/khảo sát hoặc nguồn công bố trực tiếp.,PL3_2025_DongThap_old,4. PL3 - danh muc cong .pdf,GATE_MASTER_2026-10-02,False
PL3-0251,Cống tròn Phú Thạnh B,,,,,UNKNOWN,False,Giữ trống tọa độ để tránh tạo điểm giả; cần GIS kỹ thuật/khảo sát hoặc nguồn công bố trực tiếp.,PL3_2025_DongThap_old,4. PL3 - danh muc cong .pdf,GATE_MASTER_2026-10-02,False
PL3-0252,Cống tròn kênh 17 cũ,,,,,UNKNOWN,False,Giữ trống tọa độ để tránh tạo điểm giả; cần GIS kỹ thuật/khảo sát hoặc nguồn công bố trực tiếp.,PL3_2025_DongThap_old,4. PL3 - danh muc cong .pdf,GATE_MASTER_2026-10-02,False
PL3-0253,Cống tròn Bào Tròn,,,,,UNKNOWN,False,Giữ trống tọa độ để tránh tạo điểm giả; cần GIS kỹ thuật/khảo sát hoặc nguồn công bố trực tiếp.,PL3_2025_DongThap_old,4. PL3 - danh muc cong .pdf,GATE_MASTER_2026-10-02,False
PL3-0254,Cống tròn Lung Tượng,,,,,UNKNOWN,False,Giữ trống tọa độ để tránh tạo điểm giả; cần GIS kỹ thuật/khảo sát hoặc nguồn công bố trực tiếp.,PL3_2025_DongThap_old,4. PL3 - danh muc cong .pdf,GATE_MASTER_2026-10-02,False
PL3-0255,Cống tròn Thái Hùng,,,,,UNKNOWN,False,Giữ trống tọa độ để tránh tạo điểm giả; cần GIS kỹ thuật/khảo sát hoặc nguồn công bố trực tiếp.,PL3_2025_DongThap_old,4. PL3 - danh muc cong .pdf,GATE_MASTER_2026-10-02,False
PL3-0256,Cống hộp Kênh Sườn,,,,,UNKNOWN,False,Giữ trống tọa độ để tránh tạo điểm giả; cần GIS kỹ thuật/khảo sát hoặc nguồn công bố trực tiếp.,PL3_2025_DongThap_old,4. PL3 - danh muc cong .pdf,GATE_MASTER_2026-10-02,False
PL3-0257,Cống tròn Ô Môi,,,,,UNKNOWN,False,Giữ trống tọa độ để tránh tạo điểm giả; cần GIS kỹ thuật/khảo sát hoặc nguồn công bố trực tiếp.,PL3_2025_DongThap_old,4. PL3 - danh muc cong .pdf,GATE_MASTER_2026-10-02,False
PL3-0258,Cống tròn Ô Môi,,,,,UNKNOWN,False,Giữ trống tọa độ để tránh tạo điểm giả; cần GIS kỹ thuật/khảo sát hoặc nguồn công bố trực tiếp.,PL3_2025_DongThap_old,4. PL3 - danh muc cong .pdf,GATE_MASTER_2026-10-02,False
PL3-0259,Cống Hộp Đìa Sậy,,,,,UNKNOWN,False,Giữ trống tọa độ để tránh tạo điểm giả; cần GIS kỹ thuật/khảo sát hoặc nguồn công bố trực tiếp.,PL3_2025_DongThap_old,4. PL3 - danh muc cong .pdf,GATE_MASTER_2026-10-02,False
PL3-0260,Cống tròn Ba Dây,,,,,UNKNOWN,False,Giữ trống tọa độ để tránh tạo điểm giả; cần GIS kỹ thuật/khảo sát hoặc nguồn công bố trực tiếp.,PL3_2025_DongThap_old,4. PL3 - danh muc cong .pdf,GATE_MASTER_2026-10-02,False
PL3-0261,Cống tròn Láng Biển,,,,,UNKNOWN,False,Giữ trống tọa độ để tránh tạo điểm giả; cần GIS kỹ thuật/khảo sát hoặc nguồn công bố trực tiếp.,PL3_2025_DongThap_old,4. PL3 - danh muc cong .pdf,GATE_MASTER_2026-10-02,False
PL3-0262,Cống tròn Hai Khoái,,,,,UNKNOWN,False,Giữ trống tọa độ để tránh tạo điểm giả; cần GIS kỹ thuật/khảo sát hoặc nguồn công bố trực tiếp.,PL3_2025_DongThap_old,4. PL3 - danh muc cong .pdf,GATE_MASTER_2026-10-02,False
PL3-0263,Cống tròn Cục Sơ,,,,,UNKNOWN,False,Giữ trống tọa độ để tránh tạo điểm giả; cần GIS kỹ thuật/khảo sát hoặc nguồn công bố trực tiếp.,PL3_2025_DongThap_old,4. PL3 - danh muc cong .pdf,GATE_MASTER_2026-10-02,False
PL3-0264,Cống tròn 7 Liêm,,,,,UNKNOWN,False,Giữ trống tọa độ để tránh tạo điểm giả; cần GIS kỹ thuật/khảo sát hoặc nguồn công bố trực tiếp.,PL3_2025_DongThap_old,4. PL3 - danh muc cong .pdf,GATE_MASTER_2026-10-02,False
PL3-0265,Cống Hộp Bào Tròn,,,,,UNKNOWN,False,Giữ trống tọa độ để tránh tạo điểm giả; cần GIS kỹ thuật/khảo sát hoặc nguồn công bố trực tiếp.,PL3_2025_DongThap_old,4. PL3 - danh muc cong .pdf,GATE_MASTER_2026-10-02,False
PL3-0266,Cống hộp Lung Tượng,,,,,UNKNOWN,False,Giữ trống tọa độ để tránh tạo điểm giả; cần GIS kỹ thuật/khảo sát hoặc nguồn công bố trực tiếp.,PL3_2025_DongThap_old,4. PL3 - danh muc cong .pdf,GATE_MASTER_2026-10-02,False
PL3-0267,Cống ngang TDC,,,,,UNKNOWN,False,Giữ trống tọa độ để tránh tạo điểm giả; cần GIS kỹ thuật/khảo sát hoặc nguồn công bố trực tiếp.,PL3_2025_DongThap_old,4. PL3 - danh muc cong .pdf,GATE_MASTER_2026-10-02,False
PL3-0268,Cống ngang TDC,,,,,UNKNOWN,False,Giữ trống tọa độ để tránh tạo điểm giả; cần GIS kỹ thuật/khảo sát hoặc nguồn công bố trực tiếp.,PL3_2025_DongThap_old,4. PL3 - danh muc cong .pdf,GATE_MASTER_2026-10-02,False
PL3-0269,Cống Hòa Bình,,,,,UNKNOWN,False,Giữ trống tọa độ để tránh tạo điểm giả; cần GIS kỹ thuật/khảo sát hoặc nguồn công bố trực tiếp.,PL3_2025_DongThap_old,4. PL3 - danh muc cong .pdf,GATE_MASTER_2026-10-02,False
PL3-0270,Cống Vàm Hồ,,,,,UNKNOWN,False,Giữ trống tọa độ để tránh tạo điểm giả; cần GIS kỹ thuật/khảo sát hoặc nguồn công bố trực tiếp.,PL3_2025_DongThap_old,4. PL3 - danh muc cong .pdf,GATE_MASTER_2026-10-02,False
PL3-0271,Cống Thầy Trường,,,,,UNKNOWN,False,Giữ trống tọa độ để tránh tạo điểm giả; cần GIS kỹ thuật/khảo sát hoặc nguồn công bố trực tiếp.,PL3_2025_DongThap_old,4. PL3 - danh muc cong .pdf,GATE_MASTER_2026-10-02,False
PL3-0272,Cống mương Bà Quế (lộ nhựa cũ),,,,,UNKNOWN,False,Giữ trống tọa độ để tránh tạo điểm giả; cần GIS kỹ thuật/khảo sát hoặc nguồn công bố trực tiếp.,PL3_2025_DongThap_old,4. PL3 - danh muc cong .pdf,GATE_MASTER_2026-10-02,False
PL3-0273,Cống Mương Bà Bảy,,,,,UNKNOWN,False,Giữ trống tọa độ để tránh tạo điểm giả; cần GIS kỹ thuật/khảo sát hoặc nguồn công bố trực tiếp.,PL3_2025_DongThap_old,4. PL3 - danh muc cong .pdf,GATE_MASTER_2026-10-02,False
PL3-0274,Cống Bờ đập,,,,,UNKNOWN,False,Giữ trống tọa độ để tránh tạo điểm giả; cần GIS kỹ thuật/khảo sát hoặc nguồn công bố trực tiếp.,PL3_2025_DongThap_old,4. PL3 - danh muc cong .pdf,GATE_MASTER_2026-10-02,False
PL3-0275,Cống hộp Út Gốc,,,,,UNKNOWN,False,Giữ trống tọa độ để tránh tạo điểm giả; cần GIS kỹ thuật/khảo sát hoặc nguồn công bố trực tiếp.,PL3_2025_DongThap_old,4. PL3 - danh muc cong .pdf,GATE_MASTER_2026-10-02,False
PL3-0276,Cống tròn Đồng Hòa,,,,,UNKNOWN,False,Giữ trống tọa độ để tránh tạo điểm giả; cần GIS kỹ thuật/khảo sát hoặc nguồn công bố trực tiếp.,PL3_2025_DongThap_old,4. PL3 - danh muc cong .pdf,GATE_MASTER_2026-10-02,False
PL3-0277,Cống tròn Xả Song,,,,,UNKNOWN,False,Giữ trống tọa độ để tránh tạo điểm giả; cần GIS kỹ thuật/khảo sát hoặc nguồn công bố trực tiếp.,PL3_2025_DongThap_old,4. PL3 - danh muc cong .pdf,GATE_MASTER_2026-10-02,False
PL3-0278,Cống tròn Trung Tâm,,,,,UNKNOWN,False,Giữ trống tọa độ để tránh tạo điểm giả; cần GIS kỹ thuật/khảo sát hoặc nguồn công bố trực tiếp.,PL3_2025_DongThap_old,4. PL3 - danh muc cong .pdf,GATE_MASTER_2026-10-02,False
PL3-0279,Cống tròn Cả Cát,,,,,UNKNOWN,False,Giữ trống tọa độ để tránh tạo điểm giả; cần GIS kỹ thuật/khảo sát hoặc nguồn công bố trực tiếp.,PL3_2025_DongThap_old,4. PL3 - danh muc cong .pdf,GATE_MASTER_2026-10-02,False
PL3-0280,Cống tròn Chín Huê,,,,,UNKNOWN,False,Giữ trống tọa độ để tránh tạo điểm giả; cần GIS kỹ thuật/khảo sát hoặc nguồn công bố trực tiếp.,PL3_2025_DongThap_old,4. PL3 - danh muc cong .pdf,GATE_MASTER_2026-10-02,False
PL3-0281,Cống tròn Năm Mừng,10.870515043,105.314778033,,,OFFICIAL,True,Khớp tên + địa bàn. ESIA dùng xã Thường Thới Hậu B; xã này được nhập vào Thường Lạc từ 01/01/2020.,PL3_2025_DongThap_old,4. PL3 - danh muc cong .pdf,GATE_MASTER_2026-10-02,True
PL3-0282,Cống tròn Cây Dừa,10.864170543,105.322505759,,,OFFICIAL,True,Khớp tên + địa bàn. ESIA dùng xã Thường Thới Hậu B; xã này được nhập vào Thường Lạc từ 01/01/2020.,PL3_2025_DongThap_old,4. PL3 - danh muc cong .pdf,GATE_MASTER_2026-10-02,True
PL3-0283,Cống tròn Hà Lãng,,,,,UNKNOWN,False,Giữ trống tọa độ để tránh tạo điểm giả; cần GIS kỹ thuật/khảo sát hoặc nguồn công bố trực tiếp.,PL3_2025_DongThap_old,4. PL3 - danh muc cong .pdf,GATE_MASTER_2026-10-02,False
PL3-0284,Cống tròn Sua Đủa,,,,,UNKNOWN,False,Giữ trống tọa độ để tránh tạo điểm giả; cần GIS kỹ thuật/khảo sát hoặc nguồn công bố trực tiếp.,PL3_2025_DongThap_old,4. PL3 - danh muc cong .pdf,GATE_MASTER_2026-10-02,False
PL3-0285,Cống Tròn Hậu Sua Đủa,,,,,UNKNOWN,False,Giữ trống tọa độ để tránh tạo điểm giả; cần GIS kỹ thuật/khảo sát hoặc nguồn công bố trực tiếp.,PL3_2025_DongThap_old,4. PL3 - danh muc cong .pdf,GATE_MASTER_2026-10-02,False
PL3-0286,Cống tròn Hậu Ba Tượng,,,,,UNKNOWN,False,Giữ trống tọa độ để tránh tạo điểm giả; cần GIS kỹ thuật/khảo sát hoặc nguồn công bố trực tiếp.,PL3_2025_DongThap_old,4. PL3 - danh muc cong .pdf,GATE_MASTER_2026-10-02,False
PL3-0287,Cống tròn Hậu Thông Lưu,,,,,UNKNOWN,False,Giữ trống tọa độ để tránh tạo điểm giả; cần GIS kỹ thuật/khảo sát hoặc nguồn công bố trực tiếp.,PL3_2025_DongThap_old,4. PL3 - danh muc cong .pdf,GATE_MASTER_2026-10-02,False
PL3-0288,Cống tròn Bảy Xê,,,,,UNKNOWN,False,Giữ trống tọa độ để tránh tạo điểm giả; cần GIS kỹ thuật/khảo sát hoặc nguồn công bố trực tiếp.,PL3_2025_DongThap_old,4. PL3 - danh muc cong .pdf,GATE_MASTER_2026-10-02,False
PL3-0289,Cống Tròn Hậu Kênh Xã,,,,,UNKNOWN,False,Giữ trống tọa độ để tránh tạo điểm giả; cần GIS kỹ thuật/khảo sát hoặc nguồn công bố trực tiếp.,PL3_2025_DongThap_old,4. PL3 - danh muc cong .pdf,GATE_MASTER_2026-10-02,False
PL3-0290,Cống tròn Kênh Xã,,,,,UNKNOWN,False,Giữ trống tọa độ để tránh tạo điểm giả; cần GIS kỹ thuật/khảo sát hoặc nguồn công bố trực tiếp.,PL3_2025_DongThap_old,4. PL3 - danh muc cong .pdf,GATE_MASTER_2026-10-02,False
PL3-0291,Cống Ba Tượng,,,,,UNKNOWN,False,Giữ trống tọa độ để tránh tạo điểm giả; cần GIS kỹ thuật/khảo sát hoặc nguồn công bố trực tiếp.,PL3_2025_DongThap_old,4. PL3 - danh muc cong .pdf,GATE_MASTER_2026-10-02,False
PL3-0292,Cống Xẻo Chồn,,,,,UNKNOWN,False,Giữ trống tọa độ để tránh tạo điểm giả; cần GIS kỹ thuật/khảo sát hoặc nguồn công bố trực tiếp.,PL3_2025_DongThap_old,4. PL3 - danh muc cong .pdf,GATE_MASTER_2026-10-02,False
PL3-0293,Cống tròn Ba Tây,,,,,UNKNOWN,False,Giữ trống tọa độ để tránh tạo điểm giả; cần GIS kỹ thuật/khảo sát hoặc nguồn công bố trực tiếp.,PL3_2025_DongThap_old,4. PL3 - danh muc cong .pdf,GATE_MASTER_2026-10-02,False
PL3-0294,Cống tròn Tuần Ca,,,,,UNKNOWN,False,Giữ trống tọa độ để tránh tạo điểm giả; cần GIS kỹ thuật/khảo sát hoặc nguồn công bố trực tiếp.,PL3_2025_DongThap_old,4. PL3 - danh muc cong .pdf,GATE_MASTER_2026-10-02,False
PL3-0295,Cống tròn Ông Tà,,,,,UNKNOWN,False,Giữ trống tọa độ để tránh tạo điểm giả; cần GIS kỹ thuật/khảo sát hoặc nguồn công bố trực tiếp.,PL3_2025_DongThap_old,4. PL3 - danh muc cong .pdf,GATE_MASTER_2026-10-02,False
PL3-0296,Cống tròn Xã Dậu,,,,,UNKNOWN,False,Giữ trống tọa độ để tránh tạo điểm giả; cần GIS kỹ thuật/khảo sát hoặc nguồn công bố trực tiếp.,PL3_2025_DongThap_old,4. PL3 - danh muc cong .pdf,GATE_MASTER_2026-10-02,False
PL3-0297,Cống tròn 6 Rô,,,,,UNKNOWN,False,Giữ trống tọa độ để tránh tạo điểm giả; cần GIS kỹ thuật/khảo sát hoặc nguồn công bố trực tiếp.,PL3_2025_DongThap_old,4. PL3 - danh muc cong .pdf,GATE_MASTER_2026-10-02,False
PL3-0298,Cống tròn 5 Đơ,,,,,UNKNOWN,False,Giữ trống tọa độ để tránh tạo điểm giả; cần GIS kỹ thuật/khảo sát hoặc nguồn công bố trực tiếp.,PL3_2025_DongThap_old,4. PL3 - danh muc cong .pdf,GATE_MASTER_2026-10-02,False
PL3-0299,Cống Cả Cát,,,,,UNKNOWN,False,Giữ trống tọa độ để tránh tạo điểm giả; cần GIS kỹ thuật/khảo sát hoặc nguồn công bố trực tiếp.,PL3_2025_DongThap_old,4. PL3 - danh muc cong .pdf,GATE_MASTER_2026-10-02,False
PL3-0300,Cống số 1 (cống xả lũ),,,,,UNKNOWN,False,Giữ trống tọa độ để tránh tạo điểm giả; cần GIS kỹ thuật/khảo sát hoặc nguồn công bố trực tiếp.,PL3_2025_DongThap_old,4. PL3 - danh muc cong .pdf,GATE_MASTER_2026-10-02,False
PL3-0301,Cống số 2 (cống xả lũ),,,,,UNKNOWN,False,Giữ trống tọa độ để tránh tạo điểm giả; cần GIS kỹ thuật/khảo sát hoặc nguồn công bố trực tiếp.,PL3_2025_DongThap_old,4. PL3 - danh muc cong .pdf,GATE_MASTER_2026-10-02,False
PL3-0302,Cống số 3 (cống xả lũ),,,,,UNKNOWN,False,Giữ trống tọa độ để tránh tạo điểm giả; cần GIS kỹ thuật/khảo sát hoặc nguồn công bố trực tiếp.,PL3_2025_DongThap_old,4. PL3 - danh muc cong .pdf,GATE_MASTER_2026-10-02,False
PL3-0303,Cống số 4 (cống xả lũ),,,,,UNKNOWN,False,Giữ trống tọa độ để tránh tạo điểm giả; cần GIS kỹ thuật/khảo sát hoặc nguồn công bố trực tiếp.,PL3_2025_DongThap_old,4. PL3 - danh muc cong .pdf,GATE_MASTER_2026-10-02,False
PL3-0304,Cống Xã Lũ,10.816111111,105.331666667,,,OFFICIAL,True,PL3 OCR hiển thị 'Cống Xã Lũ'; danh mục địa danh chính thức ghi 'cống Xả Lũ'.,PL3_2025_DongThap_old,4. PL3 - danh muc cong .pdf,GATE_MASTER_2026-10-02,True
PL3-0305,Cống tạo nguồn kết hợp tiêu úng điểm cống Ba Rọi và kênh Tứ Thường (cống ông,,,,,UNKNOWN,False,Giữ trống tọa độ để tránh tạo điểm giả; cần GIS kỹ thuật/khảo sát hoặc nguồn công bố trực tiếp.,PL3_2025_DongThap_old,4. PL3 - danh muc cong .pdf,GATE_MASTER_2026-10-02,False
PL3-0306,Cống tạo nguồn Lung Bông (khu 2 - tuyến ĐT.842),,,,,UNKNOWN,False,Giữ trống tọa độ để tránh tạo điểm giả; cần GIS kỹ thuật/khảo sát hoặc nguồn công bố trực tiếp.,PL3_2025_DongThap_old,4. PL3 - danh muc cong .pdf,GATE_MASTER_2026-10-02,False
PL3-0307,Cống tạo nguồn Hai Dây (khu 4 - tuyến kênh Cùng - Kho Bể),,,,,UNKNOWN,False,Giữ trống tọa độ để tránh tạo điểm giả; cần GIS kỹ thuật/khảo sát hoặc nguồn công bố trực tiếp.,PL3_2025_DongThap_old,4. PL3 - danh muc cong .pdf,GATE_MASTER_2026-10-02,False
PL3-0308,Cống hở Ông Nhơn,10.791891941,105.447949506,,,OFFICIAL,True,Khớp tên và địa bàn giữa PL3 và bảng tọa độ kỹ thuật ESIA.,PL3_2025_DongThap_old,4. PL3 - danh muc cong .pdf,GATE_MASTER_2026-10-02,True
PL3-0309,Cống hở Đìa Sình,,,,,UNKNOWN,False,Giữ trống tọa độ để tránh tạo điểm giả; cần GIS kỹ thuật/khảo sát hoặc nguồn công bố trực tiếp.,PL3_2025_DongThap_old,4. PL3 - danh muc cong .pdf,GATE_MASTER_2026-10-02,False
PL3-0310,Cống Rộc Cá Trê,,,,,UNKNOWN,False,Giữ trống tọa độ để tránh tạo điểm giả; cần GIS kỹ thuật/khảo sát hoặc nguồn công bố trực tiếp.,PL3_2025_DongThap_old,4. PL3 - danh muc cong .pdf,GATE_MASTER_2026-10-02,False
PL3-0311,Cống Năm Triệu,,,,,UNKNOWN,False,Giữ trống tọa độ để tránh tạo điểm giả; cần GIS kỹ thuật/khảo sát hoặc nguồn công bố trực tiếp.,PL3_2025_DongThap_old,4. PL3 - danh muc cong .pdf,GATE_MASTER_2026-10-02,False
PL3-0312,Cống Mười Thọ,,,,,UNKNOWN,False,Giữ trống tọa độ để tránh tạo điểm giả; cần GIS kỹ thuật/khảo sát hoặc nguồn công bố trực tiếp.,PL3_2025_DongThap_old,4. PL3 - danh muc cong .pdf,GATE_MASTER_2026-10-02,False
PL3-0313,Cống Út Lê,,,,,UNKNOWN,False,Giữ trống tọa độ để tránh tạo điểm giả; cần GIS kỹ thuật/khảo sát hoặc nguồn công bố trực tiếp.,PL3_2025_DongThap_old,4. PL3 - danh muc cong .pdf,GATE_MASTER_2026-10-02,False
PL3-0314,Cống Cồng Cộc,,,,,UNKNOWN,False,Giữ trống tọa độ để tránh tạo điểm giả; cần GIS kỹ thuật/khảo sát hoặc nguồn công bố trực tiếp.,PL3_2025_DongThap_old,4. PL3 - danh muc cong .pdf,GATE_MASTER_2026-10-02,False
PL3-0315,Cống Lung Bông,,,,,UNKNOWN,False,Giữ trống tọa độ để tránh tạo điểm giả; cần GIS kỹ thuật/khảo sát hoặc nguồn công bố trực tiếp.,PL3_2025_DongThap_old,4. PL3 - danh muc cong .pdf,GATE_MASTER_2026-10-02,False
PL3-0316,Cống Tầm Na,,,,,UNKNOWN,False,Giữ trống tọa độ để tránh tạo điểm giả; cần GIS kỹ thuật/khảo sát hoặc nguồn công bố trực tiếp.,PL3_2025_DongThap_old,4. PL3 - danh muc cong .pdf,GATE_MASTER_2026-10-02,False
PL3-0317,Cống Láng Lớn,,,,,UNKNOWN,False,Giữ trống tọa độ để tránh tạo điểm giả; cần GIS kỹ thuật/khảo sát hoặc nguồn công bố trực tiếp.,PL3_2025_DongThap_old,4. PL3 - danh muc cong .pdf,GATE_MASTER_2026-10-02,False
PL3-0318,Cống Mương Ngánh,,,,,UNKNOWN,False,Giữ trống tọa độ để tránh tạo điểm giả; cần GIS kỹ thuật/khảo sát hoặc nguồn công bố trực tiếp.,PL3_2025_DongThap_old,4. PL3 - danh muc cong .pdf,GATE_MASTER_2026-10-02,False
PL3-0319,Cống hở Hậu Út Kỷ,,,,,UNKNOWN,False,Giữ trống tọa độ để tránh tạo điểm giả; cần GIS kỹ thuật/khảo sát hoặc nguồn công bố trực tiếp.,PL3_2025_DongThap_old,4. PL3 - danh muc cong .pdf,GATE_MASTER_2026-10-02,False
PL3-0320,Cống Ụ Cờ Đen,,,,,UNKNOWN,False,Giữ trống tọa độ để tránh tạo điểm giả; cần GIS kỹ thuật/khảo sát hoặc nguồn công bố trực tiếp.,PL3_2025_DongThap_old,4. PL3 - danh muc cong .pdf,GATE_MASTER_2026-10-02,False
PL3-0321,Cống Út Kỷ,,,,,UNKNOWN,False,Giữ trống tọa độ để tránh tạo điểm giả; cần GIS kỹ thuật/khảo sát hoặc nguồn công bố trực tiếp.,PL3_2025_DongThap_old,4. PL3 - danh muc cong .pdf,GATE_MASTER_2026-10-02,False
PL3-0322,Cống Cả Môn,,,,,UNKNOWN,False,Giữ trống tọa độ để tránh tạo điểm giả; cần GIS kỹ thuật/khảo sát hoặc nguồn công bố trực tiếp.,PL3_2025_DongThap_old,4. PL3 - danh muc cong .pdf,GATE_MASTER_2026-10-02,False
PL3-0323,Cống Châu Long,,,,,UNKNOWN,False,Giữ trống tọa độ để tránh tạo điểm giả; cần GIS kỹ thuật/khảo sát hoặc nguồn công bố trực tiếp.,PL3_2025_DongThap_old,4. PL3 - danh muc cong .pdf,GATE_MASTER_2026-10-02,False
PL3-0324,Cống Ông Tẩu,,,,,UNKNOWN,False,Giữ trống tọa độ để tránh tạo điểm giả; cần GIS kỹ thuật/khảo sát hoặc nguồn công bố trực tiếp.,PL3_2025_DongThap_old,4. PL3 - danh muc cong .pdf,GATE_MASTER_2026-10-02,False
PL3-0325,Cống Trảng Bèo,,,,,UNKNOWN,False,Giữ trống tọa độ để tránh tạo điểm giả; cần GIS kỹ thuật/khảo sát hoặc nguồn công bố trực tiếp.,PL3_2025_DongThap_old,4. PL3 - danh muc cong .pdf,GATE_MASTER_2026-10-02,False
PL3-0326,Cống Hoàng Vua (khu 2),,,,,UNKNOWN,False,Giữ trống tọa độ để tránh tạo điểm giả; cần GIS kỹ thuật/khảo sát hoặc nguồn công bố trực tiếp.,PL3_2025_DongThap_old,4. PL3 - danh muc cong .pdf,GATE_MASTER_2026-10-02,False
PL3-0327,Cống Cả Mây (khu 1),,,,,UNKNOWN,False,Giữ trống tọa độ để tránh tạo điểm giả; cần GIS kỹ thuật/khảo sát hoặc nguồn công bố trực tiếp.,PL3_2025_DongThap_old,4. PL3 - danh muc cong .pdf,GATE_MASTER_2026-10-02,False
PL3-0328,Cống 70.II,,,,,UNKNOWN,False,Giữ trống tọa độ để tránh tạo điểm giả; cần GIS kỹ thuật/khảo sát hoặc nguồn công bố trực tiếp.,PL3_2025_DongThap_old,4. PL3 - danh muc cong .pdf,GATE_MASTER_2026-10-02,False
PL3-0329,Cống hở Hậu Mương cái (khu 5),,,,,UNKNOWN,False,Giữ trống tọa độ để tránh tạo điểm giả; cần GIS kỹ thuật/khảo sát hoặc nguồn công bố trực tiếp.,PL3_2025_DongThap_old,4. PL3 - danh muc cong .pdf,GATE_MASTER_2026-10-02,False
PL3-0330,Cống Tầm Dầu,,,,,UNKNOWN,False,Giữ trống tọa độ để tránh tạo điểm giả; cần GIS kỹ thuật/khảo sát hoặc nguồn công bố trực tiếp.,PL3_2025_DongThap_old,4. PL3 - danh muc cong .pdf,GATE_MASTER_2026-10-02,False
PL3-0331,Cống tạo nguồn mương Ngánh (khu 1),,,,,UNKNOWN,False,Giữ trống tọa độ để tránh tạo điểm giả; cần GIS kỹ thuật/khảo sát hoặc nguồn công bố trực tiếp.,PL3_2025_DongThap_old,4. PL3 - danh muc cong .pdf,GATE_MASTER_2026-10-02,False
PL3-0332,Cống Hở Mương Ngánh Trong và Cống hở Mương Út Kỷ,,,,,UNKNOWN,False,Giữ trống tọa độ để tránh tạo điểm giả; cần GIS kỹ thuật/khảo sát hoặc nguồn công bố trực tiếp.,PL3_2025_DongThap_old,4. PL3 - danh muc cong .pdf,GATE_MASTER_2026-10-02,False
PL3-0333,Cống nội đồng nhánh Mương Ngánh - Út kỷ (khu 1),,,,,UNKNOWN,False,Giữ trống tọa độ để tránh tạo điểm giả; cần GIS kỹ thuật/khảo sát hoặc nguồn công bố trực tiếp.,PL3_2025_DongThap_old,4. PL3 - danh muc cong .pdf,GATE_MASTER_2026-10-02,False
PL3-0334,Cống Lung Ngang (khu 5),,,,,UNKNOWN,False,Giữ trống tọa độ để tránh tạo điểm giả; cần GIS kỹ thuật/khảo sát hoặc nguồn công bố trực tiếp.,PL3_2025_DongThap_old,4. PL3 - danh muc cong .pdf,GATE_MASTER_2026-10-02,False
PL3-0335,Cống mương ông Tẩu (khu 3),,,,,UNKNOWN,False,Giữ trống tọa độ để tránh tạo điểm giả; cần GIS kỹ thuật/khảo sát hoặc nguồn công bố trực tiếp.,PL3_2025_DongThap_old,4. PL3 - danh muc cong .pdf,GATE_MASTER_2026-10-02,False
PL3-0336,Cống cập kênh Mương Lớn (khu 4),,,,,UNKNOWN,False,Giữ trống tọa độ để tránh tạo điểm giả; cần GIS kỹ thuật/khảo sát hoặc nguồn công bố trực tiếp.,PL3_2025_DongThap_old,4. PL3 - danh muc cong .pdf,GATE_MASTER_2026-10-02,False
PL3-0337,Cống trạm bơm kênh Mương Lớn (khu 1),,,,,UNKNOWN,False,Giữ trống tọa độ để tránh tạo điểm giả; cần GIS kỹ thuật/khảo sát hoặc nguồn công bố trực tiếp.,PL3_2025_DongThap_old,4. PL3 - danh muc cong .pdf,GATE_MASTER_2026-10-02,False
PL3-0338,Cống đường nước tưới khu 4 (điểm ao bà Giàu),,,,,UNKNOWN,False,Giữ trống tọa độ để tránh tạo điểm giả; cần GIS kỹ thuật/khảo sát hoặc nguồn công bố trực tiếp.,PL3_2025_DongThap_old,4. PL3 - danh muc cong .pdf,GATE_MASTER_2026-10-02,False
PL3-0339,Cống tạo nguồn ông Hiền (rộc Cá Trê - khu 2),,,,,UNKNOWN,False,Giữ trống tọa độ để tránh tạo điểm giả; cần GIS kỹ thuật/khảo sát hoặc nguồn công bố trực tiếp.,PL3_2025_DongThap_old,4. PL3 - danh muc cong .pdf,GATE_MASTER_2026-10-02,False
PL3-0340,Cống Mương Ông Tợ (khu 2),,,,,UNKNOWN,False,Giữ trống tọa độ để tránh tạo điểm giả; cần GIS kỹ thuật/khảo sát hoặc nguồn công bố trực tiếp.,PL3_2025_DongThap_old,4. PL3 - danh muc cong .pdf,GATE_MASTER_2026-10-02,False
PL3-0341,Cống khu 5,,,,,UNKNOWN,False,Giữ trống tọa độ để tránh tạo điểm giả; cần GIS kỹ thuật/khảo sát hoặc nguồn công bố trực tiếp.,PL3_2025_DongThap_old,4. PL3 - danh muc cong .pdf,GATE_MASTER_2026-10-02,False
PL3-0342,Cống Cụm dân cư số 12,,,,,UNKNOWN,False,Giữ trống tọa độ để tránh tạo điểm giả; cần GIS kỹ thuật/khảo sát hoặc nguồn công bố trực tiếp.,PL3_2025_DongThap_old,4. PL3 - danh muc cong .pdf,GATE_MASTER_2026-10-02,False
PL3-0343,Cống tạo nguồn (đoạn Út nay đến ông Bông),,,,,UNKNOWN,False,Giữ trống tọa độ để tránh tạo điểm giả; cần GIS kỹ thuật/khảo sát hoặc nguồn công bố trực tiếp.,PL3_2025_DongThap_old,4. PL3 - danh muc cong .pdf,GATE_MASTER_2026-10-02,False
PL3-0344,Cống tạo nguồn Cụm dân cư số 5,,,,,UNKNOWN,False,Giữ trống tọa độ để tránh tạo điểm giả; cần GIS kỹ thuật/khảo sát hoặc nguồn công bố trực tiếp.,PL3_2025_DongThap_old,4. PL3 - danh muc cong .pdf,GATE_MASTER_2026-10-02,False
PL3-0345,"Cống tạo nguồn Tư An (khu 3), cống 70.II An Bình B; Cống tạo nguồn Cồng Cộc, Xẻo tre, Ba khải phường An Lạc; Cống nội đồng phường An Lộc",,,,,UNKNOWN,False,Giữ trống tọa độ để tránh tạo điểm giả; cần GIS kỹ thuật/khảo sát hoặc nguồn công bố trực tiếp.,PL3_2025_DongThap_old,4. PL3 - danh muc cong .pdf,GATE_MASTER_2026-10-02,False
PL3-0346,Cống hở tạo nguồn Cả Mây (Khu 1) xã Tân Hội,,,,,UNKNOWN,False,Giữ trống tọa độ để tránh tạo điểm giả; cần GIS kỹ thuật/khảo sát hoặc nguồn công bố trực tiếp.,PL3_2025_DongThap_old,4. PL3 - danh muc cong .pdf,GATE_MASTER_2026-10-02,False
PL3-0347,Cống hở tạo nguồn đường nước Ông Thanh,,,,,UNKNOWN,False,Giữ trống tọa độ để tránh tạo điểm giả; cần GIS kỹ thuật/khảo sát hoặc nguồn công bố trực tiếp.,PL3_2025_DongThap_old,4. PL3 - danh muc cong .pdf,GATE_MASTER_2026-10-02,False
PL3-0348,Cống hở tạo nguồn 5 Ơn (Khu 3) xã Tân Hội,,,,,UNKNOWN,False,Giữ trống tọa độ để tránh tạo điểm giả; cần GIS kỹ thuật/khảo sát hoặc nguồn công bố trực tiếp.,PL3_2025_DongThap_old,4. PL3 - danh muc cong .pdf,GATE_MASTER_2026-10-02,False
PL3-0349,Cống hở (đoạn Bầu Nhân đến BND khóm An Thịnh),,,,,UNKNOWN,False,Giữ trống tọa độ để tránh tạo điểm giả; cần GIS kỹ thuật/khảo sát hoặc nguồn công bố trực tiếp.,PL3_2025_DongThap_old,4. PL3 - danh muc cong .pdf,GATE_MASTER_2026-10-02,False
PL3-0350,Cống hở tạo nguồn đường nước tưới An Hòa,,,,,UNKNOWN,False,Giữ trống tọa độ để tránh tạo điểm giả; cần GIS kỹ thuật/khảo sát hoặc nguồn công bố trực tiếp.,PL3_2025_DongThap_old,4. PL3 - danh muc cong .pdf,GATE_MASTER_2026-10-02,False
PL3-0351,Cống hở tạo nguồn đường nước tưới cụm dân cư số 10,,,,,UNKNOWN,False,Giữ trống tọa độ để tránh tạo điểm giả; cần GIS kỹ thuật/khảo sát hoặc nguồn công bố trực tiếp.,PL3_2025_DongThap_old,4. PL3 - danh muc cong .pdf,GATE_MASTER_2026-10-02,False
PL3-0352,Cống hở tạo nguồn đường nước tưới An Lạc,,,,,UNKNOWN,False,Giữ trống tọa độ để tránh tạo điểm giả; cần GIS kỹ thuật/khảo sát hoặc nguồn công bố trực tiếp.,PL3_2025_DongThap_old,4. PL3 - danh muc cong .pdf,GATE_MASTER_2026-10-02,False
PL3-0353,Cống Mười Xình,,,,,UNKNOWN,False,Giữ trống tọa độ để tránh tạo điểm giả; cần GIS kỹ thuật/khảo sát hoặc nguồn công bố trực tiếp.,PL3_2025_DongThap_old,4. PL3 - danh muc cong .pdf,GATE_MASTER_2026-10-02,False
PL3-0354,"Sửa chữa, nâng cấp cống tạo nguồn rộc Ô Môi (điểm đất ông Lúp)",,,,,UNKNOWN,False,Giữ trống tọa độ để tránh tạo điểm giả; cần GIS kỹ thuật/khảo sát hoặc nguồn công bố trực tiếp.,PL3_2025_DongThap_old,4. PL3 - danh muc cong .pdf,GATE_MASTER_2026-10-02,False
PL3-0355,"Sửa chữa, nâng cấp cống tạo nguồn Rộc Đìa Đôi (điểm đất ông Bô)",,,,,UNKNOWN,False,Giữ trống tọa độ để tránh tạo điểm giả; cần GIS kỹ thuật/khảo sát hoặc nguồn công bố trực tiếp.,PL3_2025_DongThap_old,4. PL3 - danh muc cong .pdf,GATE_MASTER_2026-10-02,False
PL3-0356,"Sửa chữa, nâng cấp cống tạo nguồn đường nước nổi Mương Lớn (điểm đất ông Dọn)",,,,,UNKNOWN,False,Giữ trống tọa độ để tránh tạo điểm giả; cần GIS kỹ thuật/khảo sát hoặc nguồn công bố trực tiếp.,PL3_2025_DongThap_old,4. PL3 - danh muc cong .pdf,GATE_MASTER_2026-10-02,False
PL3-0357,"Sửa chữa, nâng cấp cống tạo nguồn đường nước nổi Unicef (điểm đường cộ Mười Đẩu)",,,,,UNKNOWN,False,Giữ trống tọa độ để tránh tạo điểm giả; cần GIS kỹ thuật/khảo sát hoặc nguồn công bố trực tiếp.,PL3_2025_DongThap_old,4. PL3 - danh muc cong .pdf,GATE_MASTER_2026-10-02,False
PL3-0358,Sửa chữa nâng cấp cống tạo nguồn Mương Lớn LTĐ3 An Hòa – khu 5,,,,,UNKNOWN,False,Giữ trống tọa độ để tránh tạo điểm giả; cần GIS kỹ thuật/khảo sát hoặc nguồn công bố trực tiếp.,PL3_2025_DongThap_old,4. PL3 - danh muc cong .pdf,GATE_MASTER_2026-10-02,False
PL3-0359,Sửa chữa nâng cấp Cống tạo nguồn kênh Mương Lớn (khu 1),,,,,UNKNOWN,False,Giữ trống tọa độ để tránh tạo điểm giả; cần GIS kỹ thuật/khảo sát hoặc nguồn công bố trực tiếp.,PL3_2025_DongThap_old,4. PL3 - danh muc cong .pdf,GATE_MASTER_2026-10-02,False
PL3-0360,Cống ông Sáu Điệp,,,,,UNKNOWN,False,Giữ trống tọa độ để tránh tạo điểm giả; cần GIS kỹ thuật/khảo sát hoặc nguồn công bố trực tiếp.,PL3_2025_DongThap_old,4. PL3 - danh muc cong .pdf,GATE_MASTER_2026-10-02,False
PL3-0361,"Sửa chữa, nâng cấp cống tạo nguồn rọc tiêu Mười Đẩu (điểm đất ông RôBe)",,,,,UNKNOWN,False,Giữ trống tọa độ để tránh tạo điểm giả; cần GIS kỹ thuật/khảo sát hoặc nguồn công bố trực tiếp.,PL3_2025_DongThap_old,4. PL3 - danh muc cong .pdf,GATE_MASTER_2026-10-02,False
PL3-0362,"Sửa chữa, nâng cấp cống tạo nguồn rộc Cá Trê (điểm đất ông Đực - Cọi)",,,,,UNKNOWN,False,Giữ trống tọa độ để tránh tạo điểm giả; cần GIS kỹ thuật/khảo sát hoặc nguồn công bố trực tiếp.,PL3_2025_DongThap_old,4. PL3 - danh muc cong .pdf,GATE_MASTER_2026-10-02,False
PL3-0363,"Sửa chữa, nâng cấp cống tạo nguồn đìa Mủi Chỉa (điểm đất ông Khoánh)",,,,,UNKNOWN,False,Giữ trống tọa độ để tránh tạo điểm giả; cần GIS kỹ thuật/khảo sát hoặc nguồn công bố trực tiếp.,PL3_2025_DongThap_old,4. PL3 - danh muc cong .pdf,GATE_MASTER_2026-10-02,False
PL3-0364,"Sửa chữa, nâng cấp cống tạo nguồn rọc Đìa Hang (điểm đất ông Phơi)",,,,,UNKNOWN,False,Giữ trống tọa độ để tránh tạo điểm giả; cần GIS kỹ thuật/khảo sát hoặc nguồn công bố trực tiếp.,PL3_2025_DongThap_old,4. PL3 - danh muc cong .pdf,GATE_MASTER_2026-10-02,False
PL3-0365,Cống Mương Hai Răng (điểm đất ông Bé),,,,,UNKNOWN,False,Giữ trống tọa độ để tránh tạo điểm giả; cần GIS kỹ thuật/khảo sát hoặc nguồn công bố trực tiếp.,PL3_2025_DongThap_old,4. PL3 - danh muc cong .pdf,GATE_MASTER_2026-10-02,False
PL3-0366,Cống Mương Hai Răng (điểm đất ông Cường),,,,,UNKNOWN,False,Giữ trống tọa độ để tránh tạo điểm giả; cần GIS kỹ thuật/khảo sát hoặc nguồn công bố trực tiếp.,PL3_2025_DongThap_old,4. PL3 - danh muc cong .pdf,GATE_MASTER_2026-10-02,False
PL3-0367,Cống khu 2 (điểm đất ông Tâm),,,,,UNKNOWN,False,Giữ trống tọa độ để tránh tạo điểm giả; cần GIS kỹ thuật/khảo sát hoặc nguồn công bố trực tiếp.,PL3_2025_DongThap_old,4. PL3 - danh muc cong .pdf,GATE_MASTER_2026-10-02,False
PL3-0368,Cống khu 2 (điểm đất ông Bi),,,,,UNKNOWN,False,Giữ trống tọa độ để tránh tạo điểm giả; cần GIS kỹ thuật/khảo sát hoặc nguồn công bố trực tiếp.,PL3_2025_DongThap_old,4. PL3 - danh muc cong .pdf,GATE_MASTER_2026-10-02,False
PL3-0369,Cống khu 3 (điểm mương Hào Trực),,,,,UNKNOWN,False,Giữ trống tọa độ để tránh tạo điểm giả; cần GIS kỹ thuật/khảo sát hoặc nguồn công bố trực tiếp.,PL3_2025_DongThap_old,4. PL3 - danh muc cong .pdf,GATE_MASTER_2026-10-02,False
PL3-0370,Cống khu 3 (điểm mương Cây Gáo),,,,,UNKNOWN,False,Giữ trống tọa độ để tránh tạo điểm giả; cần GIS kỹ thuật/khảo sát hoặc nguồn công bố trực tiếp.,PL3_2025_DongThap_old,4. PL3 - danh muc cong .pdf,GATE_MASTER_2026-10-02,False
PL3-0371,Cống khu 3 (điểm mương ông Tro),,,,,UNKNOWN,False,Giữ trống tọa độ để tránh tạo điểm giả; cần GIS kỹ thuật/khảo sát hoặc nguồn công bố trực tiếp.,PL3_2025_DongThap_old,4. PL3 - danh muc cong .pdf,GATE_MASTER_2026-10-02,False
PL3-0372,Sửa chữa nâng cấpcống tạo nguồn khu II (điểm kênh phèn),,,,,UNKNOWN,False,Giữ trống tọa độ để tránh tạo điểm giả; cần GIS kỹ thuật/khảo sát hoặc nguồn công bố trực tiếp.,PL3_2025_DongThap_old,4. PL3 - danh muc cong .pdf,GATE_MASTER_2026-10-02,False
PL3-0373,Cống Xẽo Tre,,,,,UNKNOWN,False,Giữ trống tọa độ để tránh tạo điểm giả; cần GIS kỹ thuật/khảo sát hoặc nguồn công bố trực tiếp.,PL3_2025_DongThap_old,4. PL3 - danh muc cong .pdf,GATE_MASTER_2026-10-02,False
PL3-0374,Cống tưới khu 3 (giáp kênh Thống Nhất),,,,,UNKNOWN,False,Giữ trống tọa độ để tránh tạo điểm giả; cần GIS kỹ thuật/khảo sát hoặc nguồn công bố trực tiếp.,PL3_2025_DongThap_old,4. PL3 - danh muc cong .pdf,GATE_MASTER_2026-10-02,False
PL3-0375,Cống tưới khu 4,,,,,UNKNOWN,False,Giữ trống tọa độ để tránh tạo điểm giả; cần GIS kỹ thuật/khảo sát hoặc nguồn công bố trực tiếp.,PL3_2025_DongThap_old,4. PL3 - danh muc cong .pdf,GATE_MASTER_2026-10-02,False
PL3-0376,Cống nội đồng Tư Nguyên (khu 3),,,,,UNKNOWN,False,Giữ trống tọa độ để tránh tạo điểm giả; cần GIS kỹ thuật/khảo sát hoặc nguồn công bố trực tiếp.,PL3_2025_DongThap_old,4. PL3 - danh muc cong .pdf,GATE_MASTER_2026-10-02,False
PL3-0377,Cống nội đồng Tập Đoàn 34 (khu 3),,,,,UNKNOWN,False,Giữ trống tọa độ để tránh tạo điểm giả; cần GIS kỹ thuật/khảo sát hoặc nguồn công bố trực tiếp.,PL3_2025_DongThap_old,4. PL3 - danh muc cong .pdf,GATE_MASTER_2026-10-02,False
PL3-0378,Cống nội đồng Đường nước Cái (khu 3),,,,,UNKNOWN,False,Giữ trống tọa độ để tránh tạo điểm giả; cần GIS kỹ thuật/khảo sát hoặc nguồn công bố trực tiếp.,PL3_2025_DongThap_old,4. PL3 - danh muc cong .pdf,GATE_MASTER_2026-10-02,False
PL3-0379,Cống nội đồng nhánh tập đoàn 34 (khu 3),,,,,UNKNOWN,False,Giữ trống tọa độ để tránh tạo điểm giả; cần GIS kỹ thuật/khảo sát hoặc nguồn công bố trực tiếp.,PL3_2025_DongThap_old,4. PL3 - danh muc cong .pdf,GATE_MASTER_2026-10-02,False
PL3-0380,Cống nội đồng Hai Yến (khu 3),,,,,UNKNOWN,False,Giữ trống tọa độ để tránh tạo điểm giả; cần GIS kỹ thuật/khảo sát hoặc nguồn công bố trực tiếp.,PL3_2025_DongThap_old,4. PL3 - danh muc cong .pdf,GATE_MASTER_2026-10-02,False
PL3-0381,Cống nội đồng ông Trạng,,,,,UNKNOWN,False,Giữ trống tọa độ để tránh tạo điểm giả; cần GIS kỹ thuật/khảo sát hoặc nguồn công bố trực tiếp.,PL3_2025_DongThap_old,4. PL3 - danh muc cong .pdf,GATE_MASTER_2026-10-02,False
PL3-0382,Cống nội đồng ông Đảo,,,,,UNKNOWN,False,Giữ trống tọa độ để tránh tạo điểm giả; cần GIS kỹ thuật/khảo sát hoặc nguồn công bố trực tiếp.,PL3_2025_DongThap_old,4. PL3 - danh muc cong .pdf,GATE_MASTER_2026-10-02,False
PL3-0383,Cống nội đồng ông hai Bé (khu 3),,,,,UNKNOWN,False,Giữ trống tọa độ để tránh tạo điểm giả; cần GIS kỹ thuật/khảo sát hoặc nguồn công bố trực tiếp.,PL3_2025_DongThap_old,4. PL3 - danh muc cong .pdf,GATE_MASTER_2026-10-02,False
PL3-0384,Cống nội đồng ông hai Ngân (khu 3),,,,,UNKNOWN,False,Giữ trống tọa độ để tránh tạo điểm giả; cần GIS kỹ thuật/khảo sát hoặc nguồn công bố trực tiếp.,PL3_2025_DongThap_old,4. PL3 - danh muc cong .pdf,GATE_MASTER_2026-10-02,False
PL3-0385,Cống nội đồng ông Út Long (khu 3),,,,,UNKNOWN,False,Giữ trống tọa độ để tránh tạo điểm giả; cần GIS kỹ thuật/khảo sát hoặc nguồn công bố trực tiếp.,PL3_2025_DongThap_old,4. PL3 - danh muc cong .pdf,GATE_MASTER_2026-10-02,False
PL3-0386,Cống nội đồng ông 7 Chảy (khu 3),,,,,UNKNOWN,False,Giữ trống tọa độ để tránh tạo điểm giả; cần GIS kỹ thuật/khảo sát hoặc nguồn công bố trực tiếp.,PL3_2025_DongThap_old,4. PL3 - danh muc cong .pdf,GATE_MASTER_2026-10-02,False
PL3-0387,Cống nội đồng ông 7 Chủng (khu 3),,,,,UNKNOWN,False,Giữ trống tọa độ để tránh tạo điểm giả; cần GIS kỹ thuật/khảo sát hoặc nguồn công bố trực tiếp.,PL3_2025_DongThap_old,4. PL3 - danh muc cong .pdf,GATE_MASTER_2026-10-02,False
PL3-0388,Cống nội đồng ông Liêm (khu 3),,,,,UNKNOWN,False,Giữ trống tọa độ để tránh tạo điểm giả; cần GIS kỹ thuật/khảo sát hoặc nguồn công bố trực tiếp.,PL3_2025_DongThap_old,4. PL3 - danh muc cong .pdf,GATE_MASTER_2026-10-02,False
PL3-0389,Cống Cây Bún,,,,,UNKNOWN,False,Giữ trống tọa độ để tránh tạo điểm giả; cần GIS kỹ thuật/khảo sát hoặc nguồn công bố trực tiếp.,PL3_2025_DongThap_old,4. PL3 - danh muc cong .pdf,GATE_MASTER_2026-10-02,False
PL3-0390,Cống Mười Xình (kênh 2/9),,,,,UNKNOWN,False,Giữ trống tọa độ để tránh tạo điểm giả; cần GIS kỹ thuật/khảo sát hoặc nguồn công bố trực tiếp.,PL3_2025_DongThap_old,4. PL3 - danh muc cong .pdf,GATE_MASTER_2026-10-02,False
PL3-0391,Cống Ba Triết,,,,,UNKNOWN,False,Giữ trống tọa độ để tránh tạo điểm giả; cần GIS kỹ thuật/khảo sát hoặc nguồn công bố trực tiếp.,PL3_2025_DongThap_old,4. PL3 - danh muc cong .pdf,GATE_MASTER_2026-10-02,False
PL3-0392,Cống tròn Ø100 Ba Đáo,,,,,UNKNOWN,False,Giữ trống tọa độ để tránh tạo điểm giả; cần GIS kỹ thuật/khảo sát hoặc nguồn công bố trực tiếp.,PL3_2025_DongThap_old,4. PL3 - danh muc cong .pdf,GATE_MASTER_2026-10-02,False
PL3-0393,Cống tròn Ø100 ông Hùng,,,,,UNKNOWN,False,Giữ trống tọa độ để tránh tạo điểm giả; cần GIS kỹ thuật/khảo sát hoặc nguồn công bố trực tiếp.,PL3_2025_DongThap_old,4. PL3 - danh muc cong .pdf,GATE_MASTER_2026-10-02,False
PL3-0394,Cống tròn Ø100 ông Hưởng,,,,,UNKNOWN,False,Giữ trống tọa độ để tránh tạo điểm giả; cần GIS kỹ thuật/khảo sát hoặc nguồn công bố trực tiếp.,PL3_2025_DongThap_old,4. PL3 - danh muc cong .pdf,GATE_MASTER_2026-10-02,False
PL3-0395,Cống tròn Ø100 Hồng Châu,,,,,UNKNOWN,False,Giữ trống tọa độ để tránh tạo điểm giả; cần GIS kỹ thuật/khảo sát hoặc nguồn công bố trực tiếp.,PL3_2025_DongThap_old,4. PL3 - danh muc cong .pdf,GATE_MASTER_2026-10-02,False
PL3-0396,Cống Sáu Bon,,,,,UNKNOWN,False,Giữ trống tọa độ để tránh tạo điểm giả; cần GIS kỹ thuật/khảo sát hoặc nguồn công bố trực tiếp.,PL3_2025_DongThap_old,4. PL3 - danh muc cong .pdf,GATE_MASTER_2026-10-02,False
PL3-0397,Cống Cả Sơ,,,,,UNKNOWN,False,Giữ trống tọa độ để tránh tạo điểm giả; cần GIS kỹ thuật/khảo sát hoặc nguồn công bố trực tiếp.,PL3_2025_DongThap_old,4. PL3 - danh muc cong .pdf,GATE_MASTER_2026-10-02,False
PL3-0398,Cống Rọc Bảy Triệu,,,,,UNKNOWN,False,Giữ trống tọa độ để tránh tạo điểm giả; cần GIS kỹ thuật/khảo sát hoặc nguồn công bố trực tiếp.,PL3_2025_DongThap_old,4. PL3 - danh muc cong .pdf,GATE_MASTER_2026-10-02,False
PL3-0399,Cống Bà Sáu Nữa,,,,,UNKNOWN,False,Giữ trống tọa độ để tránh tạo điểm giả; cần GIS kỹ thuật/khảo sát hoặc nguồn công bố trực tiếp.,PL3_2025_DongThap_old,4. PL3 - danh muc cong .pdf,GATE_MASTER_2026-10-02,False
PL3-0400,Cống Ông Út Minh,,,,,UNKNOWN,False,Giữ trống tọa độ để tránh tạo điểm giả; cần GIS kỹ thuật/khảo sát hoặc nguồn công bố trực tiếp.,PL3_2025_DongThap_old,4. PL3 - danh muc cong .pdf,GATE_MASTER_2026-10-02,False
PL3-0401,Cống Ông Đông Dũng,,,,,UNKNOWN,False,Giữ trống tọa độ để tránh tạo điểm giả; cần GIS kỹ thuật/khảo sát hoặc nguồn công bố trực tiếp.,PL3_2025_DongThap_old,4. PL3 - danh muc cong .pdf,GATE_MASTER_2026-10-02,False
PL3-0402,Cống Cống Ông Trứ,,,,,UNKNOWN,False,Giữ trống tọa độ để tránh tạo điểm giả; cần GIS kỹ thuật/khảo sát hoặc nguồn công bố trực tiếp.,PL3_2025_DongThap_old,4. PL3 - danh muc cong .pdf,GATE_MASTER_2026-10-02,False
PL3-0403,Cống Tám Đậm kênh Ba Ánh,,,,,UNKNOWN,False,Giữ trống tọa độ để tránh tạo điểm giả; cần GIS kỹ thuật/khảo sát hoặc nguồn công bố trực tiếp.,PL3_2025_DongThap_old,4. PL3 - danh muc cong .pdf,GATE_MASTER_2026-10-02,False
PL3-0404,Cống Xả Phèn Kênh Ba Ánh,,,,,UNKNOWN,False,Giữ trống tọa độ để tránh tạo điểm giả; cần GIS kỹ thuật/khảo sát hoặc nguồn công bố trực tiếp.,PL3_2025_DongThap_old,4. PL3 - danh muc cong .pdf,GATE_MASTER_2026-10-02,False
PL3-0405,Cống Ông Hiệp,,,,,UNKNOWN,False,Giữ trống tọa độ để tránh tạo điểm giả; cần GIS kỹ thuật/khảo sát hoặc nguồn công bố trực tiếp.,PL3_2025_DongThap_old,4. PL3 - danh muc cong .pdf,GATE_MASTER_2026-10-02,False
PL3-0406,Cống Ông Tro,,,,,UNKNOWN,False,Giữ trống tọa độ để tránh tạo điểm giả; cần GIS kỹ thuật/khảo sát hoặc nguồn công bố trực tiếp.,PL3_2025_DongThap_old,4. PL3 - danh muc cong .pdf,GATE_MASTER_2026-10-02,False
PL3-0407,Cống Bảy Nẹp,,,,,UNKNOWN,False,Giữ trống tọa độ để tránh tạo điểm giả; cần GIS kỹ thuật/khảo sát hoặc nguồn công bố trực tiếp.,PL3_2025_DongThap_old,4. PL3 - danh muc cong .pdf,GATE_MASTER_2026-10-02,False
PL3-0408,Cống Ông Trừ,,,,,UNKNOWN,False,Giữ trống tọa độ để tránh tạo điểm giả; cần GIS kỹ thuật/khảo sát hoặc nguồn công bố trực tiếp.,PL3_2025_DongThap_old,4. PL3 - danh muc cong .pdf,GATE_MASTER_2026-10-02,False
PL3-0409,Cống Cây Gáo,,,,,UNKNOWN,False,Giữ trống tọa độ để tránh tạo điểm giả; cần GIS kỹ thuật/khảo sát hoặc nguồn công bố trực tiếp.,PL3_2025_DongThap_old,4. PL3 - danh muc cong .pdf,GATE_MASTER_2026-10-02,False
PL3-0410,Cống Bà Đúng,,,,,UNKNOWN,False,Giữ trống tọa độ để tránh tạo điểm giả; cần GIS kỹ thuật/khảo sát hoặc nguồn công bố trực tiếp.,PL3_2025_DongThap_old,4. PL3 - danh muc cong .pdf,GATE_MASTER_2026-10-02,False
PL3-0411,Cống ông Hai Dây,,,,,UNKNOWN,False,Giữ trống tọa độ để tránh tạo điểm giả; cần GIS kỹ thuật/khảo sát hoặc nguồn công bố trực tiếp.,PL3_2025_DongThap_old,4. PL3 - danh muc cong .pdf,GATE_MASTER_2026-10-02,False
PL3-0412,Cống 70II,,,,,UNKNOWN,False,Giữ trống tọa độ để tránh tạo điểm giả; cần GIS kỹ thuật/khảo sát hoặc nguồn công bố trực tiếp.,PL3_2025_DongThap_old,4. PL3 - danh muc cong .pdf,GATE_MASTER_2026-10-02,False
PL3-0413,Cống Mười Hiền,,,,,UNKNOWN,False,Giữ trống tọa độ để tránh tạo điểm giả; cần GIS kỹ thuật/khảo sát hoặc nguồn công bố trực tiếp.,PL3_2025_DongThap_old,4. PL3 - danh muc cong .pdf,GATE_MASTER_2026-10-02,False
PL3-0414,Cống Tầm Dầu,,,,,UNKNOWN,False,Giữ trống tọa độ để tránh tạo điểm giả; cần GIS kỹ thuật/khảo sát hoặc nguồn công bố trực tiếp.,PL3_2025_DongThap_old,4. PL3 - danh muc cong .pdf,GATE_MASTER_2026-10-02,False
PL3-0415,Cống Ông Chiêu,,,,,UNKNOWN,False,Giữ trống tọa độ để tránh tạo điểm giả; cần GIS kỹ thuật/khảo sát hoặc nguồn công bố trực tiếp.,PL3_2025_DongThap_old,4. PL3 - danh muc cong .pdf,GATE_MASTER_2026-10-02,False
PL3-0416,Cống Biện Cận,,,,,UNKNOWN,False,Giữ trống tọa độ để tránh tạo điểm giả; cần GIS kỹ thuật/khảo sát hoặc nguồn công bố trực tiếp.,PL3_2025_DongThap_old,4. PL3 - danh muc cong .pdf,GATE_MASTER_2026-10-02,False
PL3-0417,Cống Ông Trụ,,,,,UNKNOWN,False,Giữ trống tọa độ để tránh tạo điểm giả; cần GIS kỹ thuật/khảo sát hoặc nguồn công bố trực tiếp.,PL3_2025_DongThap_old,4. PL3 - danh muc cong .pdf,GATE_MASTER_2026-10-02,False
PL3-0418,Cống ông Tơ,,,,,UNKNOWN,False,Giữ trống tọa độ để tránh tạo điểm giả; cần GIS kỹ thuật/khảo sát hoặc nguồn công bố trực tiếp.,PL3_2025_DongThap_old,4. PL3 - danh muc cong .pdf,GATE_MASTER_2026-10-02,False
PL3-0419,Cống Hào Trực khu 3,,,,,UNKNOWN,False,Giữ trống tọa độ để tránh tạo điểm giả; cần GIS kỹ thuật/khảo sát hoặc nguồn công bố trực tiếp.,PL3_2025_DongThap_old,4. PL3 - danh muc cong .pdf,GATE_MASTER_2026-10-02,False
PL3-0420,Cống Xã Chính,,,,,UNKNOWN,False,Giữ trống tọa độ để tránh tạo điểm giả; cần GIS kỹ thuật/khảo sát hoặc nguồn công bố trực tiếp.,PL3_2025_DongThap_old,4. PL3 - danh muc cong .pdf,GATE_MASTER_2026-10-02,False
PL3-0421,Cống Xả Phèn khu 2,,,,,UNKNOWN,False,Giữ trống tọa độ để tránh tạo điểm giả; cần GIS kỹ thuật/khảo sát hoặc nguồn công bố trực tiếp.,PL3_2025_DongThap_old,4. PL3 - danh muc cong .pdf,GATE_MASTER_2026-10-02,False
PL3-0422,Cống ông Hiền khu 2,,,,,UNKNOWN,False,Giữ trống tọa độ để tránh tạo điểm giả; cần GIS kỹ thuật/khảo sát hoặc nguồn công bố trực tiếp.,PL3_2025_DongThap_old,4. PL3 - danh muc cong .pdf,GATE_MASTER_2026-10-02,False
PL3-0423,Cống tròn khu 8,,,,,UNKNOWN,False,Giữ trống tọa độ để tránh tạo điểm giả; cần GIS kỹ thuật/khảo sát hoặc nguồn công bố trực tiếp.,PL3_2025_DongThap_old,4. PL3 - danh muc cong .pdf,GATE_MASTER_2026-10-02,False
PL3-0424,Cống Bà Lan,,,,,UNKNOWN,False,Giữ trống tọa độ để tránh tạo điểm giả; cần GIS kỹ thuật/khảo sát hoặc nguồn công bố trực tiếp.,PL3_2025_DongThap_old,4. PL3 - danh muc cong .pdf,GATE_MASTER_2026-10-02,False
PL3-0425,Cống Đào Tay Khu 2,,,,,UNKNOWN,False,Giữ trống tọa độ để tránh tạo điểm giả; cần GIS kỹ thuật/khảo sát hoặc nguồn công bố trực tiếp.,PL3_2025_DongThap_old,4. PL3 - danh muc cong .pdf,GATE_MASTER_2026-10-02,False
PL3-0426,Cống đào Tay Khu 3,,,,,UNKNOWN,False,Giữ trống tọa độ để tránh tạo điểm giả; cần GIS kỹ thuật/khảo sát hoặc nguồn công bố trực tiếp.,PL3_2025_DongThap_old,4. PL3 - danh muc cong .pdf,GATE_MASTER_2026-10-02,False
PL3-0427,Cống tròn Bàu Chứa,,,,,UNKNOWN,False,Giữ trống tọa độ để tránh tạo điểm giả; cần GIS kỹ thuật/khảo sát hoặc nguồn công bố trực tiếp.,PL3_2025_DongThap_old,4. PL3 - danh muc cong .pdf,GATE_MASTER_2026-10-02,False
PL3-0428,"Cống mương Tám Đậm, hạng mục: cống tròn D=100cm",,,,,UNKNOWN,False,Giữ trống tọa độ để tránh tạo điểm giả; cần GIS kỹ thuật/khảo sát hoặc nguồn công bố trực tiếp.,PL3_2025_DongThap_old,4. PL3 - danh muc cong .pdf,GATE_MASTER_2026-10-02,False
PL3-0429,"Cống tròn anh Thã, hạng mục: cống tròn D=100cm",,,,,UNKNOWN,False,Giữ trống tọa độ để tránh tạo điểm giả; cần GIS kỹ thuật/khảo sát hoặc nguồn công bố trực tiếp.,PL3_2025_DongThap_old,4. PL3 - danh muc cong .pdf,GATE_MASTER_2026-10-02,False
PL3-0430,"Cống tròn anh Hồng, hạng mục: cống tròn D=100cm",,,,,UNKNOWN,False,Giữ trống tọa độ để tránh tạo điểm giả; cần GIS kỹ thuật/khảo sát hoặc nguồn công bố trực tiếp.,PL3_2025_DongThap_old,4. PL3 - danh muc cong .pdf,GATE_MASTER_2026-10-02,False
PL3-0431,"Cống tròn Lung Bông Trong, hạng mục: cống tròn D=100cm",,,,,UNKNOWN,False,Giữ trống tọa độ để tránh tạo điểm giả; cần GIS kỹ thuật/khảo sát hoặc nguồn công bố trực tiếp.,PL3_2025_DongThap_old,4. PL3 - danh muc cong .pdf,GATE_MASTER_2026-10-02,False
PL3-0432,"Cống tròn Cả Rô Dưới, hạng mục: cống tròn D=100cm",,,,,UNKNOWN,False,Giữ trống tọa độ để tránh tạo điểm giả; cần GIS kỹ thuật/khảo sát hoặc nguồn công bố trực tiếp.,PL3_2025_DongThap_old,4. PL3 - danh muc cong .pdf,GATE_MASTER_2026-10-02,False
PL3-0433,"Cống tròn Ông Trụ Trên, hạng mục: cống tròn D=100cm",,,,,UNKNOWN,False,Giữ trống tọa độ để tránh tạo điểm giả; cần GIS kỹ thuật/khảo sát hoặc nguồn công bố trực tiếp.,PL3_2025_DongThap_old,4. PL3 - danh muc cong .pdf,GATE_MASTER_2026-10-02,False
PL3-0434,"Cống tròn 9 Huyện, hạng mục: cống tròn D=100cm",,,,,UNKNOWN,False,Giữ trống tọa độ để tránh tạo điểm giả; cần GIS kỹ thuật/khảo sát hoặc nguồn công bố trực tiếp.,PL3_2025_DongThap_old,4. PL3 - danh muc cong .pdf,GATE_MASTER_2026-10-02,False
PL3-0435,Cống 70I - Trảng Bèo,,,,,UNKNOWN,False,Giữ trống tọa độ để tránh tạo điểm giả; cần GIS kỹ thuật/khảo sát hoặc nguồn công bố trực tiếp.,PL3_2025_DongThap_old,4. PL3 - danh muc cong .pdf,GATE_MASTER_2026-10-02,False
PL3-0436,Sửa chữa nâng cấp cống tạo nguồn đường cộ TĐ2-70.I (khu I),,,,,UNKNOWN,False,Giữ trống tọa độ để tránh tạo điểm giả; cần GIS kỹ thuật/khảo sát hoặc nguồn công bố trực tiếp.,PL3_2025_DongThap_old,4. PL3 - danh muc cong .pdf,GATE_MASTER_2026-10-02,False
PL3-0437,Sửa chữa nâng cấp cống tạo nguồn Mương Lớn - Trảng Bèo (khu I),,,,,UNKNOWN,False,Giữ trống tọa độ để tránh tạo điểm giả; cần GIS kỹ thuật/khảo sát hoặc nguồn công bố trực tiếp.,PL3_2025_DongThap_old,4. PL3 - danh muc cong .pdf,GATE_MASTER_2026-10-02,False
PL3-0438,Sửa chữa nâng cấp cống tạo nguồn Cả Mát - khu 9,,,,,UNKNOWN,False,Giữ trống tọa độ để tránh tạo điểm giả; cần GIS kỹ thuật/khảo sát hoặc nguồn công bố trực tiếp.,PL3_2025_DongThap_old,4. PL3 - danh muc cong .pdf,GATE_MASTER_2026-10-02,False
PL3-0439,Sửa chữa nâng cấp cống tạo nguồn Thông Lưu - khu 9,,,,,UNKNOWN,False,Giữ trống tọa độ để tránh tạo điểm giả; cần GIS kỹ thuật/khảo sát hoặc nguồn công bố trực tiếp.,PL3_2025_DongThap_old,4. PL3 - danh muc cong .pdf,GATE_MASTER_2026-10-02,False
PL3-0440,Sửa chữa nâng cấp cống tạo nguồn Cá Rô - khu 10,,,,,UNKNOWN,False,Giữ trống tọa độ để tránh tạo điểm giả; cần GIS kỹ thuật/khảo sát hoặc nguồn công bố trực tiếp.,PL3_2025_DongThap_old,4. PL3 - danh muc cong .pdf,GATE_MASTER_2026-10-02,False
PL3-0441,Sửa chữa nâng cấp cống tạo nguồn Cả Môn,,,,,UNKNOWN,False,Giữ trống tọa độ để tránh tạo điểm giả; cần GIS kỹ thuật/khảo sát hoặc nguồn công bố trực tiếp.,PL3_2025_DongThap_old,4. PL3 - danh muc cong .pdf,GATE_MASTER_2026-10-02,False
PL3-0442,Sửa chữa nâng cấp Cống tạo nguồn 70.I - bờ Kháng Chiến,,,,,UNKNOWN,False,Giữ trống tọa độ để tránh tạo điểm giả; cần GIS kỹ thuật/khảo sát hoặc nguồn công bố trực tiếp.,PL3_2025_DongThap_old,4. PL3 - danh muc cong .pdf,GATE_MASTER_2026-10-02,False
PL3-0443,Sửa chửa nâng cấp cống tạo nguồn Anh Lỳ,,,,,UNKNOWN,False,Giữ trống tọa độ để tránh tạo điểm giả; cần GIS kỹ thuật/khảo sát hoặc nguồn công bố trực tiếp.,PL3_2025_DongThap_old,4. PL3 - danh muc cong .pdf,GATE_MASTER_2026-10-02,False
PL3-0444,Sửa chữa nâng cấp cống tạo nguồn Đìa Đào Bào,,,,,UNKNOWN,False,Giữ trống tọa độ để tránh tạo điểm giả; cần GIS kỹ thuật/khảo sát hoặc nguồn công bố trực tiếp.,PL3_2025_DongThap_old,4. PL3 - danh muc cong .pdf,GATE_MASTER_2026-10-02,False
PL3-0445,Sửa chữa nâng cấp cống tạo nguồn ông Bé,,,,,UNKNOWN,False,Giữ trống tọa độ để tránh tạo điểm giả; cần GIS kỹ thuật/khảo sát hoặc nguồn công bố trực tiếp.,PL3_2025_DongThap_old,4. PL3 - danh muc cong .pdf,GATE_MASTER_2026-10-02,False
PL3-0446,Sửa chữa nâng cấp cống tạo nguồn Hai Thạnh,,,,,UNKNOWN,False,Giữ trống tọa độ để tránh tạo điểm giả; cần GIS kỹ thuật/khảo sát hoặc nguồn công bố trực tiếp.,PL3_2025_DongThap_old,4. PL3 - danh muc cong .pdf,GATE_MASTER_2026-10-02,False
PL3-0447,Sửa chữa nâng cấp cống tạo nguồn Hùng Anh,,,,,UNKNOWN,False,Giữ trống tọa độ để tránh tạo điểm giả; cần GIS kỹ thuật/khảo sát hoặc nguồn công bố trực tiếp.,PL3_2025_DongThap_old,4. PL3 - danh muc cong .pdf,GATE_MASTER_2026-10-02,False
PL3-0448,Sửa chữa nâng cấp hai cống tạo nguồn số 1 khu II (điểm Mương Xã Chính),,,,,UNKNOWN,False,Giữ trống tọa độ để tránh tạo điểm giả; cần GIS kỹ thuật/khảo sát hoặc nguồn công bố trực tiếp.,PL3_2025_DongThap_old,4. PL3 - danh muc cong .pdf,GATE_MASTER_2026-10-02,False
PL3-0449,Sửa chữa nâng cấp hai cống tạo nguồn số 2 khu II (điểm Mương Xã Chính),,,,,UNKNOWN,False,Giữ trống tọa độ để tránh tạo điểm giả; cần GIS kỹ thuật/khảo sát hoặc nguồn công bố trực tiếp.,PL3_2025_DongThap_old,4. PL3 - danh muc cong .pdf,GATE_MASTER_2026-10-02,False
PL3-0450,Cống Đường nước Tập đoàn 34 (khu 3),,,,,UNKNOWN,False,Giữ trống tọa độ để tránh tạo điểm giả; cần GIS kỹ thuật/khảo sát hoặc nguồn công bố trực tiếp.,PL3_2025_DongThap_old,4. PL3 - danh muc cong .pdf,GATE_MASTER_2026-10-02,False
PL3-0451,Cống mương Phạm Hùm (khu 3),,,,,UNKNOWN,False,Giữ trống tọa độ để tránh tạo điểm giả; cần GIS kỹ thuật/khảo sát hoặc nguồn công bố trực tiếp.,PL3_2025_DongThap_old,4. PL3 - danh muc cong .pdf,GATE_MASTER_2026-10-02,False
PL3-0452,Cống mương Cả Rô (khu 9),,,,,UNKNOWN,False,Giữ trống tọa độ để tránh tạo điểm giả; cần GIS kỹ thuật/khảo sát hoặc nguồn công bố trực tiếp.,PL3_2025_DongThap_old,4. PL3 - danh muc cong .pdf,GATE_MASTER_2026-10-02,False
PL3-0453,Sửa chữa nâng cấp cống tạo nguồn khu II (điểm kênh70),,,,,UNKNOWN,False,Giữ trống tọa độ để tránh tạo điểm giả; cần GIS kỹ thuật/khảo sát hoặc nguồn công bố trực tiếp.,PL3_2025_DongThap_old,4. PL3 - danh muc cong .pdf,GATE_MASTER_2026-10-02,False
PL3-0454,Cống Tàu Cuốc,,,,,UNKNOWN,False,Giữ trống tọa độ để tránh tạo điểm giả; cần GIS kỹ thuật/khảo sát hoặc nguồn công bố trực tiếp.,PL3_2025_DongThap_old,4. PL3 - danh muc cong .pdf,GATE_MASTER_2026-10-02,False
PL3-0455,Cống Đìa Sình,,,,,UNKNOWN,False,Giữ trống tọa độ để tránh tạo điểm giả; cần GIS kỹ thuật/khảo sát hoặc nguồn công bố trực tiếp.,PL3_2025_DongThap_old,4. PL3 - danh muc cong .pdf,GATE_MASTER_2026-10-02,False
PL3-0456,Cống Tư Lực,,,,,UNKNOWN,False,Giữ trống tọa độ để tránh tạo điểm giả; cần GIS kỹ thuật/khảo sát hoặc nguồn công bố trực tiếp.,PL3_2025_DongThap_old,4. PL3 - danh muc cong .pdf,GATE_MASTER_2026-10-02,False
PL3-0457,Cống Út Mãi,,,,,UNKNOWN,False,Giữ trống tọa độ để tránh tạo điểm giả; cần GIS kỹ thuật/khảo sát hoặc nguồn công bố trực tiếp.,PL3_2025_DongThap_old,4. PL3 - danh muc cong .pdf,GATE_MASTER_2026-10-02,False
PL3-0458,Cống Cả Tiêu,,,,,UNKNOWN,False,Giữ trống tọa độ để tránh tạo điểm giả; cần GIS kỹ thuật/khảo sát hoặc nguồn công bố trực tiếp.,PL3_2025_DongThap_old,4. PL3 - danh muc cong .pdf,GATE_MASTER_2026-10-02,False
PL3-0459,Cống Láng Cát (khu 2),,,,,UNKNOWN,False,Giữ trống tọa độ để tránh tạo điểm giả; cần GIS kỹ thuật/khảo sát hoặc nguồn công bố trực tiếp.,PL3_2025_DongThap_old,4. PL3 - danh muc cong .pdf,GATE_MASTER_2026-10-02,False
PL3-0460,Cống nội đồng Phạm Hùm (khu 3),,,,,UNKNOWN,False,Giữ trống tọa độ để tránh tạo điểm giả; cần GIS kỹ thuật/khảo sát hoặc nguồn công bố trực tiếp.,PL3_2025_DongThap_old,4. PL3 - danh muc cong .pdf,GATE_MASTER_2026-10-02,False
PL3-0461,Cống nội đồng Tư An (khu 3),,,,,UNKNOWN,False,Giữ trống tọa độ để tránh tạo điểm giả; cần GIS kỹ thuật/khảo sát hoặc nguồn công bố trực tiếp.,PL3_2025_DongThap_old,4. PL3 - danh muc cong .pdf,GATE_MASTER_2026-10-02,False
PL3-0462,Cống nội đồng ông Bích (khu I),,,,,UNKNOWN,False,Giữ trống tọa độ để tránh tạo điểm giả; cần GIS kỹ thuật/khảo sát hoặc nguồn công bố trực tiếp.,PL3_2025_DongThap_old,4. PL3 - danh muc cong .pdf,GATE_MASTER_2026-10-02,False
PL3-0463,Cống nội đồng ông On (khu I),10.855887011,105.354508425,,,OFFICIAL,True,Khớp tên và địa bàn Tân Hội giữa PL3 và bảng tọa độ kỹ thuật ESIA.,PL3_2025_DongThap_old,4. PL3 - danh muc cong .pdf,GATE_MASTER_2026-10-02,True
PL3-0464,Cống nội đồng ông Đậm (khu I),,,,,UNKNOWN,False,Giữ trống tọa độ để tránh tạo điểm giả; cần GIS kỹ thuật/khảo sát hoặc nguồn công bố trực tiếp.,PL3_2025_DongThap_old,4. PL3 - danh muc cong .pdf,GATE_MASTER_2026-10-02,False
PL3-0465,Cống nội đồng ông Kiên (khu I),,,,,UNKNOWN,False,Giữ trống tọa độ để tránh tạo điểm giả; cần GIS kỹ thuật/khảo sát hoặc nguồn công bố trực tiếp.,PL3_2025_DongThap_old,4. PL3 - danh muc cong .pdf,GATE_MASTER_2026-10-02,False
PL3-0466,Cống nội đồng ông Hoàng (khu I),,,,,UNKNOWN,False,Giữ trống tọa độ để tránh tạo điểm giả; cần GIS kỹ thuật/khảo sát hoặc nguồn công bố trực tiếp.,PL3_2025_DongThap_old,4. PL3 - danh muc cong .pdf,GATE_MASTER_2026-10-02,False
PL3-0467,Cống nội đồng Bào Chứa (khu 9),,,,,UNKNOWN,False,Giữ trống tọa độ để tránh tạo điểm giả; cần GIS kỹ thuật/khảo sát hoặc nguồn công bố trực tiếp.,PL3_2025_DongThap_old,4. PL3 - danh muc cong .pdf,GATE_MASTER_2026-10-02,False
PL3-0468,Cống nội đồng Cả Mát (khu 9),,,,,UNKNOWN,False,Giữ trống tọa độ để tránh tạo điểm giả; cần GIS kỹ thuật/khảo sát hoặc nguồn công bố trực tiếp.,PL3_2025_DongThap_old,4. PL3 - danh muc cong .pdf,GATE_MASTER_2026-10-02,False
PL3-0469,Cống nội đồng Cả Rô (khu 8),,,,,UNKNOWN,False,Giữ trống tọa độ để tránh tạo điểm giả; cần GIS kỹ thuật/khảo sát hoặc nguồn công bố trực tiếp.,PL3_2025_DongThap_old,4. PL3 - danh muc cong .pdf,GATE_MASTER_2026-10-02,False
PL3-0470,Cống nội đồng Bé Lựu Đạn (khu 1),,,,,UNKNOWN,False,Giữ trống tọa độ để tránh tạo điểm giả; cần GIS kỹ thuật/khảo sát hoặc nguồn công bố trực tiếp.,PL3_2025_DongThap_old,4. PL3 - danh muc cong .pdf,GATE_MASTER_2026-10-02,False
PL3-0471,Cống nội đồng Xả Phèn (khu 4),,,,,UNKNOWN,False,Giữ trống tọa độ để tránh tạo điểm giả; cần GIS kỹ thuật/khảo sát hoặc nguồn công bố trực tiếp.,PL3_2025_DongThap_old,4. PL3 - danh muc cong .pdf,GATE_MASTER_2026-10-02,False
PL3-0472,"Cống tạo nguồn điểm đất ông Xếp, ông Lìn kết hợp vận chuyển nội đồng (khu 1)",,,,,UNKNOWN,False,Giữ trống tọa độ để tránh tạo điểm giả; cần GIS kỹ thuật/khảo sát hoặc nguồn công bố trực tiếp.,PL3_2025_DongThap_old,4. PL3 - danh muc cong .pdf,GATE_MASTER_2026-10-02,False
PL3-0473,Cống tạo nguồn đường nước ông Thả (khu 5),,,,,UNKNOWN,False,Giữ trống tọa độ để tránh tạo điểm giả; cần GIS kỹ thuật/khảo sát hoặc nguồn công bố trực tiếp.,PL3_2025_DongThap_old,4. PL3 - danh muc cong .pdf,GATE_MASTER_2026-10-02,False
PL3-0474,Cống hở đầu kênh Tư Tạo (Sông Tiền),,,,,UNKNOWN,False,Giữ trống tọa độ để tránh tạo điểm giả; cần GIS kỹ thuật/khảo sát hoặc nguồn công bố trực tiếp.,PL3_2025_DongThap_old,4. PL3 - danh muc cong .pdf,GATE_MASTER_2026-10-02,False
PL3-0475,Cống hở hậu kênh Tư Tạo (Mã Trường),,,,,UNKNOWN,False,Giữ trống tọa độ để tránh tạo điểm giả; cần GIS kỹ thuật/khảo sát hoặc nguồn công bố trực tiếp.,PL3_2025_DongThap_old,4. PL3 - danh muc cong .pdf,GATE_MASTER_2026-10-02,False
PL3-0476,Cống hở đầu TDC sạt lở Tân Bình,,,,,UNKNOWN,False,Giữ trống tọa độ để tránh tạo điểm giả; cần GIS kỹ thuật/khảo sát hoặc nguồn công bố trực tiếp.,PL3_2025_DongThap_old,4. PL3 - danh muc cong .pdf,GATE_MASTER_2026-10-02,False
PL3-0477,Cống Tân Quới,,,,,UNKNOWN,False,Giữ trống tọa độ để tránh tạo điểm giả; cần GIS kỹ thuật/khảo sát hoặc nguồn công bố trực tiếp.,PL3_2025_DongThap_old,4. PL3 - danh muc cong .pdf,GATE_MASTER_2026-10-02,False
PL3-0478,Cống hở cầu dây Rạch Mã Trường,,,,,UNKNOWN,False,Giữ trống tọa độ để tránh tạo điểm giả; cần GIS kỹ thuật/khảo sát hoặc nguồn công bố trực tiếp.,PL3_2025_DongThap_old,4. PL3 - danh muc cong .pdf,GATE_MASTER_2026-10-02,False
PL3-0479,Cống ranh TD +TB.Thượng (Hai Vấn),,,,,UNKNOWN,False,Giữ trống tọa độ để tránh tạo điểm giả; cần GIS kỹ thuật/khảo sát hoặc nguồn công bố trực tiếp.,PL3_2025_DongThap_old,4. PL3 - danh muc cong .pdf,GATE_MASTER_2026-10-02,False
PL3-0480,Cống hở Lồng Hồ Kênh UBND xã,,,,,UNKNOWN,False,Giữ trống tọa độ để tránh tạo điểm giả; cần GIS kỹ thuật/khảo sát hoặc nguồn công bố trực tiếp.,PL3_2025_DongThap_old,4. PL3 - danh muc cong .pdf,GATE_MASTER_2026-10-02,False
PL3-0481,Cống Mương Chín Cứng,,,,,UNKNOWN,False,Giữ trống tọa độ để tránh tạo điểm giả; cần GIS kỹ thuật/khảo sát hoặc nguồn công bố trực tiếp.,PL3_2025_DongThap_old,4. PL3 - danh muc cong .pdf,GATE_MASTER_2026-10-02,False
PL3-0482,Cống bến Siêu (Tân Hưng),,,,,UNKNOWN,False,Giữ trống tọa độ để tránh tạo điểm giả; cần GIS kỹ thuật/khảo sát hoặc nguồn công bố trực tiếp.,PL3_2025_DongThap_old,4. PL3 - danh muc cong .pdf,GATE_MASTER_2026-10-02,False
PL3-0483,Cống Mã Trường (Mương Khai),,,,,UNKNOWN,False,Giữ trống tọa độ để tránh tạo điểm giả; cần GIS kỹ thuật/khảo sát hoặc nguồn công bố trực tiếp.,PL3_2025_DongThap_old,4. PL3 - danh muc cong .pdf,GATE_MASTER_2026-10-02,False
PL3-0484,Cống mương Chùa,,,,,UNKNOWN,False,Giữ trống tọa độ để tránh tạo điểm giả; cần GIS kỹ thuật/khảo sát hoặc nguồn công bố trực tiếp.,PL3_2025_DongThap_old,4. PL3 - danh muc cong .pdf,GATE_MASTER_2026-10-02,False
PL3-0485,Cống Lộ Mới,,,,,UNKNOWN,False,Giữ trống tọa độ để tránh tạo điểm giả; cần GIS kỹ thuật/khảo sát hoặc nguồn công bố trực tiếp.,PL3_2025_DongThap_old,4. PL3 - danh muc cong .pdf,GATE_MASTER_2026-10-02,False
PL3-0486,Cống Voi Lửa,,,,,UNKNOWN,False,Giữ trống tọa độ để tránh tạo điểm giả; cần GIS kỹ thuật/khảo sát hoặc nguồn công bố trực tiếp.,PL3_2025_DongThap_old,4. PL3 - danh muc cong .pdf,GATE_MASTER_2026-10-02,False
PL3-0487,Cống hở kênh Huyện Hy,,,,,UNKNOWN,False,Giữ trống tọa độ để tránh tạo điểm giả; cần GIS kỹ thuật/khảo sát hoặc nguồn công bố trực tiếp.,PL3_2025_DongThap_old,4. PL3 - danh muc cong .pdf,GATE_MASTER_2026-10-02,False
PL3-0488,Cống hở Bùng Binh (Ba Răn),,,,,UNKNOWN,False,Giữ trống tọa độ để tránh tạo điểm giả; cần GIS kỹ thuật/khảo sát hoặc nguồn công bố trực tiếp.,PL3_2025_DongThap_old,4. PL3 - danh muc cong .pdf,GATE_MASTER_2026-10-02,False
PL3-0489,Cống hở Ông Ngộ,,,,,UNKNOWN,False,Giữ trống tọa độ để tránh tạo điểm giả; cần GIS kỹ thuật/khảo sát hoặc nguồn công bố trực tiếp.,PL3_2025_DongThap_old,4. PL3 - danh muc cong .pdf,GATE_MASTER_2026-10-02,False
PL3-0490,Cống hở Cả Sặc,,,,,UNKNOWN,False,Giữ trống tọa độ để tránh tạo điểm giả; cần GIS kỹ thuật/khảo sát hoặc nguồn công bố trực tiếp.,PL3_2025_DongThap_old,4. PL3 - danh muc cong .pdf,GATE_MASTER_2026-10-02,False
PL3-0491,Cống hở Cầu Đình,,,,,UNKNOWN,False,Giữ trống tọa độ để tránh tạo điểm giả; cần GIS kỹ thuật/khảo sát hoặc nguồn công bố trực tiếp.,PL3_2025_DongThap_old,4. PL3 - danh muc cong .pdf,GATE_MASTER_2026-10-02,False
PL3-0492,Cống hở Cả Lách (bờ nam 2/9),,,,,UNKNOWN,False,Giữ trống tọa độ để tránh tạo điểm giả; cần GIS kỹ thuật/khảo sát hoặc nguồn công bố trực tiếp.,PL3_2025_DongThap_old,4. PL3 - danh muc cong .pdf,GATE_MASTER_2026-10-02,False
PL3-0493,Cống hở Cả Nổ (bờ nam 2/9),,,,,UNKNOWN,False,Giữ trống tọa độ để tránh tạo điểm giả; cần GIS kỹ thuật/khảo sát hoặc nguồn công bố trực tiếp.,PL3_2025_DongThap_old,4. PL3 - danh muc cong .pdf,GATE_MASTER_2026-10-02,False
PL3-0494,Cống hở kênh Cả Lách (bờ bắc 2/9),,,,,UNKNOWN,False,Giữ trống tọa độ để tránh tạo điểm giả; cần GIS kỹ thuật/khảo sát hoặc nguồn công bố trực tiếp.,PL3_2025_DongThap_old,4. PL3 - danh muc cong .pdf,GATE_MASTER_2026-10-02,False
PL3-0495,Cống hở kênh Cả Cái (bờ bắc 2/9),,,,,UNKNOWN,False,Giữ trống tọa độ để tránh tạo điểm giả; cần GIS kỹ thuật/khảo sát hoặc nguồn công bố trực tiếp.,PL3_2025_DongThap_old,4. PL3 - danh muc cong .pdf,GATE_MASTER_2026-10-02,False
PL3-0496,Cống hở Xã Phèn,,,,,UNKNOWN,False,Giữ trống tọa độ để tránh tạo điểm giả; cần GIS kỹ thuật/khảo sát hoặc nguồn công bố trực tiếp.,PL3_2025_DongThap_old,4. PL3 - danh muc cong .pdf,GATE_MASTER_2026-10-02,False
PL3-0497,Cống hở Cả Trạch (Kháng Chiến),,,,,UNKNOWN,False,Giữ trống tọa độ để tránh tạo điểm giả; cần GIS kỹ thuật/khảo sát hoặc nguồn công bố trực tiếp.,PL3_2025_DongThap_old,4. PL3 - danh muc cong .pdf,GATE_MASTER_2026-10-02,False
PL3-0498,Cống hở Cả Phòng (Kháng Chiến),,,,,UNKNOWN,False,Giữ trống tọa độ để tránh tạo điểm giả; cần GIS kỹ thuật/khảo sát hoặc nguồn công bố trực tiếp.,PL3_2025_DongThap_old,4. PL3 - danh muc cong .pdf,GATE_MASTER_2026-10-02,False
PL3-0499,Cống hở Cả Phòng (Cả Cường),,,,,UNKNOWN,False,Giữ trống tọa độ để tránh tạo điểm giả; cần GIS kỹ thuật/khảo sát hoặc nguồn công bố trực tiếp.,PL3_2025_DongThap_old,4. PL3 - danh muc cong .pdf,GATE_MASTER_2026-10-02,False
PL3-0500,Cống hở Mũi Tàu ( Giáp Bình Thành 4),,,,,UNKNOWN,False,Giữ trống tọa độ để tránh tạo điểm giả; cần GIS kỹ thuật/khảo sát hoặc nguồn công bố trực tiếp.,PL3_2025_DongThap_old,4. PL3 - danh muc cong .pdf,GATE_MASTER_2026-10-02,False
PL3-0501,Cống hở Bà Sữu ( Giáp Phú Cường),,,,,UNKNOWN,False,Giữ trống tọa độ để tránh tạo điểm giả; cần GIS kỹ thuật/khảo sát hoặc nguồn công bố trực tiếp.,PL3_2025_DongThap_old,4. PL3 - danh muc cong .pdf,GATE_MASTER_2026-10-02,False
PL3-0502,Cống hở Hai Giàu (bờ bao Tư Tao),,,,,UNKNOWN,False,Giữ trống tọa độ để tránh tạo điểm giả; cần GIS kỹ thuật/khảo sát hoặc nguồn công bố trực tiếp.,PL3_2025_DongThap_old,4. PL3 - danh muc cong .pdf,GATE_MASTER_2026-10-02,False
PL3-0503,Cống Cả Sậy,,,,,UNKNOWN,False,Giữ trống tọa độ để tránh tạo điểm giả; cần GIS kỹ thuật/khảo sát hoặc nguồn công bố trực tiếp.,PL3_2025_DongThap_old,4. PL3 - danh muc cong .pdf,GATE_MASTER_2026-10-02,False
PL3-0504,Cống Ấp Hạ 1 (Nhà Huỳnh),,,,,UNKNOWN,False,Giữ trống tọa độ để tránh tạo điểm giả; cần GIS kỹ thuật/khảo sát hoặc nguồn công bố trực tiếp.,PL3_2025_DongThap_old,4. PL3 - danh muc cong .pdf,GATE_MASTER_2026-10-02,False
PL3-0505,Cống Ấp Hạ 2 (Mã Cổ),,,,,UNKNOWN,False,Giữ trống tọa độ để tránh tạo điểm giả; cần GIS kỹ thuật/khảo sát hoặc nguồn công bố trực tiếp.,PL3_2025_DongThap_old,4. PL3 - danh muc cong .pdf,GATE_MASTER_2026-10-02,False
PL3-0506,Cống Ấp Hạ 4 (10 Gom),,,,,UNKNOWN,False,Giữ trống tọa độ để tránh tạo điểm giả; cần GIS kỹ thuật/khảo sát hoặc nguồn công bố trực tiếp.,PL3_2025_DongThap_old,4. PL3 - danh muc cong .pdf,GATE_MASTER_2026-10-02,False
PL3-0507,Cống Ấp Hạ 3 (Quán sinh thái),,,,,UNKNOWN,False,Giữ trống tọa độ để tránh tạo điểm giả; cần GIS kỹ thuật/khảo sát hoặc nguồn công bố trực tiếp.,PL3_2025_DongThap_old,4. PL3 - danh muc cong .pdf,GATE_MASTER_2026-10-02,False
PL3-0508,Cống Ấp Hạ 5 (Hai Giàu),,,,,UNKNOWN,False,Giữ trống tọa độ để tránh tạo điểm giả; cần GIS kỹ thuật/khảo sát hoặc nguồn công bố trực tiếp.,PL3_2025_DongThap_old,4. PL3 - danh muc cong .pdf,GATE_MASTER_2026-10-02,False
PL3-0509,Cống Ấp Hạ 6 (Ngọn cả môn),,,,,UNKNOWN,False,Giữ trống tọa độ để tránh tạo điểm giả; cần GIS kỹ thuật/khảo sát hoặc nguồn công bố trực tiếp.,PL3_2025_DongThap_old,4. PL3 - danh muc cong .pdf,GATE_MASTER_2026-10-02,False
PL3-0510,Cống Ấp Hạ 7 (Nhà An),,,,,UNKNOWN,False,Giữ trống tọa độ để tránh tạo điểm giả; cần GIS kỹ thuật/khảo sát hoặc nguồn công bố trực tiếp.,PL3_2025_DongThap_old,4. PL3 - danh muc cong .pdf,GATE_MASTER_2026-10-02,False
PL3-0511,Cống Tân Phú A 1 (8 Nhẫn),,,,,UNKNOWN,False,Giữ trống tọa độ để tránh tạo điểm giả; cần GIS kỹ thuật/khảo sát hoặc nguồn công bố trực tiếp.,PL3_2025_DongThap_old,4. PL3 - danh muc cong .pdf,GATE_MASTER_2026-10-02,False
PL3-0512,Cống Tân Phú A 2 (Chùa Phật nổi),,,,,UNKNOWN,False,Giữ trống tọa độ để tránh tạo điểm giả; cần GIS kỹ thuật/khảo sát hoặc nguồn công bố trực tiếp.,PL3_2025_DongThap_old,4. PL3 - danh muc cong .pdf,GATE_MASTER_2026-10-02,False
PL3-0513,Cống Tân Phú A 3 (10 Rem),,,,,UNKNOWN,False,Giữ trống tọa độ để tránh tạo điểm giả; cần GIS kỹ thuật/khảo sát hoặc nguồn công bố trực tiếp.,PL3_2025_DongThap_old,4. PL3 - danh muc cong .pdf,GATE_MASTER_2026-10-02,False
PL3-0514,Cống Tân Phú A 4 (8 Quận),,,,,UNKNOWN,False,Giữ trống tọa độ để tránh tạo điểm giả; cần GIS kỹ thuật/khảo sát hoặc nguồn công bố trực tiếp.,PL3_2025_DongThap_old,4. PL3 - danh muc cong .pdf,GATE_MASTER_2026-10-02,False
PL3-0515,Cống Tân Phú A 5 (5 Gẫm),,,,,UNKNOWN,False,Giữ trống tọa độ để tránh tạo điểm giả; cần GIS kỹ thuật/khảo sát hoặc nguồn công bố trực tiếp.,PL3_2025_DongThap_old,4. PL3 - danh muc cong .pdf,GATE_MASTER_2026-10-02,False
PL3-0516,Cống Tân Phú A 6 (Thầy Cai),,,,,UNKNOWN,False,Giữ trống tọa độ để tránh tạo điểm giả; cần GIS kỹ thuật/khảo sát hoặc nguồn công bố trực tiếp.,PL3_2025_DongThap_old,4. PL3 - danh muc cong .pdf,GATE_MASTER_2026-10-02,False
PL3-0517,Cống Tân Phú A 7 (Mã Cổ),,,,,UNKNOWN,False,Giữ trống tọa độ để tránh tạo điểm giả; cần GIS kỹ thuật/khảo sát hoặc nguồn công bố trực tiếp.,PL3_2025_DongThap_old,4. PL3 - danh muc cong .pdf,GATE_MASTER_2026-10-02,False
PL3-0518,Cống Tân Phú A 8 (Chùa Tân Bửu),,,,,UNKNOWN,False,Giữ trống tọa độ để tránh tạo điểm giả; cần GIS kỹ thuật/khảo sát hoặc nguồn công bố trực tiếp.,PL3_2025_DongThap_old,4. PL3 - danh muc cong .pdf,GATE_MASTER_2026-10-02,False
PL3-0519,Cống Tân Phú A 9 (3 Thường),,,,,UNKNOWN,False,Giữ trống tọa độ để tránh tạo điểm giả; cần GIS kỹ thuật/khảo sát hoặc nguồn công bố trực tiếp.,PL3_2025_DongThap_old,4. PL3 - danh muc cong .pdf,GATE_MASTER_2026-10-02,False
PL3-0520,Coáng Ngọn cả Dong (TPB1),,,,,UNKNOWN,False,Giữ trống tọa độ để tránh tạo điểm giả; cần GIS kỹ thuật/khảo sát hoặc nguồn công bố trực tiếp.,PL3_2025_DongThap_old,4. PL3 - danh muc cong .pdf,GATE_MASTER_2026-10-02,False
PL3-0521,Coáng Nhà chú Lượm (TP B2),,,,,UNKNOWN,False,Giữ trống tọa độ để tránh tạo điểm giả; cần GIS kỹ thuật/khảo sát hoặc nguồn công bố trực tiếp.,PL3_2025_DongThap_old,4. PL3 - danh muc cong .pdf,GATE_MASTER_2026-10-02,False
PL3-0522,Coáng Tư Thịt (TPB),,,,,UNKNOWN,False,Giữ trống tọa độ để tránh tạo điểm giả; cần GIS kỹ thuật/khảo sát hoặc nguồn công bố trực tiếp.,PL3_2025_DongThap_old,4. PL3 - danh muc cong .pdf,GATE_MASTER_2026-10-02,False
PL3-0523,Coáng HTX NN (TP B3),,,,,UNKNOWN,False,Giữ trống tọa độ để tránh tạo điểm giả; cần GIS kỹ thuật/khảo sát hoặc nguồn công bố trực tiếp.,PL3_2025_DongThap_old,4. PL3 - danh muc cong .pdf,GATE_MASTER_2026-10-02,False
PL3-0524,Coáng nhà 2 Tiều (TP B4),,,,,UNKNOWN,False,Giữ trống tọa độ để tránh tạo điểm giả; cần GIS kỹ thuật/khảo sát hoặc nguồn công bố trực tiếp.,PL3_2025_DongThap_old,4. PL3 - danh muc cong .pdf,GATE_MASTER_2026-10-02,False
PL3-0525,Coáng nhà Tư Luôn (TP B5),,,,,UNKNOWN,False,Giữ trống tọa độ để tránh tạo điểm giả; cần GIS kỹ thuật/khảo sát hoặc nguồn công bố trực tiếp.,PL3_2025_DongThap_old,4. PL3 - danh muc cong .pdf,GATE_MASTER_2026-10-02,False
PL3-0526,Cống ấp Tân Hội 1 (Bảy Ảnh),,,,,UNKNOWN,False,Giữ trống tọa độ để tránh tạo điểm giả; cần GIS kỹ thuật/khảo sát hoặc nguồn công bố trực tiếp.,PL3_2025_DongThap_old,4. PL3 - danh muc cong .pdf,GATE_MASTER_2026-10-02,False
PL3-0527,Cống ấp Tân Hội 2 (Cột lồng đèn),,,,,UNKNOWN,False,Giữ trống tọa độ để tránh tạo điểm giả; cần GIS kỹ thuật/khảo sát hoặc nguồn công bố trực tiếp.,PL3_2025_DongThap_old,4. PL3 - danh muc cong .pdf,GATE_MASTER_2026-10-02,False
PL3-0528,Cống ngầm Năm Khâm (5 Thòn),,,,,UNKNOWN,False,Giữ trống tọa độ để tránh tạo điểm giả; cần GIS kỹ thuật/khảo sát hoặc nguồn công bố trực tiếp.,PL3_2025_DongThap_old,4. PL3 - danh muc cong .pdf,GATE_MASTER_2026-10-02,False
PL3-0529,Cống ấp Hạ (5 Long),,,,,UNKNOWN,False,Giữ trống tọa độ để tránh tạo điểm giả; cần GIS kỹ thuật/khảo sát hoặc nguồn công bố trực tiếp.,PL3_2025_DongThap_old,4. PL3 - danh muc cong .pdf,GATE_MASTER_2026-10-02,False
PL3-0530,Cống Mương Thầy Cai. TDCSL,,,,,UNKNOWN,False,Giữ trống tọa độ để tránh tạo điểm giả; cần GIS kỹ thuật/khảo sát hoặc nguồn công bố trực tiếp.,PL3_2025_DongThap_old,4. PL3 - danh muc cong .pdf,GATE_MASTER_2026-10-02,False
PL3-0531,Cống Mã Cỗ. TDCSL,,,,,UNKNOWN,False,Giữ trống tọa độ để tránh tạo điểm giả; cần GIS kỹ thuật/khảo sát hoặc nguồn công bố trực tiếp.,PL3_2025_DongThap_old,4. PL3 - danh muc cong .pdf,GATE_MASTER_2026-10-02,False
PL3-0532,Cống Trường học nhà Tám Năng (Tân Hội),,,,,UNKNOWN,False,Giữ trống tọa độ để tránh tạo điểm giả; cần GIS kỹ thuật/khảo sát hoặc nguồn công bố trực tiếp.,PL3_2025_DongThap_old,4. PL3 - danh muc cong .pdf,GATE_MASTER_2026-10-02,False
PL3-0533,Cống kênh Năm Độ,,,,,UNKNOWN,False,Giữ trống tọa độ để tránh tạo điểm giả; cần GIS kỹ thuật/khảo sát hoặc nguồn công bố trực tiếp.,PL3_2025_DongThap_old,4. PL3 - danh muc cong .pdf,GATE_MASTER_2026-10-02,False
PL3-0534,Cống kênh Út Hiểu,,,,,UNKNOWN,False,Giữ trống tọa độ để tránh tạo điểm giả; cần GIS kỹ thuật/khảo sát hoặc nguồn công bố trực tiếp.,PL3_2025_DongThap_old,4. PL3 - danh muc cong .pdf,GATE_MASTER_2026-10-02,False
PL3-0535,Cống kênh Năm Nghiệp,,,,,UNKNOWN,False,Giữ trống tọa độ để tránh tạo điểm giả; cần GIS kỹ thuật/khảo sát hoặc nguồn công bố trực tiếp.,PL3_2025_DongThap_old,4. PL3 - danh muc cong .pdf,GATE_MASTER_2026-10-02,False
PL3-0536,Cống kênh Ông Cha,,,,,UNKNOWN,False,Giữ trống tọa độ để tránh tạo điểm giả; cần GIS kỹ thuật/khảo sát hoặc nguồn công bố trực tiếp.,PL3_2025_DongThap_old,4. PL3 - danh muc cong .pdf,GATE_MASTER_2026-10-02,False
PL3-0537,Cống kênh Cườm Gạo,,,,,UNKNOWN,False,Giữ trống tọa độ để tránh tạo điểm giả; cần GIS kỹ thuật/khảo sát hoặc nguồn công bố trực tiếp.,PL3_2025_DongThap_old,4. PL3 - danh muc cong .pdf,GATE_MASTER_2026-10-02,False
PL3-0538,Cống ngọn Cả Gừa,,,,,UNKNOWN,False,Giữ trống tọa độ để tránh tạo điểm giả; cần GIS kỹ thuật/khảo sát hoặc nguồn công bố trực tiếp.,PL3_2025_DongThap_old,4. PL3 - danh muc cong .pdf,GATE_MASTER_2026-10-02,False
PL3-0539,Coáng ranh TQ-TB,,,,,UNKNOWN,False,Giữ trống tọa độ để tránh tạo điểm giả; cần GIS kỹ thuật/khảo sát hoặc nguồn công bố trực tiếp.,PL3_2025_DongThap_old,4. PL3 - danh muc cong .pdf,GATE_MASTER_2026-10-02,False
PL3-0540,Cống Út Thiệp,,,,,UNKNOWN,False,Giữ trống tọa độ để tránh tạo điểm giả; cần GIS kỹ thuật/khảo sát hoặc nguồn công bố trực tiếp.,PL3_2025_DongThap_old,4. PL3 - danh muc cong .pdf,GATE_MASTER_2026-10-02,False
PL3-0541,Cống thầy Ngần,,,,,UNKNOWN,False,Giữ trống tọa độ để tránh tạo điểm giả; cần GIS kỹ thuật/khảo sát hoặc nguồn công bố trực tiếp.,PL3_2025_DongThap_old,4. PL3 - danh muc cong .pdf,GATE_MASTER_2026-10-02,False
PL3-0542,Cống rọc đìa cát,,,,,UNKNOWN,False,Giữ trống tọa độ để tránh tạo điểm giả; cần GIS kỹ thuật/khảo sát hoặc nguồn công bố trực tiếp.,PL3_2025_DongThap_old,4. PL3 - danh muc cong .pdf,GATE_MASTER_2026-10-02,False
PL3-0543,Cống ông Phong,,,,,UNKNOWN,False,Giữ trống tọa độ để tránh tạo điểm giả; cần GIS kỹ thuật/khảo sát hoặc nguồn công bố trực tiếp.,PL3_2025_DongThap_old,4. PL3 - danh muc cong .pdf,GATE_MASTER_2026-10-02,False
PL3-0544,Cống ông Tú,,,,,UNKNOWN,False,Giữ trống tọa độ để tránh tạo điểm giả; cần GIS kỹ thuật/khảo sát hoặc nguồn công bố trực tiếp.,PL3_2025_DongThap_old,4. PL3 - danh muc cong .pdf,GATE_MASTER_2026-10-02,False
PL3-0545,Cống ông Lợi (lão Bọc),,,,,UNKNOWN,False,Giữ trống tọa độ để tránh tạo điểm giả; cần GIS kỹ thuật/khảo sát hoặc nguồn công bố trực tiếp.,PL3_2025_DongThap_old,4. PL3 - danh muc cong .pdf,GATE_MASTER_2026-10-02,False
PL3-0546,Cống Út Trân,,,,,UNKNOWN,False,Giữ trống tọa độ để tránh tạo điểm giả; cần GIS kỹ thuật/khảo sát hoặc nguồn công bố trực tiếp.,PL3_2025_DongThap_old,4. PL3 - danh muc cong .pdf,GATE_MASTER_2026-10-02,False
PL3-0547,Cống Hai Hà,,,,,UNKNOWN,False,Giữ trống tọa độ để tránh tạo điểm giả; cần GIS kỹ thuật/khảo sát hoặc nguồn công bố trực tiếp.,PL3_2025_DongThap_old,4. PL3 - danh muc cong .pdf,GATE_MASTER_2026-10-02,False
PL3-0548,Cống ngầm Út Ét,,,,,UNKNOWN,False,Giữ trống tọa độ để tránh tạo điểm giả; cần GIS kỹ thuật/khảo sát hoặc nguồn công bố trực tiếp.,PL3_2025_DongThap_old,4. PL3 - danh muc cong .pdf,GATE_MASTER_2026-10-02,False
PL3-0549,Cống Ông Phương,,,,,UNKNOWN,False,Giữ trống tọa độ để tránh tạo điểm giả; cần GIS kỹ thuật/khảo sát hoặc nguồn công bố trực tiếp.,PL3_2025_DongThap_old,4. PL3 - danh muc cong .pdf,GATE_MASTER_2026-10-02,False
PL3-0550,Cống Ông Chạy,,,,,UNKNOWN,False,Giữ trống tọa độ để tránh tạo điểm giả; cần GIS kỹ thuật/khảo sát hoặc nguồn công bố trực tiếp.,PL3_2025_DongThap_old,4. PL3 - danh muc cong .pdf,GATE_MASTER_2026-10-02,False
PL3-0551,Cống Cầu Dây,,,,,UNKNOWN,False,Giữ trống tọa độ để tránh tạo điểm giả; cần GIS kỹ thuật/khảo sát hoặc nguồn công bố trực tiếp.,PL3_2025_DongThap_old,4. PL3 - danh muc cong .pdf,GATE_MASTER_2026-10-02,False
PL3-0552,Cống Ông Nho,,,,,UNKNOWN,False,Giữ trống tọa độ để tránh tạo điểm giả; cần GIS kỹ thuật/khảo sát hoặc nguồn công bố trực tiếp.,PL3_2025_DongThap_old,4. PL3 - danh muc cong .pdf,GATE_MASTER_2026-10-02,False
PL3-0553,Cống Trảng Ruộng,,,,,UNKNOWN,False,Giữ trống tọa độ để tránh tạo điểm giả; cần GIS kỹ thuật/khảo sát hoặc nguồn công bố trực tiếp.,PL3_2025_DongThap_old,4. PL3 - danh muc cong .pdf,GATE_MASTER_2026-10-02,False
PL3-0554,Cống Trảng Ruộng,,,,,UNKNOWN,False,Giữ trống tọa độ để tránh tạo điểm giả; cần GIS kỹ thuật/khảo sát hoặc nguồn công bố trực tiếp.,PL3_2025_DongThap_old,4. PL3 - danh muc cong .pdf,GATE_MASTER_2026-10-02,False
PL3-0555,Cống Út Ỏi,,,,,UNKNOWN,False,Giữ trống tọa độ để tránh tạo điểm giả; cần GIS kỹ thuật/khảo sát hoặc nguồn công bố trực tiếp.,PL3_2025_DongThap_old,4. PL3 - danh muc cong .pdf,GATE_MASTER_2026-10-02,False
PL3-0556,Cống Ông Thành,,,,,UNKNOWN,False,Giữ trống tọa độ để tránh tạo điểm giả; cần GIS kỹ thuật/khảo sát hoặc nguồn công bố trực tiếp.,PL3_2025_DongThap_old,4. PL3 - danh muc cong .pdf,GATE_MASTER_2026-10-02,False
PL3-0557,Cống Hố Ông,,,,,UNKNOWN,False,Giữ trống tọa độ để tránh tạo điểm giả; cần GIS kỹ thuật/khảo sát hoặc nguồn công bố trực tiếp.,PL3_2025_DongThap_old,4. PL3 - danh muc cong .pdf,GATE_MASTER_2026-10-02,False
PL3-0558,Cống Hố Bún,,,,,UNKNOWN,False,Giữ trống tọa độ để tránh tạo điểm giả; cần GIS kỹ thuật/khảo sát hoặc nguồn công bố trực tiếp.,PL3_2025_DongThap_old,4. PL3 - danh muc cong .pdf,GATE_MASTER_2026-10-02,False
PL3-0559,Cống Ba Tây,,,,,UNKNOWN,False,Giữ trống tọa độ để tránh tạo điểm giả; cần GIS kỹ thuật/khảo sát hoặc nguồn công bố trực tiếp.,PL3_2025_DongThap_old,4. PL3 - danh muc cong .pdf,GATE_MASTER_2026-10-02,False
PL3-0560,Cống 2 Nghiêm,,,,,UNKNOWN,False,Giữ trống tọa độ để tránh tạo điểm giả; cần GIS kỹ thuật/khảo sát hoặc nguồn công bố trực tiếp.,PL3_2025_DongThap_old,4. PL3 - danh muc cong .pdf,GATE_MASTER_2026-10-02,False
PL3-0561,Cống Ủy Ban,,,,,UNKNOWN,False,Giữ trống tọa độ để tránh tạo điểm giả; cần GIS kỹ thuật/khảo sát hoặc nguồn công bố trực tiếp.,PL3_2025_DongThap_old,4. PL3 - danh muc cong .pdf,GATE_MASTER_2026-10-02,False
PL3-0562,Cống Lồng Hồ Tân Thới 1,,,,,UNKNOWN,False,Giữ trống tọa độ để tránh tạo điểm giả; cần GIS kỹ thuật/khảo sát hoặc nguồn công bố trực tiếp.,PL3_2025_DongThap_old,4. PL3 - danh muc cong .pdf,GATE_MASTER_2026-10-02,False
PL3-0563,Cống Lồng Hồ Tân Thới 2,,,,,UNKNOWN,False,Giữ trống tọa độ để tránh tạo điểm giả; cần GIS kỹ thuật/khảo sát hoặc nguồn công bố trực tiếp.,PL3_2025_DongThap_old,4. PL3 - danh muc cong .pdf,GATE_MASTER_2026-10-02,False
PL3-0564,Cống ranh Tân Hoà - Tân Huề (Bến Siêu),,,,,UNKNOWN,False,Giữ trống tọa độ để tránh tạo điểm giả; cần GIS kỹ thuật/khảo sát hoặc nguồn công bố trực tiếp.,PL3_2025_DongThap_old,4. PL3 - danh muc cong .pdf,GATE_MASTER_2026-10-02,False
PL3-0565,Cống Mương 6 Trác,,,,,UNKNOWN,False,Giữ trống tọa độ để tránh tạo điểm giả; cần GIS kỹ thuật/khảo sát hoặc nguồn công bố trực tiếp.,PL3_2025_DongThap_old,4. PL3 - danh muc cong .pdf,GATE_MASTER_2026-10-02,False
PL3-0566,Cống Hố Nổ,,,,,UNKNOWN,False,Giữ trống tọa độ để tránh tạo điểm giả; cần GIS kỹ thuật/khảo sát hoặc nguồn công bố trực tiếp.,PL3_2025_DongThap_old,4. PL3 - danh muc cong .pdf,GATE_MASTER_2026-10-02,False
PL3-0567,Cống Bảy Thả,,,,,UNKNOWN,False,Giữ trống tọa độ để tránh tạo điểm giả; cần GIS kỹ thuật/khảo sát hoặc nguồn công bố trực tiếp.,PL3_2025_DongThap_old,4. PL3 - danh muc cong .pdf,GATE_MASTER_2026-10-02,False
PL3-0568,Cống mương ông Tịch,,,,,UNKNOWN,False,Giữ trống tọa độ để tránh tạo điểm giả; cần GIS kỹ thuật/khảo sát hoặc nguồn công bố trực tiếp.,PL3_2025_DongThap_old,4. PL3 - danh muc cong .pdf,GATE_MASTER_2026-10-02,False
PL3-0569,Cống 7 Nê,,,,,UNKNOWN,False,Giữ trống tọa độ để tránh tạo điểm giả; cần GIS kỹ thuật/khảo sát hoặc nguồn công bố trực tiếp.,PL3_2025_DongThap_old,4. PL3 - danh muc cong .pdf,GATE_MASTER_2026-10-02,False
PL3-0570,Cống 3 Đặng,,,,,UNKNOWN,False,Giữ trống tọa độ để tránh tạo điểm giả; cần GIS kỹ thuật/khảo sát hoặc nguồn công bố trực tiếp.,PL3_2025_DongThap_old,4. PL3 - danh muc cong .pdf,GATE_MASTER_2026-10-02,False
PL3-0571,Cống 7 Quẹo trong (Rạch mã Trường),,,,,UNKNOWN,False,Giữ trống tọa độ để tránh tạo điểm giả; cần GIS kỹ thuật/khảo sát hoặc nguồn công bố trực tiếp.,PL3_2025_DongThap_old,4. PL3 - danh muc cong .pdf,GATE_MASTER_2026-10-02,False
PL3-0572,Cống 7 Quẹo ngoài,,,,,UNKNOWN,False,Giữ trống tọa độ để tránh tạo điểm giả; cần GIS kỹ thuật/khảo sát hoặc nguồn công bố trực tiếp.,PL3_2025_DongThap_old,4. PL3 - danh muc cong .pdf,GATE_MASTER_2026-10-02,False
PL3-0573,Cống hố nổ (trên),,,,,UNKNOWN,False,Giữ trống tọa độ để tránh tạo điểm giả; cần GIS kỹ thuật/khảo sát hoặc nguồn công bố trực tiếp.,PL3_2025_DongThap_old,4. PL3 - danh muc cong .pdf,GATE_MASTER_2026-10-02,False
PL3-0574,Cống (nhà bà Thuý),,,,,UNKNOWN,False,Giữ trống tọa độ để tránh tạo điểm giả; cần GIS kỹ thuật/khảo sát hoặc nguồn công bố trực tiếp.,PL3_2025_DongThap_old,4. PL3 - danh muc cong .pdf,GATE_MASTER_2026-10-02,False
PL3-0575,Cống (nhà ông Thoại),,,,,UNKNOWN,False,Giữ trống tọa độ để tránh tạo điểm giả; cần GIS kỹ thuật/khảo sát hoặc nguồn công bố trực tiếp.,PL3_2025_DongThap_old,4. PL3 - danh muc cong .pdf,GATE_MASTER_2026-10-02,False
PL3-0576,Cống Hố Mênh,,,,,UNKNOWN,False,Giữ trống tọa độ để tránh tạo điểm giả; cần GIS kỹ thuật/khảo sát hoặc nguồn công bố trực tiếp.,PL3_2025_DongThap_old,4. PL3 - danh muc cong .pdf,GATE_MASTER_2026-10-02,False
PL3-0577,Cống Ba Dinh,,,,,UNKNOWN,False,Giữ trống tọa độ để tránh tạo điểm giả; cần GIS kỹ thuật/khảo sát hoặc nguồn công bố trực tiếp.,PL3_2025_DongThap_old,4. PL3 - danh muc cong .pdf,GATE_MASTER_2026-10-02,False
PL3-0578,Cống Mương Út Quýnh,,,,,UNKNOWN,False,Giữ trống tọa độ để tránh tạo điểm giả; cần GIS kỹ thuật/khảo sát hoặc nguồn công bố trực tiếp.,PL3_2025_DongThap_old,4. PL3 - danh muc cong .pdf,GATE_MASTER_2026-10-02,False
PL3-0579,Cống 6 Lượng,,,,,UNKNOWN,False,Giữ trống tọa độ để tránh tạo điểm giả; cần GIS kỹ thuật/khảo sát hoặc nguồn công bố trực tiếp.,PL3_2025_DongThap_old,4. PL3 - danh muc cong .pdf,GATE_MASTER_2026-10-02,False
PL3-0580,Cống Rạch Thổ Công,,,,,UNKNOWN,False,Giữ trống tọa độ để tránh tạo điểm giả; cần GIS kỹ thuật/khảo sát hoặc nguồn công bố trực tiếp.,PL3_2025_DongThap_old,4. PL3 - danh muc cong .pdf,GATE_MASTER_2026-10-02,False
PL3-0581,Cống Nhà Giảng (Tân Phong),,,,,UNKNOWN,False,Giữ trống tọa độ để tránh tạo điểm giả; cần GIS kỹ thuật/khảo sát hoặc nguồn công bố trực tiếp.,PL3_2025_DongThap_old,4. PL3 - danh muc cong .pdf,GATE_MASTER_2026-10-02,False
PL3-0582,Cống Nhà Giảng ( nhà ông Tân),,,,,UNKNOWN,False,Giữ trống tọa độ để tránh tạo điểm giả; cần GIS kỹ thuật/khảo sát hoặc nguồn công bố trực tiếp.,PL3_2025_DongThap_old,4. PL3 - danh muc cong .pdf,GATE_MASTER_2026-10-02,False
PL3-0583,Cống Đìa tre,,,,,UNKNOWN,False,Giữ trống tọa độ để tránh tạo điểm giả; cần GIS kỹ thuật/khảo sát hoặc nguồn công bố trực tiếp.,PL3_2025_DongThap_old,4. PL3 - danh muc cong .pdf,GATE_MASTER_2026-10-02,False
PL3-0584,Cống Bà 5 Chốn,,,,,UNKNOWN,False,Giữ trống tọa độ để tránh tạo điểm giả; cần GIS kỹ thuật/khảo sát hoặc nguồn công bố trực tiếp.,PL3_2025_DongThap_old,4. PL3 - danh muc cong .pdf,GATE_MASTER_2026-10-02,False
PL3-0585,Cống kênh Tập Đoàn,,,,,UNKNOWN,False,Giữ trống tọa độ để tránh tạo điểm giả; cần GIS kỹ thuật/khảo sát hoặc nguồn công bố trực tiếp.,PL3_2025_DongThap_old,4. PL3 - danh muc cong .pdf,GATE_MASTER_2026-10-02,False
PL3-0586,Cống Phống Mể (Út Minh),,,,,UNKNOWN,False,Giữ trống tọa độ để tránh tạo điểm giả; cần GIS kỹ thuật/khảo sát hoặc nguồn công bố trực tiếp.,PL3_2025_DongThap_old,4. PL3 - danh muc cong .pdf,GATE_MASTER_2026-10-02,False
PL3-0587,Cống Đòn Dong (Tư Phủ),,,,,UNKNOWN,False,Giữ trống tọa độ để tránh tạo điểm giả; cần GIS kỹ thuật/khảo sát hoặc nguồn công bố trực tiếp.,PL3_2025_DongThap_old,4. PL3 - danh muc cong .pdf,GATE_MASTER_2026-10-02,False
PL3-0588,Cống ngầm Doi Lửa (Út Beo),,,,,UNKNOWN,False,Giữ trống tọa độ để tránh tạo điểm giả; cần GIS kỹ thuật/khảo sát hoặc nguồn công bố trực tiếp.,PL3_2025_DongThap_old,4. PL3 - danh muc cong .pdf,GATE_MASTER_2026-10-02,False
PL3-0589,Cống Bà Cai,,,,,UNKNOWN,False,Giữ trống tọa độ để tránh tạo điểm giả; cần GIS kỹ thuật/khảo sát hoặc nguồn công bố trực tiếp.,PL3_2025_DongThap_old,4. PL3 - danh muc cong .pdf,GATE_MASTER_2026-10-02,False
PL3-0590,Cống ngầm Bà xã Vĩ,,,,,UNKNOWN,False,Giữ trống tọa độ để tránh tạo điểm giả; cần GIS kỹ thuật/khảo sát hoặc nguồn công bố trực tiếp.,PL3_2025_DongThap_old,4. PL3 - danh muc cong .pdf,GATE_MASTER_2026-10-02,False
PL3-0591,Cống ngầm Lộ Mới,,,,,UNKNOWN,False,Giữ trống tọa độ để tránh tạo điểm giả; cần GIS kỹ thuật/khảo sát hoặc nguồn công bố trực tiếp.,PL3_2025_DongThap_old,4. PL3 - danh muc cong .pdf,GATE_MASTER_2026-10-02,False
PL3-0592,Cống ngầm Cả Cát (Doi Me),,,,,UNKNOWN,False,Giữ trống tọa độ để tránh tạo điểm giả; cần GIS kỹ thuật/khảo sát hoặc nguồn công bố trực tiếp.,PL3_2025_DongThap_old,4. PL3 - danh muc cong .pdf,GATE_MASTER_2026-10-02,False
PL3-0593,Cống ngầm Út On,,,,,UNKNOWN,False,Giữ trống tọa độ để tránh tạo điểm giả; cần GIS kỹ thuật/khảo sát hoặc nguồn công bố trực tiếp.,PL3_2025_DongThap_old,4. PL3 - danh muc cong .pdf,GATE_MASTER_2026-10-02,False
PL3-0594,Cống ngầm Bòn Hòn,,,,,UNKNOWN,False,Giữ trống tọa độ để tránh tạo điểm giả; cần GIS kỹ thuật/khảo sát hoặc nguồn công bố trực tiếp.,PL3_2025_DongThap_old,4. PL3 - danh muc cong .pdf,GATE_MASTER_2026-10-02,False
PL3-0595,Cống ngầm Sáu Mịnh,,,,,UNKNOWN,False,Giữ trống tọa độ để tránh tạo điểm giả; cần GIS kỹ thuật/khảo sát hoặc nguồn công bố trực tiếp.,PL3_2025_DongThap_old,4. PL3 - danh muc cong .pdf,GATE_MASTER_2026-10-02,False
PL3-0596,Cống ngầm 7 Khét,,,,,UNKNOWN,False,Giữ trống tọa độ để tránh tạo điểm giả; cần GIS kỹ thuật/khảo sát hoặc nguồn công bố trực tiếp.,PL3_2025_DongThap_old,4. PL3 - danh muc cong .pdf,GATE_MASTER_2026-10-02,False
PL3-0597,Cống đường nước Trường Xuân,,,,,UNKNOWN,False,Giữ trống tọa độ để tránh tạo điểm giả; cần GIS kỹ thuật/khảo sát hoặc nguồn công bố trực tiếp.,PL3_2025_DongThap_old,4. PL3 - danh muc cong .pdf,GATE_MASTER_2026-10-02,False
PL3-0598,Cống ngầm Bùng Bình,,,,,UNKNOWN,False,Giữ trống tọa độ để tránh tạo điểm giả; cần GIS kỹ thuật/khảo sát hoặc nguồn công bố trực tiếp.,PL3_2025_DongThap_old,4. PL3 - danh muc cong .pdf,GATE_MASTER_2026-10-02,False
PL3-0599,Cống ngầm mương Tư Thương,,,,,UNKNOWN,False,Giữ trống tọa độ để tránh tạo điểm giả; cần GIS kỹ thuật/khảo sát hoặc nguồn công bố trực tiếp.,PL3_2025_DongThap_old,4. PL3 - danh muc cong .pdf,GATE_MASTER_2026-10-02,False
PL3-0600,Cống ngâm Tư Đém,,,,,UNKNOWN,False,Giữ trống tọa độ để tránh tạo điểm giả; cần GIS kỹ thuật/khảo sát hoặc nguồn công bố trực tiếp.,PL3_2025_DongThap_old,4. PL3 - danh muc cong .pdf,GATE_MASTER_2026-10-02,False
PL3-0601,Cống ngầm Tư Bá,,,,,UNKNOWN,False,Giữ trống tọa độ để tránh tạo điểm giả; cần GIS kỹ thuật/khảo sát hoặc nguồn công bố trực tiếp.,PL3_2025_DongThap_old,4. PL3 - danh muc cong .pdf,GATE_MASTER_2026-10-02,False
PL3-0602,Cống ngầm Chín Ngành,,,,,UNKNOWN,False,Giữ trống tọa độ để tránh tạo điểm giả; cần GIS kỹ thuật/khảo sát hoặc nguồn công bố trực tiếp.,PL3_2025_DongThap_old,4. PL3 - danh muc cong .pdf,GATE_MASTER_2026-10-02,False
PL3-0603,Cống ngầm Mươn Tư Trên,,,,,UNKNOWN,False,Giữ trống tọa độ để tránh tạo điểm giả; cần GIS kỹ thuật/khảo sát hoặc nguồn công bố trực tiếp.,PL3_2025_DongThap_old,4. PL3 - danh muc cong .pdf,GATE_MASTER_2026-10-02,False
PL3-0604,Cống ngầm Út Ân,,,,,UNKNOWN,False,Giữ trống tọa độ để tránh tạo điểm giả; cần GIS kỹ thuật/khảo sát hoặc nguồn công bố trực tiếp.,PL3_2025_DongThap_old,4. PL3 - danh muc cong .pdf,GATE_MASTER_2026-10-02,False
PL3-0605,Cống ngầm Đìa Bướm,,,,,UNKNOWN,False,Giữ trống tọa độ để tránh tạo điểm giả; cần GIS kỹ thuật/khảo sát hoặc nguồn công bố trực tiếp.,PL3_2025_DongThap_old,4. PL3 - danh muc cong .pdf,GATE_MASTER_2026-10-02,False
PL3-0606,Cống ông Đẹp,,,,,UNKNOWN,False,Giữ trống tọa độ để tránh tạo điểm giả; cần GIS kỹ thuật/khảo sát hoặc nguồn công bố trực tiếp.,PL3_2025_DongThap_old,4. PL3 - danh muc cong .pdf,GATE_MASTER_2026-10-02,False
PL3-0607,Cống 7 Đoán,,,,,UNKNOWN,False,Giữ trống tọa độ để tránh tạo điểm giả; cần GIS kỹ thuật/khảo sát hoặc nguồn công bố trực tiếp.,PL3_2025_DongThap_old,4. PL3 - danh muc cong .pdf,GATE_MASTER_2026-10-02,False
PL3-0608,Cống Út Chí,,,,,UNKNOWN,False,Giữ trống tọa độ để tránh tạo điểm giả; cần GIS kỹ thuật/khảo sát hoặc nguồn công bố trực tiếp.,PL3_2025_DongThap_old,4. PL3 - danh muc cong .pdf,GATE_MASTER_2026-10-02,False
PL3-0609,Cống Hào Khoa (ba Răn),,,,,UNKNOWN,False,Giữ trống tọa độ để tránh tạo điểm giả; cần GIS kỹ thuật/khảo sát hoặc nguồn công bố trực tiếp.,PL3_2025_DongThap_old,4. PL3 - danh muc cong .pdf,GATE_MASTER_2026-10-02,False
PL3-0610,Cống Mười Chắc,,,,,UNKNOWN,False,Giữ trống tọa độ để tránh tạo điểm giả; cần GIS kỹ thuật/khảo sát hoặc nguồn công bố trực tiếp.,PL3_2025_DongThap_old,4. PL3 - danh muc cong .pdf,GATE_MASTER_2026-10-02,False
PL3-0611,Cống Hào Khoa (kênh 2/9),,,,,UNKNOWN,False,Giữ trống tọa độ để tránh tạo điểm giả; cần GIS kỹ thuật/khảo sát hoặc nguồn công bố trực tiếp.,PL3_2025_DongThap_old,4. PL3 - danh muc cong .pdf,GATE_MASTER_2026-10-02,False
PL3-0612,Cống ngầm Trà Bông Đại,,,,,UNKNOWN,False,Giữ trống tọa độ để tránh tạo điểm giả; cần GIS kỹ thuật/khảo sát hoặc nguồn công bố trực tiếp.,PL3_2025_DongThap_old,4. PL3 - danh muc cong .pdf,GATE_MASTER_2026-10-02,False
PL3-0613,Cống ngầm Trà Bông Tiểu,,,,,UNKNOWN,False,Giữ trống tọa độ để tránh tạo điểm giả; cần GIS kỹ thuật/khảo sát hoặc nguồn công bố trực tiếp.,PL3_2025_DongThap_old,4. PL3 - danh muc cong .pdf,GATE_MASTER_2026-10-02,False
PL3-0614,Cống ngọn Cả Mây,,,,,UNKNOWN,False,Giữ trống tọa độ để tránh tạo điểm giả; cần GIS kỹ thuật/khảo sát hoặc nguồn công bố trực tiếp.,PL3_2025_DongThap_old,4. PL3 - danh muc cong .pdf,GATE_MASTER_2026-10-02,False
PL3-0615,Cống ngầm đất ông Lĩnh,,,,,UNKNOWN,False,Giữ trống tọa độ để tránh tạo điểm giả; cần GIS kỹ thuật/khảo sát hoặc nguồn công bố trực tiếp.,PL3_2025_DongThap_old,4. PL3 - danh muc cong .pdf,GATE_MASTER_2026-10-02,False
PL3-0616,Cống ngầm đất Út Chinh,,,,,UNKNOWN,False,Giữ trống tọa độ để tránh tạo điểm giả; cần GIS kỹ thuật/khảo sát hoặc nguồn công bố trực tiếp.,PL3_2025_DongThap_old,4. PL3 - danh muc cong .pdf,GATE_MASTER_2026-10-02,False
PL3-0617,Cống ngầm đất Ông Triển,,,,,UNKNOWN,False,Giữ trống tọa độ để tránh tạo điểm giả; cần GIS kỹ thuật/khảo sát hoặc nguồn công bố trực tiếp.,PL3_2025_DongThap_old,4. PL3 - danh muc cong .pdf,GATE_MASTER_2026-10-02,False
PL3-0618,Cống ngầm đất Ông Na,,,,,UNKNOWN,False,Giữ trống tọa độ để tránh tạo điểm giả; cần GIS kỹ thuật/khảo sát hoặc nguồn công bố trực tiếp.,PL3_2025_DongThap_old,4. PL3 - danh muc cong .pdf,GATE_MASTER_2026-10-02,False
PL3-0619,Cống ngầm đất Hai Già,,,,,UNKNOWN,False,Giữ trống tọa độ để tránh tạo điểm giả; cần GIS kỹ thuật/khảo sát hoặc nguồn công bố trực tiếp.,PL3_2025_DongThap_old,4. PL3 - danh muc cong .pdf,GATE_MASTER_2026-10-02,False
PL3-0620,Cống ngầm đất ông Năm Ngó,,,,,UNKNOWN,False,Giữ trống tọa độ để tránh tạo điểm giả; cần GIS kỹ thuật/khảo sát hoặc nguồn công bố trực tiếp.,PL3_2025_DongThap_old,4. PL3 - danh muc cong .pdf,GATE_MASTER_2026-10-02,False
PL3-0621,Cống ngầm ngọn Tàn Ong,,,,,UNKNOWN,False,Giữ trống tọa độ để tránh tạo điểm giả; cần GIS kỹ thuật/khảo sát hoặc nguồn công bố trực tiếp.,PL3_2025_DongThap_old,4. PL3 - danh muc cong .pdf,GATE_MASTER_2026-10-02,False
PL3-0622,Cống ngầm Ông Suông,,,,,UNKNOWN,False,Giữ trống tọa độ để tránh tạo điểm giả; cần GIS kỹ thuật/khảo sát hoặc nguồn công bố trực tiếp.,PL3_2025_DongThap_old,4. PL3 - danh muc cong .pdf,GATE_MASTER_2026-10-02,False
PL3-0623,Cống ngầm Ông Hào,,,,,UNKNOWN,False,Giữ trống tọa độ để tránh tạo điểm giả; cần GIS kỹ thuật/khảo sát hoặc nguồn công bố trực tiếp.,PL3_2025_DongThap_old,4. PL3 - danh muc cong .pdf,GATE_MASTER_2026-10-02,False
PL3-0624,Cống ngầm Ông Mười Mần,,,,,UNKNOWN,False,Giữ trống tọa độ để tránh tạo điểm giả; cần GIS kỹ thuật/khảo sát hoặc nguồn công bố trực tiếp.,PL3_2025_DongThap_old,4. PL3 - danh muc cong .pdf,GATE_MASTER_2026-10-02,False
PL3-0625,Cống ngầm Ông Bảy Kiệt,,,,,UNKNOWN,False,Giữ trống tọa độ để tránh tạo điểm giả; cần GIS kỹ thuật/khảo sát hoặc nguồn công bố trực tiếp.,PL3_2025_DongThap_old,4. PL3 - danh muc cong .pdf,GATE_MASTER_2026-10-02,False
PL3-0626,Cống ngầm Bào Voi,,,,,UNKNOWN,False,Giữ trống tọa độ để tránh tạo điểm giả; cần GIS kỹ thuật/khảo sát hoặc nguồn công bố trực tiếp.,PL3_2025_DongThap_old,4. PL3 - danh muc cong .pdf,GATE_MASTER_2026-10-02,False
PL3-0627,Cống Ông Phương,,,,,UNKNOWN,False,Giữ trống tọa độ để tránh tạo điểm giả; cần GIS kỹ thuật/khảo sát hoặc nguồn công bố trực tiếp.,PL3_2025_DongThap_old,4. PL3 - danh muc cong .pdf,GATE_MASTER_2026-10-02,False
PL3-0628,Cống Ông Phường,,,,,UNKNOWN,False,Giữ trống tọa độ để tránh tạo điểm giả; cần GIS kỹ thuật/khảo sát hoặc nguồn công bố trực tiếp.,PL3_2025_DongThap_old,4. PL3 - danh muc cong .pdf,GATE_MASTER_2026-10-02,False
PL3-0629,Cống Bảy Ca,,,,,UNKNOWN,False,Giữ trống tọa độ để tránh tạo điểm giả; cần GIS kỹ thuật/khảo sát hoặc nguồn công bố trực tiếp.,PL3_2025_DongThap_old,4. PL3 - danh muc cong .pdf,GATE_MASTER_2026-10-02,False
PL3-0630,Cống Mười Chậm,,,,,UNKNOWN,False,Giữ trống tọa độ để tránh tạo điểm giả; cần GIS kỹ thuật/khảo sát hoặc nguồn công bố trực tiếp.,PL3_2025_DongThap_old,4. PL3 - danh muc cong .pdf,GATE_MASTER_2026-10-02,False
PL3-0631,Cống Tư Hội,,,,,UNKNOWN,False,Giữ trống tọa độ để tránh tạo điểm giả; cần GIS kỹ thuật/khảo sát hoặc nguồn công bố trực tiếp.,PL3_2025_DongThap_old,4. PL3 - danh muc cong .pdf,GATE_MASTER_2026-10-02,False
PL3-0632,Cống trại giống An Phong,,,,,UNKNOWN,False,Giữ trống tọa độ để tránh tạo điểm giả; cần GIS kỹ thuật/khảo sát hoặc nguồn công bố trực tiếp.,PL3_2025_DongThap_old,4. PL3 - danh muc cong .pdf,GATE_MASTER_2026-10-02,False
PL3-0633,Cống Tám Đợi,,,,,UNKNOWN,False,Giữ trống tọa độ để tránh tạo điểm giả; cần GIS kỹ thuật/khảo sát hoặc nguồn công bố trực tiếp.,PL3_2025_DongThap_old,4. PL3 - danh muc cong .pdf,GATE_MASTER_2026-10-02,False
PL3-0634,Cống Hai Ghe,,,,,UNKNOWN,False,Giữ trống tọa độ để tránh tạo điểm giả; cần GIS kỹ thuật/khảo sát hoặc nguồn công bố trực tiếp.,PL3_2025_DongThap_old,4. PL3 - danh muc cong .pdf,GATE_MASTER_2026-10-02,False
PL3-0635,Cống Ông Khồi,,,,,UNKNOWN,False,Giữ trống tọa độ để tránh tạo điểm giả; cần GIS kỹ thuật/khảo sát hoặc nguồn công bố trực tiếp.,PL3_2025_DongThap_old,4. PL3 - danh muc cong .pdf,GATE_MASTER_2026-10-02,False
PL3-0636,Cống Bùng Binh,,,,,UNKNOWN,False,Giữ trống tọa độ để tránh tạo điểm giả; cần GIS kỹ thuật/khảo sát hoặc nguồn công bố trực tiếp.,PL3_2025_DongThap_old,4. PL3 - danh muc cong .pdf,GATE_MASTER_2026-10-02,False
PL3-0637,Cống ngọn Cả Mây (ấp tư),,,,,UNKNOWN,False,Giữ trống tọa độ để tránh tạo điểm giả; cần GIS kỹ thuật/khảo sát hoặc nguồn công bố trực tiếp.,PL3_2025_DongThap_old,4. PL3 - danh muc cong .pdf,GATE_MASTER_2026-10-02,False
PL3-0638,Cống ông Sal,,,,,UNKNOWN,False,Giữ trống tọa độ để tránh tạo điểm giả; cần GIS kỹ thuật/khảo sát hoặc nguồn công bố trực tiếp.,PL3_2025_DongThap_old,4. PL3 - danh muc cong .pdf,GATE_MASTER_2026-10-02,False
PL3-0639,Cống 2 Mức,,,,,UNKNOWN,False,Giữ trống tọa độ để tránh tạo điểm giả; cần GIS kỹ thuật/khảo sát hoặc nguồn công bố trực tiếp.,PL3_2025_DongThap_old,4. PL3 - danh muc cong .pdf,GATE_MASTER_2026-10-02,False
PL3-0640,Cống Bé Hà,,,,,UNKNOWN,False,Giữ trống tọa độ để tránh tạo điểm giả; cần GIS kỹ thuật/khảo sát hoặc nguồn công bố trực tiếp.,PL3_2025_DongThap_old,4. PL3 - danh muc cong .pdf,GATE_MASTER_2026-10-02,False
PL3-0641,Cống Ông Đông,,,,,UNKNOWN,False,Giữ trống tọa độ để tránh tạo điểm giả; cần GIS kỹ thuật/khảo sát hoặc nguồn công bố trực tiếp.,PL3_2025_DongThap_old,4. PL3 - danh muc cong .pdf,GATE_MASTER_2026-10-02,False
PL3-0642,Cống Ông Lễ,,,,,UNKNOWN,False,Giữ trống tọa độ để tránh tạo điểm giả; cần GIS kỹ thuật/khảo sát hoặc nguồn công bố trực tiếp.,PL3_2025_DongThap_old,4. PL3 - danh muc cong .pdf,GATE_MASTER_2026-10-02,False
PL3-0643,Cống Ông Hữu,,,,,UNKNOWN,False,Giữ trống tọa độ để tránh tạo điểm giả; cần GIS kỹ thuật/khảo sát hoặc nguồn công bố trực tiếp.,PL3_2025_DongThap_old,4. PL3 - danh muc cong .pdf,GATE_MASTER_2026-10-02,False
PL3-0644,Cống kênh Lớn,,,,,UNKNOWN,False,Giữ trống tọa độ để tránh tạo điểm giả; cần GIS kỹ thuật/khảo sát hoặc nguồn công bố trực tiếp.,PL3_2025_DongThap_old,4. PL3 - danh muc cong .pdf,GATE_MASTER_2026-10-02,False
PL3-0645,THT Số 1 ấp Tây dưới (Ông Đạo),,,,,UNKNOWN,False,Giữ trống tọa độ để tránh tạo điểm giả; cần GIS kỹ thuật/khảo sát hoặc nguồn công bố trực tiếp.,PL3_2025_DongThap_old,4. PL3 - danh muc cong .pdf,GATE_MASTER_2026-10-02,False
PL3-0646,THT Số 1 ấp Tây trên (mương đồn 1),,,,,UNKNOWN,False,Giữ trống tọa độ để tránh tạo điểm giả; cần GIS kỹ thuật/khảo sát hoặc nguồn công bố trực tiếp.,PL3_2025_DongThap_old,4. PL3 - danh muc cong .pdf,GATE_MASTER_2026-10-02,False
PL3-0647,THT Số 3 (Bà Quyến),,,,,UNKNOWN,False,Giữ trống tọa độ để tránh tạo điểm giả; cần GIS kỹ thuật/khảo sát hoặc nguồn công bố trực tiếp.,PL3_2025_DongThap_old,4. PL3 - danh muc cong .pdf,GATE_MASTER_2026-10-02,False
PL3-0648,THT Số 4 (Sơn),,,,,UNKNOWN,False,Giữ trống tọa độ để tránh tạo điểm giả; cần GIS kỹ thuật/khảo sát hoặc nguồn công bố trực tiếp.,PL3_2025_DongThap_old,4. PL3 - danh muc cong .pdf,GATE_MASTER_2026-10-02,False
PL3-0649,Cống ô.Tây,,,,,UNKNOWN,False,Giữ trống tọa độ để tránh tạo điểm giả; cần GIS kỹ thuật/khảo sát hoặc nguồn công bố trực tiếp.,PL3_2025_DongThap_old,4. PL3 - danh muc cong .pdf,GATE_MASTER_2026-10-02,False
PL3-0650,Cống Bà năm Ấm,,,,,UNKNOWN,False,Giữ trống tọa độ để tránh tạo điểm giả; cần GIS kỹ thuật/khảo sát hoặc nguồn công bố trực tiếp.,PL3_2025_DongThap_old,4. PL3 - danh muc cong .pdf,GATE_MASTER_2026-10-02,False
PL3-0651,Cống Xẻo Da,,,,,UNKNOWN,False,Giữ trống tọa độ để tránh tạo điểm giả; cần GIS kỹ thuật/khảo sát hoặc nguồn công bố trực tiếp.,PL3_2025_DongThap_old,4. PL3 - danh muc cong .pdf,GATE_MASTER_2026-10-02,False
PL3-0652,Cống Ông Lổ,,,,,UNKNOWN,False,Giữ trống tọa độ để tránh tạo điểm giả; cần GIS kỹ thuật/khảo sát hoặc nguồn công bố trực tiếp.,PL3_2025_DongThap_old,4. PL3 - danh muc cong .pdf,GATE_MASTER_2026-10-02,False
PL3-0653,Cống Ông Bơn,,,,,UNKNOWN,False,Giữ trống tọa độ để tránh tạo điểm giả; cần GIS kỹ thuật/khảo sát hoặc nguồn công bố trực tiếp.,PL3_2025_DongThap_old,4. PL3 - danh muc cong .pdf,GATE_MASTER_2026-10-02,False
PL3-0654,Cống Ông Hải,,,,,UNKNOWN,False,Giữ trống tọa độ để tránh tạo điểm giả; cần GIS kỹ thuật/khảo sát hoặc nguồn công bố trực tiếp.,PL3_2025_DongThap_old,4. PL3 - danh muc cong .pdf,GATE_MASTER_2026-10-02,False
PL3-0655,Cống Ông Trường,,,,,UNKNOWN,False,Giữ trống tọa độ để tránh tạo điểm giả; cần GIS kỹ thuật/khảo sát hoặc nguồn công bố trực tiếp.,PL3_2025_DongThap_old,4. PL3 - danh muc cong .pdf,GATE_MASTER_2026-10-02,False
PL3-0656,Cống Ông Phạn,,,,,UNKNOWN,False,Giữ trống tọa độ để tránh tạo điểm giả; cần GIS kỹ thuật/khảo sát hoặc nguồn công bố trực tiếp.,PL3_2025_DongThap_old,4. PL3 - danh muc cong .pdf,GATE_MASTER_2026-10-02,False
PL3-0657,Cống Ông Tình,,,,,UNKNOWN,False,Giữ trống tọa độ để tránh tạo điểm giả; cần GIS kỹ thuật/khảo sát hoặc nguồn công bố trực tiếp.,PL3_2025_DongThap_old,4. PL3 - danh muc cong .pdf,GATE_MASTER_2026-10-02,False
PL3-0658,Cống Cả Bùng,,,,,UNKNOWN,False,Giữ trống tọa độ để tránh tạo điểm giả; cần GIS kỹ thuật/khảo sát hoặc nguồn công bố trực tiếp.,PL3_2025_DongThap_old,4. PL3 - danh muc cong .pdf,GATE_MASTER_2026-10-02,False
PL3-0659,Cống Ông Cha,,,,,UNKNOWN,False,Giữ trống tọa độ để tránh tạo điểm giả; cần GIS kỹ thuật/khảo sát hoặc nguồn công bố trực tiếp.,PL3_2025_DongThap_old,4. PL3 - danh muc cong .pdf,GATE_MASTER_2026-10-02,False
PL3-0660,Cống Ông Dồ,,,,,UNKNOWN,False,Giữ trống tọa độ để tránh tạo điểm giả; cần GIS kỹ thuật/khảo sát hoặc nguồn công bố trực tiếp.,PL3_2025_DongThap_old,4. PL3 - danh muc cong .pdf,GATE_MASTER_2026-10-02,False
PL3-0661,Cống 9 Bỉ,,,,,UNKNOWN,False,Giữ trống tọa độ để tránh tạo điểm giả; cần GIS kỹ thuật/khảo sát hoặc nguồn công bố trực tiếp.,PL3_2025_DongThap_old,4. PL3 - danh muc cong .pdf,GATE_MASTER_2026-10-02,False
PL3-0662,Cống Bà cừ 1,,,,,UNKNOWN,False,Giữ trống tọa độ để tránh tạo điểm giả; cần GIS kỹ thuật/khảo sát hoặc nguồn công bố trực tiếp.,PL3_2025_DongThap_old,4. PL3 - danh muc cong .pdf,GATE_MASTER_2026-10-02,False
PL3-0663,Cống Xẻo Rồng,,,,,UNKNOWN,False,Giữ trống tọa độ để tránh tạo điểm giả; cần GIS kỹ thuật/khảo sát hoặc nguồn công bố trực tiếp.,PL3_2025_DongThap_old,4. PL3 - danh muc cong .pdf,GATE_MASTER_2026-10-02,False
PL3-0664,Cống Ông Rớt,,,,,UNKNOWN,False,Giữ trống tọa độ để tránh tạo điểm giả; cần GIS kỹ thuật/khảo sát hoặc nguồn công bố trực tiếp.,PL3_2025_DongThap_old,4. PL3 - danh muc cong .pdf,GATE_MASTER_2026-10-02,False
PL3-0665,Cống 9 Tiệm,,,,,UNKNOWN,False,Giữ trống tọa độ để tránh tạo điểm giả; cần GIS kỹ thuật/khảo sát hoặc nguồn công bố trực tiếp.,PL3_2025_DongThap_old,4. PL3 - danh muc cong .pdf,GATE_MASTER_2026-10-02,False
PL3-0666,Cống Ông Lễ,,,,,UNKNOWN,False,Giữ trống tọa độ để tránh tạo điểm giả; cần GIS kỹ thuật/khảo sát hoặc nguồn công bố trực tiếp.,PL3_2025_DongThap_old,4. PL3 - danh muc cong .pdf,GATE_MASTER_2026-10-02,False
PL3-0667,Cống Ông Xuân,,,,,UNKNOWN,False,Giữ trống tọa độ để tránh tạo điểm giả; cần GIS kỹ thuật/khảo sát hoặc nguồn công bố trực tiếp.,PL3_2025_DongThap_old,4. PL3 - danh muc cong .pdf,GATE_MASTER_2026-10-02,False
PL3-0668,Cống Ông Tân,,,,,UNKNOWN,False,Giữ trống tọa độ để tránh tạo điểm giả; cần GIS kỹ thuật/khảo sát hoặc nguồn công bố trực tiếp.,PL3_2025_DongThap_old,4. PL3 - danh muc cong .pdf,GATE_MASTER_2026-10-02,False
PL3-0669,Cống Ông Chiến,,,,,UNKNOWN,False,Giữ trống tọa độ để tránh tạo điểm giả; cần GIS kỹ thuật/khảo sát hoặc nguồn công bố trực tiếp.,PL3_2025_DongThap_old,4. PL3 - danh muc cong .pdf,GATE_MASTER_2026-10-02,False
PL3-0670,Cống Ông Tân,,,,,UNKNOWN,False,Giữ trống tọa độ để tránh tạo điểm giả; cần GIS kỹ thuật/khảo sát hoặc nguồn công bố trực tiếp.,PL3_2025_DongThap_old,4. PL3 - danh muc cong .pdf,GATE_MASTER_2026-10-02,False
PL3-0671,Cống 10 Mi,,,,,UNKNOWN,False,Giữ trống tọa độ để tránh tạo điểm giả; cần GIS kỹ thuật/khảo sát hoặc nguồn công bố trực tiếp.,PL3_2025_DongThap_old,4. PL3 - danh muc cong .pdf,GATE_MASTER_2026-10-02,False
PL3-0672,Cống 10 Tương,,,,,UNKNOWN,False,Giữ trống tọa độ để tránh tạo điểm giả; cần GIS kỹ thuật/khảo sát hoặc nguồn công bố trực tiếp.,PL3_2025_DongThap_old,4. PL3 - danh muc cong .pdf,GATE_MASTER_2026-10-02,False
PL3-0673,Cống Ông Khầu,,,,,UNKNOWN,False,Giữ trống tọa độ để tránh tạo điểm giả; cần GIS kỹ thuật/khảo sát hoặc nguồn công bố trực tiếp.,PL3_2025_DongThap_old,4. PL3 - danh muc cong .pdf,GATE_MASTER_2026-10-02,False
PL3-0674,Cống Bà Quyến,,,,,UNKNOWN,False,Giữ trống tọa độ để tránh tạo điểm giả; cần GIS kỹ thuật/khảo sát hoặc nguồn công bố trực tiếp.,PL3_2025_DongThap_old,4. PL3 - danh muc cong .pdf,GATE_MASTER_2026-10-02,False
PL3-0675,Cống Ông Liền,,,,,UNKNOWN,False,Giữ trống tọa độ để tránh tạo điểm giả; cần GIS kỹ thuật/khảo sát hoặc nguồn công bố trực tiếp.,PL3_2025_DongThap_old,4. PL3 - danh muc cong .pdf,GATE_MASTER_2026-10-02,False
PL3-0676,Cống Vịnh Chùa,,,,,UNKNOWN,False,Giữ trống tọa độ để tránh tạo điểm giả; cần GIS kỹ thuật/khảo sát hoặc nguồn công bố trực tiếp.,PL3_2025_DongThap_old,4. PL3 - danh muc cong .pdf,GATE_MASTER_2026-10-02,False
PL3-0677,Cống Bệnh Viện,,,,,UNKNOWN,False,Giữ trống tọa độ để tránh tạo điểm giả; cần GIS kỹ thuật/khảo sát hoặc nguồn công bố trực tiếp.,PL3_2025_DongThap_old,4. PL3 - danh muc cong .pdf,GATE_MASTER_2026-10-02,False
PL3-0678,Cống gần cầu Trà Bồng,,,,,UNKNOWN,False,Giữ trống tọa độ để tránh tạo điểm giả; cần GIS kỹ thuật/khảo sát hoặc nguồn công bố trực tiếp.,PL3_2025_DongThap_old,4. PL3 - danh muc cong .pdf,GATE_MASTER_2026-10-02,False
PL3-0679,Cống dưới cầu Trà Bồng,,,,,UNKNOWN,False,Giữ trống tọa độ để tránh tạo điểm giả; cần GIS kỹ thuật/khảo sát hoặc nguồn công bố trực tiếp.,PL3_2025_DongThap_old,4. PL3 - danh muc cong .pdf,GATE_MASTER_2026-10-02,False
PL3-0680,Cống trường TH Thị Trấn 2,,,,,UNKNOWN,False,Giữ trống tọa độ để tránh tạo điểm giả; cần GIS kỹ thuật/khảo sát hoặc nguồn công bố trực tiếp.,PL3_2025_DongThap_old,4. PL3 - danh muc cong .pdf,GATE_MASTER_2026-10-02,False
PL3-0681,Cống Phòng giáo dục cũ,,,,,UNKNOWN,False,Giữ trống tọa độ để tránh tạo điểm giả; cần GIS kỹ thuật/khảo sát hoặc nguồn công bố trực tiếp.,PL3_2025_DongThap_old,4. PL3 - danh muc cong .pdf,GATE_MASTER_2026-10-02,False
PL3-0682,Cống gần trại cá Thanh Nhã,,,,,UNKNOWN,False,Giữ trống tọa độ để tránh tạo điểm giả; cần GIS kỹ thuật/khảo sát hoặc nguồn công bố trực tiếp.,PL3_2025_DongThap_old,4. PL3 - danh muc cong .pdf,GATE_MASTER_2026-10-02,False
PL3-0683,Cống 6 vinh,,,,,UNKNOWN,False,Giữ trống tọa độ để tránh tạo điểm giả; cần GIS kỹ thuật/khảo sát hoặc nguồn công bố trực tiếp.,PL3_2025_DongThap_old,4. PL3 - danh muc cong .pdf,GATE_MASTER_2026-10-02,False
PL3-0684,Cống đường nước nổi,,,,,UNKNOWN,False,Giữ trống tọa độ để tránh tạo điểm giả; cần GIS kỹ thuật/khảo sát hoặc nguồn công bố trực tiếp.,PL3_2025_DongThap_old,4. PL3 - danh muc cong .pdf,GATE_MASTER_2026-10-02,False
PL3-0685,Cống kênh Lòng Hồ,,,,,UNKNOWN,False,Giữ trống tọa độ để tránh tạo điểm giả; cần GIS kỹ thuật/khảo sát hoặc nguồn công bố trực tiếp.,PL3_2025_DongThap_old,4. PL3 - danh muc cong .pdf,GATE_MASTER_2026-10-02,False
PL3-0686,Cống út Vinh,,,,,UNKNOWN,False,Giữ trống tọa độ để tránh tạo điểm giả; cần GIS kỹ thuật/khảo sát hoặc nguồn công bố trực tiếp.,PL3_2025_DongThap_old,4. PL3 - danh muc cong .pdf,GATE_MASTER_2026-10-02,False
PL3-0687,"Cống Xẻo Thị, Lắp",,,,,UNKNOWN,False,Giữ trống tọa độ để tránh tạo điểm giả; cần GIS kỹ thuật/khảo sát hoặc nguồn công bố trực tiếp.,PL3_2025_DongThap_old,4. PL3 - danh muc cong .pdf,GATE_MASTER_2026-10-02,False
PL3-0688,Cống Xẻo Quyến,,,,,UNKNOWN,False,Giữ trống tọa độ để tránh tạo điểm giả; cần GIS kỹ thuật/khảo sát hoặc nguồn công bố trực tiếp.,PL3_2025_DongThap_old,4. PL3 - danh muc cong .pdf,GATE_MASTER_2026-10-02,False
PL3-0689,Cống kênh 9 Lửa,,,,,UNKNOWN,False,Giữ trống tọa độ để tránh tạo điểm giả; cần GIS kỹ thuật/khảo sát hoặc nguồn công bố trực tiếp.,PL3_2025_DongThap_old,4. PL3 - danh muc cong .pdf,GATE_MASTER_2026-10-02,False
PL3-0690,Cống kênh ngân Hàng,,,,,UNKNOWN,False,Giữ trống tọa độ để tránh tạo điểm giả; cần GIS kỹ thuật/khảo sát hoặc nguồn công bố trực tiếp.,PL3_2025_DongThap_old,4. PL3 - danh muc cong .pdf,GATE_MASTER_2026-10-02,False
PL3-0691,Cống ngầm Trà Bông,,,,,UNKNOWN,False,Giữ trống tọa độ để tránh tạo điểm giả; cần GIS kỹ thuật/khảo sát hoặc nguồn công bố trực tiếp.,PL3_2025_DongThap_old,4. PL3 - danh muc cong .pdf,GATE_MASTER_2026-10-02,False
PL3-0692,Cống ngầm Mương Lớn dưới,,,,,UNKNOWN,False,Giữ trống tọa độ để tránh tạo điểm giả; cần GIS kỹ thuật/khảo sát hoặc nguồn công bố trực tiếp.,PL3_2025_DongThap_old,4. PL3 - danh muc cong .pdf,GATE_MASTER_2026-10-02,False
PL3-0693,Cống ngầm Mương Lớn trên,,,,,UNKNOWN,False,Giữ trống tọa độ để tránh tạo điểm giả; cần GIS kỹ thuật/khảo sát hoặc nguồn công bố trực tiếp.,PL3_2025_DongThap_old,4. PL3 - danh muc cong .pdf,GATE_MASTER_2026-10-02,False
PL3-0694,Đường nước Xuân Đức,,,,,UNKNOWN,False,Giữ trống tọa độ để tránh tạo điểm giả; cần GIS kỹ thuật/khảo sát hoặc nguồn công bố trực tiếp.,PL3_2025_DongThap_old,4. PL3 - danh muc cong .pdf,GATE_MASTER_2026-10-02,False
PL3-0695,Đường nước Nùng,,,,,UNKNOWN,False,Giữ trống tọa độ để tránh tạo điểm giả; cần GIS kỹ thuật/khảo sát hoặc nguồn công bố trực tiếp.,PL3_2025_DongThap_old,4. PL3 - danh muc cong .pdf,GATE_MASTER_2026-10-02,False
PL3-0696,Đường Nước Huỳnh,,,,,UNKNOWN,False,Giữ trống tọa độ để tránh tạo điểm giả; cần GIS kỹ thuật/khảo sát hoặc nguồn công bố trực tiếp.,PL3_2025_DongThap_old,4. PL3 - danh muc cong .pdf,GATE_MASTER_2026-10-02,False
PL3-0697,Đường nước Dũng 3 Lá,,,,,UNKNOWN,False,Giữ trống tọa độ để tránh tạo điểm giả; cần GIS kỹ thuật/khảo sát hoặc nguồn công bố trực tiếp.,PL3_2025_DongThap_old,4. PL3 - danh muc cong .pdf,GATE_MASTER_2026-10-02,False
PL3-0698,Cống Lung Dốc,,,,,UNKNOWN,False,Giữ trống tọa độ để tránh tạo điểm giả; cần GIS kỹ thuật/khảo sát hoặc nguồn công bố trực tiếp.,PL3_2025_DongThap_old,4. PL3 - danh muc cong .pdf,GATE_MASTER_2026-10-02,False
PL3-0699,Cống ngầm Mương 5 Ri,,,,,UNKNOWN,False,Giữ trống tọa độ để tránh tạo điểm giả; cần GIS kỹ thuật/khảo sát hoặc nguồn công bố trực tiếp.,PL3_2025_DongThap_old,4. PL3 - danh muc cong .pdf,GATE_MASTER_2026-10-02,False
PL3-0700,Cống mương lộ Cả Lách,,,,,UNKNOWN,False,Giữ trống tọa độ để tránh tạo điểm giả; cần GIS kỹ thuật/khảo sát hoặc nguồn công bố trực tiếp.,PL3_2025_DongThap_old,4. PL3 - danh muc cong .pdf,GATE_MASTER_2026-10-02,False
PL3-0701,Cống Tuyến Dân Cư,,,,,UNKNOWN,False,Giữ trống tọa độ để tránh tạo điểm giả; cần GIS kỹ thuật/khảo sát hoặc nguồn công bố trực tiếp.,PL3_2025_DongThap_old,4. PL3 - danh muc cong .pdf,GATE_MASTER_2026-10-02,False
PL3-0702,Cống kênh Cả Nổ,,,,,UNKNOWN,False,Giữ trống tọa độ để tránh tạo điểm giả; cần GIS kỹ thuật/khảo sát hoặc nguồn công bố trực tiếp.,PL3_2025_DongThap_old,4. PL3 - danh muc cong .pdf,GATE_MASTER_2026-10-02,False
PL3-0703,Cống ngầm chòm dâu,,,,,UNKNOWN,False,Giữ trống tọa độ để tránh tạo điểm giả; cần GIS kỹ thuật/khảo sát hoặc nguồn công bố trực tiếp.,PL3_2025_DongThap_old,4. PL3 - danh muc cong .pdf,GATE_MASTER_2026-10-02,False
PL3-0704,Cống ngầm huyện đội,,,,,UNKNOWN,False,Giữ trống tọa độ để tránh tạo điểm giả; cần GIS kỹ thuật/khảo sát hoặc nguồn công bố trực tiếp.,PL3_2025_DongThap_old,4. PL3 - danh muc cong .pdf,GATE_MASTER_2026-10-02,False
PL3-0705,Tuyến dân cư kênh ngang,,,,,UNKNOWN,False,Giữ trống tọa độ để tránh tạo điểm giả; cần GIS kỹ thuật/khảo sát hoặc nguồn công bố trực tiếp.,PL3_2025_DongThap_old,4. PL3 - danh muc cong .pdf,GATE_MASTER_2026-10-02,False
PL3-0706,Cống Mương lộ Trà Bông,,,,,UNKNOWN,False,Giữ trống tọa độ để tránh tạo điểm giả; cần GIS kỹ thuật/khảo sát hoặc nguồn công bố trực tiếp.,PL3_2025_DongThap_old,4. PL3 - danh muc cong .pdf,GATE_MASTER_2026-10-02,False
PL3-0707,Cống ngầm ông Diếu,,,,,UNKNOWN,False,Giữ trống tọa độ để tránh tạo điểm giả; cần GIS kỹ thuật/khảo sát hoặc nguồn công bố trực tiếp.,PL3_2025_DongThap_old,4. PL3 - danh muc cong .pdf,GATE_MASTER_2026-10-02,False
PL3-0708,Đường nước sáng Cuốc,,,,,UNKNOWN,False,Giữ trống tọa độ để tránh tạo điểm giả; cần GIS kỹ thuật/khảo sát hoặc nguồn công bố trực tiếp.,PL3_2025_DongThap_old,4. PL3 - danh muc cong .pdf,GATE_MASTER_2026-10-02,False
PL3-0709,Cống Ông Hành,,,,,UNKNOWN,False,Giữ trống tọa độ để tránh tạo điểm giả; cần GIS kỹ thuật/khảo sát hoặc nguồn công bố trực tiếp.,PL3_2025_DongThap_old,4. PL3 - danh muc cong .pdf,GATE_MASTER_2026-10-02,False
PL3-0710,Cống Bà Mười,,,,,UNKNOWN,False,Giữ trống tọa độ để tránh tạo điểm giả; cần GIS kỹ thuật/khảo sát hoặc nguồn công bố trực tiếp.,PL3_2025_DongThap_old,4. PL3 - danh muc cong .pdf,GATE_MASTER_2026-10-02,False
PL3-0711,Cống ngang TDC,,,,,UNKNOWN,False,Giữ trống tọa độ để tránh tạo điểm giả; cần GIS kỹ thuật/khảo sát hoặc nguồn công bố trực tiếp.,PL3_2025_DongThap_old,4. PL3 - danh muc cong .pdf,GATE_MASTER_2026-10-02,False
PL3-0712,Cống Hố Đấu TDC,,,,,UNKNOWN,False,Giữ trống tọa độ để tránh tạo điểm giả; cần GIS kỹ thuật/khảo sát hoặc nguồn công bố trực tiếp.,PL3_2025_DongThap_old,4. PL3 - danh muc cong .pdf,GATE_MASTER_2026-10-02,False
PL3-0713,Cống Hai Hương,,,,,UNKNOWN,False,Giữ trống tọa độ để tránh tạo điểm giả; cần GIS kỹ thuật/khảo sát hoặc nguồn công bố trực tiếp.,PL3_2025_DongThap_old,4. PL3 - danh muc cong .pdf,GATE_MASTER_2026-10-02,False
PL3-0714,Cống Ông Kiệp,,,,,UNKNOWN,False,Giữ trống tọa độ để tránh tạo điểm giả; cần GIS kỹ thuật/khảo sát hoặc nguồn công bố trực tiếp.,PL3_2025_DongThap_old,4. PL3 - danh muc cong .pdf,GATE_MASTER_2026-10-02,False
PL3-0715,Cống Văn Phòng,,,,,UNKNOWN,False,Giữ trống tọa độ để tránh tạo điểm giả; cần GIS kỹ thuật/khảo sát hoặc nguồn công bố trực tiếp.,PL3_2025_DongThap_old,4. PL3 - danh muc cong .pdf,GATE_MASTER_2026-10-02,False
PL3-0716,Cống Việt Kiều,,,,,UNKNOWN,False,Giữ trống tọa độ để tránh tạo điểm giả; cần GIS kỹ thuật/khảo sát hoặc nguồn công bố trực tiếp.,PL3_2025_DongThap_old,4. PL3 - danh muc cong .pdf,GATE_MASTER_2026-10-02,False
PL3-0717,Cống Ông Háo,,,,,UNKNOWN,False,Giữ trống tọa độ để tránh tạo điểm giả; cần GIS kỹ thuật/khảo sát hoặc nguồn công bố trực tiếp.,PL3_2025_DongThap_old,4. PL3 - danh muc cong .pdf,GATE_MASTER_2026-10-02,False
PL3-0718,Cống 5 Thuận,,,,,UNKNOWN,False,Giữ trống tọa độ để tránh tạo điểm giả; cần GIS kỹ thuật/khảo sát hoặc nguồn công bố trực tiếp.,PL3_2025_DongThap_old,4. PL3 - danh muc cong .pdf,GATE_MASTER_2026-10-02,False
PL3-0719,Cống Bà Tho,,,,,UNKNOWN,False,Giữ trống tọa độ để tránh tạo điểm giả; cần GIS kỹ thuật/khảo sát hoặc nguồn công bố trực tiếp.,PL3_2025_DongThap_old,4. PL3 - danh muc cong .pdf,GATE_MASTER_2026-10-02,False
PL3-0720,Cống ngầm Cả Tre,,,,,UNKNOWN,False,Giữ trống tọa độ để tránh tạo điểm giả; cần GIS kỹ thuật/khảo sát hoặc nguồn công bố trực tiếp.,PL3_2025_DongThap_old,4. PL3 - danh muc cong .pdf,GATE_MASTER_2026-10-02,False
PL3-0721,Cống ngầm Ông Su,,,,,UNKNOWN,False,Giữ trống tọa độ để tránh tạo điểm giả; cần GIS kỹ thuật/khảo sát hoặc nguồn công bố trực tiếp.,PL3_2025_DongThap_old,4. PL3 - danh muc cong .pdf,GATE_MASTER_2026-10-02,False
PL3-0722,Cống ngầm Ông Răn (E),,,,,UNKNOWN,False,Giữ trống tọa độ để tránh tạo điểm giả; cần GIS kỹ thuật/khảo sát hoặc nguồn công bố trực tiếp.,PL3_2025_DongThap_old,4. PL3 - danh muc cong .pdf,GATE_MASTER_2026-10-02,False
PL3-0723,Cống ngầm Nhà Xuyến,,,,,UNKNOWN,False,Giữ trống tọa độ để tránh tạo điểm giả; cần GIS kỹ thuật/khảo sát hoặc nguồn công bố trực tiếp.,PL3_2025_DongThap_old,4. PL3 - danh muc cong .pdf,GATE_MASTER_2026-10-02,False
PL3-0724,Cống ngầm Rọc Cát,,,,,UNKNOWN,False,Giữ trống tọa độ để tránh tạo điểm giả; cần GIS kỹ thuật/khảo sát hoặc nguồn công bố trực tiếp.,PL3_2025_DongThap_old,4. PL3 - danh muc cong .pdf,GATE_MASTER_2026-10-02,False
PL3-0725,Cống ngầm Trạm bơm máy cày,,,,,UNKNOWN,False,Giữ trống tọa độ để tránh tạo điểm giả; cần GIS kỹ thuật/khảo sát hoặc nguồn công bố trực tiếp.,PL3_2025_DongThap_old,4. PL3 - danh muc cong .pdf,GATE_MASTER_2026-10-02,False
PL3-0726,Cống Ông Ngờ,,,,,UNKNOWN,False,Giữ trống tọa độ để tránh tạo điểm giả; cần GIS kỹ thuật/khảo sát hoặc nguồn công bố trực tiếp.,PL3_2025_DongThap_old,4. PL3 - danh muc cong .pdf,GATE_MASTER_2026-10-02,False
PL3-0727,Cống Mương bà mười,,,,,UNKNOWN,False,Giữ trống tọa độ để tránh tạo điểm giả; cần GIS kỹ thuật/khảo sát hoặc nguồn công bố trực tiếp.,PL3_2025_DongThap_old,4. PL3 - danh muc cong .pdf,GATE_MASTER_2026-10-02,False
PL3-0728,Cống Mương Ông Hành,,,,,UNKNOWN,False,Giữ trống tọa độ để tránh tạo điểm giả; cần GIS kỹ thuật/khảo sát hoặc nguồn công bố trực tiếp.,PL3_2025_DongThap_old,4. PL3 - danh muc cong .pdf,GATE_MASTER_2026-10-02,False
PL3-0729,Cống Trồng Trọt,,,,,UNKNOWN,False,Giữ trống tọa độ để tránh tạo điểm giả; cần GIS kỹ thuật/khảo sát hoặc nguồn công bố trực tiếp.,PL3_2025_DongThap_old,4. PL3 - danh muc cong .pdf,GATE_MASTER_2026-10-02,False
PL3-0730,Cống Hai Phán,,,,,UNKNOWN,False,Giữ trống tọa độ để tránh tạo điểm giả; cần GIS kỹ thuật/khảo sát hoặc nguồn công bố trực tiếp.,PL3_2025_DongThap_old,4. PL3 - danh muc cong .pdf,GATE_MASTER_2026-10-02,False
PL3-0731,Cống ngầm Bìm Bìm,,,,,UNKNOWN,False,Giữ trống tọa độ để tránh tạo điểm giả; cần GIS kỹ thuật/khảo sát hoặc nguồn công bố trực tiếp.,PL3_2025_DongThap_old,4. PL3 - danh muc cong .pdf,GATE_MASTER_2026-10-02,False
PL3-0732,Cống ngầm Nắng Lò,,,,,UNKNOWN,False,Giữ trống tọa độ để tránh tạo điểm giả; cần GIS kỹ thuật/khảo sát hoặc nguồn công bố trực tiếp.,PL3_2025_DongThap_old,4. PL3 - danh muc cong .pdf,GATE_MASTER_2026-10-02,False
PL3-0733,Cống ngầm Ông Núp,,,,,UNKNOWN,False,Giữ trống tọa độ để tránh tạo điểm giả; cần GIS kỹ thuật/khảo sát hoặc nguồn công bố trực tiếp.,PL3_2025_DongThap_old,4. PL3 - danh muc cong .pdf,GATE_MASTER_2026-10-02,False
PL3-0734,Cống ngầm Út Yếm,,,,,UNKNOWN,False,Giữ trống tọa độ để tránh tạo điểm giả; cần GIS kỹ thuật/khảo sát hoặc nguồn công bố trực tiếp.,PL3_2025_DongThap_old,4. PL3 - danh muc cong .pdf,GATE_MASTER_2026-10-02,False
PL3-0735,Cống À Lý,,,,,UNKNOWN,False,Giữ trống tọa độ để tránh tạo điểm giả; cần GIS kỹ thuật/khảo sát hoặc nguồn công bố trực tiếp.,PL3_2025_DongThap_old,4. PL3 - danh muc cong .pdf,GATE_MASTER_2026-10-02,False
PL3-0736,Cống ngầm Cả Trạch,,,,,UNKNOWN,False,Giữ trống tọa độ để tránh tạo điểm giả; cần GIS kỹ thuật/khảo sát hoặc nguồn công bố trực tiếp.,PL3_2025_DongThap_old,4. PL3 - danh muc cong .pdf,GATE_MASTER_2026-10-02,False
PL3-0737,Cống ngầm Tuyến dân cư,,,,,UNKNOWN,False,Giữ trống tọa độ để tránh tạo điểm giả; cần GIS kỹ thuật/khảo sát hoặc nguồn công bố trực tiếp.,PL3_2025_DongThap_old,4. PL3 - danh muc cong .pdf,GATE_MASTER_2026-10-02,False
PL3-0738,Cống ngầm nông trường,,,,,UNKNOWN,False,Giữ trống tọa độ để tránh tạo điểm giả; cần GIS kỹ thuật/khảo sát hoặc nguồn công bố trực tiếp.,PL3_2025_DongThap_old,4. PL3 - danh muc cong .pdf,GATE_MASTER_2026-10-02,False
PL3-0739,Cống ngầm Sáu Sua,,,,,UNKNOWN,False,Giữ trống tọa độ để tránh tạo điểm giả; cần GIS kỹ thuật/khảo sát hoặc nguồn công bố trực tiếp.,PL3_2025_DongThap_old,4. PL3 - danh muc cong .pdf,GATE_MASTER_2026-10-02,False
PL3-0740,Cống ngầm Ba Hoà,,,,,UNKNOWN,False,Giữ trống tọa độ để tránh tạo điểm giả; cần GIS kỹ thuật/khảo sát hoặc nguồn công bố trực tiếp.,PL3_2025_DongThap_old,4. PL3 - danh muc cong .pdf,GATE_MASTER_2026-10-02,False
PL3-0741,Cống ngầm Tám Hường,,,,,UNKNOWN,False,Giữ trống tọa độ để tránh tạo điểm giả; cần GIS kỹ thuật/khảo sát hoặc nguồn công bố trực tiếp.,PL3_2025_DongThap_old,4. PL3 - danh muc cong .pdf,GATE_MASTER_2026-10-02,False
PL3-0742,Cống ngầm Tám Tài,,,,,UNKNOWN,False,Giữ trống tọa độ để tránh tạo điểm giả; cần GIS kỹ thuật/khảo sát hoặc nguồn công bố trực tiếp.,PL3_2025_DongThap_old,4. PL3 - danh muc cong .pdf,GATE_MASTER_2026-10-02,False
PL3-0743,Cống ngầm Ông Đồng,,,,,UNKNOWN,False,Giữ trống tọa độ để tránh tạo điểm giả; cần GIS kỹ thuật/khảo sát hoặc nguồn công bố trực tiếp.,PL3_2025_DongThap_old,4. PL3 - danh muc cong .pdf,GATE_MASTER_2026-10-02,False
PL3-0744,Cống ngầm Sáu Đức,,,,,UNKNOWN,False,Giữ trống tọa độ để tránh tạo điểm giả; cần GIS kỹ thuật/khảo sát hoặc nguồn công bố trực tiếp.,PL3_2025_DongThap_old,4. PL3 - danh muc cong .pdf,GATE_MASTER_2026-10-02,False
PL3-0745,Cống ngầm Ông Nung,,,,,UNKNOWN,False,Giữ trống tọa độ để tránh tạo điểm giả; cần GIS kỹ thuật/khảo sát hoặc nguồn công bố trực tiếp.,PL3_2025_DongThap_old,4. PL3 - danh muc cong .pdf,GATE_MASTER_2026-10-02,False
PL3-0746,Cống ngầm Hai Dân,,,,,UNKNOWN,False,Giữ trống tọa độ để tránh tạo điểm giả; cần GIS kỹ thuật/khảo sát hoặc nguồn công bố trực tiếp.,PL3_2025_DongThap_old,4. PL3 - danh muc cong .pdf,GATE_MASTER_2026-10-02,False
PL3-0747,Cống ngầm Tám Tồng,,,,,UNKNOWN,False,Giữ trống tọa độ để tránh tạo điểm giả; cần GIS kỹ thuật/khảo sát hoặc nguồn công bố trực tiếp.,PL3_2025_DongThap_old,4. PL3 - danh muc cong .pdf,GATE_MASTER_2026-10-02,False
PL3-0748,Cống ngầm Cả Phòng,,,,,UNKNOWN,False,Giữ trống tọa độ để tránh tạo điểm giả; cần GIS kỹ thuật/khảo sát hoặc nguồn công bố trực tiếp.,PL3_2025_DongThap_old,4. PL3 - danh muc cong .pdf,GATE_MASTER_2026-10-02,False
PL3-0749,Cống ngầm Xả Phèn,,,,,UNKNOWN,False,Giữ trống tọa độ để tránh tạo điểm giả; cần GIS kỹ thuật/khảo sát hoặc nguồn công bố trực tiếp.,PL3_2025_DongThap_old,4. PL3 - danh muc cong .pdf,GATE_MASTER_2026-10-02,False
PL3-0750,Cống Cả Xây HTX Thuận Hoà,,,,,UNKNOWN,False,Giữ trống tọa độ để tránh tạo điểm giả; cần GIS kỹ thuật/khảo sát hoặc nguồn công bố trực tiếp.,PL3_2025_DongThap_old,4. PL3 - danh muc cong .pdf,GATE_MASTER_2026-10-02,False
PL3-0751,Cống Cả Chuối,,,,,UNKNOWN,False,Giữ trống tọa độ để tránh tạo điểm giả; cần GIS kỹ thuật/khảo sát hoặc nguồn công bố trực tiếp.,PL3_2025_DongThap_old,4. PL3 - danh muc cong .pdf,GATE_MASTER_2026-10-02,False
PL3-0752,Cống Cả Quảng,,,,,UNKNOWN,False,Giữ trống tọa độ để tránh tạo điểm giả; cần GIS kỹ thuật/khảo sát hoặc nguồn công bố trực tiếp.,PL3_2025_DongThap_old,4. PL3 - danh muc cong .pdf,GATE_MASTER_2026-10-02,False
PL3-0753,Cống Bà Mai,,,,,UNKNOWN,False,Giữ trống tọa độ để tránh tạo điểm giả; cần GIS kỹ thuật/khảo sát hoặc nguồn công bố trực tiếp.,PL3_2025_DongThap_old,4. PL3 - danh muc cong .pdf,GATE_MASTER_2026-10-02,False
PL3-0754,Cống Trạm Y Tế,,,,,UNKNOWN,False,Giữ trống tọa độ để tránh tạo điểm giả; cần GIS kỹ thuật/khảo sát hoặc nguồn công bố trực tiếp.,PL3_2025_DongThap_old,4. PL3 - danh muc cong .pdf,GATE_MASTER_2026-10-02,False
PL3-0755,Cống Láng Tượng THT số 2,,,,,UNKNOWN,False,Giữ trống tọa độ để tránh tạo điểm giả; cần GIS kỹ thuật/khảo sát hoặc nguồn công bố trực tiếp.,PL3_2025_DongThap_old,4. PL3 - danh muc cong .pdf,GATE_MASTER_2026-10-02,False
PL3-0756,Cống Bãi Rác,,,,,UNKNOWN,False,Giữ trống tọa độ để tránh tạo điểm giả; cần GIS kỹ thuật/khảo sát hoặc nguồn công bố trực tiếp.,PL3_2025_DongThap_old,4. PL3 - danh muc cong .pdf,GATE_MASTER_2026-10-02,False
PL3-0757,Cống Tư Đực,,,,,UNKNOWN,False,Giữ trống tọa độ để tránh tạo điểm giả; cần GIS kỹ thuật/khảo sát hoặc nguồn công bố trực tiếp.,PL3_2025_DongThap_old,4. PL3 - danh muc cong .pdf,GATE_MASTER_2026-10-02,False
PL3-0758,Cống số 4 (cống Đảng Ủy),,,,,UNKNOWN,False,Giữ trống tọa độ để tránh tạo điểm giả; cần GIS kỹ thuật/khảo sát hoặc nguồn công bố trực tiếp.,PL3_2025_DongThap_old,4. PL3 - danh muc cong .pdf,GATE_MASTER_2026-10-02,False
PL3-0759,Cống Ông Dũng,,,,,UNKNOWN,False,Giữ trống tọa độ để tránh tạo điểm giả; cần GIS kỹ thuật/khảo sát hoặc nguồn công bố trực tiếp.,PL3_2025_DongThap_old,4. PL3 - danh muc cong .pdf,GATE_MASTER_2026-10-02,False
PL3-0760,Cống Ông Mẫn,,,,,UNKNOWN,False,Giữ trống tọa độ để tránh tạo điểm giả; cần GIS kỹ thuật/khảo sát hoặc nguồn công bố trực tiếp.,PL3_2025_DongThap_old,4. PL3 - danh muc cong .pdf,GATE_MASTER_2026-10-02,False
PL3-0761,Cống Út Đô,,,,,UNKNOWN,False,Giữ trống tọa độ để tránh tạo điểm giả; cần GIS kỹ thuật/khảo sát hoặc nguồn công bố trực tiếp.,PL3_2025_DongThap_old,4. PL3 - danh muc cong .pdf,GATE_MASTER_2026-10-02,False
PL3-0762,Cống Tư Bồi,,,,,UNKNOWN,False,Giữ trống tọa độ để tránh tạo điểm giả; cần GIS kỹ thuật/khảo sát hoặc nguồn công bố trực tiếp.,PL3_2025_DongThap_old,4. PL3 - danh muc cong .pdf,GATE_MASTER_2026-10-02,False
PL3-0763,Cống Năm Nưng,,,,,UNKNOWN,False,Giữ trống tọa độ để tránh tạo điểm giả; cần GIS kỹ thuật/khảo sát hoặc nguồn công bố trực tiếp.,PL3_2025_DongThap_old,4. PL3 - danh muc cong .pdf,GATE_MASTER_2026-10-02,False
PL3-0764,Cống Út Lầu,,,,,UNKNOWN,False,Giữ trống tọa độ để tránh tạo điểm giả; cần GIS kỹ thuật/khảo sát hoặc nguồn công bố trực tiếp.,PL3_2025_DongThap_old,4. PL3 - danh muc cong .pdf,GATE_MASTER_2026-10-02,False
PL3-0765,Cống Cả Cại,,,,,UNKNOWN,False,Giữ trống tọa độ để tránh tạo điểm giả; cần GIS kỹ thuật/khảo sát hoặc nguồn công bố trực tiếp.,PL3_2025_DongThap_old,4. PL3 - danh muc cong .pdf,GATE_MASTER_2026-10-02,False
PL3-0766,Cống Thanh Quâng (cây nước),,,,,UNKNOWN,False,Giữ trống tọa độ để tránh tạo điểm giả; cần GIS kỹ thuật/khảo sát hoặc nguồn công bố trực tiếp.,PL3_2025_DongThap_old,4. PL3 - danh muc cong .pdf,GATE_MASTER_2026-10-02,False
PL3-0767,Cống Hố Đấu,,,,,UNKNOWN,False,Giữ trống tọa độ để tránh tạo điểm giả; cần GIS kỹ thuật/khảo sát hoặc nguồn công bố trực tiếp.,PL3_2025_DongThap_old,4. PL3 - danh muc cong .pdf,GATE_MASTER_2026-10-02,False
PL3-0768,Cống Mười Thơ (Chuối nướng),,,,,UNKNOWN,False,Giữ trống tọa độ để tránh tạo điểm giả; cần GIS kỹ thuật/khảo sát hoặc nguồn công bố trực tiếp.,PL3_2025_DongThap_old,4. PL3 - danh muc cong .pdf,GATE_MASTER_2026-10-02,False
PL3-0769,Cống Bào Chảo,,,,,UNKNOWN,False,Giữ trống tọa độ để tránh tạo điểm giả; cần GIS kỹ thuật/khảo sát hoặc nguồn công bố trực tiếp.,PL3_2025_DongThap_old,4. PL3 - danh muc cong .pdf,GATE_MASTER_2026-10-02,False
PL3-0770,Cống Ba Phước,,,,,UNKNOWN,False,Giữ trống tọa độ để tránh tạo điểm giả; cần GIS kỹ thuật/khảo sát hoặc nguồn công bố trực tiếp.,PL3_2025_DongThap_old,4. PL3 - danh muc cong .pdf,GATE_MASTER_2026-10-02,False
PL3-0771,Cống Cả Dung HTX Thuận Phú,,,,,UNKNOWN,False,Giữ trống tọa độ để tránh tạo điểm giả; cần GIS kỹ thuật/khảo sát hoặc nguồn công bố trực tiếp.,PL3_2025_DongThap_old,4. PL3 - danh muc cong .pdf,GATE_MASTER_2026-10-02,False
PL3-0772,Cống Rọc Sen HTX Thuận Hoà,,,,,UNKNOWN,False,Giữ trống tọa độ để tránh tạo điểm giả; cần GIS kỹ thuật/khảo sát hoặc nguồn công bố trực tiếp.,PL3_2025_DongThap_old,4. PL3 - danh muc cong .pdf,GATE_MASTER_2026-10-02,False
PL3-0773,Cống Út Suol,,,,,UNKNOWN,False,Giữ trống tọa độ để tránh tạo điểm giả; cần GIS kỹ thuật/khảo sát hoặc nguồn công bố trực tiếp.,PL3_2025_DongThap_old,4. PL3 - danh muc cong .pdf,GATE_MASTER_2026-10-02,False
PL3-0774,Cống 8 Lóng,,,,,UNKNOWN,False,Giữ trống tọa độ để tránh tạo điểm giả; cần GIS kỹ thuật/khảo sát hoặc nguồn công bố trực tiếp.,PL3_2025_DongThap_old,4. PL3 - danh muc cong .pdf,GATE_MASTER_2026-10-02,False
PL3-0775,Cống kênh 2/9,,,,,UNKNOWN,False,Giữ trống tọa độ để tránh tạo điểm giả; cần GIS kỹ thuật/khảo sát hoặc nguồn công bố trực tiếp.,PL3_2025_DongThap_old,4. PL3 - danh muc cong .pdf,GATE_MASTER_2026-10-02,False
PL3-0776,Cống Rọc Dưới,,,,,UNKNOWN,False,Giữ trống tọa độ để tránh tạo điểm giả; cần GIS kỹ thuật/khảo sát hoặc nguồn công bố trực tiếp.,PL3_2025_DongThap_old,4. PL3 - danh muc cong .pdf,GATE_MASTER_2026-10-02,False
PL3-0777,Cống TH Tân Phú 2,,,,,UNKNOWN,False,Giữ trống tọa độ để tránh tạo điểm giả; cần GIS kỹ thuật/khảo sát hoặc nguồn công bố trực tiếp.,PL3_2025_DongThap_old,4. PL3 - danh muc cong .pdf,GATE_MASTER_2026-10-02,False
PL3-0778,Cống Bàu Gốc (Bằng Lăng),,,,,UNKNOWN,False,Giữ trống tọa độ để tránh tạo điểm giả; cần GIS kỹ thuật/khảo sát hoặc nguồn công bố trực tiếp.,PL3_2025_DongThap_old,4. PL3 - danh muc cong .pdf,GATE_MASTER_2026-10-02,False
PL3-0779,Cống Tư Lực,,,,,UNKNOWN,False,Giữ trống tọa độ để tránh tạo điểm giả; cần GIS kỹ thuật/khảo sát hoặc nguồn công bố trực tiếp.,PL3_2025_DongThap_old,4. PL3 - danh muc cong .pdf,GATE_MASTER_2026-10-02,False
PL3-0780,Cống Bảy Khấp,,,,,UNKNOWN,False,Giữ trống tọa độ để tránh tạo điểm giả; cần GIS kỹ thuật/khảo sát hoặc nguồn công bố trực tiếp.,PL3_2025_DongThap_old,4. PL3 - danh muc cong .pdf,GATE_MASTER_2026-10-02,False
PL3-0781,Cống Sáu Phi,,,,,UNKNOWN,False,Giữ trống tọa độ để tránh tạo điểm giả; cần GIS kỹ thuật/khảo sát hoặc nguồn công bố trực tiếp.,PL3_2025_DongThap_old,4. PL3 - danh muc cong .pdf,GATE_MASTER_2026-10-02,False
PL3-0782,Cống 1 (Ông Cờ),,,,,UNKNOWN,False,Giữ trống tọa độ để tránh tạo điểm giả; cần GIS kỹ thuật/khảo sát hoặc nguồn công bố trực tiếp.,PL3_2025_DongThap_old,4. PL3 - danh muc cong .pdf,GATE_MASTER_2026-10-02,False
PL3-0783,Cống 2 (Ông Cọp),,,,,UNKNOWN,False,Giữ trống tọa độ để tránh tạo điểm giả; cần GIS kỹ thuật/khảo sát hoặc nguồn công bố trực tiếp.,PL3_2025_DongThap_old,4. PL3 - danh muc cong .pdf,GATE_MASTER_2026-10-02,False
PL3-0784,Cống 3 (Ông Nhanh),,,,,UNKNOWN,False,Giữ trống tọa độ để tránh tạo điểm giả; cần GIS kỹ thuật/khảo sát hoặc nguồn công bố trực tiếp.,PL3_2025_DongThap_old,4. PL3 - danh muc cong .pdf,GATE_MASTER_2026-10-02,False
PL3-0785,Cống 4 (Ông Lâm),,,,,UNKNOWN,False,Giữ trống tọa độ để tránh tạo điểm giả; cần GIS kỹ thuật/khảo sát hoặc nguồn công bố trực tiếp.,PL3_2025_DongThap_old,4. PL3 - danh muc cong .pdf,GATE_MASTER_2026-10-02,False
PL3-0786,Cống 5 (Ông Còn),,,,,UNKNOWN,False,Giữ trống tọa độ để tránh tạo điểm giả; cần GIS kỹ thuật/khảo sát hoặc nguồn công bố trực tiếp.,PL3_2025_DongThap_old,4. PL3 - danh muc cong .pdf,GATE_MASTER_2026-10-02,False
PL3-0787,Cống 6 (Cả Góc -Kênh 2/9 -ấp 1),,,,,UNKNOWN,False,Giữ trống tọa độ để tránh tạo điểm giả; cần GIS kỹ thuật/khảo sát hoặc nguồn công bố trực tiếp.,PL3_2025_DongThap_old,4. PL3 - danh muc cong .pdf,GATE_MASTER_2026-10-02,False
PL3-0788,Cống 7(Hội Đồng -Kênh 2/9 -ấp 1),,,,,UNKNOWN,False,Giữ trống tọa độ để tránh tạo điểm giả; cần GIS kỹ thuật/khảo sát hoặc nguồn công bố trực tiếp.,PL3_2025_DongThap_old,4. PL3 - danh muc cong .pdf,GATE_MASTER_2026-10-02,False
PL3-0789,Cống 8 (Hố Đấu -K. Đường Gạo),,,,,UNKNOWN,False,Giữ trống tọa độ để tránh tạo điểm giả; cần GIS kỹ thuật/khảo sát hoặc nguồn công bố trực tiếp.,PL3_2025_DongThap_old,4. PL3 - danh muc cong .pdf,GATE_MASTER_2026-10-02,False
PL3-0790,Cống 9 (Hội Đồng -Kênh APMH-ấp 2),,,,,UNKNOWN,False,Giữ trống tọa độ để tránh tạo điểm giả; cần GIS kỹ thuật/khảo sát hoặc nguồn công bố trực tiếp.,PL3_2025_DongThap_old,4. PL3 - danh muc cong .pdf,GATE_MASTER_2026-10-02,False
PL3-0791,Cống 10 (Cả Góc -kênh APMH Ấp 2),,,,,UNKNOWN,False,Giữ trống tọa độ để tránh tạo điểm giả; cần GIS kỹ thuật/khảo sát hoặc nguồn công bố trực tiếp.,PL3_2025_DongThap_old,4. PL3 - danh muc cong .pdf,GATE_MASTER_2026-10-02,False
PL3-0792,Cống 11 (Hồ Hải) -Thuộc ô bao 20,,,,,UNKNOWN,False,Giữ trống tọa độ để tránh tạo điểm giả; cần GIS kỹ thuật/khảo sát hoặc nguồn công bố trực tiếp.,PL3_2025_DongThap_old,4. PL3 - danh muc cong .pdf,GATE_MASTER_2026-10-02,False
PL3-0793,Cống 12 (Hai Ơi),,,,,UNKNOWN,False,Giữ trống tọa độ để tránh tạo điểm giả; cần GIS kỹ thuật/khảo sát hoặc nguồn công bố trực tiếp.,PL3_2025_DongThap_old,4. PL3 - danh muc cong .pdf,GATE_MASTER_2026-10-02,False
PL3-0794,Cống 13 (Tư Lởi),,,,,UNKNOWN,False,Giữ trống tọa độ để tránh tạo điểm giả; cần GIS kỹ thuật/khảo sát hoặc nguồn công bố trực tiếp.,PL3_2025_DongThap_old,4. PL3 - danh muc cong .pdf,GATE_MASTER_2026-10-02,False
PL3-0795,Cống 14 (đường gạo),,,,,UNKNOWN,False,Giữ trống tọa độ để tránh tạo điểm giả; cần GIS kỹ thuật/khảo sát hoặc nguồn công bố trực tiếp.,PL3_2025_DongThap_old,4. PL3 - danh muc cong .pdf,GATE_MASTER_2026-10-02,False
PL3-0796,Cống 15 (Ông Nôi),,,,,UNKNOWN,False,Giữ trống tọa độ để tránh tạo điểm giả; cần GIS kỹ thuật/khảo sát hoặc nguồn công bố trực tiếp.,PL3_2025_DongThap_old,4. PL3 - danh muc cong .pdf,GATE_MASTER_2026-10-02,False
PL3-0797,Cống 16 (Hai Đỗ -k.Đường Gạo),,,,,UNKNOWN,False,Giữ trống tọa độ để tránh tạo điểm giả; cần GIS kỹ thuật/khảo sát hoặc nguồn công bố trực tiếp.,PL3_2025_DongThap_old,4. PL3 - danh muc cong .pdf,GATE_MASTER_2026-10-02,False
PL3-0798,Cống 17 (ông Nhiều -k.Đường gạo),,,,,UNKNOWN,False,Giữ trống tọa độ để tránh tạo điểm giả; cần GIS kỹ thuật/khảo sát hoặc nguồn công bố trực tiếp.,PL3_2025_DongThap_old,4. PL3 - danh muc cong .pdf,GATE_MASTER_2026-10-02,False
PL3-0799,Cống 18 (Cả Cái),,,,,UNKNOWN,False,Giữ trống tọa độ để tránh tạo điểm giả; cần GIS kỹ thuật/khảo sát hoặc nguồn công bố trực tiếp.,PL3_2025_DongThap_old,4. PL3 - danh muc cong .pdf,GATE_MASTER_2026-10-02,False
PL3-0800,Cống 19 (ngọn Cả Mác),,,,,UNKNOWN,False,Giữ trống tọa độ để tránh tạo điểm giả; cần GIS kỹ thuật/khảo sát hoặc nguồn công bố trực tiếp.,PL3_2025_DongThap_old,4. PL3 - danh muc cong .pdf,GATE_MASTER_2026-10-02,False
PL3-0801,Cống 20 (Ông Tấn),,,,,UNKNOWN,False,Giữ trống tọa độ để tránh tạo điểm giả; cần GIS kỹ thuật/khảo sát hoặc nguồn công bố trực tiếp.,PL3_2025_DongThap_old,4. PL3 - danh muc cong .pdf,GATE_MASTER_2026-10-02,False
PL3-0802,Cống 21 (Bảy Hun),,,,,UNKNOWN,False,Giữ trống tọa độ để tránh tạo điểm giả; cần GIS kỹ thuật/khảo sát hoặc nguồn công bố trực tiếp.,PL3_2025_DongThap_old,4. PL3 - danh muc cong .pdf,GATE_MASTER_2026-10-02,False
PL3-0803,Cống 22 (Ngọn Cả Bứa -k. Cả Gáo),,,,,UNKNOWN,False,Giữ trống tọa độ để tránh tạo điểm giả; cần GIS kỹ thuật/khảo sát hoặc nguồn công bố trực tiếp.,PL3_2025_DongThap_old,4. PL3 - danh muc cong .pdf,GATE_MASTER_2026-10-02,False
PL3-0804,Cống 23 (Hội Đồng -k.Kháng Chiến),,,,,UNKNOWN,False,Giữ trống tọa độ để tránh tạo điểm giả; cần GIS kỹ thuật/khảo sát hoặc nguồn công bố trực tiếp.,PL3_2025_DongThap_old,4. PL3 - danh muc cong .pdf,GATE_MASTER_2026-10-02,False
PL3-0805,Cống 24 (Cả Góc - k.Kháng chiến),,,,,UNKNOWN,False,Giữ trống tọa độ để tránh tạo điểm giả; cần GIS kỹ thuật/khảo sát hoặc nguồn công bố trực tiếp.,PL3_2025_DongThap_old,4. PL3 - danh muc cong .pdf,GATE_MASTER_2026-10-02,False
PL3-0806,Cống 25 (Cả Góc - k.APMH),,,,,UNKNOWN,False,Giữ trống tọa độ để tránh tạo điểm giả; cần GIS kỹ thuật/khảo sát hoặc nguồn công bố trực tiếp.,PL3_2025_DongThap_old,4. PL3 - danh muc cong .pdf,GATE_MASTER_2026-10-02,False
PL3-0807,Cống 26 (Hội Đồng - k.APMH),,,,,UNKNOWN,False,Giữ trống tọa độ để tránh tạo điểm giả; cần GIS kỹ thuật/khảo sát hoặc nguồn công bố trực tiếp.,PL3_2025_DongThap_old,4. PL3 - danh muc cong .pdf,GATE_MASTER_2026-10-02,False
PL3-0808,Cống 27 (Chuối Nước-K. Đường gạo),,,,,UNKNOWN,False,Giữ trống tọa độ để tránh tạo điểm giả; cần GIS kỹ thuật/khảo sát hoặc nguồn công bố trực tiếp.,PL3_2025_DongThap_old,4. PL3 - danh muc cong .pdf,GATE_MASTER_2026-10-02,False
PL3-0809,Cống 28 (Luân Bông),,,,,UNKNOWN,False,Giữ trống tọa độ để tránh tạo điểm giả; cần GIS kỹ thuật/khảo sát hoặc nguồn công bố trực tiếp.,PL3_2025_DongThap_old,4. PL3 - danh muc cong .pdf,GATE_MASTER_2026-10-02,False
PL3-0810,Cống 29 (Đìa Họ),,,,,UNKNOWN,False,Giữ trống tọa độ để tránh tạo điểm giả; cần GIS kỹ thuật/khảo sát hoặc nguồn công bố trực tiếp.,PL3_2025_DongThap_old,4. PL3 - danh muc cong .pdf,GATE_MASTER_2026-10-02,False
PL3-0811,Cống 30 (đường nước UB 1),,,,,UNKNOWN,False,Giữ trống tọa độ để tránh tạo điểm giả; cần GIS kỹ thuật/khảo sát hoặc nguồn công bố trực tiếp.,PL3_2025_DongThap_old,4. PL3 - danh muc cong .pdf,GATE_MASTER_2026-10-02,False
PL3-0812,Cống 31 (đường nước UB 2),,,,,UNKNOWN,False,Giữ trống tọa độ để tránh tạo điểm giả; cần GIS kỹ thuật/khảo sát hoặc nguồn công bố trực tiếp.,PL3_2025_DongThap_old,4. PL3 - danh muc cong .pdf,GATE_MASTER_2026-10-02,False
PL3-0813,Cống 32 (Cả Cái),,,,,UNKNOWN,False,Giữ trống tọa độ để tránh tạo điểm giả; cần GIS kỹ thuật/khảo sát hoặc nguồn công bố trực tiếp.,PL3_2025_DongThap_old,4. PL3 - danh muc cong .pdf,GATE_MASTER_2026-10-02,False
PL3-0814,Cống 33 (Cả Gáo),,,,,UNKNOWN,False,Giữ trống tọa độ để tránh tạo điểm giả; cần GIS kỹ thuật/khảo sát hoặc nguồn công bố trực tiếp.,PL3_2025_DongThap_old,4. PL3 - danh muc cong .pdf,GATE_MASTER_2026-10-02,False
PL3-0815,Cống 34 (ông Kịp),,,,,UNKNOWN,False,Giữ trống tọa độ để tránh tạo điểm giả; cần GIS kỹ thuật/khảo sát hoặc nguồn công bố trực tiếp.,PL3_2025_DongThap_old,4. PL3 - danh muc cong .pdf,GATE_MASTER_2026-10-02,False
PL3-0816,Cống 35 (Cả Cái),,,,,UNKNOWN,False,Giữ trống tọa độ để tránh tạo điểm giả; cần GIS kỹ thuật/khảo sát hoặc nguồn công bố trực tiếp.,PL3_2025_DongThap_old,4. PL3 - danh muc cong .pdf,GATE_MASTER_2026-10-02,False
PL3-0817,Cống 37 (Thầy Cay Dưới),,,,,UNKNOWN,False,Giữ trống tọa độ để tránh tạo điểm giả; cần GIS kỹ thuật/khảo sát hoặc nguồn công bố trực tiếp.,PL3_2025_DongThap_old,4. PL3 - danh muc cong .pdf,GATE_MASTER_2026-10-02,False
PL3-0818,Cống 38 (Luân Môn),,,,,UNKNOWN,False,Giữ trống tọa độ để tránh tạo điểm giả; cần GIS kỹ thuật/khảo sát hoặc nguồn công bố trực tiếp.,PL3_2025_DongThap_old,4. PL3 - danh muc cong .pdf,GATE_MASTER_2026-10-02,False
PL3-0819,Cống 39 (Hai Sang),,,,,UNKNOWN,False,Giữ trống tọa độ để tránh tạo điểm giả; cần GIS kỹ thuật/khảo sát hoặc nguồn công bố trực tiếp.,PL3_2025_DongThap_old,4. PL3 - danh muc cong .pdf,GATE_MASTER_2026-10-02,False
PL3-0820,Cống 40(Cả Góc),,,,,UNKNOWN,False,Giữ trống tọa độ để tránh tạo điểm giả; cần GIS kỹ thuật/khảo sát hoặc nguồn công bố trực tiếp.,PL3_2025_DongThap_old,4. PL3 - danh muc cong .pdf,GATE_MASTER_2026-10-02,False
PL3-0821,Cống Hố Đấu 41(Hội Đồng),,,,,UNKNOWN,False,Giữ trống tọa độ để tránh tạo điểm giả; cần GIS kỹ thuật/khảo sát hoặc nguồn công bố trực tiếp.,PL3_2025_DongThap_old,4. PL3 - danh muc cong .pdf,GATE_MASTER_2026-10-02,False
PL3-0822,Cống Hố Đấu 42(BND ấp 3),,,,,UNKNOWN,False,Giữ trống tọa độ để tránh tạo điểm giả; cần GIS kỹ thuật/khảo sát hoặc nguồn công bố trực tiếp.,PL3_2025_DongThap_old,4. PL3 - danh muc cong .pdf,GATE_MASTER_2026-10-02,False
PL3-0823,Cống 43 (Luân Môn),,,,,UNKNOWN,False,Giữ trống tọa độ để tránh tạo điểm giả; cần GIS kỹ thuật/khảo sát hoặc nguồn công bố trực tiếp.,PL3_2025_DongThap_old,4. PL3 - danh muc cong .pdf,GATE_MASTER_2026-10-02,False
PL3-0824,Cống Thầy Cay 44(k.Đường gạo),,,,,UNKNOWN,False,Giữ trống tọa độ để tránh tạo điểm giả; cần GIS kỹ thuật/khảo sát hoặc nguồn công bố trực tiếp.,PL3_2025_DongThap_old,4. PL3 - danh muc cong .pdf,GATE_MASTER_2026-10-02,False
PL3-0825,Cống 45 (Thầy cay - k.Thống Nhất),,,,,UNKNOWN,False,Giữ trống tọa độ để tránh tạo điểm giả; cần GIS kỹ thuật/khảo sát hoặc nguồn công bố trực tiếp.,PL3_2025_DongThap_old,4. PL3 - danh muc cong .pdf,GATE_MASTER_2026-10-02,False
PL3-0826,Cống 46 (Thống nhất 1),,,,,UNKNOWN,False,Giữ trống tọa độ để tránh tạo điểm giả; cần GIS kỹ thuật/khảo sát hoặc nguồn công bố trực tiếp.,PL3_2025_DongThap_old,4. PL3 - danh muc cong .pdf,GATE_MASTER_2026-10-02,False
PL3-0827,Cống 47 (Thống nhất 3 -Láng Chim),,,,,UNKNOWN,False,Giữ trống tọa độ để tránh tạo điểm giả; cần GIS kỹ thuật/khảo sát hoặc nguồn công bố trực tiếp.,PL3_2025_DongThap_old,4. PL3 - danh muc cong .pdf,GATE_MASTER_2026-10-02,False
PL3-0828,Cống 48 (Rọc Sen),,,,,UNKNOWN,False,Giữ trống tọa độ để tránh tạo điểm giả; cần GIS kỹ thuật/khảo sát hoặc nguồn công bố trực tiếp.,PL3_2025_DongThap_old,4. PL3 - danh muc cong .pdf,GATE_MASTER_2026-10-02,False
PL3-0829,Cống 49 (Bằng Lăng),,,,,UNKNOWN,False,Giữ trống tọa độ để tránh tạo điểm giả; cần GIS kỹ thuật/khảo sát hoặc nguồn công bố trực tiếp.,PL3_2025_DongThap_old,4. PL3 - danh muc cong .pdf,GATE_MASTER_2026-10-02,False
PL3-0830,Cống Hố Đấu,,,,,UNKNOWN,False,Giữ trống tọa độ để tránh tạo điểm giả; cần GIS kỹ thuật/khảo sát hoặc nguồn công bố trực tiếp.,PL3_2025_DongThap_old,4. PL3 - danh muc cong .pdf,GATE_MASTER_2026-10-02,False
PL3-0831,Cống Mười Xanh,,,,,UNKNOWN,False,Giữ trống tọa độ để tránh tạo điểm giả; cần GIS kỹ thuật/khảo sát hoặc nguồn công bố trực tiếp.,PL3_2025_DongThap_old,4. PL3 - danh muc cong .pdf,GATE_MASTER_2026-10-02,False
PL3-0832,Cống Tám Bo,,,,,UNKNOWN,False,Giữ trống tọa độ để tránh tạo điểm giả; cần GIS kỹ thuật/khảo sát hoặc nguồn công bố trực tiếp.,PL3_2025_DongThap_old,4. PL3 - danh muc cong .pdf,GATE_MASTER_2026-10-02,False
PL3-0833,Cống Bào Rúng,,,,,UNKNOWN,False,Giữ trống tọa độ để tránh tạo điểm giả; cần GIS kỹ thuật/khảo sát hoặc nguồn công bố trực tiếp.,PL3_2025_DongThap_old,4. PL3 - danh muc cong .pdf,GATE_MASTER_2026-10-02,False
PL3-0834,Cống Sáu Liệt,,,,,UNKNOWN,False,Giữ trống tọa độ để tránh tạo điểm giả; cần GIS kỹ thuật/khảo sát hoặc nguồn công bố trực tiếp.,PL3_2025_DongThap_old,4. PL3 - danh muc cong .pdf,GATE_MASTER_2026-10-02,False
PL3-0835,Cống Hai Phủ,,,,,UNKNOWN,False,Giữ trống tọa độ để tránh tạo điểm giả; cần GIS kỹ thuật/khảo sát hoặc nguồn công bố trực tiếp.,PL3_2025_DongThap_old,4. PL3 - danh muc cong .pdf,GATE_MASTER_2026-10-02,False
PL3-0836,Cống Ông Hùm,,,,,UNKNOWN,False,Giữ trống tọa độ để tránh tạo điểm giả; cần GIS kỹ thuật/khảo sát hoặc nguồn công bố trực tiếp.,PL3_2025_DongThap_old,4. PL3 - danh muc cong .pdf,GATE_MASTER_2026-10-02,False
PL3-0837,Cống Kinh Ômg Ninh,,,,,UNKNOWN,False,Giữ trống tọa độ để tránh tạo điểm giả; cần GIS kỹ thuật/khảo sát hoặc nguồn công bố trực tiếp.,PL3_2025_DongThap_old,4. PL3 - danh muc cong .pdf,GATE_MASTER_2026-10-02,False
PL3-0838,Cống Ông Khét,,,,,UNKNOWN,False,Giữ trống tọa độ để tránh tạo điểm giả; cần GIS kỹ thuật/khảo sát hoặc nguồn công bố trực tiếp.,PL3_2025_DongThap_old,4. PL3 - danh muc cong .pdf,GATE_MASTER_2026-10-02,False
PL3-0839,Cống Ông Khét,,,,,UNKNOWN,False,Giữ trống tọa độ để tránh tạo điểm giả; cần GIS kỹ thuật/khảo sát hoặc nguồn công bố trực tiếp.,PL3_2025_DongThap_old,4. PL3 - danh muc cong .pdf,GATE_MASTER_2026-10-02,False
PL3-0840,Cống Đeo Tư,,,,,UNKNOWN,False,Giữ trống tọa độ để tránh tạo điểm giả; cần GIS kỹ thuật/khảo sát hoặc nguồn công bố trực tiếp.,PL3_2025_DongThap_old,4. PL3 - danh muc cong .pdf,GATE_MASTER_2026-10-02,False
PL3-0841,Cống Ông Dũng,,,,,UNKNOWN,False,Giữ trống tọa độ để tránh tạo điểm giả; cần GIS kỹ thuật/khảo sát hoặc nguồn công bố trực tiếp.,PL3_2025_DongThap_old,4. PL3 - danh muc cong .pdf,GATE_MASTER_2026-10-02,False
PL3-0842,Cống 5 Diệp,,,,,UNKNOWN,False,Giữ trống tọa độ để tránh tạo điểm giả; cần GIS kỹ thuật/khảo sát hoặc nguồn công bố trực tiếp.,PL3_2025_DongThap_old,4. PL3 - danh muc cong .pdf,GATE_MASTER_2026-10-02,False
PL3-0843,Cống Kinh Ông Ninh,,,,,UNKNOWN,False,Giữ trống tọa độ để tránh tạo điểm giả; cần GIS kỹ thuật/khảo sát hoặc nguồn công bố trực tiếp.,PL3_2025_DongThap_old,4. PL3 - danh muc cong .pdf,GATE_MASTER_2026-10-02,False
PL3-0844,Cống Ông Khanh,,,,,UNKNOWN,False,Giữ trống tọa độ để tránh tạo điểm giả; cần GIS kỹ thuật/khảo sát hoặc nguồn công bố trực tiếp.,PL3_2025_DongThap_old,4. PL3 - danh muc cong .pdf,GATE_MASTER_2026-10-02,False
PL3-0845,Cống Hai Dung,,,,,UNKNOWN,False,Giữ trống tọa độ để tránh tạo điểm giả; cần GIS kỹ thuật/khảo sát hoặc nguồn công bố trực tiếp.,PL3_2025_DongThap_old,4. PL3 - danh muc cong .pdf,GATE_MASTER_2026-10-02,False
PL3-0846,Cống Le Le,,,,,UNKNOWN,False,Giữ trống tọa độ để tránh tạo điểm giả; cần GIS kỹ thuật/khảo sát hoặc nguồn công bố trực tiếp.,PL3_2025_DongThap_old,4. PL3 - danh muc cong .pdf,GATE_MASTER_2026-10-02,False
PL3-0847,Cống Kinh Thống Nhất,,,,,UNKNOWN,False,Giữ trống tọa độ để tránh tạo điểm giả; cần GIS kỹ thuật/khảo sát hoặc nguồn công bố trực tiếp.,PL3_2025_DongThap_old,4. PL3 - danh muc cong .pdf,GATE_MASTER_2026-10-02,False
PL3-0848,Cống Ngọn Cả Lách,,,,,UNKNOWN,False,Giữ trống tọa độ để tránh tạo điểm giả; cần GIS kỹ thuật/khảo sát hoặc nguồn công bố trực tiếp.,PL3_2025_DongThap_old,4. PL3 - danh muc cong .pdf,GATE_MASTER_2026-10-02,False
PL3-0849,Cống Ngọn Bằng Lăng,,,,,UNKNOWN,False,Giữ trống tọa độ để tránh tạo điểm giả; cần GIS kỹ thuật/khảo sát hoặc nguồn công bố trực tiếp.,PL3_2025_DongThap_old,4. PL3 - danh muc cong .pdf,GATE_MASTER_2026-10-02,False
PL3-0850,Cống Ông Nghề,,,,,UNKNOWN,False,Giữ trống tọa độ để tránh tạo điểm giả; cần GIS kỹ thuật/khảo sát hoặc nguồn công bố trực tiếp.,PL3_2025_DongThap_old,4. PL3 - danh muc cong .pdf,GATE_MASTER_2026-10-02,False
PL3-0851,Cống 10 Nuôi,,,,,UNKNOWN,False,Giữ trống tọa độ để tránh tạo điểm giả; cần GIS kỹ thuật/khảo sát hoặc nguồn công bố trực tiếp.,PL3_2025_DongThap_old,4. PL3 - danh muc cong .pdf,GATE_MASTER_2026-10-02,False
PL3-0852,Cống BND ấp,,,,,UNKNOWN,False,Giữ trống tọa độ để tránh tạo điểm giả; cần GIS kỹ thuật/khảo sát hoặc nguồn công bố trực tiếp.,PL3_2025_DongThap_old,4. PL3 - danh muc cong .pdf,GATE_MASTER_2026-10-02,False
PL3-0853,Cống kinh Thầy Cai,,,,,UNKNOWN,False,Giữ trống tọa độ để tránh tạo điểm giả; cần GIS kỹ thuật/khảo sát hoặc nguồn công bố trực tiếp.,PL3_2025_DongThap_old,4. PL3 - danh muc cong .pdf,GATE_MASTER_2026-10-02,False
PL3-0854,Cống Út Rồi,,,,,UNKNOWN,False,Giữ trống tọa độ để tránh tạo điểm giả; cần GIS kỹ thuật/khảo sát hoặc nguồn công bố trực tiếp.,PL3_2025_DongThap_old,4. PL3 - danh muc cong .pdf,GATE_MASTER_2026-10-02,False
PL3-0855,Cống Láng Chim,,,,,UNKNOWN,False,Giữ trống tọa độ để tránh tạo điểm giả; cần GIS kỹ thuật/khảo sát hoặc nguồn công bố trực tiếp.,PL3_2025_DongThap_old,4. PL3 - danh muc cong .pdf,GATE_MASTER_2026-10-02,False
PL3-0856,Cống Láng Chim,,,,,UNKNOWN,False,Giữ trống tọa độ để tránh tạo điểm giả; cần GIS kỹ thuật/khảo sát hoặc nguồn công bố trực tiếp.,PL3_2025_DongThap_old,4. PL3 - danh muc cong .pdf,GATE_MASTER_2026-10-02,False
PL3-0857,Cống Sáu Tài,,,,,UNKNOWN,False,Giữ trống tọa độ để tránh tạo điểm giả; cần GIS kỹ thuật/khảo sát hoặc nguồn công bố trực tiếp.,PL3_2025_DongThap_old,4. PL3 - danh muc cong .pdf,GATE_MASTER_2026-10-02,False
PL3-0858,Cống Bé Hai,,,,,UNKNOWN,False,Giữ trống tọa độ để tránh tạo điểm giả; cần GIS kỹ thuật/khảo sát hoặc nguồn công bố trực tiếp.,PL3_2025_DongThap_old,4. PL3 - danh muc cong .pdf,GATE_MASTER_2026-10-02,False
PL3-0859,Cống Voi Dàm,,,,,UNKNOWN,False,Giữ trống tọa độ để tránh tạo điểm giả; cần GIS kỹ thuật/khảo sát hoặc nguồn công bố trực tiếp.,PL3_2025_DongThap_old,4. PL3 - danh muc cong .pdf,GATE_MASTER_2026-10-02,False
PL3-0860,Cống 3 Ru,,,,,UNKNOWN,False,Giữ trống tọa độ để tránh tạo điểm giả; cần GIS kỹ thuật/khảo sát hoặc nguồn công bố trực tiếp.,PL3_2025_DongThap_old,4. PL3 - danh muc cong .pdf,GATE_MASTER_2026-10-02,False
PL3-0861,Cống Chín Phương,,,,,UNKNOWN,False,Giữ trống tọa độ để tránh tạo điểm giả; cần GIS kỹ thuật/khảo sát hoặc nguồn công bố trực tiếp.,PL3_2025_DongThap_old,4. PL3 - danh muc cong .pdf,GATE_MASTER_2026-10-02,False
PL3-0862,Cống Út Vuôl,,,,,UNKNOWN,False,Giữ trống tọa độ để tránh tạo điểm giả; cần GIS kỹ thuật/khảo sát hoặc nguồn công bố trực tiếp.,PL3_2025_DongThap_old,4. PL3 - danh muc cong .pdf,GATE_MASTER_2026-10-02,False
PL3-0863,Cống Cả Cái,,,,,UNKNOWN,False,Giữ trống tọa độ để tránh tạo điểm giả; cần GIS kỹ thuật/khảo sát hoặc nguồn công bố trực tiếp.,PL3_2025_DongThap_old,4. PL3 - danh muc cong .pdf,GATE_MASTER_2026-10-02,False
PL3-0864,Cống Rọc Sen,,,,,UNKNOWN,False,Giữ trống tọa độ để tránh tạo điểm giả; cần GIS kỹ thuật/khảo sát hoặc nguồn công bố trực tiếp.,PL3_2025_DongThap_old,4. PL3 - danh muc cong .pdf,GATE_MASTER_2026-10-02,False
PL3-0865,Cống Thanh Vân,,,,,UNKNOWN,False,Giữ trống tọa độ để tránh tạo điểm giả; cần GIS kỹ thuật/khảo sát hoặc nguồn công bố trực tiếp.,PL3_2025_DongThap_old,4. PL3 - danh muc cong .pdf,GATE_MASTER_2026-10-02,False
PL3-0866,Cống Ông Lợi (Khiêm),,,,,UNKNOWN,False,Giữ trống tọa độ để tránh tạo điểm giả; cần GIS kỹ thuật/khảo sát hoặc nguồn công bố trực tiếp.,PL3_2025_DongThap_old,4. PL3 - danh muc cong .pdf,GATE_MASTER_2026-10-02,False
PL3-0867,Cống Ông Châu (8 Ú),,,,,UNKNOWN,False,Giữ trống tọa độ để tránh tạo điểm giả; cần GIS kỹ thuật/khảo sát hoặc nguồn công bố trực tiếp.,PL3_2025_DongThap_old,4. PL3 - danh muc cong .pdf,GATE_MASTER_2026-10-02,False
PL3-0868,Cống Thanh Vân,,,,,UNKNOWN,False,Giữ trống tọa độ để tránh tạo điểm giả; cần GIS kỹ thuật/khảo sát hoặc nguồn công bố trực tiếp.,PL3_2025_DongThap_old,4. PL3 - danh muc cong .pdf,GATE_MASTER_2026-10-02,False
PL3-0869,Cống Ông Lèm(Thanh Vân),,,,,UNKNOWN,False,Giữ trống tọa độ để tránh tạo điểm giả; cần GIS kỹ thuật/khảo sát hoặc nguồn công bố trực tiếp.,PL3_2025_DongThap_old,4. PL3 - danh muc cong .pdf,GATE_MASTER_2026-10-02,False
PL3-0870,Cống Sáu Thọ (Dũng Em),,,,,UNKNOWN,False,Giữ trống tọa độ để tránh tạo điểm giả; cần GIS kỹ thuật/khảo sát hoặc nguồn công bố trực tiếp.,PL3_2025_DongThap_old,4. PL3 - danh muc cong .pdf,GATE_MASTER_2026-10-02,False
PL3-0871,Cống Sáu Thọ (Dũng Em),,,,,UNKNOWN,False,Giữ trống tọa độ để tránh tạo điểm giả; cần GIS kỹ thuật/khảo sát hoặc nguồn công bố trực tiếp.,PL3_2025_DongThap_old,4. PL3 - danh muc cong .pdf,GATE_MASTER_2026-10-02,False
PL3-0872,Cống Sáu Thọ (Dũng Em),,,,,UNKNOWN,False,Giữ trống tọa độ để tránh tạo điểm giả; cần GIS kỹ thuật/khảo sát hoặc nguồn công bố trực tiếp.,PL3_2025_DongThap_old,4. PL3 - danh muc cong .pdf,GATE_MASTER_2026-10-02,False
PL3-0873,Cống Ông Hoàng,,,,,UNKNOWN,False,Giữ trống tọa độ để tránh tạo điểm giả; cần GIS kỹ thuật/khảo sát hoặc nguồn công bố trực tiếp.,PL3_2025_DongThap_old,4. PL3 - danh muc cong .pdf,GATE_MASTER_2026-10-02,False
PL3-0874,Cống Ngọn Cả Môn,,,,,UNKNOWN,False,Giữ trống tọa độ để tránh tạo điểm giả; cần GIS kỹ thuật/khảo sát hoặc nguồn công bố trực tiếp.,PL3_2025_DongThap_old,4. PL3 - danh muc cong .pdf,GATE_MASTER_2026-10-02,False
PL3-0875,Cống Ngọn Cả Cái,,,,,UNKNOWN,False,Giữ trống tọa độ để tránh tạo điểm giả; cần GIS kỹ thuật/khảo sát hoặc nguồn công bố trực tiếp.,PL3_2025_DongThap_old,4. PL3 - danh muc cong .pdf,GATE_MASTER_2026-10-02,False
PL3-0876,Cống Ông Tùng,,,,,UNKNOWN,False,Giữ trống tọa độ để tránh tạo điểm giả; cần GIS kỹ thuật/khảo sát hoặc nguồn công bố trực tiếp.,PL3_2025_DongThap_old,4. PL3 - danh muc cong .pdf,GATE_MASTER_2026-10-02,False
PL3-0877,Cống Rọc Sen,,,,,UNKNOWN,False,Giữ trống tọa độ để tránh tạo điểm giả; cần GIS kỹ thuật/khảo sát hoặc nguồn công bố trực tiếp.,PL3_2025_DongThap_old,4. PL3 - danh muc cong .pdf,GATE_MASTER_2026-10-02,False
PL3-0878,Cống Ông Khao,,,,,UNKNOWN,False,Giữ trống tọa độ để tránh tạo điểm giả; cần GIS kỹ thuật/khảo sát hoặc nguồn công bố trực tiếp.,PL3_2025_DongThap_old,4. PL3 - danh muc cong .pdf,GATE_MASTER_2026-10-02,False
PL3-0879,Cống Ông Dũng,,,,,UNKNOWN,False,Giữ trống tọa độ để tránh tạo điểm giả; cần GIS kỹ thuật/khảo sát hoặc nguồn công bố trực tiếp.,PL3_2025_DongThap_old,4. PL3 - danh muc cong .pdf,GATE_MASTER_2026-10-02,False
PL3-0880,Cống Ông Trãy,,,,,UNKNOWN,False,Giữ trống tọa độ để tránh tạo điểm giả; cần GIS kỹ thuật/khảo sát hoặc nguồn công bố trực tiếp.,PL3_2025_DongThap_old,4. PL3 - danh muc cong .pdf,GATE_MASTER_2026-10-02,False
PL3-0881,Cống số 1 Ông Sắn,,,,,UNKNOWN,False,Giữ trống tọa độ để tránh tạo điểm giả; cần GIS kỹ thuật/khảo sát hoặc nguồn công bố trực tiếp.,PL3_2025_DongThap_old,4. PL3 - danh muc cong .pdf,GATE_MASTER_2026-10-02,False
PL3-0882,Cống ông Út,,,,,UNKNOWN,False,Giữ trống tọa độ để tránh tạo điểm giả; cần GIS kỹ thuật/khảo sát hoặc nguồn công bố trực tiếp.,PL3_2025_DongThap_old,4. PL3 - danh muc cong .pdf,GATE_MASTER_2026-10-02,False
PL3-0883,Cống Sẻo Huỳnh Tây,,,,,UNKNOWN,False,Giữ trống tọa độ để tránh tạo điểm giả; cần GIS kỹ thuật/khảo sát hoặc nguồn công bố trực tiếp.,PL3_2025_DongThap_old,4. PL3 - danh muc cong .pdf,GATE_MASTER_2026-10-02,False
PL3-0884,Cống Ông Khanh,,,,,UNKNOWN,False,Giữ trống tọa độ để tránh tạo điểm giả; cần GIS kỹ thuật/khảo sát hoặc nguồn công bố trực tiếp.,PL3_2025_DongThap_old,4. PL3 - danh muc cong .pdf,GATE_MASTER_2026-10-02,False
PL3-0885,Cống Hai Luyện,,,,,UNKNOWN,False,Giữ trống tọa độ để tránh tạo điểm giả; cần GIS kỹ thuật/khảo sát hoặc nguồn công bố trực tiếp.,PL3_2025_DongThap_old,4. PL3 - danh muc cong .pdf,GATE_MASTER_2026-10-02,False
PL3-0886,Cống Út Thinh,,,,,UNKNOWN,False,Giữ trống tọa độ để tránh tạo điểm giả; cần GIS kỹ thuật/khảo sát hoặc nguồn công bố trực tiếp.,PL3_2025_DongThap_old,4. PL3 - danh muc cong .pdf,GATE_MASTER_2026-10-02,False
PL3-0887,Cống Tư Hữu,,,,,UNKNOWN,False,Giữ trống tọa độ để tránh tạo điểm giả; cần GIS kỹ thuật/khảo sát hoặc nguồn công bố trực tiếp.,PL3_2025_DongThap_old,4. PL3 - danh muc cong .pdf,GATE_MASTER_2026-10-02,False
PL3-0888,Cống Tư Ne,,,,,UNKNOWN,False,Giữ trống tọa độ để tránh tạo điểm giả; cần GIS kỹ thuật/khảo sát hoặc nguồn công bố trực tiếp.,PL3_2025_DongThap_old,4. PL3 - danh muc cong .pdf,GATE_MASTER_2026-10-02,False
PL3-0889,Cống Tuỷ (Hai Cạ),,,,,UNKNOWN,False,Giữ trống tọa độ để tránh tạo điểm giả; cần GIS kỹ thuật/khảo sát hoặc nguồn công bố trực tiếp.,PL3_2025_DongThap_old,4. PL3 - danh muc cong .pdf,GATE_MASTER_2026-10-02,False
PL3-0890,Cống Ông Tám Quốc (Ríp),,,,,UNKNOWN,False,Giữ trống tọa độ để tránh tạo điểm giả; cần GIS kỹ thuật/khảo sát hoặc nguồn công bố trực tiếp.,PL3_2025_DongThap_old,4. PL3 - danh muc cong .pdf,GATE_MASTER_2026-10-02,False
PL3-0891,Cống Sẻo Huỳnh Đông,,,,,UNKNOWN,False,Giữ trống tọa độ để tránh tạo điểm giả; cần GIS kỹ thuật/khảo sát hoặc nguồn công bố trực tiếp.,PL3_2025_DongThap_old,4. PL3 - danh muc cong .pdf,GATE_MASTER_2026-10-02,False
PL3-0892,Cống Bào Hỗ,,,,,UNKNOWN,False,Giữ trống tọa độ để tránh tạo điểm giả; cần GIS kỹ thuật/khảo sát hoặc nguồn công bố trực tiếp.,PL3_2025_DongThap_old,4. PL3 - danh muc cong .pdf,GATE_MASTER_2026-10-02,False
PL3-0893,Cống Thị Hồ,,,,,UNKNOWN,False,Giữ trống tọa độ để tránh tạo điểm giả; cần GIS kỹ thuật/khảo sát hoặc nguồn công bố trực tiếp.,PL3_2025_DongThap_old,4. PL3 - danh muc cong .pdf,GATE_MASTER_2026-10-02,False
PL3-0894,Cống số 1,,,,,UNKNOWN,False,Giữ trống tọa độ để tránh tạo điểm giả; cần GIS kỹ thuật/khảo sát hoặc nguồn công bố trực tiếp.,PL3_2025_DongThap_old,4. PL3 - danh muc cong .pdf,GATE_MASTER_2026-10-02,False
PL3-0895,Cống Láng Le Le,,,,,UNKNOWN,False,Giữ trống tọa độ để tránh tạo điểm giả; cần GIS kỹ thuật/khảo sát hoặc nguồn công bố trực tiếp.,PL3_2025_DongThap_old,4. PL3 - danh muc cong .pdf,GATE_MASTER_2026-10-02,False
PL3-0896,Cống số 3,,,,,UNKNOWN,False,Giữ trống tọa độ để tránh tạo điểm giả; cần GIS kỹ thuật/khảo sát hoặc nguồn công bố trực tiếp.,PL3_2025_DongThap_old,4. PL3 - danh muc cong .pdf,GATE_MASTER_2026-10-02,False
PL3-0897,Cống số 4,,,,,UNKNOWN,False,Giữ trống tọa độ để tránh tạo điểm giả; cần GIS kỹ thuật/khảo sát hoặc nguồn công bố trực tiếp.,PL3_2025_DongThap_old,4. PL3 - danh muc cong .pdf,GATE_MASTER_2026-10-02,False
PL3-0898,Cống số 5,,,,,UNKNOWN,False,Giữ trống tọa độ để tránh tạo điểm giả; cần GIS kỹ thuật/khảo sát hoặc nguồn công bố trực tiếp.,PL3_2025_DongThap_old,4. PL3 - danh muc cong .pdf,GATE_MASTER_2026-10-02,False
PL3-0899,Cống Ụ 20,,,,,UNKNOWN,False,Giữ trống tọa độ để tránh tạo điểm giả; cần GIS kỹ thuật/khảo sát hoặc nguồn công bố trực tiếp.,PL3_2025_DongThap_old,4. PL3 - danh muc cong .pdf,GATE_MASTER_2026-10-02,False
PL3-0900,Cống 3 Thước,,,,,UNKNOWN,False,Giữ trống tọa độ để tránh tạo điểm giả; cần GIS kỹ thuật/khảo sát hoặc nguồn công bố trực tiếp.,PL3_2025_DongThap_old,4. PL3 - danh muc cong .pdf,GATE_MASTER_2026-10-02,False
PL3-0901,Cống Bắc Dầu Tây,,,,,UNKNOWN,False,Giữ trống tọa độ để tránh tạo điểm giả; cần GIS kỹ thuật/khảo sát hoặc nguồn công bố trực tiếp.,PL3_2025_DongThap_old,4. PL3 - danh muc cong .pdf,GATE_MASTER_2026-10-02,False
PL3-0902,Cống Công An,,,,,UNKNOWN,False,Giữ trống tọa độ để tránh tạo điểm giả; cần GIS kỹ thuật/khảo sát hoặc nguồn công bố trực tiếp.,PL3_2025_DongThap_old,4. PL3 - danh muc cong .pdf,GATE_MASTER_2026-10-02,False
PL3-0903,Cống Sáu Tây,,,,,UNKNOWN,False,Giữ trống tọa độ để tránh tạo điểm giả; cần GIS kỹ thuật/khảo sát hoặc nguồn công bố trực tiếp.,PL3_2025_DongThap_old,4. PL3 - danh muc cong .pdf,GATE_MASTER_2026-10-02,False
PL3-0904,Cống Tư Tịnh,,,,,UNKNOWN,False,Giữ trống tọa độ để tránh tạo điểm giả; cần GIS kỹ thuật/khảo sát hoặc nguồn công bố trực tiếp.,PL3_2025_DongThap_old,4. PL3 - danh muc cong .pdf,GATE_MASTER_2026-10-02,False
PL3-0905,Cống Thành Quắn,,,,,UNKNOWN,False,Giữ trống tọa độ để tránh tạo điểm giả; cần GIS kỹ thuật/khảo sát hoặc nguồn công bố trực tiếp.,PL3_2025_DongThap_old,4. PL3 - danh muc cong .pdf,GATE_MASTER_2026-10-02,False
PL3-0906,Cống HTX Phát Đạt,,,,,UNKNOWN,False,Giữ trống tọa độ để tránh tạo điểm giả; cần GIS kỹ thuật/khảo sát hoặc nguồn công bố trực tiếp.,PL3_2025_DongThap_old,4. PL3 - danh muc cong .pdf,GATE_MASTER_2026-10-02,False
PL3-0907,Cống Năm An,,,,,UNKNOWN,False,Giữ trống tọa độ để tránh tạo điểm giả; cần GIS kỹ thuật/khảo sát hoặc nguồn công bố trực tiếp.,PL3_2025_DongThap_old,4. PL3 - danh muc cong .pdf,GATE_MASTER_2026-10-02,False
PL3-0908,Cống Hai Ngộ (Hai Ân),,,,,UNKNOWN,False,Giữ trống tọa độ để tránh tạo điểm giả; cần GIS kỹ thuật/khảo sát hoặc nguồn công bố trực tiếp.,PL3_2025_DongThap_old,4. PL3 - danh muc cong .pdf,GATE_MASTER_2026-10-02,False
PL3-0909,Cống Tám Hạnh,,,,,UNKNOWN,False,Giữ trống tọa độ để tránh tạo điểm giả; cần GIS kỹ thuật/khảo sát hoặc nguồn công bố trực tiếp.,PL3_2025_DongThap_old,4. PL3 - danh muc cong .pdf,GATE_MASTER_2026-10-02,False
PL3-0910,Cống Mười Đức,,,,,UNKNOWN,False,Giữ trống tọa độ để tránh tạo điểm giả; cần GIS kỹ thuật/khảo sát hoặc nguồn công bố trực tiếp.,PL3_2025_DongThap_old,4. PL3 - danh muc cong .pdf,GATE_MASTER_2026-10-02,False
PL3-0911,Cống Bảy Nhanh,,,,,UNKNOWN,False,Giữ trống tọa độ để tránh tạo điểm giả; cần GIS kỹ thuật/khảo sát hoặc nguồn công bố trực tiếp.,PL3_2025_DongThap_old,4. PL3 - danh muc cong .pdf,GATE_MASTER_2026-10-02,False
PL3-0912,Cống số 1,,,,,UNKNOWN,False,Giữ trống tọa độ để tránh tạo điểm giả; cần GIS kỹ thuật/khảo sát hoặc nguồn công bố trực tiếp.,PL3_2025_DongThap_old,4. PL3 - danh muc cong .pdf,GATE_MASTER_2026-10-02,False
PL3-0913,Cồng Hai Kiềng,,,,,UNKNOWN,False,Giữ trống tọa độ để tránh tạo điểm giả; cần GIS kỹ thuật/khảo sát hoặc nguồn công bố trực tiếp.,PL3_2025_DongThap_old,4. PL3 - danh muc cong .pdf,GATE_MASTER_2026-10-02,False
PL3-0914,Cống số 2,,,,,UNKNOWN,False,Giữ trống tọa độ để tránh tạo điểm giả; cần GIS kỹ thuật/khảo sát hoặc nguồn công bố trực tiếp.,PL3_2025_DongThap_old,4. PL3 - danh muc cong .pdf,GATE_MASTER_2026-10-02,False
PL3-0915,Cống số 3,,,,,UNKNOWN,False,Giữ trống tọa độ để tránh tạo điểm giả; cần GIS kỹ thuật/khảo sát hoặc nguồn công bố trực tiếp.,PL3_2025_DongThap_old,4. PL3 - danh muc cong .pdf,GATE_MASTER_2026-10-02,False
PL3-0916,Cống Ông Nhã,,,,,UNKNOWN,False,Giữ trống tọa độ để tránh tạo điểm giả; cần GIS kỹ thuật/khảo sát hoặc nguồn công bố trực tiếp.,PL3_2025_DongThap_old,4. PL3 - danh muc cong .pdf,GATE_MASTER_2026-10-02,False
PL3-0917,Cống Ông Huy,,,,,UNKNOWN,False,Giữ trống tọa độ để tránh tạo điểm giả; cần GIS kỹ thuật/khảo sát hoặc nguồn công bố trực tiếp.,PL3_2025_DongThap_old,4. PL3 - danh muc cong .pdf,GATE_MASTER_2026-10-02,False
PL3-0918,Cống Ông Phược,,,,,UNKNOWN,False,Giữ trống tọa độ để tránh tạo điểm giả; cần GIS kỹ thuật/khảo sát hoặc nguồn công bố trực tiếp.,PL3_2025_DongThap_old,4. PL3 - danh muc cong .pdf,GATE_MASTER_2026-10-02,False
PL3-0919,Cống Ông Phược,,,,,UNKNOWN,False,Giữ trống tọa độ để tránh tạo điểm giả; cần GIS kỹ thuật/khảo sát hoặc nguồn công bố trực tiếp.,PL3_2025_DongThap_old,4. PL3 - danh muc cong .pdf,GATE_MASTER_2026-10-02,False
PL3-0920,Cống Mười Ron,,,,,UNKNOWN,False,Giữ trống tọa độ để tránh tạo điểm giả; cần GIS kỹ thuật/khảo sát hoặc nguồn công bố trực tiếp.,PL3_2025_DongThap_old,4. PL3 - danh muc cong .pdf,GATE_MASTER_2026-10-02,False
PL3-0921,Cống ông Tịnh,,,,,UNKNOWN,False,Giữ trống tọa độ để tránh tạo điểm giả; cần GIS kỹ thuật/khảo sát hoặc nguồn công bố trực tiếp.,PL3_2025_DongThap_old,4. PL3 - danh muc cong .pdf,GATE_MASTER_2026-10-02,False
PL3-0922,Cống Ông Tịnh,,,,,UNKNOWN,False,Giữ trống tọa độ để tránh tạo điểm giả; cần GIS kỹ thuật/khảo sát hoặc nguồn công bố trực tiếp.,PL3_2025_DongThap_old,4. PL3 - danh muc cong .pdf,GATE_MASTER_2026-10-02,False
PL3-0923,Cống Bắc Dầu Đông,,,,,UNKNOWN,False,Giữ trống tọa độ để tránh tạo điểm giả; cần GIS kỹ thuật/khảo sát hoặc nguồn công bố trực tiếp.,PL3_2025_DongThap_old,4. PL3 - danh muc cong .pdf,GATE_MASTER_2026-10-02,False
PL3-0924,Cống Ranh TM-BT,,,,,UNKNOWN,False,Giữ trống tọa độ để tránh tạo điểm giả; cần GIS kỹ thuật/khảo sát hoặc nguồn công bố trực tiếp.,PL3_2025_DongThap_old,4. PL3 - danh muc cong .pdf,GATE_MASTER_2026-10-02,False
PL3-0925,Cống Mười Kiệp,,,,,UNKNOWN,False,Giữ trống tọa độ để tránh tạo điểm giả; cần GIS kỹ thuật/khảo sát hoặc nguồn công bố trực tiếp.,PL3_2025_DongThap_old,4. PL3 - danh muc cong .pdf,GATE_MASTER_2026-10-02,False
PL3-0926,Cống Ông Kết,,,,,UNKNOWN,False,Giữ trống tọa độ để tránh tạo điểm giả; cần GIS kỹ thuật/khảo sát hoặc nguồn công bố trực tiếp.,PL3_2025_DongThap_old,4. PL3 - danh muc cong .pdf,GATE_MASTER_2026-10-02,False
PL3-0927,Cống Sáu Vinh,,,,,UNKNOWN,False,Giữ trống tọa độ để tránh tạo điểm giả; cần GIS kỹ thuật/khảo sát hoặc nguồn công bố trực tiếp.,PL3_2025_DongThap_old,4. PL3 - danh muc cong .pdf,GATE_MASTER_2026-10-02,False
PL3-0928,Cống Tám Bo,,,,,UNKNOWN,False,Giữ trống tọa độ để tránh tạo điểm giả; cần GIS kỹ thuật/khảo sát hoặc nguồn công bố trực tiếp.,PL3_2025_DongThap_old,4. PL3 - danh muc cong .pdf,GATE_MASTER_2026-10-02,False
PL3-0929,Cống Số 3.,,,,,UNKNOWN,False,Giữ trống tọa độ để tránh tạo điểm giả; cần GIS kỹ thuật/khảo sát hoặc nguồn công bố trực tiếp.,PL3_2025_DongThap_old,4. PL3 - danh muc cong .pdf,GATE_MASTER_2026-10-02,False
PL3-0930,Cái Tre THT số 1 (Bùi Văn Đơ),,,,,UNKNOWN,False,Giữ trống tọa độ để tránh tạo điểm giả; cần GIS kỹ thuật/khảo sát hoặc nguồn công bố trực tiếp.,PL3_2025_DongThap_old,4. PL3 - danh muc cong .pdf,GATE_MASTER_2026-10-02,False
PL3-0931,Cống THT số 1 ( Trần văn kết),,,,,UNKNOWN,False,Giữ trống tọa độ để tránh tạo điểm giả; cần GIS kỹ thuật/khảo sát hoặc nguồn công bố trực tiếp.,PL3_2025_DongThap_old,4. PL3 - danh muc cong .pdf,GATE_MASTER_2026-10-02,False
PL3-0932,Cống THT số 1 (Nhà 5 trúng),,,,,UNKNOWN,False,Giữ trống tọa độ để tránh tạo điểm giả; cần GIS kỹ thuật/khảo sát hoặc nguồn công bố trực tiếp.,PL3_2025_DongThap_old,4. PL3 - danh muc cong .pdf,GATE_MASTER_2026-10-02,False
PL3-0933,Cống THT số 1 (Nhà Hùng Đinh),,,,,UNKNOWN,False,Giữ trống tọa độ để tránh tạo điểm giả; cần GIS kỹ thuật/khảo sát hoặc nguồn công bố trực tiếp.,PL3_2025_DongThap_old,4. PL3 - danh muc cong .pdf,GATE_MASTER_2026-10-02,False
PL3-0934,Cống THT số 1 (Miễu Bà),,,,,UNKNOWN,False,Giữ trống tọa độ để tránh tạo điểm giả; cần GIS kỹ thuật/khảo sát hoặc nguồn công bố trực tiếp.,PL3_2025_DongThap_old,4. PL3 - danh muc cong .pdf,GATE_MASTER_2026-10-02,False
PL3-0935,Cống THT số 1 (nhà 2 Ẩn kênh phèn),,,,,UNKNOWN,False,Giữ trống tọa độ để tránh tạo điểm giả; cần GIS kỹ thuật/khảo sát hoặc nguồn công bố trực tiếp.,PL3_2025_DongThap_old,4. PL3 - danh muc cong .pdf,GATE_MASTER_2026-10-02,False
PL3-0936,Cống THT số 1 (Sáu Sơn),,,,,UNKNOWN,False,Giữ trống tọa độ để tránh tạo điểm giả; cần GIS kỹ thuật/khảo sát hoặc nguồn công bố trực tiếp.,PL3_2025_DongThap_old,4. PL3 - danh muc cong .pdf,GATE_MASTER_2026-10-02,False
PL3-0937,Cống THT số 1 (Bà Năm),,,,,UNKNOWN,False,Giữ trống tọa độ để tránh tạo điểm giả; cần GIS kỹ thuật/khảo sát hoặc nguồn công bố trực tiếp.,PL3_2025_DongThap_old,4. PL3 - danh muc cong .pdf,GATE_MASTER_2026-10-02,False
PL3-0938,Cống THT số 2 (Nhà ông Minh),,,,,UNKNOWN,False,Giữ trống tọa độ để tránh tạo điểm giả; cần GIS kỹ thuật/khảo sát hoặc nguồn công bố trực tiếp.,PL3_2025_DongThap_old,4. PL3 - danh muc cong .pdf,GATE_MASTER_2026-10-02,False
PL3-0939,Cống THT số 2 ( Nhà ông 3 Rở),,,,,UNKNOWN,False,Giữ trống tọa độ để tránh tạo điểm giả; cần GIS kỹ thuật/khảo sát hoặc nguồn công bố trực tiếp.,PL3_2025_DongThap_old,4. PL3 - danh muc cong .pdf,GATE_MASTER_2026-10-02,False
PL3-0940,Cống THT số 2 ( Nhà ông Rẫy),,,,,UNKNOWN,False,Giữ trống tọa độ để tránh tạo điểm giả; cần GIS kỹ thuật/khảo sát hoặc nguồn công bố trực tiếp.,PL3_2025_DongThap_old,4. PL3 - danh muc cong .pdf,GATE_MASTER_2026-10-02,False
PL3-0941,Cống THT số 2 (Nhà ông Tân),,,,,UNKNOWN,False,Giữ trống tọa độ để tránh tạo điểm giả; cần GIS kỹ thuật/khảo sát hoặc nguồn công bố trực tiếp.,PL3_2025_DongThap_old,4. PL3 - danh muc cong .pdf,GATE_MASTER_2026-10-02,False
PL3-0942,Cống THT số 9 (Bắc Dầu ),,,,,UNKNOWN,False,Giữ trống tọa độ để tránh tạo điểm giả; cần GIS kỹ thuật/khảo sát hoặc nguồn công bố trực tiếp.,PL3_2025_DongThap_old,4. PL3 - danh muc cong .pdf,GATE_MASTER_2026-10-02,False
PL3-0943,Cống THT số 4 (Nhà ông 5 Nhỏ),,,,,UNKNOWN,False,Giữ trống tọa độ để tránh tạo điểm giả; cần GIS kỹ thuật/khảo sát hoặc nguồn công bố trực tiếp.,PL3_2025_DongThap_old,4. PL3 - danh muc cong .pdf,GATE_MASTER_2026-10-02,False
PL3-0944,Cống THT số 4 (Nhà ông Tâm),,,,,UNKNOWN,False,Giữ trống tọa độ để tránh tạo điểm giả; cần GIS kỹ thuật/khảo sát hoặc nguồn công bố trực tiếp.,PL3_2025_DongThap_old,4. PL3 - danh muc cong .pdf,GATE_MASTER_2026-10-02,False
PL3-0945,Cống THT số 4 (Nhà ông 6 Thêm),,,,,UNKNOWN,False,Giữ trống tọa độ để tránh tạo điểm giả; cần GIS kỹ thuật/khảo sát hoặc nguồn công bố trực tiếp.,PL3_2025_DongThap_old,4. PL3 - danh muc cong .pdf,GATE_MASTER_2026-10-02,False
PL3-0946,Cống THT số 4 (Nhà ông Cường),,,,,UNKNOWN,False,Giữ trống tọa độ để tránh tạo điểm giả; cần GIS kỹ thuật/khảo sát hoặc nguồn công bố trực tiếp.,PL3_2025_DongThap_old,4. PL3 - danh muc cong .pdf,GATE_MASTER_2026-10-02,False
PL3-0947,Cống THT số 10 (Nhà ông Sơn),,,,,UNKNOWN,False,Giữ trống tọa độ để tránh tạo điểm giả; cần GIS kỹ thuật/khảo sát hoặc nguồn công bố trực tiếp.,PL3_2025_DongThap_old,4. PL3 - danh muc cong .pdf,GATE_MASTER_2026-10-02,False
PL3-0948,Cống Đội số 5 (THT số 11) HTX (Nhà ông Út Dót),,,,,UNKNOWN,False,Giữ trống tọa độ để tránh tạo điểm giả; cần GIS kỹ thuật/khảo sát hoặc nguồn công bố trực tiếp.,PL3_2025_DongThap_old,4. PL3 - danh muc cong .pdf,GATE_MASTER_2026-10-02,False
PL3-0949,Cống Đội số 5 (THT số 11) HTX (Nhà ông 4 Bo),,,,,UNKNOWN,False,Giữ trống tọa độ để tránh tạo điểm giả; cần GIS kỹ thuật/khảo sát hoặc nguồn công bố trực tiếp.,PL3_2025_DongThap_old,4. PL3 - danh muc cong .pdf,GATE_MASTER_2026-10-02,False
PL3-0950,Cống Đội số 4 (THT số 6) HTX (Văn phòng ấp 2),,,,,UNKNOWN,False,Giữ trống tọa độ để tránh tạo điểm giả; cần GIS kỹ thuật/khảo sát hoặc nguồn công bố trực tiếp.,PL3_2025_DongThap_old,4. PL3 - danh muc cong .pdf,GATE_MASTER_2026-10-02,False
PL3-0951,Cống Đội số 4 (THT số 6) HTX (Nhà ông Cảnh),,,,,UNKNOWN,False,Giữ trống tọa độ để tránh tạo điểm giả; cần GIS kỹ thuật/khảo sát hoặc nguồn công bố trực tiếp.,PL3_2025_DongThap_old,4. PL3 - danh muc cong .pdf,GATE_MASTER_2026-10-02,False
PL3-0952,Cống Đội số 4 (THT số 6) HTX (Nhà ông Hùng),,,,,UNKNOWN,False,Giữ trống tọa độ để tránh tạo điểm giả; cần GIS kỹ thuật/khảo sát hoặc nguồn công bố trực tiếp.,PL3_2025_DongThap_old,4. PL3 - danh muc cong .pdf,GATE_MASTER_2026-10-02,False
PL3-0953,Cống Đội số 4 (THT số 6) HTX (Nhà ông Tiến),,,,,UNKNOWN,False,Giữ trống tọa độ để tránh tạo điểm giả; cần GIS kỹ thuật/khảo sát hoặc nguồn công bố trực tiếp.,PL3_2025_DongThap_old,4. PL3 - danh muc cong .pdf,GATE_MASTER_2026-10-02,False
PL3-0954,Cống Đội số 4 (THT số 6) HTX (Nhà ông 2 Dữ),,,,,UNKNOWN,False,Giữ trống tọa độ để tránh tạo điểm giả; cần GIS kỹ thuật/khảo sát hoặc nguồn công bố trực tiếp.,PL3_2025_DongThap_old,4. PL3 - danh muc cong .pdf,GATE_MASTER_2026-10-02,False
PL3-0955,Cống HTX. Bình Minh ( Nhà ông 4 Tỏ),,,,,UNKNOWN,False,Giữ trống tọa độ để tránh tạo điểm giả; cần GIS kỹ thuật/khảo sát hoặc nguồn công bố trực tiếp.,PL3_2025_DongThap_old,4. PL3 - danh muc cong .pdf,GATE_MASTER_2026-10-02,False
PL3-0956,Cống HTX. Bình Minh ( Nhà ông Nô),,,,,UNKNOWN,False,Giữ trống tọa độ để tránh tạo điểm giả; cần GIS kỹ thuật/khảo sát hoặc nguồn công bố trực tiếp.,PL3_2025_DongThap_old,4. PL3 - danh muc cong .pdf,GATE_MASTER_2026-10-02,False
PL3-0957,Cống HTX. Bình Minh ( Nhà ông 9 Khuynh),,,,,UNKNOWN,False,Giữ trống tọa độ để tránh tạo điểm giả; cần GIS kỹ thuật/khảo sát hoặc nguồn công bố trực tiếp.,PL3_2025_DongThap_old,4. PL3 - danh muc cong .pdf,GATE_MASTER_2026-10-02,False
PL3-0958,Cống HTX. Bình Minh ( Nhà ông Ril),,,,,UNKNOWN,False,Giữ trống tọa độ để tránh tạo điểm giả; cần GIS kỹ thuật/khảo sát hoặc nguồn công bố trực tiếp.,PL3_2025_DongThap_old,4. PL3 - danh muc cong .pdf,GATE_MASTER_2026-10-02,False
PL3-0959,Cống HTX. Bình Minh ( 40 ha),,,,,UNKNOWN,False,Giữ trống tọa độ để tránh tạo điểm giả; cần GIS kỹ thuật/khảo sát hoặc nguồn công bố trực tiếp.,PL3_2025_DongThap_old,4. PL3 - danh muc cong .pdf,GATE_MASTER_2026-10-02,False
PL3-0960,Cống HTX. Bình Minh ( trạm bơm Bình Tấn 1),,,,,UNKNOWN,False,Giữ trống tọa độ để tránh tạo điểm giả; cần GIS kỹ thuật/khảo sát hoặc nguồn công bố trực tiếp.,PL3_2025_DongThap_old,4. PL3 - danh muc cong .pdf,GATE_MASTER_2026-10-02,False
PL3-0961,Cống Đội số 6 (THT số 12) HTX (khu di tích Bắc Dầu),,,,,UNKNOWN,False,Giữ trống tọa độ để tránh tạo điểm giả; cần GIS kỹ thuật/khảo sát hoặc nguồn công bố trực tiếp.,PL3_2025_DongThap_old,4. PL3 - danh muc cong .pdf,GATE_MASTER_2026-10-02,False
PL3-0962,Cống Đội số 6 (THT số 12) HTX (Nhà bà Phết),,,,,UNKNOWN,False,Giữ trống tọa độ để tránh tạo điểm giả; cần GIS kỹ thuật/khảo sát hoặc nguồn công bố trực tiếp.,PL3_2025_DongThap_old,4. PL3 - danh muc cong .pdf,GATE_MASTER_2026-10-02,False
PL3-0963,Cống Đội số 6 (THT số 12) HTX (Đường nước 2 Danh),,,,,UNKNOWN,False,Giữ trống tọa độ để tránh tạo điểm giả; cần GIS kỹ thuật/khảo sát hoặc nguồn công bố trực tiếp.,PL3_2025_DongThap_old,4. PL3 - danh muc cong .pdf,GATE_MASTER_2026-10-02,False
PL3-0964,Cống Đội số 6 (THT số 12) HTX (Đường nước ông Hùng),,,,,UNKNOWN,False,Giữ trống tọa độ để tránh tạo điểm giả; cần GIS kỹ thuật/khảo sát hoặc nguồn công bố trực tiếp.,PL3_2025_DongThap_old,4. PL3 - danh muc cong .pdf,GATE_MASTER_2026-10-02,False
PL3-0965,Cống Đội số 6 (THT số 12) HTX (Đường nước ông Lạ),,,,,UNKNOWN,False,Giữ trống tọa độ để tránh tạo điểm giả; cần GIS kỹ thuật/khảo sát hoặc nguồn công bố trực tiếp.,PL3_2025_DongThap_old,4. PL3 - danh muc cong .pdf,GATE_MASTER_2026-10-02,False
PL3-0966,Cống Đội số 6 (THT số 12) HTX (Đường nước ông Trung),,,,,UNKNOWN,False,Giữ trống tọa độ để tránh tạo điểm giả; cần GIS kỹ thuật/khảo sát hoặc nguồn công bố trực tiếp.,PL3_2025_DongThap_old,4. PL3 - danh muc cong .pdf,GATE_MASTER_2026-10-02,False
PL3-0967,Cống Đội số 6 (THT số 12) HTX (Đường nước bà 4 Cội),,,,,UNKNOWN,False,Giữ trống tọa độ để tránh tạo điểm giả; cần GIS kỹ thuật/khảo sát hoặc nguồn công bố trực tiếp.,PL3_2025_DongThap_old,4. PL3 - danh muc cong .pdf,GATE_MASTER_2026-10-02,False
PL3-0968,Cống Đội số 6 (THT số 12) HTX (Đường nước ông 5 Thanh),,,,,UNKNOWN,False,Giữ trống tọa độ để tránh tạo điểm giả; cần GIS kỹ thuật/khảo sát hoặc nguồn công bố trực tiếp.,PL3_2025_DongThap_old,4. PL3 - danh muc cong .pdf,GATE_MASTER_2026-10-02,False
PL3-0969,Cống THT số 8 (Đường nước ông Chín),,,,,UNKNOWN,False,Giữ trống tọa độ để tránh tạo điểm giả; cần GIS kỹ thuật/khảo sát hoặc nguồn công bố trực tiếp.,PL3_2025_DongThap_old,4. PL3 - danh muc cong .pdf,GATE_MASTER_2026-10-02,False
PL3-0970,Cống THT số 16 (Nhà ông Thắng),,,,,UNKNOWN,False,Giữ trống tọa độ để tránh tạo điểm giả; cần GIS kỹ thuật/khảo sát hoặc nguồn công bố trực tiếp.,PL3_2025_DongThap_old,4. PL3 - danh muc cong .pdf,GATE_MASTER_2026-10-02,False
PL3-0971,Cống THT số 16 (Đường nước ông Danh),,,,,UNKNOWN,False,Giữ trống tọa độ để tránh tạo điểm giả; cần GIS kỹ thuật/khảo sát hoặc nguồn công bố trực tiếp.,PL3_2025_DongThap_old,4. PL3 - danh muc cong .pdf,GATE_MASTER_2026-10-02,False
PL3-0972,Cống THT số 16 (Đường nước ông Hồng),,,,,UNKNOWN,False,Giữ trống tọa độ để tránh tạo điểm giả; cần GIS kỹ thuật/khảo sát hoặc nguồn công bố trực tiếp.,PL3_2025_DongThap_old,4. PL3 - danh muc cong .pdf,GATE_MASTER_2026-10-02,False
PL3-0973,Cống Bà Sửu,,,,,UNKNOWN,False,Giữ trống tọa độ để tránh tạo điểm giả; cần GIS kỹ thuật/khảo sát hoặc nguồn công bố trực tiếp.,PL3_2025_DongThap_old,4. PL3 - danh muc cong .pdf,GATE_MASTER_2026-10-02,False
PL3-0974,Cống Tây kênh An Long 2 (ĐN ông Mẫm),,,,,UNKNOWN,False,Giữ trống tọa độ để tránh tạo điểm giả; cần GIS kỹ thuật/khảo sát hoặc nguồn công bố trực tiếp.,PL3_2025_DongThap_old,4. PL3 - danh muc cong .pdf,GATE_MASTER_2026-10-02,False
PL3-0975,Cống hở bờ Tây kênh 2/9 (ĐN Út Vĩnh),,,,,UNKNOWN,False,Giữ trống tọa độ để tránh tạo điểm giả; cần GIS kỹ thuật/khảo sát hoặc nguồn công bố trực tiếp.,PL3_2025_DongThap_old,4. PL3 - danh muc cong .pdf,GATE_MASTER_2026-10-02,False
PL3-0976,Cống hở bờ Tây kênh 2/9 (ĐN Năm Cổng),,,,,UNKNOWN,False,Giữ trống tọa độ để tránh tạo điểm giả; cần GIS kỹ thuật/khảo sát hoặc nguồn công bố trực tiếp.,PL3_2025_DongThap_old,4. PL3 - danh muc cong .pdf,GATE_MASTER_2026-10-02,False
PL3-0977,Cống Đông kênh 2/9 (Ngọn Láng Chim),,,,,UNKNOWN,False,Giữ trống tọa độ để tránh tạo điểm giả; cần GIS kỹ thuật/khảo sát hoặc nguồn công bố trực tiếp.,PL3_2025_DongThap_old,4. PL3 - danh muc cong .pdf,GATE_MASTER_2026-10-02,False
PL3-0978,Cống Đông kênh An Long 2 (Ngọn Tượng),,,,,UNKNOWN,False,Giữ trống tọa độ để tránh tạo điểm giả; cần GIS kỹ thuật/khảo sát hoặc nguồn công bố trực tiếp.,PL3_2025_DongThap_old,4. PL3 - danh muc cong .pdf,GATE_MASTER_2026-10-02,False
PL3-0979,Cống hở Tây kênh 2/9 (đường cộ),,,,,UNKNOWN,False,Giữ trống tọa độ để tránh tạo điểm giả; cần GIS kỹ thuật/khảo sát hoặc nguồn công bố trực tiếp.,PL3_2025_DongThap_old,4. PL3 - danh muc cong .pdf,GATE_MASTER_2026-10-02,False
PL3-0980,Cống Tây kênh 2/9 (Ba Gấu),,,,,UNKNOWN,False,Giữ trống tọa độ để tránh tạo điểm giả; cần GIS kỹ thuật/khảo sát hoặc nguồn công bố trực tiếp.,PL3_2025_DongThap_old,4. PL3 - danh muc cong .pdf,GATE_MASTER_2026-10-02,False
PL3-0981,Cống kênh Cụt (ngang lộ 844),,,,,UNKNOWN,False,Giữ trống tọa độ để tránh tạo điểm giả; cần GIS kỹ thuật/khảo sát hoặc nguồn công bố trực tiếp.,PL3_2025_DongThap_old,4. PL3 - danh muc cong .pdf,GATE_MASTER_2026-10-02,False
PL3-0982,Cống tiểu vùng ranh K11-12,,,,,UNKNOWN,False,Giữ trống tọa độ để tránh tạo điểm giả; cần GIS kỹ thuật/khảo sát hoặc nguồn công bố trực tiếp.,PL3_2025_DongThap_old,4. PL3 - danh muc cong .pdf,GATE_MASTER_2026-10-02,False
PL3-0983,Cống Đông kênh Phú Hiệp (Phèn Chùa),,,,,UNKNOWN,False,Giữ trống tọa độ để tránh tạo điểm giả; cần GIS kỹ thuật/khảo sát hoặc nguồn công bố trực tiếp.,PL3_2025_DongThap_old,4. PL3 - danh muc cong .pdf,GATE_MASTER_2026-10-02,False
PL3-0984,Cống Đông kênh Phú Hiệp (Gò Quản Cung),,,,,UNKNOWN,False,Giữ trống tọa độ để tránh tạo điểm giả; cần GIS kỹ thuật/khảo sát hoặc nguồn công bố trực tiếp.,PL3_2025_DongThap_old,4. PL3 - danh muc cong .pdf,GATE_MASTER_2026-10-02,False
PL3-0985,Cống đầu kênh từ Thiện (Me Nước),,,,,UNKNOWN,False,Giữ trống tọa độ để tránh tạo điểm giả; cần GIS kỹ thuật/khảo sát hoặc nguồn công bố trực tiếp.,PL3_2025_DongThap_old,4. PL3 - danh muc cong .pdf,GATE_MASTER_2026-10-02,False
PL3-0986,Cống đầu kênh từ Thiện (ranh TN-TH),,,,,UNKNOWN,False,Giữ trống tọa độ để tránh tạo điểm giả; cần GIS kỹ thuật/khảo sát hoặc nguồn công bố trực tiếp.,PL3_2025_DongThap_old,4. PL3 - danh muc cong .pdf,GATE_MASTER_2026-10-02,False
PL3-0987,Cống bắc kênh An Bình (ranh PĐ-PH),,,,,UNKNOWN,False,Giữ trống tọa độ để tránh tạo điểm giả; cần GIS kỹ thuật/khảo sát hoặc nguồn công bố trực tiếp.,PL3_2025_DongThap_old,4. PL3 - danh muc cong .pdf,GATE_MASTER_2026-10-02,False
PL3-0988,Cống Đông kênh Phú Hiệp (ĐN 2 Cánh),,,,,UNKNOWN,False,Giữ trống tọa độ để tránh tạo điểm giả; cần GIS kỹ thuật/khảo sát hoặc nguồn công bố trực tiếp.,PL3_2025_DongThap_old,4. PL3 - danh muc cong .pdf,GATE_MASTER_2026-10-02,False
PL3-0989,Cống Đông kênh Phú Hiệp (ĐN Tám Sắc),,,,,UNKNOWN,False,Giữ trống tọa độ để tránh tạo điểm giả; cần GIS kỹ thuật/khảo sát hoặc nguồn công bố trực tiếp.,PL3_2025_DongThap_old,4. PL3 - danh muc cong .pdf,GATE_MASTER_2026-10-02,False
PL3-0990,Cống Đông rạch Ba Răng (Bàn Quỳ),,,,,UNKNOWN,False,Giữ trống tọa độ để tránh tạo điểm giả; cần GIS kỹ thuật/khảo sát hoặc nguồn công bố trực tiếp.,PL3_2025_DongThap_old,4. PL3 - danh muc cong .pdf,GATE_MASTER_2026-10-02,False
PL3-0991,Cống Đông kênh 2/9 (Qàn Quỳ),,,,,UNKNOWN,False,Giữ trống tọa độ để tránh tạo điểm giả; cần GIS kỹ thuật/khảo sát hoặc nguồn công bố trực tiếp.,PL3_2025_DongThap_old,4. PL3 - danh muc cong .pdf,GATE_MASTER_2026-10-02,False
PL3-0992,Cống Đông kênh 2/9 (Cả Mác),,,,,UNKNOWN,False,Giữ trống tọa độ để tránh tạo điểm giả; cần GIS kỹ thuật/khảo sát hoặc nguồn công bố trực tiếp.,PL3_2025_DongThap_old,4. PL3 - danh muc cong .pdf,GATE_MASTER_2026-10-02,False
PL3-0993,Cống bờ Đông kênh Phú Thành III (Út Hải),,,,,UNKNOWN,False,Giữ trống tọa độ để tránh tạo điểm giả; cần GIS kỹ thuật/khảo sát hoặc nguồn công bố trực tiếp.,PL3_2025_DongThap_old,4. PL3 - danh muc cong .pdf,GATE_MASTER_2026-10-02,False
PL3-0994,Cống bờ Tây kênh Tổng Đài (ĐN Hanh),,,,,UNKNOWN,False,Giữ trống tọa độ để tránh tạo điểm giả; cần GIS kỹ thuật/khảo sát hoặc nguồn công bố trực tiếp.,PL3_2025_DongThap_old,4. PL3 - danh muc cong .pdf,GATE_MASTER_2026-10-02,False
PL3-0995,Cống bờ Tây kênh Phèn,,,,,UNKNOWN,False,Giữ trống tọa độ để tránh tạo điểm giả; cần GIS kỹ thuật/khảo sát hoặc nguồn công bố trực tiếp.,PL3_2025_DongThap_old,4. PL3 - danh muc cong .pdf,GATE_MASTER_2026-10-02,False
PL3-0996,Cống Đông kênh Phú Thành 1 (ĐN số 3),,,,,UNKNOWN,False,Giữ trống tọa độ để tránh tạo điểm giả; cần GIS kỹ thuật/khảo sát hoặc nguồn công bố trực tiếp.,PL3_2025_DongThap_old,4. PL3 - danh muc cong .pdf,GATE_MASTER_2026-10-02,False
PL3-0997,Cống Đông kênh Phú Thành 1 (ĐN số 4),,,,,UNKNOWN,False,Giữ trống tọa độ để tránh tạo điểm giả; cần GIS kỹ thuật/khảo sát hoặc nguồn công bố trực tiếp.,PL3_2025_DongThap_old,4. PL3 - danh muc cong .pdf,GATE_MASTER_2026-10-02,False
PL3-0998,Cống Tây kênh Phú Thành 1 (Ngọn Cả Môn),,,,,UNKNOWN,False,Giữ trống tọa độ để tránh tạo điểm giả; cần GIS kỹ thuật/khảo sát hoặc nguồn công bố trực tiếp.,PL3_2025_DongThap_old,4. PL3 - danh muc cong .pdf,GATE_MASTER_2026-10-02,False
PL3-0999,Cống Tây kênh Phú Thành 1 (Ngọn Cả Nổ),,,,,UNKNOWN,False,Giữ trống tọa độ để tránh tạo điểm giả; cần GIS kỹ thuật/khảo sát hoặc nguồn công bố trực tiếp.,PL3_2025_DongThap_old,4. PL3 - danh muc cong .pdf,GATE_MASTER_2026-10-02,False
PL3-1000,Cống Tây kênh 1/5 (Ngọn Cả Nổ),,,,,UNKNOWN,False,Giữ trống tọa độ để tránh tạo điểm giả; cần GIS kỹ thuật/khảo sát hoặc nguồn công bố trực tiếp.,PL3_2025_DongThap_old,4. PL3 - danh muc cong .pdf,GATE_MASTER_2026-10-02,False
PL3-1001,Cống Tây kênh 1/5 (Ngọn Cả Môn),,,,,UNKNOWN,False,Giữ trống tọa độ để tránh tạo điểm giả; cần GIS kỹ thuật/khảo sát hoặc nguồn công bố trực tiếp.,PL3_2025_DongThap_old,4. PL3 - danh muc cong .pdf,GATE_MASTER_2026-10-02,False
PL3-1002,Cống Đông kênh Cầu Sắt (kênh Đòn Dông),,,,,UNKNOWN,False,Giữ trống tọa độ để tránh tạo điểm giả; cần GIS kỹ thuật/khảo sát hoặc nguồn công bố trực tiếp.,PL3_2025_DongThap_old,4. PL3 - danh muc cong .pdf,GATE_MASTER_2026-10-02,False
PL3-1003,Cống Tây kênh Mười Tải (HTX Tiến Cường),,,,,UNKNOWN,False,Giữ trống tọa độ để tránh tạo điểm giả; cần GIS kỹ thuật/khảo sát hoặc nguồn công bố trực tiếp.,PL3_2025_DongThap_old,4. PL3 - danh muc cong .pdf,GATE_MASTER_2026-10-02,False
PL3-1004,Cống Đông kênh TCS 1 (HTX Tiến Cường),,,,,UNKNOWN,False,Giữ trống tọa độ để tránh tạo điểm giả; cần GIS kỹ thuật/khảo sát hoặc nguồn công bố trực tiếp.,PL3_2025_DongThap_old,4. PL3 - danh muc cong .pdf,GATE_MASTER_2026-10-02,False
PL3-1005,Cống Bắc kênh Đồng Tiến (HTX Tân Cường),,,,,UNKNOWN,False,Giữ trống tọa độ để tránh tạo điểm giả; cần GIS kỹ thuật/khảo sát hoặc nguồn công bố trực tiếp.,PL3_2025_DongThap_old,4. PL3 - danh muc cong .pdf,GATE_MASTER_2026-10-02,False
PL3-1006,Cống Đông kênh Mười Tải (ĐN - Kobe),,,,,UNKNOWN,False,Giữ trống tọa độ để tránh tạo điểm giả; cần GIS kỹ thuật/khảo sát hoặc nguồn công bố trực tiếp.,PL3_2025_DongThap_old,4. PL3 - danh muc cong .pdf,GATE_MASTER_2026-10-02,False
PL3-1007,Cống Đông kênh Phú Đức (THT),,,,,UNKNOWN,False,Giữ trống tọa độ để tránh tạo điểm giả; cần GIS kỹ thuật/khảo sát hoặc nguồn công bố trực tiếp.,PL3_2025_DongThap_old,4. PL3 - danh muc cong .pdf,GATE_MASTER_2026-10-02,False
PL3-1008,Cống bờ Bắc kênh ranh TN-TB (kênh Phèn 3),,,,,UNKNOWN,False,Giữ trống tọa độ để tránh tạo điểm giả; cần GIS kỹ thuật/khảo sát hoặc nguồn công bố trực tiếp.,PL3_2025_DongThap_old,4. PL3 - danh muc cong .pdf,GATE_MASTER_2026-10-02,False
PL3-1009,Cống bờ Nam kênh Đồng Tiến (kênh Phèn 3),,,,,UNKNOWN,False,Giữ trống tọa độ để tránh tạo điểm giả; cần GIS kỹ thuật/khảo sát hoặc nguồn công bố trực tiếp.,PL3_2025_DongThap_old,4. PL3 - danh muc cong .pdf,GATE_MASTER_2026-10-02,False
PL3-1010,Cống bờ Nam kênh Đồng Tiến (ranh TT.TC-PC),,,,,UNKNOWN,False,Giữ trống tọa độ để tránh tạo điểm giả; cần GIS kỹ thuật/khảo sát hoặc nguồn công bố trực tiếp.,PL3_2025_DongThap_old,4. PL3 - danh muc cong .pdf,GATE_MASTER_2026-10-02,False
PL3-1011,Cống bờ Tây kênh Cà Dâm (kênh Hậu Giang),,,,,UNKNOWN,False,Giữ trống tọa độ để tránh tạo điểm giả; cần GIS kỹ thuật/khảo sát hoặc nguồn công bố trực tiếp.,PL3_2025_DongThap_old,4. PL3 - danh muc cong .pdf,GATE_MASTER_2026-10-02,False
PL3-1012,Cống bờ Tây kênh Phước Xuyên),,,,,UNKNOWN,False,Giữ trống tọa độ để tránh tạo điểm giả; cần GIS kỹ thuật/khảo sát hoặc nguồn công bố trực tiếp.,PL3_2025_DongThap_old,4. PL3 - danh muc cong .pdf,GATE_MASTER_2026-10-02,False
PL3-1013,Cống hở Tây kênh Mười Tải (ĐN Tám Tầng),,,,,UNKNOWN,False,Giữ trống tọa độ để tránh tạo điểm giả; cần GIS kỹ thuật/khảo sát hoặc nguồn công bố trực tiếp.,PL3_2025_DongThap_old,4. PL3 - danh muc cong .pdf,GATE_MASTER_2026-10-02,False
PL3-1014,Cống hở Tây kênh Lung Bông (ĐN Út Xưa),,,,,UNKNOWN,False,Giữ trống tọa độ để tránh tạo điểm giả; cần GIS kỹ thuật/khảo sát hoặc nguồn công bố trực tiếp.,PL3_2025_DongThap_old,4. PL3 - danh muc cong .pdf,GATE_MASTER_2026-10-02,False
PL3-1015,Cống hở Đông kênh Tân Công Sính 1 (ô bao số 41),,,,,UNKNOWN,False,Giữ trống tọa độ để tránh tạo điểm giả; cần GIS kỹ thuật/khảo sát hoặc nguồn công bố trực tiếp.,PL3_2025_DongThap_old,4. PL3 - danh muc cong .pdf,GATE_MASTER_2026-10-02,False
PL3-1016,"Cống hở Đông kênh Phú Hiệp (Ô bao 24, Đường nước HTX NN Phú Bình)",,,,,UNKNOWN,False,Giữ trống tọa độ để tránh tạo điểm giả; cần GIS kỹ thuật/khảo sát hoặc nguồn công bố trực tiếp.,PL3_2025_DongThap_old,4. PL3 - danh muc cong .pdf,GATE_MASTER_2026-10-02,False
PL3-1017,"Cống hở Đông kênh Phú Hiệp (Ô bao 24, Đường nước HTX NN Tân Tiến)",,,,,UNKNOWN,False,Giữ trống tọa độ để tránh tạo điểm giả; cần GIS kỹ thuật/khảo sát hoặc nguồn công bố trực tiếp.,PL3_2025_DongThap_old,4. PL3 - danh muc cong .pdf,GATE_MASTER_2026-10-02,False
PL3-1018,Cống hở Nam kênh Đồng Tiến (Cầu Sắt - HTX NN Tân Cường),,,,,UNKNOWN,False,Giữ trống tọa độ để tránh tạo điểm giả; cần GIS kỹ thuật/khảo sát hoặc nguồn công bố trực tiếp.,PL3_2025_DongThap_old,4. PL3 - danh muc cong .pdf,GATE_MASTER_2026-10-02,False
PL3-1019,Cống hở kênh Từ Thiện (kênh Me Nước),,,,,UNKNOWN,False,Giữ trống tọa độ để tránh tạo điểm giả; cần GIS kỹ thuật/khảo sát hoặc nguồn công bố trực tiếp.,PL3_2025_DongThap_old,4. PL3 - danh muc cong .pdf,GATE_MASTER_2026-10-02,False
PL3-1020,Cống hở Tây kênh An Long 2 (ĐN ông Mẫm),,,,,UNKNOWN,False,Giữ trống tọa độ để tránh tạo điểm giả; cần GIS kỹ thuật/khảo sát hoặc nguồn công bố trực tiếp.,PL3_2025_DongThap_old,4. PL3 - danh muc cong .pdf,GATE_MASTER_2026-10-02,False
PL3-1021,Cống hở Ngọn kênh Thủy (Ranh An Long - An Hòa),,,,,UNKNOWN,False,Giữ trống tọa độ để tránh tạo điểm giả; cần GIS kỹ thuật/khảo sát hoặc nguồn công bố trực tiếp.,PL3_2025_DongThap_old,4. PL3 - danh muc cong .pdf,GATE_MASTER_2026-10-02,False
PL3-1022,Cống hở Bắc kênh Đồng Tiến (ô bao số 31),,,,,UNKNOWN,False,Giữ trống tọa độ để tránh tạo điểm giả; cần GIS kỹ thuật/khảo sát hoặc nguồn công bố trực tiếp.,PL3_2025_DongThap_old,4. PL3 - danh muc cong .pdf,GATE_MASTER_2026-10-02,False
PL3-1023,Cống hở Đông kênh Cầu Sắt (kênh Đòn Dông),,,,,UNKNOWN,False,Giữ trống tọa độ để tránh tạo điểm giả; cần GIS kỹ thuật/khảo sát hoặc nguồn công bố trực tiếp.,PL3_2025_DongThap_old,4. PL3 - danh muc cong .pdf,GATE_MASTER_2026-10-02,False
PL3-1024,Cống hở Bắc kênh An Bình (ranh PH - PĐ),,,,,UNKNOWN,False,Giữ trống tọa độ để tránh tạo điểm giả; cần GIS kỹ thuật/khảo sát hoặc nguồn công bố trực tiếp.,PL3_2025_DongThap_old,4. PL3 - danh muc cong .pdf,GATE_MASTER_2026-10-02,False
PL3-1025,Cống hở Đông kênh An Long 2 (Ngọn Tượng),,,,,UNKNOWN,False,Giữ trống tọa độ để tránh tạo điểm giả; cần GIS kỹ thuật/khảo sát hoặc nguồn công bố trực tiếp.,PL3_2025_DongThap_old,4. PL3 - danh muc cong .pdf,GATE_MASTER_2026-10-02,False
PL3-1026,Cống hở Tây kênh Phước Xuyên (ĐN - HTX),,,,,UNKNOWN,False,Giữ trống tọa độ để tránh tạo điểm giả; cần GIS kỹ thuật/khảo sát hoặc nguồn công bố trực tiếp.,PL3_2025_DongThap_old,4. PL3 - danh muc cong .pdf,GATE_MASTER_2026-10-02,False
PL3-1027,Cống hở Tây Rạch Ba Răng (kênh Bàn Quỳ),,,,,UNKNOWN,False,Giữ trống tọa độ để tránh tạo điểm giả; cần GIS kỹ thuật/khảo sát hoặc nguồn công bố trực tiếp.,PL3_2025_DongThap_old,4. PL3 - danh muc cong .pdf,GATE_MASTER_2026-10-02,False
PL3-1028,Cống hở Đông kênh 2/9 (kênh Bàn Quỳ),,,,,UNKNOWN,False,Giữ trống tọa độ để tránh tạo điểm giả; cần GIS kỹ thuật/khảo sát hoặc nguồn công bố trực tiếp.,PL3_2025_DongThap_old,4. PL3 - danh muc cong .pdf,GATE_MASTER_2026-10-02,False
PL3-1029,Cống hở Tây kênh Tổng Đài (ĐN Tấn Hạnh),,,,,UNKNOWN,False,Giữ trống tọa độ để tránh tạo điểm giả; cần GIS kỹ thuật/khảo sát hoặc nguồn công bố trực tiếp.,PL3_2025_DongThap_old,4. PL3 - danh muc cong .pdf,GATE_MASTER_2026-10-02,False
PL3-1030,Cống hở Tây kênh Phèn (kênh kobel),,,,,UNKNOWN,False,Giữ trống tọa độ để tránh tạo điểm giả; cần GIS kỹ thuật/khảo sát hoặc nguồn công bố trực tiếp.,PL3_2025_DongThap_old,4. PL3 - danh muc cong .pdf,GATE_MASTER_2026-10-02,False
PL3-1031,Cống hở Đông k. Phú Thành III (ĐN Út Hải),,,,,UNKNOWN,False,Giữ trống tọa độ để tránh tạo điểm giả; cần GIS kỹ thuật/khảo sát hoặc nguồn công bố trực tiếp.,PL3_2025_DongThap_old,4. PL3 - danh muc cong .pdf,GATE_MASTER_2026-10-02,False
PL3-1032,Cống hở Nam kênh Đồng Tiến (kênh Phèn 3),,,,,UNKNOWN,False,Giữ trống tọa độ để tránh tạo điểm giả; cần GIS kỹ thuật/khảo sát hoặc nguồn công bố trực tiếp.,PL3_2025_DongThap_old,4. PL3 - danh muc cong .pdf,GATE_MASTER_2026-10-02,False
PL3-1033,Cống hở Bắc kênh ranh TN-TB (kênh Phèn 3),,,,,UNKNOWN,False,Giữ trống tọa độ để tránh tạo điểm giả; cần GIS kỹ thuật/khảo sát hoặc nguồn công bố trực tiếp.,PL3_2025_DongThap_old,4. PL3 - danh muc cong .pdf,GATE_MASTER_2026-10-02,False
PL3-1034,Cống hở Nam kênh Đồng Tiến (ranh TT.TC-PC),,,,,UNKNOWN,False,Giữ trống tọa độ để tránh tạo điểm giả; cần GIS kỹ thuật/khảo sát hoặc nguồn công bố trực tiếp.,PL3_2025_DongThap_old,4. PL3 - danh muc cong .pdf,GATE_MASTER_2026-10-02,False
PL3-1035,Cống hở Tây kênh 2/9 (đường cộ),,,,,UNKNOWN,False,Giữ trống tọa độ để tránh tạo điểm giả; cần GIS kỹ thuật/khảo sát hoặc nguồn công bố trực tiếp.,PL3_2025_DongThap_old,4. PL3 - danh muc cong .pdf,GATE_MASTER_2026-10-02,False
PL3-1036,Cống hở bờ Tây kênh 2/9 (ĐN Út Vĩnh),,,,,UNKNOWN,False,Giữ trống tọa độ để tránh tạo điểm giả; cần GIS kỹ thuật/khảo sát hoặc nguồn công bố trực tiếp.,PL3_2025_DongThap_old,4. PL3 - danh muc cong .pdf,GATE_MASTER_2026-10-02,False
PL3-1037,Cống hở bờ Tây kênh 2/9 (ĐN Năm Cổng),,,,,UNKNOWN,False,Giữ trống tọa độ để tránh tạo điểm giả; cần GIS kỹ thuật/khảo sát hoặc nguồn công bố trực tiếp.,PL3_2025_DongThap_old,4. PL3 - danh muc cong .pdf,GATE_MASTER_2026-10-02,False
PL3-1038,Cống hở Đông kênh Mười Tải (ĐN Kobel),,,,,UNKNOWN,False,Giữ trống tọa độ để tránh tạo điểm giả; cần GIS kỹ thuật/khảo sát hoặc nguồn công bố trực tiếp.,PL3_2025_DongThap_old,4. PL3 - danh muc cong .pdf,GATE_MASTER_2026-10-02,False
PL3-1039,Cống hộp Tây kênh Phước Xuyên (ĐN 500),,,,,UNKNOWN,False,Giữ trống tọa độ để tránh tạo điểm giả; cần GIS kỹ thuật/khảo sát hoặc nguồn công bố trực tiếp.,PL3_2025_DongThap_old,4. PL3 - danh muc cong .pdf,GATE_MASTER_2026-10-02,False
PL3-1040,Cống hộp Nam kênh An Bình (trạm bơm số 1),,,,,UNKNOWN,False,Giữ trống tọa độ để tránh tạo điểm giả; cần GIS kỹ thuật/khảo sát hoặc nguồn công bố trực tiếp.,PL3_2025_DongThap_old,4. PL3 - danh muc cong .pdf,GATE_MASTER_2026-10-02,False
PL3-1041,Cống hộp Nam kênh An Bình (trạm bơm số 2),,,,,UNKNOWN,False,Giữ trống tọa độ để tránh tạo điểm giả; cần GIS kỹ thuật/khảo sát hoặc nguồn công bố trực tiếp.,PL3_2025_DongThap_old,4. PL3 - danh muc cong .pdf,GATE_MASTER_2026-10-02,False
PL3-1042,Cống hộp Bắc kênh An Bình - đường nước Hai Quốc),,,,,UNKNOWN,False,Giữ trống tọa độ để tránh tạo điểm giả; cần GIS kỹ thuật/khảo sát hoặc nguồn công bố trực tiếp.,PL3_2025_DongThap_old,4. PL3 - danh muc cong .pdf,GATE_MASTER_2026-10-02,False
PL3-1043,Cống hở bờ Nam kênh ranh TN-TH - đầu kênh Từ Thiện),,,,,UNKNOWN,False,Giữ trống tọa độ để tránh tạo điểm giả; cần GIS kỹ thuật/khảo sát hoặc nguồn công bố trực tiếp.,PL3_2025_DongThap_old,4. PL3 - danh muc cong .pdf,GATE_MASTER_2026-10-02,False
PL3-1044,Hệ thống cống tròn Tây kênh 2/9 (02 cái),,,,,UNKNOWN,False,Giữ trống tọa độ để tránh tạo điểm giả; cần GIS kỹ thuật/khảo sát hoặc nguồn công bố trực tiếp.,PL3_2025_DongThap_old,4. PL3 - danh muc cong .pdf,GATE_MASTER_2026-10-02,False
PL3-1045,Cống tròn Nam kênh An Bình - Đường nước tập đoàn 3),,,,,UNKNOWN,False,Giữ trống tọa độ để tránh tạo điểm giả; cần GIS kỹ thuật/khảo sát hoặc nguồn công bố trực tiếp.,PL3_2025_DongThap_old,4. PL3 - danh muc cong .pdf,GATE_MASTER_2026-10-02,False
PL3-1046,Cống tròn bờ Đông kênh An Long 2 - đường nước cống Ngọn kênh Thủy),,,,,UNKNOWN,False,Giữ trống tọa độ để tránh tạo điểm giả; cần GIS kỹ thuật/khảo sát hoặc nguồn công bố trực tiếp.,PL3_2025_DongThap_old,4. PL3 - danh muc cong .pdf,GATE_MASTER_2026-10-02,False
PL3-1047,Cống Đường nước HTX Phú Thọ (Lác Mưa),,,,,UNKNOWN,False,Giữ trống tọa độ để tránh tạo điểm giả; cần GIS kỹ thuật/khảo sát hoặc nguồn công bố trực tiếp.,PL3_2025_DongThap_old,4. PL3 - danh muc cong .pdf,GATE_MASTER_2026-10-02,False
PL3-1048,Cống Đường nước HTX P.Thọ (Bà Lưỡi Lam),,,,,UNKNOWN,False,Giữ trống tọa độ để tránh tạo điểm giả; cần GIS kỹ thuật/khảo sát hoặc nguồn công bố trực tiếp.,PL3_2025_DongThap_old,4. PL3 - danh muc cong .pdf,GATE_MASTER_2026-10-02,False
PL3-1049,Cống Đường nước HTX An Phú (Ông Hùng),,,,,UNKNOWN,False,Giữ trống tọa độ để tránh tạo điểm giả; cần GIS kỹ thuật/khảo sát hoặc nguồn công bố trực tiếp.,PL3_2025_DongThap_old,4. PL3 - danh muc cong .pdf,GATE_MASTER_2026-10-02,False
PL3-1050,Cống Đường nước HTX An Phú (Láng Chim),,,,,UNKNOWN,False,Giữ trống tọa độ để tránh tạo điểm giả; cần GIS kỹ thuật/khảo sát hoặc nguồn công bố trực tiếp.,PL3_2025_DongThap_old,4. PL3 - danh muc cong .pdf,GATE_MASTER_2026-10-02,False
PL3-1051,Cống tròn Bắc kênh Đồng Tiến (Lò Gạch),,,,,UNKNOWN,False,Giữ trống tọa độ để tránh tạo điểm giả; cần GIS kỹ thuật/khảo sát hoặc nguồn công bố trực tiếp.,PL3_2025_DongThap_old,4. PL3 - danh muc cong .pdf,GATE_MASTER_2026-10-02,False
PL3-1052,Cống tròn đường nước 10 Bền,,,,,UNKNOWN,False,Giữ trống tọa độ để tránh tạo điểm giả; cần GIS kỹ thuật/khảo sát hoặc nguồn công bố trực tiếp.,PL3_2025_DongThap_old,4. PL3 - danh muc cong .pdf,GATE_MASTER_2026-10-02,False
PL3-1053,Cống tròn Ngọn Tượng Trong,,,,,UNKNOWN,False,Giữ trống tọa độ để tránh tạo điểm giả; cần GIS kỹ thuật/khảo sát hoặc nguồn công bố trực tiếp.,PL3_2025_DongThap_old,4. PL3 - danh muc cong .pdf,GATE_MASTER_2026-10-02,False
PL3-1054,Cống tròn Tây kênh Kháng Chiến (ĐN 5 Tủng),,,,,UNKNOWN,False,Giữ trống tọa độ để tránh tạo điểm giả; cần GIS kỹ thuật/khảo sát hoặc nguồn công bố trực tiếp.,PL3_2025_DongThap_old,4. PL3 - danh muc cong .pdf,GATE_MASTER_2026-10-02,False
PL3-1055,Cống tròn kênh Kháng Chiến - đường nước Út Sánh),,,,,UNKNOWN,False,Giữ trống tọa độ để tránh tạo điểm giả; cần GIS kỹ thuật/khảo sát hoặc nguồn công bố trực tiếp.,PL3_2025_DongThap_old,4. PL3 - danh muc cong .pdf,GATE_MASTER_2026-10-02,False
PL3-1056,Cống tròn kênh 2/9 - Ngọn Láng Chim Ngoài),,,,,UNKNOWN,False,Giữ trống tọa độ để tránh tạo điểm giả; cần GIS kỹ thuật/khảo sát hoặc nguồn công bố trực tiếp.,PL3_2025_DongThap_old,4. PL3 - danh muc cong .pdf,GATE_MASTER_2026-10-02,False
PL3-1057,Cống tròn kênh Kháng Chiến- Ngọn Chí Móc),,,,,UNKNOWN,False,Giữ trống tọa độ để tránh tạo điểm giả; cần GIS kỹ thuật/khảo sát hoặc nguồn công bố trực tiếp.,PL3_2025_DongThap_old,4. PL3 - danh muc cong .pdf,GATE_MASTER_2026-10-02,False
PL3-1058,Cống tròn Kênh An Long 2 - Ngọn Tám Chì),,,,,UNKNOWN,False,Giữ trống tọa độ để tránh tạo điểm giả; cần GIS kỹ thuật/khảo sát hoặc nguồn công bố trực tiếp.,PL3_2025_DongThap_old,4. PL3 - danh muc cong .pdf,GATE_MASTER_2026-10-02,False
PL3-1059,Cống tròn Đường nước 9 ổi) Kênh Kháng chiến,,,,,UNKNOWN,False,Giữ trống tọa độ để tránh tạo điểm giả; cần GIS kỹ thuật/khảo sát hoặc nguồn công bố trực tiếp.,PL3_2025_DongThap_old,4. PL3 - danh muc cong .pdf,GATE_MASTER_2026-10-02,False
PL3-1060,Cống tròn Đông Kênh 2/9 - Đường nước Bao Ngạn),,,,,UNKNOWN,False,Giữ trống tọa độ để tránh tạo điểm giả; cần GIS kỹ thuật/khảo sát hoặc nguồn công bố trực tiếp.,PL3_2025_DongThap_old,4. PL3 - danh muc cong .pdf,GATE_MASTER_2026-10-02,False
PL3-1061,Cống tròn bờ Đông Tây kênh An Long 2 - ĐN ông Phết),,,,,UNKNOWN,False,Giữ trống tọa độ để tránh tạo điểm giả; cần GIS kỹ thuật/khảo sát hoặc nguồn công bố trực tiếp.,PL3_2025_DongThap_old,4. PL3 - danh muc cong .pdf,GATE_MASTER_2026-10-02,False
PL3-1062,Cống tròn bờ Đông Tây kênh An Long 2 - Tư Liêu),,,,,UNKNOWN,False,Giữ trống tọa độ để tránh tạo điểm giả; cần GIS kỹ thuật/khảo sát hoặc nguồn công bố trực tiếp.,PL3_2025_DongThap_old,4. PL3 - danh muc cong .pdf,GATE_MASTER_2026-10-02,False
PL3-1063,"Cống tròn bờ Tây kênh 2/9, đường nước Sáu Mưa)",,,,,UNKNOWN,False,Giữ trống tọa độ để tránh tạo điểm giả; cần GIS kỹ thuật/khảo sát hoặc nguồn công bố trực tiếp.,PL3_2025_DongThap_old,4. PL3 - danh muc cong .pdf,GATE_MASTER_2026-10-02,False
PL3-1064,Cống tròn bờ Tây kênh An Long 2 - ĐN ông Mương),,,,,UNKNOWN,False,Giữ trống tọa độ để tránh tạo điểm giả; cần GIS kỹ thuật/khảo sát hoặc nguồn công bố trực tiếp.,PL3_2025_DongThap_old,4. PL3 - danh muc cong .pdf,GATE_MASTER_2026-10-02,False
PL3-1065,Cống tròn Đông kênh An Long 2 - ĐN Út Phước),,,,,UNKNOWN,False,Giữ trống tọa độ để tránh tạo điểm giả; cần GIS kỹ thuật/khảo sát hoặc nguồn công bố trực tiếp.,PL3_2025_DongThap_old,4. PL3 - danh muc cong .pdf,GATE_MASTER_2026-10-02,False
PL3-1066,Cống tròn Bắc kênh Tư Đệ - Láng Chim - ĐN Sáu Quắn),,,,,UNKNOWN,False,Giữ trống tọa độ để tránh tạo điểm giả; cần GIS kỹ thuật/khảo sát hoặc nguồn công bố trực tiếp.,PL3_2025_DongThap_old,4. PL3 - danh muc cong .pdf,GATE_MASTER_2026-10-02,False
PL3-1067,Cống tròn Tây kênh Kháng Chiến - đường nước Hai Hoa),,,,,UNKNOWN,False,Giữ trống tọa độ để tránh tạo điểm giả; cần GIS kỹ thuật/khảo sát hoặc nguồn công bố trực tiếp.,PL3_2025_DongThap_old,4. PL3 - danh muc cong .pdf,GATE_MASTER_2026-10-02,False
PL3-1068,Cống kênh 2/9-Đường nước THT số 1,,,,,UNKNOWN,False,Giữ trống tọa độ để tránh tạo điểm giả; cần GIS kỹ thuật/khảo sát hoặc nguồn công bố trực tiếp.,PL3_2025_DongThap_old,4. PL3 - danh muc cong .pdf,GATE_MASTER_2026-10-02,False
PL3-1069,Cống kênh 2/9 - Đường nước cuối tuyến dân cư 2/9,,,,,UNKNOWN,False,Giữ trống tọa độ để tránh tạo điểm giả; cần GIS kỹ thuật/khảo sát hoặc nguồn công bố trực tiếp.,PL3_2025_DongThap_old,4. PL3 - danh muc cong .pdf,GATE_MASTER_2026-10-02,False
PL3-1070,Cống qua tuyến dân cư 2/9,,,,,UNKNOWN,False,Giữ trống tọa độ để tránh tạo điểm giả; cần GIS kỹ thuật/khảo sát hoặc nguồn công bố trực tiếp.,PL3_2025_DongThap_old,4. PL3 - danh muc cong .pdf,GATE_MASTER_2026-10-02,False
PL3-1071,Cống Đường nước Ba Tỷ,,,,,UNKNOWN,False,Giữ trống tọa độ để tránh tạo điểm giả; cần GIS kỹ thuật/khảo sát hoặc nguồn công bố trực tiếp.,PL3_2025_DongThap_old,4. PL3 - danh muc cong .pdf,GATE_MASTER_2026-10-02,False
PL3-1072,Cống tròn Bắc k. ranh An Phong - Phú Ninh (ô bao số 8),,,,,UNKNOWN,False,Giữ trống tọa độ để tránh tạo điểm giả; cần GIS kỹ thuật/khảo sát hoặc nguồn công bố trực tiếp.,PL3_2025_DongThap_old,4. PL3 - danh muc cong .pdf,GATE_MASTER_2026-10-02,False
PL3-1073,Hệ thống cống tròn Đông kênh 2/9 (02 cái),,,,,UNKNOWN,False,Giữ trống tọa độ để tránh tạo điểm giả; cần GIS kỹ thuật/khảo sát hoặc nguồn công bố trực tiếp.,PL3_2025_DongThap_old,4. PL3 - danh muc cong .pdf,GATE_MASTER_2026-10-02,False
PL3-1074,Cống tròn Bắc kênh Đồng Tiến (đường nước 7 Chạnh),,,,,UNKNOWN,False,Giữ trống tọa độ để tránh tạo điểm giả; cần GIS kỹ thuật/khảo sát hoặc nguồn công bố trực tiếp.,PL3_2025_DongThap_old,4. PL3 - danh muc cong .pdf,GATE_MASTER_2026-10-02,False
PL3-1075,Cống tròn Đông kênh An Long 2 - đường nước 10 Luận),,,,,UNKNOWN,False,Giữ trống tọa độ để tránh tạo điểm giả; cần GIS kỹ thuật/khảo sát hoặc nguồn công bố trực tiếp.,PL3_2025_DongThap_old,4. PL3 - danh muc cong .pdf,GATE_MASTER_2026-10-02,False
PL3-1076,Cống tròn ngọn Láng Chim) Tây Kênh An Long 2,,,,,UNKNOWN,False,Giữ trống tọa độ để tránh tạo điểm giả; cần GIS kỹ thuật/khảo sát hoặc nguồn công bố trực tiếp.,PL3_2025_DongThap_old,4. PL3 - danh muc cong .pdf,GATE_MASTER_2026-10-02,False
PL3-1077,"Cống tròn bờ Đông kênh 2/9, đường nước Hai Hồng)",,,,,UNKNOWN,False,Giữ trống tọa độ để tránh tạo điểm giả; cần GIS kỹ thuật/khảo sát hoặc nguồn công bố trực tiếp.,PL3_2025_DongThap_old,4. PL3 - danh muc cong .pdf,GATE_MASTER_2026-10-02,False
PL3-1078,Cống Rạch Ba Răng - Mương Bà Hai Nhi,,,,,UNKNOWN,False,Giữ trống tọa độ để tránh tạo điểm giả; cần GIS kỹ thuật/khảo sát hoặc nguồn công bố trực tiếp.,PL3_2025_DongThap_old,4. PL3 - danh muc cong .pdf,GATE_MASTER_2026-10-02,False
PL3-1079,Cống Rạch Ba Răng - Đường nước Tư Luôn,,,,,UNKNOWN,False,Giữ trống tọa độ để tránh tạo điểm giả; cần GIS kỹ thuật/khảo sát hoặc nguồn công bố trực tiếp.,PL3_2025_DongThap_old,4. PL3 - danh muc cong .pdf,GATE_MASTER_2026-10-02,False
PL3-1080,Cống tròn Bắc kênh Đồng Tiến (ĐN năm Bá),,,,,UNKNOWN,False,Giữ trống tọa độ để tránh tạo điểm giả; cần GIS kỹ thuật/khảo sát hoặc nguồn công bố trực tiếp.,PL3_2025_DongThap_old,4. PL3 - danh muc cong .pdf,GATE_MASTER_2026-10-02,False
PL3-1081,Cống tròn Tây kênh Kháng Chiến (Ngọn Mười Bơi),,,,,UNKNOWN,False,Giữ trống tọa độ để tránh tạo điểm giả; cần GIS kỹ thuật/khảo sát hoặc nguồn công bố trực tiếp.,PL3_2025_DongThap_old,4. PL3 - danh muc cong .pdf,GATE_MASTER_2026-10-02,False
PL3-1082,Cống tròn Bắc k. ranh TN-TB (ranh Phú Thành A- Phú Thọ),,,,,UNKNOWN,False,Giữ trống tọa độ để tránh tạo điểm giả; cần GIS kỹ thuật/khảo sát hoặc nguồn công bố trực tiếp.,PL3_2025_DongThap_old,4. PL3 - danh muc cong .pdf,GATE_MASTER_2026-10-02,False
PL3-1083,Cống tròn Tây kênh Kháng Chiến - Ngọn Tân Dinh),,,,,UNKNOWN,False,Giữ trống tọa độ để tránh tạo điểm giả; cần GIS kỹ thuật/khảo sát hoặc nguồn công bố trực tiếp.,PL3_2025_DongThap_old,4. PL3 - danh muc cong .pdf,GATE_MASTER_2026-10-02,False
PL3-1084,Cống tròn Tây kênh Kháng Chiến - Ngọn Vua Nghệ),,,,,UNKNOWN,False,Giữ trống tọa độ để tránh tạo điểm giả; cần GIS kỹ thuật/khảo sát hoặc nguồn công bố trực tiếp.,PL3_2025_DongThap_old,4. PL3 - danh muc cong .pdf,GATE_MASTER_2026-10-02,False
PL3-1085,Cống tròn Bắc kênh Đồng Tiến - Đường nước ông Quí),,,,,UNKNOWN,False,Giữ trống tọa độ để tránh tạo điểm giả; cần GIS kỹ thuật/khảo sát hoặc nguồn công bố trực tiếp.,PL3_2025_DongThap_old,4. PL3 - danh muc cong .pdf,GATE_MASTER_2026-10-02,False
PL3-1086,Bắc kênh ranh TN-TB (rọc Bà Hổ),,,,,UNKNOWN,False,Giữ trống tọa độ để tránh tạo điểm giả; cần GIS kỹ thuật/khảo sát hoặc nguồn công bố trực tiếp.,PL3_2025_DongThap_old,4. PL3 - danh muc cong .pdf,GATE_MASTER_2026-10-02,False
PL3-1087,Bắc kênh ranh TN-TB (ĐN sáu Bi),,,,,UNKNOWN,False,Giữ trống tọa độ để tránh tạo điểm giả; cần GIS kỹ thuật/khảo sát hoặc nguồn công bố trực tiếp.,PL3_2025_DongThap_old,4. PL3 - danh muc cong .pdf,GATE_MASTER_2026-10-02,False
PL3-1088,Bắc kênh ranh TN-TB (ĐN Bảy Cương),,,,,UNKNOWN,False,Giữ trống tọa độ để tránh tạo điểm giả; cần GIS kỹ thuật/khảo sát hoặc nguồn công bố trực tiếp.,PL3_2025_DongThap_old,4. PL3 - danh muc cong .pdf,GATE_MASTER_2026-10-02,False
PL3-1089,Cống tròn kênh Phèn - rọc Lung Ngang),,,,,UNKNOWN,False,Giữ trống tọa độ để tránh tạo điểm giả; cần GIS kỹ thuật/khảo sát hoặc nguồn công bố trực tiếp.,PL3_2025_DongThap_old,4. PL3 - danh muc cong .pdf,GATE_MASTER_2026-10-02,False
PL3-1090,Cống kênh Kháng Chiến - rọc Sậy),,,,,UNKNOWN,False,Giữ trống tọa độ để tránh tạo điểm giả; cần GIS kỹ thuật/khảo sát hoặc nguồn công bố trực tiếp.,PL3_2025_DongThap_old,4. PL3 - danh muc cong .pdf,GATE_MASTER_2026-10-02,False
PL3-1091,Hệ thống cống tròn Bắc kênh ranh TN-TB (04 cái),,,,,UNKNOWN,False,Giữ trống tọa độ để tránh tạo điểm giả; cần GIS kỹ thuật/khảo sát hoặc nguồn công bố trực tiếp.,PL3_2025_DongThap_old,4. PL3 - danh muc cong .pdf,GATE_MASTER_2026-10-02,False
PL3-1092,Hệ thống cống tròn ô bao số 11 (03 cái),,,,,UNKNOWN,False,Giữ trống tọa độ để tránh tạo điểm giả; cần GIS kỹ thuật/khảo sát hoặc nguồn công bố trực tiếp.,PL3_2025_DongThap_old,4. PL3 - danh muc cong .pdf,GATE_MASTER_2026-10-02,False
PL3-1093,Hệ thống cống tròn Đông kênh Phú Thành III (02 cái),,,,,UNKNOWN,False,Giữ trống tọa độ để tránh tạo điểm giả; cần GIS kỹ thuật/khảo sát hoặc nguồn công bố trực tiếp.,PL3_2025_DongThap_old,4. PL3 - danh muc cong .pdf,GATE_MASTER_2026-10-02,False
PL3-1094,Cống tròn Đông kênh Kháng Chiến (Sáu No),,,,,UNKNOWN,False,Giữ trống tọa độ để tránh tạo điểm giả; cần GIS kỹ thuật/khảo sát hoặc nguồn công bố trực tiếp.,PL3_2025_DongThap_old,4. PL3 - danh muc cong .pdf,GATE_MASTER_2026-10-02,False
PL3-1095,Cống tròn Đông kênh Kháng Chiến (Rọc Sậy),,,,,UNKNOWN,False,Giữ trống tọa độ để tránh tạo điểm giả; cần GIS kỹ thuật/khảo sát hoặc nguồn công bố trực tiếp.,PL3_2025_DongThap_old,4. PL3 - danh muc cong .pdf,GATE_MASTER_2026-10-02,False
PL3-1096,Cống tròn Đông kênh Kháng Chiến (Ba Dũng),,,,,UNKNOWN,False,Giữ trống tọa độ để tránh tạo điểm giả; cần GIS kỹ thuật/khảo sát hoặc nguồn công bố trực tiếp.,PL3_2025_DongThap_old,4. PL3 - danh muc cong .pdf,GATE_MASTER_2026-10-02,False
PL3-1097,Cống tròn Đông kênh Kháng Chiến (Hai Nhàn),,,,,UNKNOWN,False,Giữ trống tọa độ để tránh tạo điểm giả; cần GIS kỹ thuật/khảo sát hoặc nguồn công bố trực tiếp.,PL3_2025_DongThap_old,4. PL3 - danh muc cong .pdf,GATE_MASTER_2026-10-02,False
PL3-1098,Cống Nam kênh Đồng Tiến (trạm bơm CCFD),,,,,UNKNOWN,False,Giữ trống tọa độ để tránh tạo điểm giả; cần GIS kỹ thuật/khảo sát hoặc nguồn công bố trực tiếp.,PL3_2025_DongThap_old,4. PL3 - danh muc cong .pdf,GATE_MASTER_2026-10-02,False
PL3-1099,Cống tròn kênh ranh Tam Nông - Thanh Bình - Đường nước Thầy Cai),,,,,UNKNOWN,False,Giữ trống tọa độ để tránh tạo điểm giả; cần GIS kỹ thuật/khảo sát hoặc nguồn công bố trực tiếp.,PL3_2025_DongThap_old,4. PL3 - danh muc cong .pdf,GATE_MASTER_2026-10-02,False
PL3-1100,Cống tròn Kênh Phèn - Ngọn Đường Đao),,,,,UNKNOWN,False,Giữ trống tọa độ để tránh tạo điểm giả; cần GIS kỹ thuật/khảo sát hoặc nguồn công bố trực tiếp.,PL3_2025_DongThap_old,4. PL3 - danh muc cong .pdf,GATE_MASTER_2026-10-02,False
PL3-1101,Cống tròn Kênh Phú Thành III - Đường nước Tám Tứ),,,,,UNKNOWN,False,Giữ trống tọa độ để tránh tạo điểm giả; cần GIS kỹ thuật/khảo sát hoặc nguồn công bố trực tiếp.,PL3_2025_DongThap_old,4. PL3 - danh muc cong .pdf,GATE_MASTER_2026-10-02,False
PL3-1102,Cống tròn Kênh Phú Thành III - Đường nước 3 Na),,,,,UNKNOWN,False,Giữ trống tọa độ để tránh tạo điểm giả; cần GIS kỹ thuật/khảo sát hoặc nguồn công bố trực tiếp.,PL3_2025_DongThap_old,4. PL3 - danh muc cong .pdf,GATE_MASTER_2026-10-02,False
PL3-1103,Cống tròn bờ Tây kênh Kháng Chiến - ĐN Ba Trung),,,,,UNKNOWN,False,Giữ trống tọa độ để tránh tạo điểm giả; cần GIS kỹ thuật/khảo sát hoặc nguồn công bố trực tiếp.,PL3_2025_DongThap_old,4. PL3 - danh muc cong .pdf,GATE_MASTER_2026-10-02,False
PL3-1104,Cống Tròn rần Trường học - ĐN ô bao số 27 (Ấp 4),,,,,UNKNOWN,False,Giữ trống tọa độ để tránh tạo điểm giả; cần GIS kỹ thuật/khảo sát hoặc nguồn công bố trực tiếp.,PL3_2025_DongThap_old,4. PL3 - danh muc cong .pdf,GATE_MASTER_2026-10-02,False
PL3-1105,Cống tròn kênh Cà Dâm - ĐN ô bao số 30 (Ấp 4),,,,,UNKNOWN,False,Giữ trống tọa độ để tránh tạo điểm giả; cần GIS kỹ thuật/khảo sát hoặc nguồn công bố trực tiếp.,PL3_2025_DongThap_old,4. PL3 - danh muc cong .pdf,GATE_MASTER_2026-10-02,False
PL3-1106,Cống Nam Cụm Dân Cư (ĐN ông Bê),,,,,UNKNOWN,False,Giữ trống tọa độ để tránh tạo điểm giả; cần GIS kỹ thuật/khảo sát hoặc nguồn công bố trực tiếp.,PL3_2025_DongThap_old,4. PL3 - danh muc cong .pdf,GATE_MASTER_2026-10-02,False
PL3-1107,Cống tròn Nam kênh ranh TN-TB (HTX Quyết Thắng),,,,,UNKNOWN,False,Giữ trống tọa độ để tránh tạo điểm giả; cần GIS kỹ thuật/khảo sát hoặc nguồn công bố trực tiếp.,PL3_2025_DongThap_old,4. PL3 - danh muc cong .pdf,GATE_MASTER_2026-10-02,False
PL3-1108,Đối nối cống tròn Nam kênh Hậu (ĐN ông Bê),,,,,UNKNOWN,False,Giữ trống tọa độ để tránh tạo điểm giả; cần GIS kỹ thuật/khảo sát hoặc nguồn công bố trực tiếp.,PL3_2025_DongThap_old,4. PL3 - danh muc cong .pdf,GATE_MASTER_2026-10-02,False
PL3-1109,Cống tròn Bắc kênh ranh TN-TB (Ranh TT.TC-PC),,,,,UNKNOWN,False,Giữ trống tọa độ để tránh tạo điểm giả; cần GIS kỹ thuật/khảo sát hoặc nguồn công bố trực tiếp.,PL3_2025_DongThap_old,4. PL3 - danh muc cong .pdf,GATE_MASTER_2026-10-02,False
PL3-1110,Hệ thống cống tròn Bắc kênh ranh TN-TB (02 cái),,,,,UNKNOWN,False,Giữ trống tọa độ để tránh tạo điểm giả; cần GIS kỹ thuật/khảo sát hoặc nguồn công bố trực tiếp.,PL3_2025_DongThap_old,4. PL3 - danh muc cong .pdf,GATE_MASTER_2026-10-02,False
PL3-1111,Cống tròn Tây kênh 800 - đường nước ranh TT. Tràm Chim - TCS),,,,,UNKNOWN,False,Giữ trống tọa độ để tránh tạo điểm giả; cần GIS kỹ thuật/khảo sát hoặc nguồn công bố trực tiếp.,PL3_2025_DongThap_old,4. PL3 - danh muc cong .pdf,GATE_MASTER_2026-10-02,False
PL3-1112,Cống tròn Tây kênh ranh Phú Thành B - Phú Hiệp - đường nước số 3),,,,,UNKNOWN,False,Giữ trống tọa độ để tránh tạo điểm giả; cần GIS kỹ thuật/khảo sát hoặc nguồn công bố trực tiếp.,PL3_2025_DongThap_old,4. PL3 - danh muc cong .pdf,GATE_MASTER_2026-10-02,False
PL3-1113,Cống tròn kênh Phú Thọ,,,,,UNKNOWN,False,Giữ trống tọa độ để tránh tạo điểm giả; cần GIS kỹ thuật/khảo sát hoặc nguồn công bố trực tiếp.,PL3_2025_DongThap_old,4. PL3 - danh muc cong .pdf,GATE_MASTER_2026-10-02,False
PL3-1114,Hệ thống cống tròn Bắc kênh ranh PĐ-PH (04 cái),,,,,UNKNOWN,False,Giữ trống tọa độ để tránh tạo điểm giả; cần GIS kỹ thuật/khảo sát hoặc nguồn công bố trực tiếp.,PL3_2025_DongThap_old,4. PL3 - danh muc cong .pdf,GATE_MASTER_2026-10-02,False
PL3-1115,Hệ thống cống tròn Nam kênh Me Nước (04 cái),,,,,UNKNOWN,False,Giữ trống tọa độ để tránh tạo điểm giả; cần GIS kỹ thuật/khảo sát hoặc nguồn công bố trực tiếp.,PL3_2025_DongThap_old,4. PL3 - danh muc cong .pdf,GATE_MASTER_2026-10-02,False
PL3-1116,Hệ thống cống tròn Bắc kênh An Bình (04 cái),,,,,UNKNOWN,False,Giữ trống tọa độ để tránh tạo điểm giả; cần GIS kỹ thuật/khảo sát hoặc nguồn công bố trực tiếp.,PL3_2025_DongThap_old,4. PL3 - danh muc cong .pdf,GATE_MASTER_2026-10-02,False
PL3-1117,Cống tròn Nam kênh ranh TN-TH (ĐN 9 Chót),,,,,UNKNOWN,False,Giữ trống tọa độ để tránh tạo điểm giả; cần GIS kỹ thuật/khảo sát hoặc nguồn công bố trực tiếp.,PL3_2025_DongThap_old,4. PL3 - danh muc cong .pdf,GATE_MASTER_2026-10-02,False
PL3-1118,Cống tròn Bắc kênh A5 (ĐN Sườn 1),,,,,UNKNOWN,False,Giữ trống tọa độ để tránh tạo điểm giả; cần GIS kỹ thuật/khảo sát hoặc nguồn công bố trực tiếp.,PL3_2025_DongThap_old,4. PL3 - danh muc cong .pdf,GATE_MASTER_2026-10-02,False
PL3-1119,Cống tròn Bắc kênh A5 (ĐN Sườn 2),,,,,UNKNOWN,False,Giữ trống tọa độ để tránh tạo điểm giả; cần GIS kỹ thuật/khảo sát hoặc nguồn công bố trực tiếp.,PL3_2025_DongThap_old,4. PL3 - danh muc cong .pdf,GATE_MASTER_2026-10-02,False
PL3-1120,Cống tròn Bắc kênh A5 (ĐN Kobe),,,,,UNKNOWN,False,Giữ trống tọa độ để tránh tạo điểm giả; cần GIS kỹ thuật/khảo sát hoặc nguồn công bố trực tiếp.,PL3_2025_DongThap_old,4. PL3 - danh muc cong .pdf,GATE_MASTER_2026-10-02,False
PL3-1121,Hệ thống cống tròn Đông kênh Phú Hiệp (03 cái),,,,,UNKNOWN,False,Giữ trống tọa độ để tránh tạo điểm giả; cần GIS kỹ thuật/khảo sát hoặc nguồn công bố trực tiếp.,PL3_2025_DongThap_old,4. PL3 - danh muc cong .pdf,GATE_MASTER_2026-10-02,False
PL3-1122,Cống tròn Tây kênh Phú Đức (ranh PĐ-PH),,,,,UNKNOWN,False,Giữ trống tọa độ để tránh tạo điểm giả; cần GIS kỹ thuật/khảo sát hoặc nguồn công bố trực tiếp.,PL3_2025_DongThap_old,4. PL3 - danh muc cong .pdf,GATE_MASTER_2026-10-02,False
PL3-1123,Cống tròn Đông kênh Phú Hiệp (ĐN 4 Chân),,,,,UNKNOWN,False,Giữ trống tọa độ để tránh tạo điểm giả; cần GIS kỹ thuật/khảo sát hoặc nguồn công bố trực tiếp.,PL3_2025_DongThap_old,4. PL3 - danh muc cong .pdf,GATE_MASTER_2026-10-02,False
PL3-1124,Đông kênh Phú Hiệp (ĐN Út Mác),,,,,UNKNOWN,False,Giữ trống tọa độ để tránh tạo điểm giả; cần GIS kỹ thuật/khảo sát hoặc nguồn công bố trực tiếp.,PL3_2025_DongThap_old,4. PL3 - danh muc cong .pdf,GATE_MASTER_2026-10-02,False
PL3-1125,Đông kênh Phú Hiệp (ĐN ông Tốt),,,,,UNKNOWN,False,Giữ trống tọa độ để tránh tạo điểm giả; cần GIS kỹ thuật/khảo sát hoặc nguồn công bố trực tiếp.,PL3_2025_DongThap_old,4. PL3 - danh muc cong .pdf,GATE_MASTER_2026-10-02,False
PL3-1126,Cống tròn Tây kênh Lâm Vồ,,,,,UNKNOWN,False,Giữ trống tọa độ để tránh tạo điểm giả; cần GIS kỹ thuật/khảo sát hoặc nguồn công bố trực tiếp.,PL3_2025_DongThap_old,4. PL3 - danh muc cong .pdf,GATE_MASTER_2026-10-02,False
PL3-1127,Cống tròn bờ Nam kênh ranh Phú Đức - Phú Hiệp,,,,,UNKNOWN,False,Giữ trống tọa độ để tránh tạo điểm giả; cần GIS kỹ thuật/khảo sát hoặc nguồn công bố trực tiếp.,PL3_2025_DongThap_old,4. PL3 - danh muc cong .pdf,GATE_MASTER_2026-10-02,False
PL3-1128,Hệ thống cống tròn Tây kênh Lâm Vồ (06 cái),,,,,UNKNOWN,False,Giữ trống tọa độ để tránh tạo điểm giả; cần GIS kỹ thuật/khảo sát hoặc nguồn công bố trực tiếp.,PL3_2025_DongThap_old,4. PL3 - danh muc cong .pdf,GATE_MASTER_2026-10-02,False
PL3-1129,Hệ thống cống tròn Bắc kênh A3 (03cái),,,,,UNKNOWN,False,Giữ trống tọa độ để tránh tạo điểm giả; cần GIS kỹ thuật/khảo sát hoặc nguồn công bố trực tiếp.,PL3_2025_DongThap_old,4. PL3 - danh muc cong .pdf,GATE_MASTER_2026-10-02,False
PL3-1130,Cống hộp Nam kênh An Bình (trạm bơm số 1),,,,,UNKNOWN,False,Giữ trống tọa độ để tránh tạo điểm giả; cần GIS kỹ thuật/khảo sát hoặc nguồn công bố trực tiếp.,PL3_2025_DongThap_old,4. PL3 - danh muc cong .pdf,GATE_MASTER_2026-10-02,False
PL3-1131,Cống hộp Nam kênh An Bình (trạm bơm số 2),,,,,UNKNOWN,False,Giữ trống tọa độ để tránh tạo điểm giả; cần GIS kỹ thuật/khảo sát hoặc nguồn công bố trực tiếp.,PL3_2025_DongThap_old,4. PL3 - danh muc cong .pdf,GATE_MASTER_2026-10-02,False
PL3-1132,Hệ thống cống tròn ô bao số 25 (06 cái),,,,,UNKNOWN,False,Giữ trống tọa độ để tránh tạo điểm giả; cần GIS kỹ thuật/khảo sát hoặc nguồn công bố trực tiếp.,PL3_2025_DongThap_old,4. PL3 - danh muc cong .pdf,GATE_MASTER_2026-10-02,False
PL3-1133,Hệ thống cống tròn Đông kênh Lâm Vồ (06 cái),,,,,UNKNOWN,False,Giữ trống tọa độ để tránh tạo điểm giả; cần GIS kỹ thuật/khảo sát hoặc nguồn công bố trực tiếp.,PL3_2025_DongThap_old,4. PL3 - danh muc cong .pdf,GATE_MASTER_2026-10-02,False
PL3-1134,Hệ thống cống tròn Bắc kênh A3 (04 cái),,,,,UNKNOWN,False,Giữ trống tọa độ để tránh tạo điểm giả; cần GIS kỹ thuật/khảo sát hoặc nguồn công bố trực tiếp.,PL3_2025_DongThap_old,4. PL3 - danh muc cong .pdf,GATE_MASTER_2026-10-02,False
PL3-1135,Cống tròn Tây kênh Phú Đức - Đường nước trạm 3,,,,,UNKNOWN,False,Giữ trống tọa độ để tránh tạo điểm giả; cần GIS kỹ thuật/khảo sát hoặc nguồn công bố trực tiếp.,PL3_2025_DongThap_old,4. PL3 - danh muc cong .pdf,GATE_MASTER_2026-10-02,False
PL3-1136,Cống tròn Nam kênh ranh PĐ-PH Đường nước 1.200,,,,,UNKNOWN,False,Giữ trống tọa độ để tránh tạo điểm giả; cần GIS kỹ thuật/khảo sát hoặc nguồn công bố trực tiếp.,PL3_2025_DongThap_old,4. PL3 - danh muc cong .pdf,GATE_MASTER_2026-10-02,False
PL3-1137,Hệ thống cống tròn Đông kênh Phú Hiệp (02 cái),,,,,UNKNOWN,False,Giữ trống tọa độ để tránh tạo điểm giả; cần GIS kỹ thuật/khảo sát hoặc nguồn công bố trực tiếp.,PL3_2025_DongThap_old,4. PL3 - danh muc cong .pdf,GATE_MASTER_2026-10-02,False
PL3-1138,"Cống tiêu xả nước ngang đường tỉnh lộ ĐT 843 thuộc ô bao không số, xã Phú Đức",,,,,UNKNOWN,False,Giữ trống tọa độ để tránh tạo điểm giả; cần GIS kỹ thuật/khảo sát hoặc nguồn công bố trực tiếp.,PL3_2025_DongThap_old,4. PL3 - danh muc cong .pdf,GATE_MASTER_2026-10-02,False
PL3-1139,Cống tròn Đông kênh Phú Đức - đường Dũng Gáo),,,,,UNKNOWN,False,Giữ trống tọa độ để tránh tạo điểm giả; cần GIS kỹ thuật/khảo sát hoặc nguồn công bố trực tiếp.,PL3_2025_DongThap_old,4. PL3 - danh muc cong .pdf,GATE_MASTER_2026-10-02,False
PL3-1140,Cống tròn Đông kênh Phú Đức - đường nước Cái 2),,,,,UNKNOWN,False,Giữ trống tọa độ để tránh tạo điểm giả; cần GIS kỹ thuật/khảo sát hoặc nguồn công bố trực tiếp.,PL3_2025_DongThap_old,4. PL3 - danh muc cong .pdf,GATE_MASTER_2026-10-02,False
PL3-1141,Cống tròn Đông kênh Phú Đức - đường nước 5 Một),,,,,UNKNOWN,False,Giữ trống tọa độ để tránh tạo điểm giả; cần GIS kỹ thuật/khảo sát hoặc nguồn công bố trực tiếp.,PL3_2025_DongThap_old,4. PL3 - danh muc cong .pdf,GATE_MASTER_2026-10-02,False
PL3-1142,Cống tròn Bắc kênh An Bình - Trạm bơm số 3),,,,,UNKNOWN,False,Giữ trống tọa độ để tránh tạo điểm giả; cần GIS kỹ thuật/khảo sát hoặc nguồn công bố trực tiếp.,PL3_2025_DongThap_old,4. PL3 - danh muc cong .pdf,GATE_MASTER_2026-10-02,False
PL3-1143,Cống tròn Bắc kênh An Bình - đường nước 4 Thà),,,,,UNKNOWN,False,Giữ trống tọa độ để tránh tạo điểm giả; cần GIS kỹ thuật/khảo sát hoặc nguồn công bố trực tiếp.,PL3_2025_DongThap_old,4. PL3 - danh muc cong .pdf,GATE_MASTER_2026-10-02,False
PL3-1144,Cống tròn Đông kênh Phú Hiệp - ĐN tập 1 Hường),,,,,UNKNOWN,False,Giữ trống tọa độ để tránh tạo điểm giả; cần GIS kỹ thuật/khảo sát hoặc nguồn công bố trực tiếp.,PL3_2025_DongThap_old,4. PL3 - danh muc cong .pdf,GATE_MASTER_2026-10-02,False
PL3-1145,Cống tròn Đông kênh Phú Hiệp - đường nước 6 Giá),,,,,UNKNOWN,False,Giữ trống tọa độ để tránh tạo điểm giả; cần GIS kỹ thuật/khảo sát hoặc nguồn công bố trực tiếp.,PL3_2025_DongThap_old,4. PL3 - danh muc cong .pdf,GATE_MASTER_2026-10-02,False
PL3-1146,Cống tròn Đông kênh Phú Hiệp - đường nước 8 Hô),,,,,UNKNOWN,False,Giữ trống tọa độ để tránh tạo điểm giả; cần GIS kỹ thuật/khảo sát hoặc nguồn công bố trực tiếp.,PL3_2025_DongThap_old,4. PL3 - danh muc cong .pdf,GATE_MASTER_2026-10-02,False
PL3-1147,Hệ thống cống tròn Tây kênh Sáu Đạt (03 cái),,,,,UNKNOWN,False,Giữ trống tọa độ để tránh tạo điểm giả; cần GIS kỹ thuật/khảo sát hoặc nguồn công bố trực tiếp.,PL3_2025_DongThap_old,4. PL3 - danh muc cong .pdf,GATE_MASTER_2026-10-02,False
PL3-1148,Cống hộp Nam kênh Đồng Tiến (kênh Mười Tải),,,,,UNKNOWN,False,Giữ trống tọa độ để tránh tạo điểm giả; cần GIS kỹ thuật/khảo sát hoặc nguồn công bố trực tiếp.,PL3_2025_DongThap_old,4. PL3 - danh muc cong .pdf,GATE_MASTER_2026-10-02,False
PL3-1149,Cống hộp Nam kênh Đồng Tiến (kênh Phèn 2),,,,,UNKNOWN,False,Giữ trống tọa độ để tránh tạo điểm giả; cần GIS kỹ thuật/khảo sát hoặc nguồn công bố trực tiếp.,PL3_2025_DongThap_old,4. PL3 - danh muc cong .pdf,GATE_MASTER_2026-10-02,False
PL3-1150,Cống hộp Bắc kênh ranh TN-TB (kênh Mười Xéo),,,,,UNKNOWN,False,Giữ trống tọa độ để tránh tạo điểm giả; cần GIS kỹ thuật/khảo sát hoặc nguồn công bố trực tiếp.,PL3_2025_DongThap_old,4. PL3 - danh muc cong .pdf,GATE_MASTER_2026-10-02,False
PL3-1151,Hệ thống cống tròn Đông kênh Nhà Thương (02 cái),,,,,UNKNOWN,False,Giữ trống tọa độ để tránh tạo điểm giả; cần GIS kỹ thuật/khảo sát hoặc nguồn công bố trực tiếp.,PL3_2025_DongThap_old,4. PL3 - danh muc cong .pdf,GATE_MASTER_2026-10-02,False
PL3-1152,Cống tròn Bắc kênh ranh TN-TB (đường nước Bà Hữu),,,,,UNKNOWN,False,Giữ trống tọa độ để tránh tạo điểm giả; cần GIS kỹ thuật/khảo sát hoặc nguồn công bố trực tiếp.,PL3_2025_DongThap_old,4. PL3 - danh muc cong .pdf,GATE_MASTER_2026-10-02,False
PL3-1153,Hệ thống cống tròn kênh ranh TN-Cao Lãnh (02 cái),,,,,UNKNOWN,False,Giữ trống tọa độ để tránh tạo điểm giả; cần GIS kỹ thuật/khảo sát hoặc nguồn công bố trực tiếp.,PL3_2025_DongThap_old,4. PL3 - danh muc cong .pdf,GATE_MASTER_2026-10-02,False
PL3-1154,Cống tròn kênh Mười Tải- Đất ông Rô Bi),,,,,UNKNOWN,False,Giữ trống tọa độ để tránh tạo điểm giả; cần GIS kỹ thuật/khảo sát hoặc nguồn công bố trực tiếp.,PL3_2025_DongThap_old,4. PL3 - danh muc cong .pdf,GATE_MASTER_2026-10-02,False
PL3-1155,Cống tròn kênh Mười Tải- Đất ông Ba Vồ),,,,,UNKNOWN,False,Giữ trống tọa độ để tránh tạo điểm giả; cần GIS kỹ thuật/khảo sát hoặc nguồn công bố trực tiếp.,PL3_2025_DongThap_old,4. PL3 - danh muc cong .pdf,GATE_MASTER_2026-10-02,False
PL3-1156,Cống tròn Bắc kênh Đồng Tiến - ranh TN-TM,,,,,UNKNOWN,False,Giữ trống tọa độ để tránh tạo điểm giả; cần GIS kỹ thuật/khảo sát hoặc nguồn công bố trực tiếp.,PL3_2025_DongThap_old,4. PL3 - danh muc cong .pdf,GATE_MASTER_2026-10-02,False
PL3-1157,Cống tròn Băc kênh Đồng tiến - ĐN Kênh 10 Xéo),,,,,UNKNOWN,False,Giữ trống tọa độ để tránh tạo điểm giả; cần GIS kỹ thuật/khảo sát hoặc nguồn công bố trực tiếp.,PL3_2025_DongThap_old,4. PL3 - danh muc cong .pdf,GATE_MASTER_2026-10-02,False
PL3-1158,Cống tròn Nam kênh ranh Tân Công Sính - Phú Cường,,,,,UNKNOWN,False,Giữ trống tọa độ để tránh tạo điểm giả; cần GIS kỹ thuật/khảo sát hoặc nguồn công bố trực tiếp.,PL3_2025_DongThap_old,4. PL3 - danh muc cong .pdf,GATE_MASTER_2026-10-02,False
PL3-1159,Cống tròn Bắc kênh Đồng Tiến - kênh giữa ông Đẹp),,,,,UNKNOWN,False,Giữ trống tọa độ để tránh tạo điểm giả; cần GIS kỹ thuật/khảo sát hoặc nguồn công bố trực tiếp.,PL3_2025_DongThap_old,4. PL3 - danh muc cong .pdf,GATE_MASTER_2026-10-02,False
PL3-1160,Cống tròn Bắc kênh Đồng Tiến - kênh 7 Thảo),,,,,UNKNOWN,False,Giữ trống tọa độ để tránh tạo điểm giả; cần GIS kỹ thuật/khảo sát hoặc nguồn công bố trực tiếp.,PL3_2025_DongThap_old,4. PL3 - danh muc cong .pdf,GATE_MASTER_2026-10-02,False
PL3-1161,Cống tròn Tây kênh Phú Đức - kênh Bà Mụ Hai Phòng),,,,,UNKNOWN,False,Giữ trống tọa độ để tránh tạo điểm giả; cần GIS kỹ thuật/khảo sát hoặc nguồn công bố trực tiếp.,PL3_2025_DongThap_old,4. PL3 - danh muc cong .pdf,GATE_MASTER_2026-10-02,False
PL3-1162,Cống tròn Bắc kênh Đồng Tiến - kênh Bà Mụ Phương),,,,,UNKNOWN,False,Giữ trống tọa độ để tránh tạo điểm giả; cần GIS kỹ thuật/khảo sát hoặc nguồn công bố trực tiếp.,PL3_2025_DongThap_old,4. PL3 - danh muc cong .pdf,GATE_MASTER_2026-10-02,False
PL3-1163,Cống tròn Tây kênh Tân Công Sính 1 - kênh Thủy lợi 1),,,,,UNKNOWN,False,Giữ trống tọa độ để tránh tạo điểm giả; cần GIS kỹ thuật/khảo sát hoặc nguồn công bố trực tiếp.,PL3_2025_DongThap_old,4. PL3 - danh muc cong .pdf,GATE_MASTER_2026-10-02,False
PL3-1164,Cống tròn Tây kênh Tân Công Sính 1 - ĐN tư Buôl),,,,,UNKNOWN,False,Giữ trống tọa độ để tránh tạo điểm giả; cần GIS kỹ thuật/khảo sát hoặc nguồn công bố trực tiếp.,PL3_2025_DongThap_old,4. PL3 - danh muc cong .pdf,GATE_MASTER_2026-10-02,False
PL3-1165,Cống tròn Nam kênh Nông Trường - Đường nước số 1),,,,,UNKNOWN,False,Giữ trống tọa độ để tránh tạo điểm giả; cần GIS kỹ thuật/khảo sát hoặc nguồn công bố trực tiếp.,PL3_2025_DongThap_old,4. PL3 - danh muc cong .pdf,GATE_MASTER_2026-10-02,False
PL3-1166,Cống tròn Nam kênh Nông Trường - Đường nước số 2),,,,,UNKNOWN,False,Giữ trống tọa độ để tránh tạo điểm giả; cần GIS kỹ thuật/khảo sát hoặc nguồn công bố trực tiếp.,PL3_2025_DongThap_old,4. PL3 - danh muc cong .pdf,GATE_MASTER_2026-10-02,False
PL3-1167,Cống tròn Đông kênh Nông Trường - Đường nước số 3),,,,,UNKNOWN,False,Giữ trống tọa độ để tránh tạo điểm giả; cần GIS kỹ thuật/khảo sát hoặc nguồn công bố trực tiếp.,PL3_2025_DongThap_old,4. PL3 - danh muc cong .pdf,GATE_MASTER_2026-10-02,False
PL3-1168,Cống tròn Đông kênh Nông Trường - Đường nước số 4),,,,,UNKNOWN,False,Giữ trống tọa độ để tránh tạo điểm giả; cần GIS kỹ thuật/khảo sát hoặc nguồn công bố trực tiếp.,PL3_2025_DongThap_old,4. PL3 - danh muc cong .pdf,GATE_MASTER_2026-10-02,False
PL3-1169,Cống tròn Tây k. Tân Công Sính 1 - Đường nước 4 Tiển),,,,,UNKNOWN,False,Giữ trống tọa độ để tránh tạo điểm giả; cần GIS kỹ thuật/khảo sát hoặc nguồn công bố trực tiếp.,PL3_2025_DongThap_old,4. PL3 - danh muc cong .pdf,GATE_MASTER_2026-10-02,False
PL3-1170,Cống tròn Tây k. Tân Công Sính 1 - ĐN 10 Đâu),,,,,UNKNOWN,False,Giữ trống tọa độ để tránh tạo điểm giả; cần GIS kỹ thuật/khảo sát hoặc nguồn công bố trực tiếp.,PL3_2025_DongThap_old,4. PL3 - danh muc cong .pdf,GATE_MASTER_2026-10-02,False
PL3-1171,Cống tròn Tây k.Tân Công Sính 1 - ĐN Chí Linh),,,,,UNKNOWN,False,Giữ trống tọa độ để tránh tạo điểm giả; cần GIS kỹ thuật/khảo sát hoặc nguồn công bố trực tiếp.,PL3_2025_DongThap_old,4. PL3 - danh muc cong .pdf,GATE_MASTER_2026-10-02,False
PL3-1172,Cống tròn kênh Lung Bông - Đường nước N0),,,,,UNKNOWN,False,Giữ trống tọa độ để tránh tạo điểm giả; cần GIS kỹ thuật/khảo sát hoặc nguồn công bố trực tiếp.,PL3_2025_DongThap_old,4. PL3 - danh muc cong .pdf,GATE_MASTER_2026-10-02,False
PL3-1173,Cống tròn kênh Lung Bông - Đường nước N2),,,,,UNKNOWN,False,Giữ trống tọa độ để tránh tạo điểm giả; cần GIS kỹ thuật/khảo sát hoặc nguồn công bố trực tiếp.,PL3_2025_DongThap_old,4. PL3 - danh muc cong .pdf,GATE_MASTER_2026-10-02,False
PL3-1174,Cống tròn kênh Lung Bông - Đường nước N4),,,,,UNKNOWN,False,Giữ trống tọa độ để tránh tạo điểm giả; cần GIS kỹ thuật/khảo sát hoặc nguồn công bố trực tiếp.,PL3_2025_DongThap_old,4. PL3 - danh muc cong .pdf,GATE_MASTER_2026-10-02,False
PL3-1175,Cống tròn bờ Tây kênh TCS1 - ĐN kế nhà ông Thoại),,,,,UNKNOWN,False,Giữ trống tọa độ để tránh tạo điểm giả; cần GIS kỹ thuật/khảo sát hoặc nguồn công bố trực tiếp.,PL3_2025_DongThap_old,4. PL3 - danh muc cong .pdf,GATE_MASTER_2026-10-02,False
PL3-1176,Cống tròn Tây kênh Tân Công Sính 1- ĐN 10 Ngon),,,,,UNKNOWN,False,Giữ trống tọa độ để tránh tạo điểm giả; cần GIS kỹ thuật/khảo sát hoặc nguồn công bố trực tiếp.,PL3_2025_DongThap_old,4. PL3 - danh muc cong .pdf,GATE_MASTER_2026-10-02,False
PL3-1177,Cống tròn Tây kênh Tân Công Sính 1- ĐN 7 Nhành),,,,,UNKNOWN,False,Giữ trống tọa độ để tránh tạo điểm giả; cần GIS kỹ thuật/khảo sát hoặc nguồn công bố trực tiếp.,PL3_2025_DongThap_old,4. PL3 - danh muc cong .pdf,GATE_MASTER_2026-10-02,False
PL3-1178,Cống tròn Tây kênh Tân Công Sính 1- ĐN Dũng Cụt),,,,,UNKNOWN,False,Giữ trống tọa độ để tránh tạo điểm giả; cần GIS kỹ thuật/khảo sát hoặc nguồn công bố trực tiếp.,PL3_2025_DongThap_old,4. PL3 - danh muc cong .pdf,GATE_MASTER_2026-10-02,False
PL3-1179,Hệ thống cống tròn ô bao số 38 (02 cái),,,,,UNKNOWN,False,Giữ trống tọa độ để tránh tạo điểm giả; cần GIS kỹ thuật/khảo sát hoặc nguồn công bố trực tiếp.,PL3_2025_DongThap_old,4. PL3 - danh muc cong .pdf,GATE_MASTER_2026-10-02,False
PL3-1180,Hệ thống cống tròn ô bao số 51 (04 cái),,,,,UNKNOWN,False,Giữ trống tọa độ để tránh tạo điểm giả; cần GIS kỹ thuật/khảo sát hoặc nguồn công bố trực tiếp.,PL3_2025_DongThap_old,4. PL3 - danh muc cong .pdf,GATE_MASTER_2026-10-02,False
PL3-1181,Cống hộp Tây kênh Phước Xuyên (ĐN 500),,,,,UNKNOWN,False,Giữ trống tọa độ để tránh tạo điểm giả; cần GIS kỹ thuật/khảo sát hoặc nguồn công bố trực tiếp.,PL3_2025_DongThap_old,4. PL3 - danh muc cong .pdf,GATE_MASTER_2026-10-02,False
PL3-1182,Hệ thống cống tròn Tây kênh Phước Xuyên (02 cái),,,,,UNKNOWN,False,Giữ trống tọa độ để tránh tạo điểm giả; cần GIS kỹ thuật/khảo sát hoặc nguồn công bố trực tiếp.,PL3_2025_DongThap_old,4. PL3 - danh muc cong .pdf,GATE_MASTER_2026-10-02,False
PL3-1183,Cống tròn 500 giáp kênh Mười Tải,,,,,UNKNOWN,False,Giữ trống tọa độ để tránh tạo điểm giả; cần GIS kỹ thuật/khảo sát hoặc nguồn công bố trực tiếp.,PL3_2025_DongThap_old,4. PL3 - danh muc cong .pdf,GATE_MASTER_2026-10-02,False
PL3-1184,Cống tròn 500 giáp kênh ranh TN-TM,,,,,UNKNOWN,False,Giữ trống tọa độ để tránh tạo điểm giả; cần GIS kỹ thuật/khảo sát hoặc nguồn công bố trực tiếp.,PL3_2025_DongThap_old,4. PL3 - danh muc cong .pdf,GATE_MASTER_2026-10-02,False
PL3-1185,Cống tròn kênh TCS 2 (ĐN 5 Cội),,,,,UNKNOWN,False,Giữ trống tọa độ để tránh tạo điểm giả; cần GIS kỹ thuật/khảo sát hoặc nguồn công bố trực tiếp.,PL3_2025_DongThap_old,4. PL3 - danh muc cong .pdf,GATE_MASTER_2026-10-02,False
PL3-1186,Cống tròn Mương lộ Cà Dăm (Trường học),,,,,UNKNOWN,False,Giữ trống tọa độ để tránh tạo điểm giả; cần GIS kỹ thuật/khảo sát hoặc nguồn công bố trực tiếp.,PL3_2025_DongThap_old,4. PL3 - danh muc cong .pdf,GATE_MASTER_2026-10-02,False
PL3-1187,Cống tròn kênh Tà Thơi,,,,,UNKNOWN,False,Giữ trống tọa độ để tránh tạo điểm giả; cần GIS kỹ thuật/khảo sát hoặc nguồn công bố trực tiếp.,PL3_2025_DongThap_old,4. PL3 - danh muc cong .pdf,GATE_MASTER_2026-10-02,False
PL3-1188,Cống tròn Bắc kênh Gáo Đôi (ĐN 1000),,,,,UNKNOWN,False,Giữ trống tọa độ để tránh tạo điểm giả; cần GIS kỹ thuật/khảo sát hoặc nguồn công bố trực tiếp.,PL3_2025_DongThap_old,4. PL3 - danh muc cong .pdf,GATE_MASTER_2026-10-02,False
PL3-1189,Cống tròn Bắc kênh Gáo Đôi - Đường nước 500),,,,,UNKNOWN,False,Giữ trống tọa độ để tránh tạo điểm giả; cần GIS kỹ thuật/khảo sát hoặc nguồn công bố trực tiếp.,PL3_2025_DongThap_old,4. PL3 - danh muc cong .pdf,GATE_MASTER_2026-10-02,False
PL3-1190,Cống hộp Bắc Kênh An Bình - Đường nước Hai Quốc),,,,,UNKNOWN,False,Giữ trống tọa độ để tránh tạo điểm giả; cần GIS kỹ thuật/khảo sát hoặc nguồn công bố trực tiếp.,PL3_2025_DongThap_old,4. PL3 - danh muc cong .pdf,GATE_MASTER_2026-10-02,False
PL3-1191,Cống tròn Đông kênh Phú Đức (ranh PĐ – PH),,,,,UNKNOWN,False,Giữ trống tọa độ để tránh tạo điểm giả; cần GIS kỹ thuật/khảo sát hoặc nguồn công bố trực tiếp.,PL3_2025_DongThap_old,4. PL3 - danh muc cong .pdf,GATE_MASTER_2026-10-02,False
PL3-1192,Cống tròn bắc kênh A4 (ĐN Mười in),,,,,UNKNOWN,False,Giữ trống tọa độ để tránh tạo điểm giả; cần GIS kỹ thuật/khảo sát hoặc nguồn công bố trực tiếp.,PL3_2025_DongThap_old,4. PL3 - danh muc cong .pdf,GATE_MASTER_2026-10-02,False
PL3-1193,Cống tròn Đông kênh Lung Bông (đường nước số 4),,,,,UNKNOWN,False,Giữ trống tọa độ để tránh tạo điểm giả; cần GIS kỹ thuật/khảo sát hoặc nguồn công bố trực tiếp.,PL3_2025_DongThap_old,4. PL3 - danh muc cong .pdf,GATE_MASTER_2026-10-02,False
PL3-1194,Cống tròn bờ Bắc kênh ranh TN – TB (ĐN Sáu Bi),,,,,UNKNOWN,False,Giữ trống tọa độ để tránh tạo điểm giả; cần GIS kỹ thuật/khảo sát hoặc nguồn công bố trực tiếp.,PL3_2025_DongThap_old,4. PL3 - danh muc cong .pdf,GATE_MASTER_2026-10-02,False
PL3-1195,Cống tròn bờ Bắc kênh ranh TN – TB (Rọc Bà Hổ),,,,,UNKNOWN,False,Giữ trống tọa độ để tránh tạo điểm giả; cần GIS kỹ thuật/khảo sát hoặc nguồn công bố trực tiếp.,PL3_2025_DongThap_old,4. PL3 - danh muc cong .pdf,GATE_MASTER_2026-10-02,False
PL3-1196,Cống tròn Tây kênh Lung Bông (đường nước số 4),,,,,UNKNOWN,False,Giữ trống tọa độ để tránh tạo điểm giả; cần GIS kỹ thuật/khảo sát hoặc nguồn công bố trực tiếp.,PL3_2025_DongThap_old,4. PL3 - danh muc cong .pdf,GATE_MASTER_2026-10-02,False
PL3-1197,Cống tròn kênh Hậu (Đường nước ông Bê),,,,,UNKNOWN,False,Giữ trống tọa độ để tránh tạo điểm giả; cần GIS kỹ thuật/khảo sát hoặc nguồn công bố trực tiếp.,PL3_2025_DongThap_old,4. PL3 - danh muc cong .pdf,GATE_MASTER_2026-10-02,False
PL3-1198,Cống tròn ô bao số 11 (Rọc Lung Ngang),,,,,UNKNOWN,False,Giữ trống tọa độ để tránh tạo điểm giả; cần GIS kỹ thuật/khảo sát hoặc nguồn công bố trực tiếp.,PL3_2025_DongThap_old,4. PL3 - danh muc cong .pdf,GATE_MASTER_2026-10-02,False
PL3-1199,Cống tròn Bắc kênh ranh TN-TB ô bao số 10 (Rọc Sậy),,,,,UNKNOWN,False,Giữ trống tọa độ để tránh tạo điểm giả; cần GIS kỹ thuật/khảo sát hoặc nguồn công bố trực tiếp.,PL3_2025_DongThap_old,4. PL3 - danh muc cong .pdf,GATE_MASTER_2026-10-02,False
PL3-1200,Cống tròn bờ Đông kênh Phú Thọ (ĐN 300),,,,,UNKNOWN,False,Giữ trống tọa độ để tránh tạo điểm giả; cần GIS kỹ thuật/khảo sát hoặc nguồn công bố trực tiếp.,PL3_2025_DongThap_old,4. PL3 - danh muc cong .pdf,GATE_MASTER_2026-10-02,False
PL3-1201,Cống tròn bờ Đông rạch Ba Răng (Bà Hai Nhi),,,,,UNKNOWN,False,Giữ trống tọa độ để tránh tạo điểm giả; cần GIS kỹ thuật/khảo sát hoặc nguồn công bố trực tiếp.,PL3_2025_DongThap_old,4. PL3 - danh muc cong .pdf,GATE_MASTER_2026-10-02,False
PL3-1202,Cống tròn Nam kênh ranh PH-PĐ (đường nước kênh 600),,,,,UNKNOWN,False,Giữ trống tọa độ để tránh tạo điểm giả; cần GIS kỹ thuật/khảo sát hoặc nguồn công bố trực tiếp.,PL3_2025_DongThap_old,4. PL3 - danh muc cong .pdf,GATE_MASTER_2026-10-02,False
PL3-1203,Cống tròn Nam kênh ranh PH-PĐ (đường nước kênh 900),,,,,UNKNOWN,False,Giữ trống tọa độ để tránh tạo điểm giả; cần GIS kỹ thuật/khảo sát hoặc nguồn công bố trực tiếp.,PL3_2025_DongThap_old,4. PL3 - danh muc cong .pdf,GATE_MASTER_2026-10-02,False
PL3-1204,Cống tròn Nam kênh ranh PH-PĐ (đường nước kênh 1200),,,,,UNKNOWN,False,Giữ trống tọa độ để tránh tạo điểm giả; cần GIS kỹ thuật/khảo sát hoặc nguồn công bố trực tiếp.,PL3_2025_DongThap_old,4. PL3 - danh muc cong .pdf,GATE_MASTER_2026-10-02,False
PL3-1205,Cống tròn bờ Đông kênh Phú Hiệp (K8),,,,,UNKNOWN,False,Giữ trống tọa độ để tránh tạo điểm giả; cần GIS kỹ thuật/khảo sát hoặc nguồn công bố trực tiếp.,PL3_2025_DongThap_old,4. PL3 - danh muc cong .pdf,GATE_MASTER_2026-10-02,False
PL3-1206,Cống tròn bờ Đông kênh Lung Bông,,,,,UNKNOWN,False,Giữ trống tọa độ để tránh tạo điểm giả; cần GIS kỹ thuật/khảo sát hoặc nguồn công bố trực tiếp.,PL3_2025_DongThap_old,4. PL3 - danh muc cong .pdf,GATE_MASTER_2026-10-02,False
PL3-1207,Cống tròn bờ Tây kênh Sáu Đạt,,,,,UNKNOWN,False,Giữ trống tọa độ để tránh tạo điểm giả; cần GIS kỹ thuật/khảo sát hoặc nguồn công bố trực tiếp.,PL3_2025_DongThap_old,4. PL3 - danh muc cong .pdf,GATE_MASTER_2026-10-02,False
PL3-1208,Cống hở Đông kênh Tân Công Sính 1 (ô bao số 41),,,,,UNKNOWN,False,Giữ trống tọa độ để tránh tạo điểm giả; cần GIS kỹ thuật/khảo sát hoặc nguồn công bố trực tiếp.,PL3_2025_DongThap_old,4. PL3 - danh muc cong .pdf,GATE_MASTER_2026-10-02,False
PL3-1209,Cống tròn bờ Tây kênh Lâm Vồ,,,,,UNKNOWN,False,Giữ trống tọa độ để tránh tạo điểm giả; cần GIS kỹ thuật/khảo sát hoặc nguồn công bố trực tiếp.,PL3_2025_DongThap_old,4. PL3 - danh muc cong .pdf,GATE_MASTER_2026-10-02,False
PL3-1210,Cống tròn bờ Nam kênh ranh Phú Đức - Phú Hiệp,,,,,UNKNOWN,False,Giữ trống tọa độ để tránh tạo điểm giả; cần GIS kỹ thuật/khảo sát hoặc nguồn công bố trực tiếp.,PL3_2025_DongThap_old,4. PL3 - danh muc cong .pdf,GATE_MASTER_2026-10-02,False
PL3-1211,Cống tròn Bắc kênh ranh An Phong - Phú Ninh,,,,,UNKNOWN,False,Giữ trống tọa độ để tránh tạo điểm giả; cần GIS kỹ thuật/khảo sát hoặc nguồn công bố trực tiếp.,PL3_2025_DongThap_old,4. PL3 - danh muc cong .pdf,GATE_MASTER_2026-10-02,False
PL3-1212,Cống tưới tiêu HTX nông nghiệp Tân Cường (07 cái),,,,,UNKNOWN,False,Giữ trống tọa độ để tránh tạo điểm giả; cần GIS kỹ thuật/khảo sát hoặc nguồn công bố trực tiếp.,PL3_2025_DongThap_old,4. PL3 - danh muc cong .pdf,GATE_MASTER_2026-10-02,False
PL3-1213,Cống tròn Bắc kênh Đồng Tiến (ĐN năm Bá),,,,,UNKNOWN,False,Giữ trống tọa độ để tránh tạo điểm giả; cần GIS kỹ thuật/khảo sát hoặc nguồn công bố trực tiếp.,PL3_2025_DongThap_old,4. PL3 - danh muc cong .pdf,GATE_MASTER_2026-10-02,False
PL3-1214,Cống tròn Bắc kênh Đồng Tiến (ĐN Tư Luôn),,,,,UNKNOWN,False,Giữ trống tọa độ để tránh tạo điểm giả; cần GIS kỹ thuật/khảo sát hoặc nguồn công bố trực tiếp.,PL3_2025_DongThap_old,4. PL3 - danh muc cong .pdf,GATE_MASTER_2026-10-02,False
PL3-1215,Cống tròn Tây kênh 2/9 (04 cái),,,,,UNKNOWN,False,Giữ trống tọa độ để tránh tạo điểm giả; cần GIS kỹ thuật/khảo sát hoặc nguồn công bố trực tiếp.,PL3_2025_DongThap_old,4. PL3 - danh muc cong .pdf,GATE_MASTER_2026-10-02,False
PL3-1216,Cống tròn Tây kênh 2/9 (02 cái),,,,,UNKNOWN,False,Giữ trống tọa độ để tránh tạo điểm giả; cần GIS kỹ thuật/khảo sát hoặc nguồn công bố trực tiếp.,PL3_2025_DongThap_old,4. PL3 - danh muc cong .pdf,GATE_MASTER_2026-10-02,False
PL3-1217,Cống tròn Bắc kênh ranh PĐ-PH (04 cái),,,,,UNKNOWN,False,Giữ trống tọa độ để tránh tạo điểm giả; cần GIS kỹ thuật/khảo sát hoặc nguồn công bố trực tiếp.,PL3_2025_DongThap_old,4. PL3 - danh muc cong .pdf,GATE_MASTER_2026-10-02,False
PL3-1218,Cống tròn Tây kênh Phước Xuyên (02 cái),,,,,UNKNOWN,False,Giữ trống tọa độ để tránh tạo điểm giả; cần GIS kỹ thuật/khảo sát hoặc nguồn công bố trực tiếp.,PL3_2025_DongThap_old,4. PL3 - danh muc cong .pdf,GATE_MASTER_2026-10-02,False
PL3-1219,Cống tròn Đông kênh 2/9 (02 cái),,,,,UNKNOWN,False,Giữ trống tọa độ để tránh tạo điểm giả; cần GIS kỹ thuật/khảo sát hoặc nguồn công bố trực tiếp.,PL3_2025_DongThap_old,4. PL3 - danh muc cong .pdf,GATE_MASTER_2026-10-02,False
PL3-1220,Cống tròn Đông kênh Phú Thành III (02 cái),,,,,UNKNOWN,False,Giữ trống tọa độ để tránh tạo điểm giả; cần GIS kỹ thuật/khảo sát hoặc nguồn công bố trực tiếp.,PL3_2025_DongThap_old,4. PL3 - danh muc cong .pdf,GATE_MASTER_2026-10-02,False
PL3-1221,Cống tròn Nam kênh ranh TN-TH (ĐN 9 Chót),,,,,UNKNOWN,False,Giữ trống tọa độ để tránh tạo điểm giả; cần GIS kỹ thuật/khảo sát hoặc nguồn công bố trực tiếp.,PL3_2025_DongThap_old,4. PL3 - danh muc cong .pdf,GATE_MASTER_2026-10-02,False
PL3-1222,Cống tròn Bắc kênh A5 (ĐN Sườn 1),,,,,UNKNOWN,False,Giữ trống tọa độ để tránh tạo điểm giả; cần GIS kỹ thuật/khảo sát hoặc nguồn công bố trực tiếp.,PL3_2025_DongThap_old,4. PL3 - danh muc cong .pdf,GATE_MASTER_2026-10-02,False
PL3-1223,Cống tròn Bắc kênh A5 (ĐN Sườn 2),,,,,UNKNOWN,False,Giữ trống tọa độ để tránh tạo điểm giả; cần GIS kỹ thuật/khảo sát hoặc nguồn công bố trực tiếp.,PL3_2025_DongThap_old,4. PL3 - danh muc cong .pdf,GATE_MASTER_2026-10-02,False
PL3-1224,Cống tròn Bắc kênh A5 (ĐN Kobe),,,,,UNKNOWN,False,Giữ trống tọa độ để tránh tạo điểm giả; cần GIS kỹ thuật/khảo sát hoặc nguồn công bố trực tiếp.,PL3_2025_DongThap_old,4. PL3 - danh muc cong .pdf,GATE_MASTER_2026-10-02,False
PL3-1225,Hệ thống cống tròn Đông kênh Phú Hiệp (03 cái),,,,,UNKNOWN,False,Giữ trống tọa độ để tránh tạo điểm giả; cần GIS kỹ thuật/khảo sát hoặc nguồn công bố trực tiếp.,PL3_2025_DongThap_old,4. PL3 - danh muc cong .pdf,GATE_MASTER_2026-10-02,False
PL3-1226,Hệ thống cống tròn Bắc kênh A5 (03cái),,,,,UNKNOWN,False,Giữ trống tọa độ để tránh tạo điểm giả; cần GIS kỹ thuật/khảo sát hoặc nguồn công bố trực tiếp.,PL3_2025_DongThap_old,4. PL3 - danh muc cong .pdf,GATE_MASTER_2026-10-02,False
PL3-1227,Cống tròn Nam kênh ranh TN-TB (HTX Quyết Thắng),,,,,UNKNOWN,False,Giữ trống tọa độ để tránh tạo điểm giả; cần GIS kỹ thuật/khảo sát hoặc nguồn công bố trực tiếp.,PL3_2025_DongThap_old,4. PL3 - danh muc cong .pdf,GATE_MASTER_2026-10-02,False
PL3-1228,Đối nối cống tròn Nam kênh Hậu (ĐN ông Bê),,,,,UNKNOWN,False,Giữ trống tọa độ để tránh tạo điểm giả; cần GIS kỹ thuật/khảo sát hoặc nguồn công bố trực tiếp.,PL3_2025_DongThap_old,4. PL3 - danh muc cong .pdf,GATE_MASTER_2026-10-02,False
PL3-1229,Cống tròn Bắc kênh ranh TN-TB (Ranh TT.TC-PC),,,,,UNKNOWN,False,Giữ trống tọa độ để tránh tạo điểm giả; cần GIS kỹ thuật/khảo sát hoặc nguồn công bố trực tiếp.,PL3_2025_DongThap_old,4. PL3 - danh muc cong .pdf,GATE_MASTER_2026-10-02,False
PL3-1230,Hệ thống cống tròn Bắc kênh ranh TN-TB (02 cái),,,,,UNKNOWN,False,Giữ trống tọa độ để tránh tạo điểm giả; cần GIS kỹ thuật/khảo sát hoặc nguồn công bố trực tiếp.,PL3_2025_DongThap_old,4. PL3 - danh muc cong .pdf,GATE_MASTER_2026-10-02,False
PL3-1231,Cống tròn Tây kênh Phú Đức (ranh PĐ-PH),,,,,UNKNOWN,False,Giữ trống tọa độ để tránh tạo điểm giả; cần GIS kỹ thuật/khảo sát hoặc nguồn công bố trực tiếp.,PL3_2025_DongThap_old,4. PL3 - danh muc cong .pdf,GATE_MASTER_2026-10-02,False
PL3-1232,Cống tròn Đông kênh Phú Hiệp (ĐN 4 Chân),,,,,UNKNOWN,False,Giữ trống tọa độ để tránh tạo điểm giả; cần GIS kỹ thuật/khảo sát hoặc nguồn công bố trực tiếp.,PL3_2025_DongThap_old,4. PL3 - danh muc cong .pdf,GATE_MASTER_2026-10-02,False
PL3-1233,Cống tròn Bắc kênh Đồng Tiến (Lò Gạch),,,,,UNKNOWN,False,Giữ trống tọa độ để tránh tạo điểm giả; cần GIS kỹ thuật/khảo sát hoặc nguồn công bố trực tiếp.,PL3_2025_DongThap_old,4. PL3 - danh muc cong .pdf,GATE_MASTER_2026-10-02,False
PL3-1234,"Cống tròn ô bao 42 (03 cái), hạng mục xây dựng mới",,,,,UNKNOWN,False,Giữ trống tọa độ để tránh tạo điểm giả; cần GIS kỹ thuật/khảo sát hoặc nguồn công bố trực tiếp.,PL3_2025_DongThap_old,4. PL3 - danh muc cong .pdf,GATE_MASTER_2026-10-02,False
PL3-1235,"Cống tròn ô bao 22+23 (02 cái), hạng mục xây dựng mới",,,,,UNKNOWN,False,Giữ trống tọa độ để tránh tạo điểm giả; cần GIS kỹ thuật/khảo sát hoặc nguồn công bố trực tiếp.,PL3_2025_DongThap_old,4. PL3 - danh muc cong .pdf,GATE_MASTER_2026-10-02,False
PL3-1236,Hệ thống cống tròn ô bao số 38 (02 cái),,,,,UNKNOWN,False,Giữ trống tọa độ để tránh tạo điểm giả; cần GIS kỹ thuật/khảo sát hoặc nguồn công bố trực tiếp.,PL3_2025_DongThap_old,4. PL3 - danh muc cong .pdf,GATE_MASTER_2026-10-02,False
PL3-1237,Hệ thống cống tròn Tây kênh Kháng Chiến (02 cái),,,,,UNKNOWN,False,Giữ trống tọa độ để tránh tạo điểm giả; cần GIS kỹ thuật/khảo sát hoặc nguồn công bố trực tiếp.,PL3_2025_DongThap_old,4. PL3 - danh muc cong .pdf,GATE_MASTER_2026-10-02,False
PL3-1238,Hệ thống cống tròn ô bao số 25 (06 cái),,,,,UNKNOWN,False,Giữ trống tọa độ để tránh tạo điểm giả; cần GIS kỹ thuật/khảo sát hoặc nguồn công bố trực tiếp.,PL3_2025_DongThap_old,4. PL3 - danh muc cong .pdf,GATE_MASTER_2026-10-02,False
PL3-1239,Nâng cấp hệ thống cống tròn ô bao số 22 (02 cái),,,,,UNKNOWN,False,Giữ trống tọa độ để tránh tạo điểm giả; cần GIS kỹ thuật/khảo sát hoặc nguồn công bố trực tiếp.,PL3_2025_DongThap_old,4. PL3 - danh muc cong .pdf,GATE_MASTER_2026-10-02,False
PL3-1240,Hệ thống cống tròn Tây kênh Phước Xuyên (02 cái),,,,,UNKNOWN,False,Giữ trống tọa độ để tránh tạo điểm giả; cần GIS kỹ thuật/khảo sát hoặc nguồn công bố trực tiếp.,PL3_2025_DongThap_old,4. PL3 - danh muc cong .pdf,GATE_MASTER_2026-10-02,False
PL3-1241,"Cống tiêu xả nước ngang đường tỉnh lộ ĐT 843 thuộc ô bao không số, xã Phú Đức",,,,,UNKNOWN,False,Giữ trống tọa độ để tránh tạo điểm giả; cần GIS kỹ thuật/khảo sát hoặc nguồn công bố trực tiếp.,PL3_2025_DongThap_old,4. PL3 - danh muc cong .pdf,GATE_MASTER_2026-10-02,False
PL3-1242,Cống tròn Bắc kênh Đồng Tiến (đường nước 7 Chạnh),,,,,UNKNOWN,False,Giữ trống tọa độ để tránh tạo điểm giả; cần GIS kỹ thuật/khảo sát hoặc nguồn công bố trực tiếp.,PL3_2025_DongThap_old,4. PL3 - danh muc cong .pdf,GATE_MASTER_2026-10-02,False
PL3-1243,Cống tròn Bắc kênh ranh TN-TB (ranh Phú Thành A-Phú Thọ),,,,,UNKNOWN,False,Giữ trống tọa độ để tránh tạo điểm giả; cần GIS kỹ thuật/khảo sát hoặc nguồn công bố trực tiếp.,PL3_2025_DongThap_old,4. PL3 - danh muc cong .pdf,GATE_MASTER_2026-10-02,False
PL3-1244,(Hệ thống cống tròn Đông kênh Lâm Vồ - 06 cái),,,,,UNKNOWN,False,Giữ trống tọa độ để tránh tạo điểm giả; cần GIS kỹ thuật/khảo sát hoặc nguồn công bố trực tiếp.,PL3_2025_DongThap_old,4. PL3 - danh muc cong .pdf,GATE_MASTER_2026-10-02,False
PL3-1245,(Hệ thống cống tròn Bắc kênh A3 - 04 cái),,,,,UNKNOWN,False,Giữ trống tọa độ để tránh tạo điểm giả; cần GIS kỹ thuật/khảo sát hoặc nguồn công bố trực tiếp.,PL3_2025_DongThap_old,4. PL3 - danh muc cong .pdf,GATE_MASTER_2026-10-02,False
PL3-1246,(Hệ thống cống tròn Tây kênh Phú Đức - 02 cái),,,,,UNKNOWN,False,Giữ trống tọa độ để tránh tạo điểm giả; cần GIS kỹ thuật/khảo sát hoặc nguồn công bố trực tiếp.,PL3_2025_DongThap_old,4. PL3 - danh muc cong .pdf,GATE_MASTER_2026-10-02,False
PL3-1247,(Cống tròn Tây kênh Phú Đức - Đường nước trạm 3),,,,,UNKNOWN,False,Giữ trống tọa độ để tránh tạo điểm giả; cần GIS kỹ thuật/khảo sát hoặc nguồn công bố trực tiếp.,PL3_2025_DongThap_old,4. PL3 - danh muc cong .pdf,GATE_MASTER_2026-10-02,False
PL3-1248,(Cống tròn Nam kênh ranh PĐ-PH _ Đường nước 1.200),,,,,UNKNOWN,False,Giữ trống tọa độ để tránh tạo điểm giả; cần GIS kỹ thuật/khảo sát hoặc nguồn công bố trực tiếp.,PL3_2025_DongThap_old,4. PL3 - danh muc cong .pdf,GATE_MASTER_2026-10-02,False
PL3-1249,(Hệ thống tròn Đông kênh Phú Hiệp - 02 cái),,,,,UNKNOWN,False,Giữ trống tọa độ để tránh tạo điểm giả; cần GIS kỹ thuật/khảo sát hoặc nguồn công bố trực tiếp.,PL3_2025_DongThap_old,4. PL3 - danh muc cong .pdf,GATE_MASTER_2026-10-02,False
PL3-1250,(Cống tròn Nam kênh Đồng Tiến - kênh Mười Tải),,,,,UNKNOWN,False,Giữ trống tọa độ để tránh tạo điểm giả; cần GIS kỹ thuật/khảo sát hoặc nguồn công bố trực tiếp.,PL3_2025_DongThap_old,4. PL3 - danh muc cong .pdf,GATE_MASTER_2026-10-02,False
PL3-1251,(Cống tròn Nam kênh Đồng Tiến - kênh Phèn 2),,,,,UNKNOWN,False,Giữ trống tọa độ để tránh tạo điểm giả; cần GIS kỹ thuật/khảo sát hoặc nguồn công bố trực tiếp.,PL3_2025_DongThap_old,4. PL3 - danh muc cong .pdf,GATE_MASTER_2026-10-02,False
PL3-1252,(Hệ thống cống tròn Đông kênh Nhà Thương - 02 cái),,,,,UNKNOWN,False,Giữ trống tọa độ để tránh tạo điểm giả; cần GIS kỹ thuật/khảo sát hoặc nguồn công bố trực tiếp.,PL3_2025_DongThap_old,4. PL3 - danh muc cong .pdf,GATE_MASTER_2026-10-02,False
PL3-1253,(Cống tròn Bắc kênh ranh TN-TB - đường nước Bà Hữu),,,,,UNKNOWN,False,Giữ trống tọa độ để tránh tạo điểm giả; cần GIS kỹ thuật/khảo sát hoặc nguồn công bố trực tiếp.,PL3_2025_DongThap_old,4. PL3 - danh muc cong .pdf,GATE_MASTER_2026-10-02,False
PL3-1254,(Hệ thống cống tròn kênh ranh TN-Cao Lãnh - 02 cái),,,,,UNKNOWN,False,Giữ trống tọa độ để tránh tạo điểm giả; cần GIS kỹ thuật/khảo sát hoặc nguồn công bố trực tiếp.,PL3_2025_DongThap_old,4. PL3 - danh muc cong .pdf,GATE_MASTER_2026-10-02,False
PL3-1255,(Cống tròn Tây kênh Phèn – ĐN 1000),,,,,UNKNOWN,False,Giữ trống tọa độ để tránh tạo điểm giả; cần GIS kỹ thuật/khảo sát hoặc nguồn công bố trực tiếp.,PL3_2025_DongThap_old,4. PL3 - danh muc cong .pdf,GATE_MASTER_2026-10-02,False
PL3-1256,(Cống tròn Nam kênh Đồng Tiến – Trạm bơm CCFD),,,,,UNKNOWN,False,Giữ trống tọa độ để tránh tạo điểm giả; cần GIS kỹ thuật/khảo sát hoặc nguồn công bố trực tiếp.,PL3_2025_DongThap_old,4. PL3 - danh muc cong .pdf,GATE_MASTER_2026-10-02,False
PL3-1257,(Cống tròn Tây kênh Kháng Chiến – ĐN Năm Tủng),,,,,UNKNOWN,False,Giữ trống tọa độ để tránh tạo điểm giả; cần GIS kỹ thuật/khảo sát hoặc nguồn công bố trực tiếp.,PL3_2025_DongThap_old,4. PL3 - danh muc cong .pdf,GATE_MASTER_2026-10-02,False
PL3-1258,(Cống tròn Tây kênh Kháng Chiến – Ngọn Mười Bơi),,,,,UNKNOWN,False,Giữ trống tọa độ để tránh tạo điểm giả; cần GIS kỹ thuật/khảo sát hoặc nguồn công bố trực tiếp.,PL3_2025_DongThap_old,4. PL3 - danh muc cong .pdf,GATE_MASTER_2026-10-02,False
PL3-1259,(Cống tròn Đông kênh Phú Đức - Đường nước Dũng Gáo),,,,,UNKNOWN,False,Giữ trống tọa độ để tránh tạo điểm giả; cần GIS kỹ thuật/khảo sát hoặc nguồn công bố trực tiếp.,PL3_2025_DongThap_old,4. PL3 - danh muc cong .pdf,GATE_MASTER_2026-10-02,False
PL3-1260,(Cống tròn Đông kênh Phú Đức - Đường nước Cái 2),,,,,UNKNOWN,False,Giữ trống tọa độ để tránh tạo điểm giả; cần GIS kỹ thuật/khảo sát hoặc nguồn công bố trực tiếp.,PL3_2025_DongThap_old,4. PL3 - danh muc cong .pdf,GATE_MASTER_2026-10-02,False
PL3-1261,(Cống tròn Đông kênh Phú Đức - Đường nước 5 Một),,,,,UNKNOWN,False,Giữ trống tọa độ để tránh tạo điểm giả; cần GIS kỹ thuật/khảo sát hoặc nguồn công bố trực tiếp.,PL3_2025_DongThap_old,4. PL3 - danh muc cong .pdf,GATE_MASTER_2026-10-02,False
PL3-1262,(Cống tròn Bắc kênh An Bình - Trạm bơm số 3),,,,,UNKNOWN,False,Giữ trống tọa độ để tránh tạo điểm giả; cần GIS kỹ thuật/khảo sát hoặc nguồn công bố trực tiếp.,PL3_2025_DongThap_old,4. PL3 - danh muc cong .pdf,GATE_MASTER_2026-10-02,False
PL3-1263,(Cống tròn Bắc kênh An Bình - Đường nước 4 Thà),,,,,UNKNOWN,False,Giữ trống tọa độ để tránh tạo điểm giả; cần GIS kỹ thuật/khảo sát hoặc nguồn công bố trực tiếp.,PL3_2025_DongThap_old,4. PL3 - danh muc cong .pdf,GATE_MASTER_2026-10-02,False
PL3-1264,(Cống tròn Tây kênh Tân Công Sính 1 - kênh Thủy lợi 1),,,,,UNKNOWN,False,Giữ trống tọa độ để tránh tạo điểm giả; cần GIS kỹ thuật/khảo sát hoặc nguồn công bố trực tiếp.,PL3_2025_DongThap_old,4. PL3 - danh muc cong .pdf,GATE_MASTER_2026-10-02,False
PL3-1265,(Cống tròn Tây kênh Tân Công Sính 1 - đường nước tư Buôl),,,,,UNKNOWN,False,Giữ trống tọa độ để tránh tạo điểm giả; cần GIS kỹ thuật/khảo sát hoặc nguồn công bố trực tiếp.,PL3_2025_DongThap_old,4. PL3 - danh muc cong .pdf,GATE_MASTER_2026-10-02,False
PL3-1266,(Cống tròn Nam kênh Nông Trường - Đường nước số 1),,,,,UNKNOWN,False,Giữ trống tọa độ để tránh tạo điểm giả; cần GIS kỹ thuật/khảo sát hoặc nguồn công bố trực tiếp.,PL3_2025_DongThap_old,4. PL3 - danh muc cong .pdf,GATE_MASTER_2026-10-02,False
PL3-1267,(Cống tròn Nam kênh Nông Trường - Đường nước số 2),,,,,UNKNOWN,False,Giữ trống tọa độ để tránh tạo điểm giả; cần GIS kỹ thuật/khảo sát hoặc nguồn công bố trực tiếp.,PL3_2025_DongThap_old,4. PL3 - danh muc cong .pdf,GATE_MASTER_2026-10-02,False
PL3-1268,(Cống tròn Đông kênh Nông Trường - Đường nước số 3),,,,,UNKNOWN,False,Giữ trống tọa độ để tránh tạo điểm giả; cần GIS kỹ thuật/khảo sát hoặc nguồn công bố trực tiếp.,PL3_2025_DongThap_old,4. PL3 - danh muc cong .pdf,GATE_MASTER_2026-10-02,False
PL3-1269,(Cống tròn Đông kênh Nông Trường - Đường nước số 4),,,,,UNKNOWN,False,Giữ trống tọa độ để tránh tạo điểm giả; cần GIS kỹ thuật/khảo sát hoặc nguồn công bố trực tiếp.,PL3_2025_DongThap_old,4. PL3 - danh muc cong .pdf,GATE_MASTER_2026-10-02,False
PL3-1270,(Cống tròn kênh Mười Tải- Đất ông Rô Bi),,,,,UNKNOWN,False,Giữ trống tọa độ để tránh tạo điểm giả; cần GIS kỹ thuật/khảo sát hoặc nguồn công bố trực tiếp.,PL3_2025_DongThap_old,4. PL3 - danh muc cong .pdf,GATE_MASTER_2026-10-02,False
PL3-1271,(Cống tròn kênh Mười Tải- Đất ông Ba Vồ),,,,,UNKNOWN,False,Giữ trống tọa độ để tránh tạo điểm giả; cần GIS kỹ thuật/khảo sát hoặc nguồn công bố trực tiếp.,PL3_2025_DongThap_old,4. PL3 - danh muc cong .pdf,GATE_MASTER_2026-10-02,False
PL3-1272,(Cống hở kênh Phú Đức - kênh Đòn Dông),,,,,UNKNOWN,False,Giữ trống tọa độ để tránh tạo điểm giả; cần GIS kỹ thuật/khảo sát hoặc nguồn công bố trực tiếp.,PL3_2025_DongThap_old,4. PL3 - danh muc cong .pdf,GATE_MASTER_2026-10-02,False
PL3-1273,(Cống tròn kênh 2/9 - Ngọn Láng Chim Ngoài),,,,,UNKNOWN,False,Giữ trống tọa độ để tránh tạo điểm giả; cần GIS kỹ thuật/khảo sát hoặc nguồn công bố trực tiếp.,PL3_2025_DongThap_old,4. PL3 - danh muc cong .pdf,GATE_MASTER_2026-10-02,False
PL3-1274,(Cống tròn kênh Kháng Chiến- Ngọn Chí Móc),,,,,UNKNOWN,False,Giữ trống tọa độ để tránh tạo điểm giả; cần GIS kỹ thuật/khảo sát hoặc nguồn công bố trực tiếp.,PL3_2025_DongThap_old,4. PL3 - danh muc cong .pdf,GATE_MASTER_2026-10-02,False
PL3-1275,(Cống tròn Bắc kênh Gáo Đôi - ĐN 500),,,,,UNKNOWN,False,Giữ trống tọa độ để tránh tạo điểm giả; cần GIS kỹ thuật/khảo sát hoặc nguồn công bố trực tiếp.,PL3_2025_DongThap_old,4. PL3 - danh muc cong .pdf,GATE_MASTER_2026-10-02,False
PL3-1276,(Cống tròn Đông kênh An Long 2 – Đường nước 10 Luận),,,,,UNKNOWN,False,Giữ trống tọa độ để tránh tạo điểm giả; cần GIS kỹ thuật/khảo sát hoặc nguồn công bố trực tiếp.,PL3_2025_DongThap_old,4. PL3 - danh muc cong .pdf,GATE_MASTER_2026-10-02,False
PL3-1277,(Cống tròn kênh Kháng Chiến – Đường nước Út Sánh),,,,,UNKNOWN,False,Giữ trống tọa độ để tránh tạo điểm giả; cần GIS kỹ thuật/khảo sát hoặc nguồn công bố trực tiếp.,PL3_2025_DongThap_old,4. PL3 - danh muc cong .pdf,GATE_MASTER_2026-10-02,False
PL3-1278,(Cống tròn Tây kênh Tân Công Sính 1 - ĐN 4 Tiển),,,,,UNKNOWN,False,Giữ trống tọa độ để tránh tạo điểm giả; cần GIS kỹ thuật/khảo sát hoặc nguồn công bố trực tiếp.,PL3_2025_DongThap_old,4. PL3 - danh muc cong .pdf,GATE_MASTER_2026-10-02,False
PL3-1279,(Cống tròn Tây kênh Tân Công Sính 1 - đường nước 10 Đâu),,,,,UNKNOWN,False,Giữ trống tọa độ để tránh tạo điểm giả; cần GIS kỹ thuật/khảo sát hoặc nguồn công bố trực tiếp.,PL3_2025_DongThap_old,4. PL3 - danh muc cong .pdf,GATE_MASTER_2026-10-02,False
PL3-1280,(Cống tròn Tây kênh Tân Công Sính 1 - ĐN Chí Linh),,,,,UNKNOWN,False,Giữ trống tọa độ để tránh tạo điểm giả; cần GIS kỹ thuật/khảo sát hoặc nguồn công bố trực tiếp.,PL3_2025_DongThap_old,4. PL3 - danh muc cong .pdf,GATE_MASTER_2026-10-02,False
PL3-1281,(Cống tròn Tây kênh Kháng Chiến - Ngọn Tân Dinh),,,,,UNKNOWN,False,Giữ trống tọa độ để tránh tạo điểm giả; cần GIS kỹ thuật/khảo sát hoặc nguồn công bố trực tiếp.,PL3_2025_DongThap_old,4. PL3 - danh muc cong .pdf,GATE_MASTER_2026-10-02,False
PL3-1282,(Cống tròn Tây kênh Kháng Chiến - Ngọn Vua Nghệ),,,,,UNKNOWN,False,Giữ trống tọa độ để tránh tạo điểm giả; cần GIS kỹ thuật/khảo sát hoặc nguồn công bố trực tiếp.,PL3_2025_DongThap_old,4. PL3 - danh muc cong .pdf,GATE_MASTER_2026-10-02,False
PL3-1283,(Cống tròn Bắc kênh Đồng Tiến - ĐN ông Quí),,,,,UNKNOWN,False,Giữ trống tọa độ để tránh tạo điểm giả; cần GIS kỹ thuật/khảo sát hoặc nguồn công bố trực tiếp.,PL3_2025_DongThap_old,4. PL3 - danh muc cong .pdf,GATE_MASTER_2026-10-02,False
PL3-1284,(Cống tròn kênh ranh TN-TB - đường nước Thầy Cai),,,,,UNKNOWN,False,Giữ trống tọa độ để tránh tạo điểm giả; cần GIS kỹ thuật/khảo sát hoặc nguồn công bố trực tiếp.,PL3_2025_DongThap_old,4. PL3 - danh muc cong .pdf,GATE_MASTER_2026-10-02,False
PL3-1285,(Cống tròn kênh Phèn - Ngọn Đường Đao),,,,,UNKNOWN,False,Giữ trống tọa độ để tránh tạo điểm giả; cần GIS kỹ thuật/khảo sát hoặc nguồn công bố trực tiếp.,PL3_2025_DongThap_old,4. PL3 - danh muc cong .pdf,GATE_MASTER_2026-10-02,False
PL3-1286,(Cống tròn kênh Phú Thành III - đường nước Tám Tứ),,,,,UNKNOWN,False,Giữ trống tọa độ để tránh tạo điểm giả; cần GIS kỹ thuật/khảo sát hoặc nguồn công bố trực tiếp.,PL3_2025_DongThap_old,4. PL3 - danh muc cong .pdf,GATE_MASTER_2026-10-02,False
PL3-1287,(Cống tròn kênh Phú Thành III - đường nước 3 Na),,,,,UNKNOWN,False,Giữ trống tọa độ để tránh tạo điểm giả; cần GIS kỹ thuật/khảo sát hoặc nguồn công bố trực tiếp.,PL3_2025_DongThap_old,4. PL3 - danh muc cong .pdf,GATE_MASTER_2026-10-02,False
PL3-1288,(Cống tròn Bắc kênh Đồng Tiến - ranh TN-TM),,,,,UNKNOWN,False,Giữ trống tọa độ để tránh tạo điểm giả; cần GIS kỹ thuật/khảo sát hoặc nguồn công bố trực tiếp.,PL3_2025_DongThap_old,4. PL3 - danh muc cong .pdf,GATE_MASTER_2026-10-02,False
PL3-1289,(Cống hộp Bắc kênh An Bình - đường nước Hai Quốc),,,,,UNKNOWN,False,Giữ trống tọa độ để tránh tạo điểm giả; cần GIS kỹ thuật/khảo sát hoặc nguồn công bố trực tiếp.,PL3_2025_DongThap_old,4. PL3 - danh muc cong .pdf,GATE_MASTER_2026-10-02,False
PL3-1290,(Cống tròn kênh Lung Bông - đường nước N0),,,,,UNKNOWN,False,Giữ trống tọa độ để tránh tạo điểm giả; cần GIS kỹ thuật/khảo sát hoặc nguồn công bố trực tiếp.,PL3_2025_DongThap_old,4. PL3 - danh muc cong .pdf,GATE_MASTER_2026-10-02,False
PL3-1291,(Cống tròn kênh Lung Bông - đường nước N2),,,,,UNKNOWN,False,Giữ trống tọa độ để tránh tạo điểm giả; cần GIS kỹ thuật/khảo sát hoặc nguồn công bố trực tiếp.,PL3_2025_DongThap_old,4. PL3 - danh muc cong .pdf,GATE_MASTER_2026-10-02,False
PL3-1292,(Cống tròn kênh Lung Bông - đường nước N4),,,,,UNKNOWN,False,Giữ trống tọa độ để tránh tạo điểm giả; cần GIS kỹ thuật/khảo sát hoặc nguồn công bố trực tiếp.,PL3_2025_DongThap_old,4. PL3 - danh muc cong .pdf,GATE_MASTER_2026-10-02,False
PL3-1293,(Cống tròn kênh An Long 2 - Ngọn Tám Chì),,,,,UNKNOWN,False,Giữ trống tọa độ để tránh tạo điểm giả; cần GIS kỹ thuật/khảo sát hoặc nguồn công bố trực tiếp.,PL3_2025_DongThap_old,4. PL3 - danh muc cong .pdf,GATE_MASTER_2026-10-02,False
PL3-1294,(CốnghởbờNamkênhranhTN-TH-đầukênhTừ Thiện),,,,,UNKNOWN,False,Giữ trống tọa độ để tránh tạo điểm giả; cần GIS kỹ thuật/khảo sát hoặc nguồn công bố trực tiếp.,PL3_2025_DongThap_old,4. PL3 - danh muc cong .pdf,GATE_MASTER_2026-10-02,False
PL3-1295,(cống tròn đường nước 9 ổi) kênh Kháng chiến,,,,,UNKNOWN,False,Giữ trống tọa độ để tránh tạo điểm giả; cần GIS kỹ thuật/khảo sát hoặc nguồn công bố trực tiếp.,PL3_2025_DongThap_old,4. PL3 - danh muc cong .pdf,GATE_MASTER_2026-10-02,False
PL3-1296,(Cống tròn Đông kênh 2/9 - Đường nước Bao Ngạn),,,,,UNKNOWN,False,Giữ trống tọa độ để tránh tạo điểm giả; cần GIS kỹ thuật/khảo sát hoặc nguồn công bố trực tiếp.,PL3_2025_DongThap_old,4. PL3 - danh muc cong .pdf,GATE_MASTER_2026-10-02,False
PL3-1297,(Cống tròn Nam kênh An Bình - đường nước tập đoàn 3),,,,,UNKNOWN,False,Giữ trống tọa độ để tránh tạo điểm giả; cần GIS kỹ thuật/khảo sát hoặc nguồn công bố trực tiếp.,PL3_2025_DongThap_old,4. PL3 - danh muc cong .pdf,GATE_MASTER_2026-10-02,False
PL3-1298,(CốngtrònBắckênhĐồngTiến-đườngnướckênh 10 Xéo),,,,,UNKNOWN,False,Giữ trống tọa độ để tránh tạo điểm giả; cần GIS kỹ thuật/khảo sát hoặc nguồn công bố trực tiếp.,PL3_2025_DongThap_old,4. PL3 - danh muc cong .pdf,GATE_MASTER_2026-10-02,False
PL3-1299,"Sữa chữa, nâng cấp cống tạo nguồn (cống tròn Ngọn Láng Chim) Tây kênh An Long 2",,,,,UNKNOWN,False,Giữ trống tọa độ để tránh tạo điểm giả; cần GIS kỹ thuật/khảo sát hoặc nguồn công bố trực tiếp.,PL3_2025_DongThap_old,4. PL3 - danh muc cong .pdf,GATE_MASTER_2026-10-02,False
PL3-1300,"Sữachữa,nângcấpcốngtạonguồn(CốngtrònNam kênh ranh TCS-PC - HTX Tiến Cường)",,,,,UNKNOWN,False,Giữ trống tọa độ để tránh tạo điểm giả; cần GIS kỹ thuật/khảo sát hoặc nguồn công bố trực tiếp.,PL3_2025_DongThap_old,4. PL3 - danh muc cong .pdf,GATE_MASTER_2026-10-02,False
PL3-1301,(Hệ thống cống tròn ô bao số 27-04 cái),,,,,UNKNOWN,False,Giữ trống tọa độ để tránh tạo điểm giả; cần GIS kỹ thuật/khảo sát hoặc nguồn công bố trực tiếp.,PL3_2025_DongThap_old,4. PL3 - danh muc cong .pdf,GATE_MASTER_2026-10-02,False
PL3-1302,(Cốngtròn Đôngkênh AnLong2-đườngnước Út Phước),,,,,UNKNOWN,False,Giữ trống tọa độ để tránh tạo điểm giả; cần GIS kỹ thuật/khảo sát hoặc nguồn công bố trực tiếp.,PL3_2025_DongThap_old,4. PL3 - danh muc cong .pdf,GATE_MASTER_2026-10-02,False
PL3-1303,(Cống tròn Bắc kênh Tư Đệ - Láng Chim - đường nước Sáu Quắn),,,,,UNKNOWN,False,Giữ trống tọa độ để tránh tạo điểm giả; cần GIS kỹ thuật/khảo sát hoặc nguồn công bố trực tiếp.,PL3_2025_DongThap_old,4. PL3 - danh muc cong .pdf,GATE_MASTER_2026-10-02,False
PL3-1304,(Cống tròn Tây kênh Kháng Chiến - đường nước Hai Hoa),,,,,UNKNOWN,False,Giữ trống tọa độ để tránh tạo điểm giả; cần GIS kỹ thuật/khảo sát hoặc nguồn công bố trực tiếp.,PL3_2025_DongThap_old,4. PL3 - danh muc cong .pdf,GATE_MASTER_2026-10-02,False
PL3-1305,(Cống tròn Tây kênh 800 - đường nước ranh TT. Tràm Chim - TCS),,,,,UNKNOWN,False,Giữ trống tọa độ để tránh tạo điểm giả; cần GIS kỹ thuật/khảo sát hoặc nguồn công bố trực tiếp.,PL3_2025_DongThap_old,4. PL3 - danh muc cong .pdf,GATE_MASTER_2026-10-02,False
PL3-1306,(CốngtrònbờĐôngkênhAn Long2 -đườngnước cống Ngọn kênh Thủy),,,,,UNKNOWN,False,Giữ trống tọa độ để tránh tạo điểm giả; cần GIS kỹ thuật/khảo sát hoặc nguồn công bố trực tiếp.,PL3_2025_DongThap_old,4. PL3 - danh muc cong .pdf,GATE_MASTER_2026-10-02,False
PL3-1307,"(Cống tròn bờ Tây kênh 2/9, đường nước Sáu Mưa)",,,,,UNKNOWN,False,Giữ trống tọa độ để tránh tạo điểm giả; cần GIS kỹ thuật/khảo sát hoặc nguồn công bố trực tiếp.,PL3_2025_DongThap_old,4. PL3 - danh muc cong .pdf,GATE_MASTER_2026-10-02,False
PL3-1308,(CốngtrònTâykênhranhPhúThànhB-PhúHiệp- đường nước số 3),,,,,UNKNOWN,False,Giữ trống tọa độ để tránh tạo điểm giả; cần GIS kỹ thuật/khảo sát hoặc nguồn công bố trực tiếp.,PL3_2025_DongThap_old,4. PL3 - danh muc cong .pdf,GATE_MASTER_2026-10-02,False
PL3-1309,(Cống tròn Tây kênh Tân Công Sính 1 - đường nước 10 Ngon),,,,,UNKNOWN,False,Giữ trống tọa độ để tránh tạo điểm giả; cần GIS kỹ thuật/khảo sát hoặc nguồn công bố trực tiếp.,PL3_2025_DongThap_old,4. PL3 - danh muc cong .pdf,GATE_MASTER_2026-10-02,False
PL3-1310,(CốngtrònTâykênhTânCôngSính1-đườngnước 7 Nhành),,,,,UNKNOWN,False,Giữ trống tọa độ để tránh tạo điểm giả; cần GIS kỹ thuật/khảo sát hoặc nguồn công bố trực tiếp.,PL3_2025_DongThap_old,4. PL3 - danh muc cong .pdf,GATE_MASTER_2026-10-02,False
PL3-1311,(CốngtrònTâykênhTânCôngSính1-đườngnước Dũng Cụt),,,,,UNKNOWN,False,Giữ trống tọa độ để tránh tạo điểm giả; cần GIS kỹ thuật/khảo sát hoặc nguồn công bố trực tiếp.,PL3_2025_DongThap_old,4. PL3 - danh muc cong .pdf,GATE_MASTER_2026-10-02,False
PL3-1312,(Cống tròn Đông kênh Phú Hiệp - đường nước tập đoàn 1 Hường),,,,,UNKNOWN,False,Giữ trống tọa độ để tránh tạo điểm giả; cần GIS kỹ thuật/khảo sát hoặc nguồn công bố trực tiếp.,PL3_2025_DongThap_old,4. PL3 - danh muc cong .pdf,GATE_MASTER_2026-10-02,False
PL3-1313,(Cống tròn Đông kênh Phú Hiệp - đường nước 6 Giá),,,,,UNKNOWN,False,Giữ trống tọa độ để tránh tạo điểm giả; cần GIS kỹ thuật/khảo sát hoặc nguồn công bố trực tiếp.,PL3_2025_DongThap_old,4. PL3 - danh muc cong .pdf,GATE_MASTER_2026-10-02,False
PL3-1314,(Cống tròn Đông kênh Phú Hiệp - đường nước 8 Hô),,,,,UNKNOWN,False,Giữ trống tọa độ để tránh tạo điểm giả; cần GIS kỹ thuật/khảo sát hoặc nguồn công bố trực tiếp.,PL3_2025_DongThap_old,4. PL3 - danh muc cong .pdf,GATE_MASTER_2026-10-02,False
PL3-1315,(Cống tròn bờ Tây kênh An Long 2 - đường nước Ông Mương),,,,,UNKNOWN,False,Giữ trống tọa độ để tránh tạo điểm giả; cần GIS kỹ thuật/khảo sát hoặc nguồn công bố trực tiếp.,PL3_2025_DongThap_old,4. PL3 - danh muc cong .pdf,GATE_MASTER_2026-10-02,False
PL3-1316,(CốngtrònbờTâykênhKhángChiến-đườngnước Ba Trung),,,,,UNKNOWN,False,Giữ trống tọa độ để tránh tạo điểm giả; cần GIS kỹ thuật/khảo sát hoặc nguồn công bố trực tiếp.,PL3_2025_DongThap_old,4. PL3 - danh muc cong .pdf,GATE_MASTER_2026-10-02,False
PL3-1317,(Cống tròn Bắc kênh Đồng Tiến - kênh giữa ông Đẹp),,,,,UNKNOWN,False,Giữ trống tọa độ để tránh tạo điểm giả; cần GIS kỹ thuật/khảo sát hoặc nguồn công bố trực tiếp.,PL3_2025_DongThap_old,4. PL3 - danh muc cong .pdf,GATE_MASTER_2026-10-02,False
PL3-1318,(Cống tròn Bắc kênh Đồng Tiến - kênh 7 Thảo),,,,,UNKNOWN,False,Giữ trống tọa độ để tránh tạo điểm giả; cần GIS kỹ thuật/khảo sát hoặc nguồn công bố trực tiếp.,PL3_2025_DongThap_old,4. PL3 - danh muc cong .pdf,GATE_MASTER_2026-10-02,False
PL3-1319,(Cống tròn Tây kênh Phú Đức - kênh Bà Mụ Hai Phòng),,,,,UNKNOWN,False,Giữ trống tọa độ để tránh tạo điểm giả; cần GIS kỹ thuật/khảo sát hoặc nguồn công bố trực tiếp.,PL3_2025_DongThap_old,4. PL3 - danh muc cong .pdf,GATE_MASTER_2026-10-02,False
PL3-1320,(Cống tròn Bắc kênh Đồng Tiến - kênh Bà Mụ Phương),,,,,UNKNOWN,False,Giữ trống tọa độ để tránh tạo điểm giả; cần GIS kỹ thuật/khảo sát hoặc nguồn công bố trực tiếp.,PL3_2025_DongThap_old,4. PL3 - danh muc cong .pdf,GATE_MASTER_2026-10-02,False
PL3-1321,(Cống tròn bờ Tây kênh Tân Công Sính 1 - đường nước kế nhà ông Thoại),,,,,UNKNOWN,False,Giữ trống tọa độ để tránh tạo điểm giả; cần GIS kỹ thuật/khảo sát hoặc nguồn công bố trực tiếp.,PL3_2025_DongThap_old,4. PL3 - danh muc cong .pdf,GATE_MASTER_2026-10-02,False
PL3-1322,(Cống tròn bờ Tây kênh An Long 2 - đường nước ông Phết),,,,,UNKNOWN,False,Giữ trống tọa độ để tránh tạo điểm giả; cần GIS kỹ thuật/khảo sát hoặc nguồn công bố trực tiếp.,PL3_2025_DongThap_old,4. PL3 - danh muc cong .pdf,GATE_MASTER_2026-10-02,False
PL3-1323,(Cống tròn bờ Tây kênh An Long 2 - Tư Liêu),,,,,UNKNOWN,False,Giữ trống tọa độ để tránh tạo điểm giả; cần GIS kỹ thuật/khảo sát hoặc nguồn công bố trực tiếp.,PL3_2025_DongThap_old,4. PL3 - danh muc cong .pdf,GATE_MASTER_2026-10-02,False
PL3-1324,(Cống tròn bờ Đông kênh An Long 2 - đường nước Ông Gơm),,,,,UNKNOWN,False,Giữ trống tọa độ để tránh tạo điểm giả; cần GIS kỹ thuật/khảo sát hoặc nguồn công bố trực tiếp.,PL3_2025_DongThap_old,4. PL3 - danh muc cong .pdf,GATE_MASTER_2026-10-02,False
PL3-1325,(Cống hở bờ Tây kênh An Long 2 - đường nước ông Mẫm),,,,,UNKNOWN,False,Giữ trống tọa độ để tránh tạo điểm giả; cần GIS kỹ thuật/khảo sát hoặc nguồn công bố trực tiếp.,PL3_2025_DongThap_old,4. PL3 - danh muc cong .pdf,GATE_MASTER_2026-10-02,False
PL3-1326,(Cống tròn kênh Đường Gạo đường nước đất ông Dạng - HTX NN Quyết Thắng),,,,,UNKNOWN,False,Giữ trống tọa độ để tránh tạo điểm giả; cần GIS kỹ thuật/khảo sát hoặc nguồn công bố trực tiếp.,PL3_2025_DongThap_old,4. PL3 - danh muc cong .pdf,GATE_MASTER_2026-10-02,False
PL3-1327,(Cống tròn bờ Nam kênh ranh Hồng Ngự. - ĐN trạm bơm Sáu Chớn 1 ),,,,,UNKNOWN,False,Giữ trống tọa độ để tránh tạo điểm giả; cần GIS kỹ thuật/khảo sát hoặc nguồn công bố trực tiếp.,PL3_2025_DongThap_old,4. PL3 - danh muc cong .pdf,GATE_MASTER_2026-10-02,False
PL3-1328,(Cống tròn bờ TâyKênh An Long 2. - đường nước Tập đoàn 19A),,,,,UNKNOWN,False,Giữ trống tọa độ để tránh tạo điểm giả; cần GIS kỹ thuật/khảo sát hoặc nguồn công bố trực tiếp.,PL3_2025_DongThap_old,4. PL3 - danh muc cong .pdf,GATE_MASTER_2026-10-02,False
PL3-1329,(CốngtrònbờĐôngkênhAn Long2 -đườngnước Quảng lượng 2),,,,,UNKNOWN,False,Giữ trống tọa độ để tránh tạo điểm giả; cần GIS kỹ thuật/khảo sát hoặc nguồn công bố trực tiếp.,PL3_2025_DongThap_old,4. PL3 - danh muc cong .pdf,GATE_MASTER_2026-10-02,False
PL3-1330,(CốngtrònbờĐôngkênhAnLong2-Đườngnước 2 Cương),,,,,UNKNOWN,False,Giữ trống tọa độ để tránh tạo điểm giả; cần GIS kỹ thuật/khảo sát hoặc nguồn công bố trực tiếp.,PL3_2025_DongThap_old,4. PL3 - danh muc cong .pdf,GATE_MASTER_2026-10-02,False
PL3-1331,(CốngtrònBờTâykênhKhángChiến-NgọnLáng Biển),,,,,UNKNOWN,False,Giữ trống tọa độ để tránh tạo điểm giả; cần GIS kỹ thuật/khảo sát hoặc nguồn công bố trực tiếp.,PL3_2025_DongThap_old,4. PL3 - danh muc cong .pdf,GATE_MASTER_2026-10-02,False
PL3-1332,(Cống tròn bờ Tây kênh An Long 2 - Đường nước ông Dựa),,,,,UNKNOWN,False,Giữ trống tọa độ để tránh tạo điểm giả; cần GIS kỹ thuật/khảo sát hoặc nguồn công bố trực tiếp.,PL3_2025_DongThap_old,4. PL3 - danh muc cong .pdf,GATE_MASTER_2026-10-02,False
PL3-1333,(Cống tròn bờ Tây kênh Phú Đức - đường nước 500),,,,,UNKNOWN,False,Giữ trống tọa độ để tránh tạo điểm giả; cần GIS kỹ thuật/khảo sát hoặc nguồn công bố trực tiếp.,PL3_2025_DongThap_old,4. PL3 - danh muc cong .pdf,GATE_MASTER_2026-10-02,False
PL3-1334,(Cống tròn bờ Tây kênh 2/9 - đường nước 3 Hải),,,,,UNKNOWN,False,Giữ trống tọa độ để tránh tạo điểm giả; cần GIS kỹ thuật/khảo sát hoặc nguồn công bố trực tiếp.,PL3_2025_DongThap_old,4. PL3 - danh muc cong .pdf,GATE_MASTER_2026-10-02,False
PL3-1335,(Cống tròn bờ Đông kênh 2/9 - đường nước cống trạm bơm Út Bích),,,,,UNKNOWN,False,Giữ trống tọa độ để tránh tạo điểm giả; cần GIS kỹ thuật/khảo sát hoặc nguồn công bố trực tiếp.,PL3_2025_DongThap_old,4. PL3 - danh muc cong .pdf,GATE_MASTER_2026-10-02,False
PL3-1336,(Cống tròn bờ Tây kênh An Long 2 - đường nước trạm bơm Quảng lượng),,,,,UNKNOWN,False,Giữ trống tọa độ để tránh tạo điểm giả; cần GIS kỹ thuật/khảo sát hoặc nguồn công bố trực tiếp.,PL3_2025_DongThap_old,4. PL3 - danh muc cong .pdf,GATE_MASTER_2026-10-02,False
PL3-1337,(Cống tròn bờ Đông Kênh 2/9) đường nước Hai Hồng,,,,,UNKNOWN,False,Giữ trống tọa độ để tránh tạo điểm giả; cần GIS kỹ thuật/khảo sát hoặc nguồn công bố trực tiếp.,PL3_2025_DongThap_old,4. PL3 - danh muc cong .pdf,GATE_MASTER_2026-10-02,False
PL3-1338,(Cống tròn Đông kênh Phú Hiệp - đường nước 3 Cưởng - Gò Gòn),,,,,UNKNOWN,False,Giữ trống tọa độ để tránh tạo điểm giả; cần GIS kỹ thuật/khảo sát hoặc nguồn công bố trực tiếp.,PL3_2025_DongThap_old,4. PL3 - danh muc cong .pdf,GATE_MASTER_2026-10-02,False
PL3-1339,(Cống tròn bờ Đông kênh Phú Đức - đường nước ông Vấn),,,,,UNKNOWN,False,Giữ trống tọa độ để tránh tạo điểm giả; cần GIS kỹ thuật/khảo sát hoặc nguồn công bố trực tiếp.,PL3_2025_DongThap_old,4. PL3 - danh muc cong .pdf,GATE_MASTER_2026-10-02,False
PL3-1340,(Cống hộp Tây kênh Phú Đức - đường nước Hai Phòng 2),,,,,UNKNOWN,False,Giữ trống tọa độ để tránh tạo điểm giả; cần GIS kỹ thuật/khảo sát hoặc nguồn công bố trực tiếp.,PL3_2025_DongThap_old,4. PL3 - danh muc cong .pdf,GATE_MASTER_2026-10-02,False
PL3-1341,(Cống tròn Đông kênh Phú Hiệp - đường nước Tập đoàn 1),,,,,UNKNOWN,False,Giữ trống tọa độ để tránh tạo điểm giả; cần GIS kỹ thuật/khảo sát hoặc nguồn công bố trực tiếp.,PL3_2025_DongThap_old,4. PL3 - danh muc cong .pdf,GATE_MASTER_2026-10-02,False
PL3-1342,(Cống tròn bờ Tây kênh 800 - đường nước 8 Vũ),,,,,UNKNOWN,False,Giữ trống tọa độ để tránh tạo điểm giả; cần GIS kỹ thuật/khảo sát hoặc nguồn công bố trực tiếp.,PL3_2025_DongThap_old,4. PL3 - danh muc cong .pdf,GATE_MASTER_2026-10-02,False
PL3-1343,(Cống tròn bờ Tây kênh 800 - đường nước ông kỳ),,,,,UNKNOWN,False,Giữ trống tọa độ để tránh tạo điểm giả; cần GIS kỹ thuật/khảo sát hoặc nguồn công bố trực tiếp.,PL3_2025_DongThap_old,4. PL3 - danh muc cong .pdf,GATE_MASTER_2026-10-02,False
PL3-1344,(Cống tròn bờ Tây kênh 800 - đường nước ông Hồng Sơn),,,,,UNKNOWN,False,Giữ trống tọa độ để tránh tạo điểm giả; cần GIS kỹ thuật/khảo sát hoặc nguồn công bố trực tiếp.,PL3_2025_DongThap_old,4. PL3 - danh muc cong .pdf,GATE_MASTER_2026-10-02,False
PL3-1345,(Cống tròn bờ Đông kênh Kháng Chiến - đường nước Ba Quanh),,,,,UNKNOWN,False,Giữ trống tọa độ để tránh tạo điểm giả; cần GIS kỹ thuật/khảo sát hoặc nguồn công bố trực tiếp.,PL3_2025_DongThap_old,4. PL3 - danh muc cong .pdf,GATE_MASTER_2026-10-02,False
PL3-1346,(Cống tròn bờ Tây kênh Thủy Điện - đường nước 7 Bê),,,,,UNKNOWN,False,Giữ trống tọa độ để tránh tạo điểm giả; cần GIS kỹ thuật/khảo sát hoặc nguồn công bố trực tiếp.,PL3_2025_DongThap_old,4. PL3 - danh muc cong .pdf,GATE_MASTER_2026-10-02,False
PL3-1347,(Cống tròn bờ Tây kênh Kháng Chiến- trạm bơm Ba Tài),,,,,UNKNOWN,False,Giữ trống tọa độ để tránh tạo điểm giả; cần GIS kỹ thuật/khảo sát hoặc nguồn công bố trực tiếp.,PL3_2025_DongThap_old,4. PL3 - danh muc cong .pdf,GATE_MASTER_2026-10-02,False
PL3-1348,(Cống tròn bờ Bắc kênh Đồng Tiến- trạm bơm Tư Đợt),,,,,UNKNOWN,False,Giữ trống tọa độ để tránh tạo điểm giả; cần GIS kỹ thuật/khảo sát hoặc nguồn công bố trực tiếp.,PL3_2025_DongThap_old,4. PL3 - danh muc cong .pdf,GATE_MASTER_2026-10-02,False
PL3-1349,(Cống tròn bờ Tây kênh Kháng Chiến- trạm bơm Bảy Chì),,,,,UNKNOWN,False,Giữ trống tọa độ để tránh tạo điểm giả; cần GIS kỹ thuật/khảo sát hoặc nguồn công bố trực tiếp.,PL3_2025_DongThap_old,4. PL3 - danh muc cong .pdf,GATE_MASTER_2026-10-02,False
PL3-1350,(Cống tròn bờ Đông kênh 2/9 - đường nước 10 Ghiêm),,,,,UNKNOWN,False,Giữ trống tọa độ để tránh tạo điểm giả; cần GIS kỹ thuật/khảo sát hoặc nguồn công bố trực tiếp.,PL3_2025_DongThap_old,4. PL3 - danh muc cong .pdf,GATE_MASTER_2026-10-02,False
PL3-1351,(Cống tròn bờ Đông kênh An Long 2 - đường nước Quảng Lượng 3),,,,,UNKNOWN,False,Giữ trống tọa độ để tránh tạo điểm giả; cần GIS kỹ thuật/khảo sát hoặc nguồn công bố trực tiếp.,PL3_2025_DongThap_old,4. PL3 - danh muc cong .pdf,GATE_MASTER_2026-10-02,False
PL3-1352,(Cống tròn bờ Bắc kênh Nông Trường),,,,,UNKNOWN,False,Giữ trống tọa độ để tránh tạo điểm giả; cần GIS kỹ thuật/khảo sát hoặc nguồn công bố trực tiếp.,PL3_2025_DongThap_old,4. PL3 - danh muc cong .pdf,GATE_MASTER_2026-10-02,False
PL3-1353,(Cống tròn bờ Đông kênh Tân Công Sính 2 - đường nước Năm Lôm),,,,,UNKNOWN,False,Giữ trống tọa độ để tránh tạo điểm giả; cần GIS kỹ thuật/khảo sát hoặc nguồn công bố trực tiếp.,PL3_2025_DongThap_old,4. PL3 - danh muc cong .pdf,GATE_MASTER_2026-10-02,False
PL3-1354,) Cống tròn bờ Nam kênh Gáo Đôi - đường nước 1000),,,,,UNKNOWN,False,Giữ trống tọa độ để tránh tạo điểm giả; cần GIS kỹ thuật/khảo sát hoặc nguồn công bố trực tiếp.,PL3_2025_DongThap_old,4. PL3 - danh muc cong .pdf,GATE_MASTER_2026-10-02,False
PL3-1355,(Cống tròn Tây kênh 1/5 - đường nước ông Trong - Thái),,,,,UNKNOWN,False,Giữ trống tọa độ để tránh tạo điểm giả; cần GIS kỹ thuật/khảo sát hoặc nguồn công bố trực tiếp.,PL3_2025_DongThap_old,4. PL3 - danh muc cong .pdf,GATE_MASTER_2026-10-02,False
PL3-1356,(Cống tròn bờ Đông kênh Phú Đức - Đường nước ông Hội),,,,,UNKNOWN,False,Giữ trống tọa độ để tránh tạo điểm giả; cần GIS kỹ thuật/khảo sát hoặc nguồn công bố trực tiếp.,PL3_2025_DongThap_old,4. PL3 - danh muc cong .pdf,GATE_MASTER_2026-10-02,False
PL3-1357,(Cống tròn bờ Đông kênh Phú Đức - đường nước Lung Ba Thác),,,,,UNKNOWN,False,Giữ trống tọa độ để tránh tạo điểm giả; cần GIS kỹ thuật/khảo sát hoặc nguồn công bố trực tiếp.,PL3_2025_DongThap_old,4. PL3 - danh muc cong .pdf,GATE_MASTER_2026-10-02,False
PL3-1358,(Cống tròn bờ Tây kênh An Long 2 - đường nước Út Que),,,,,UNKNOWN,False,Giữ trống tọa độ để tránh tạo điểm giả; cần GIS kỹ thuật/khảo sát hoặc nguồn công bố trực tiếp.,PL3_2025_DongThap_old,4. PL3 - danh muc cong .pdf,GATE_MASTER_2026-10-02,False
PL3-1359,(Cống tròn bờ Bắc kênh An Bình -đường nước 1000),,,,,UNKNOWN,False,Giữ trống tọa độ để tránh tạo điểm giả; cần GIS kỹ thuật/khảo sát hoặc nguồn công bố trực tiếp.,PL3_2025_DongThap_old,4. PL3 - danh muc cong .pdf,GATE_MASTER_2026-10-02,False
PL3-1360,(Cống tròn bờ Nam kênh Gáo Đôi - đường nước 1500),,,,,UNKNOWN,False,Giữ trống tọa độ để tránh tạo điểm giả; cần GIS kỹ thuật/khảo sát hoặc nguồn công bố trực tiếp.,PL3_2025_DongThap_old,4. PL3 - danh muc cong .pdf,GATE_MASTER_2026-10-02,False
PL3-1361,(Cống tròn bờ Nam kênh Gáo Đôi - đường nước 500),,,,,UNKNOWN,False,Giữ trống tọa độ để tránh tạo điểm giả; cần GIS kỹ thuật/khảo sát hoặc nguồn công bố trực tiếp.,PL3_2025_DongThap_old,4. PL3 - danh muc cong .pdf,GATE_MASTER_2026-10-02,False
PL3-1362,(Cống tròn bờ Tây kênh Kháng Chiến - đường nước ông Hai),,,,,UNKNOWN,False,Giữ trống tọa độ để tránh tạo điểm giả; cần GIS kỹ thuật/khảo sát hoặc nguồn công bố trực tiếp.,PL3_2025_DongThap_old,4. PL3 - danh muc cong .pdf,GATE_MASTER_2026-10-02,False
PL3-1363,(Cống tròn bờ Đông kênh Kháng Chiến - đường nước Năm Còn),,,,,UNKNOWN,False,Giữ trống tọa độ để tránh tạo điểm giả; cần GIS kỹ thuật/khảo sát hoặc nguồn công bố trực tiếp.,PL3_2025_DongThap_old,4. PL3 - danh muc cong .pdf,GATE_MASTER_2026-10-02,False
PL3-1364,(Cống tròn bờ Đông kênh An Long 2 - đường nước 6 Ty),,,,,UNKNOWN,False,Giữ trống tọa độ để tránh tạo điểm giả; cần GIS kỹ thuật/khảo sát hoặc nguồn công bố trực tiếp.,PL3_2025_DongThap_old,4. PL3 - danh muc cong .pdf,GATE_MASTER_2026-10-02,False
PL3-1365,(Cống tròn bờ Tây kênh 2/9 - Đường nước An Phú 1),,,,,UNKNOWN,False,Giữ trống tọa độ để tránh tạo điểm giả; cần GIS kỹ thuật/khảo sát hoặc nguồn công bố trực tiếp.,PL3_2025_DongThap_old,4. PL3 - danh muc cong .pdf,GATE_MASTER_2026-10-02,False
PL3-1366,(Cống tròn bờ Tây kênh 2/9 - Đường nước An Phú 2),,,,,UNKNOWN,False,Giữ trống tọa độ để tránh tạo điểm giả; cần GIS kỹ thuật/khảo sát hoặc nguồn công bố trực tiếp.,PL3_2025_DongThap_old,4. PL3 - danh muc cong .pdf,GATE_MASTER_2026-10-02,False
PL3-1367,(Cống tròn Bờ Bắc kênh An Bình - đường nước Tập đoàn 13),,,,,UNKNOWN,False,Giữ trống tọa độ để tránh tạo điểm giả; cần GIS kỹ thuật/khảo sát hoặc nguồn công bố trực tiếp.,PL3_2025_DongThap_old,4. PL3 - danh muc cong .pdf,GATE_MASTER_2026-10-02,False
PL3-1368,(Cống tròn Bờ Bắc kênh An Bình - đường nước cống Trạm Bơm Tập đoàn 20B),,,,,UNKNOWN,False,Giữ trống tọa độ để tránh tạo điểm giả; cần GIS kỹ thuật/khảo sát hoặc nguồn công bố trực tiếp.,PL3_2025_DongThap_old,4. PL3 - danh muc cong .pdf,GATE_MASTER_2026-10-02,False
PL3-1369,(Cống tròn Bờ Đông kênh 2/9 - đường nước cống Hai The),,,,,UNKNOWN,False,Giữ trống tọa độ để tránh tạo điểm giả; cần GIS kỹ thuật/khảo sát hoặc nguồn công bố trực tiếp.,PL3_2025_DongThap_old,4. PL3 - danh muc cong .pdf,GATE_MASTER_2026-10-02,False
PL3-1370,(Cống tròn bờ Đông kênh 2/9 - Trạm An Phú 1),,,,,UNKNOWN,False,Giữ trống tọa độ để tránh tạo điểm giả; cần GIS kỹ thuật/khảo sát hoặc nguồn công bố trực tiếp.,PL3_2025_DongThap_old,4. PL3 - danh muc cong .pdf,GATE_MASTER_2026-10-02,False
PL3-1371,(Cống tròn bờ Đông kênh An Long 2- Ngọn Láng Tượng),,,,,UNKNOWN,False,Giữ trống tọa độ để tránh tạo điểm giả; cần GIS kỹ thuật/khảo sát hoặc nguồn công bố trực tiếp.,PL3_2025_DongThap_old,4. PL3 - danh muc cong .pdf,GATE_MASTER_2026-10-02,False
PL3-1372,(Cống hở bờ Đông Kênh 2/9 - Ngọn Cả Mác),,,,,UNKNOWN,False,Giữ trống tọa độ để tránh tạo điểm giả; cần GIS kỹ thuật/khảo sát hoặc nguồn công bố trực tiếp.,PL3_2025_DongThap_old,4. PL3 - danh muc cong .pdf,GATE_MASTER_2026-10-02,False
PL3-1373,(Cống tròn Bờ Đông kênh Kháng Chiến - đường nước Tư Phón),,,,,UNKNOWN,False,Giữ trống tọa độ để tránh tạo điểm giả; cần GIS kỹ thuật/khảo sát hoặc nguồn công bố trực tiếp.,PL3_2025_DongThap_old,4. PL3 - danh muc cong .pdf,GATE_MASTER_2026-10-02,False
PL3-1374,(Cống tròn Bờ Tây kênh 1/5 - Ông Minh),,,,,UNKNOWN,False,Giữ trống tọa độ để tránh tạo điểm giả; cần GIS kỹ thuật/khảo sát hoặc nguồn công bố trực tiếp.,PL3_2025_DongThap_old,4. PL3 - danh muc cong .pdf,GATE_MASTER_2026-10-02,False
PL3-1375,(Cống tròn Bờ Đông kênh Kháng Chiến - HTX Phú An),,,,,UNKNOWN,False,Giữ trống tọa độ để tránh tạo điểm giả; cần GIS kỹ thuật/khảo sát hoặc nguồn công bố trực tiếp.,PL3_2025_DongThap_old,4. PL3 - danh muc cong .pdf,GATE_MASTER_2026-10-02,False
PL3-1376,(Cống tròn ngang đường ĐT ĐT 843 - đường nước cặp nhà ông Kiệt),,,,,UNKNOWN,False,Giữ trống tọa độ để tránh tạo điểm giả; cần GIS kỹ thuật/khảo sát hoặc nguồn công bố trực tiếp.,PL3_2025_DongThap_old,4. PL3 - danh muc cong .pdf,GATE_MASTER_2026-10-02,False
PL3-1377,(Cống tròn bờ Nam kênh ranh Phú Hiệp - An Phước - đường nước ông Dững),,,,,UNKNOWN,False,Giữ trống tọa độ để tránh tạo điểm giả; cần GIS kỹ thuật/khảo sát hoặc nguồn công bố trực tiếp.,PL3_2025_DongThap_old,4. PL3 - danh muc cong .pdf,GATE_MASTER_2026-10-02,False
PL3-1378,(Cống tròn bờ Đông kênh Phú Hiệp - Gò Mã),,,,,UNKNOWN,False,Giữ trống tọa độ để tránh tạo điểm giả; cần GIS kỹ thuật/khảo sát hoặc nguồn công bố trực tiếp.,PL3_2025_DongThap_old,4. PL3 - danh muc cong .pdf,GATE_MASTER_2026-10-02,False
PL3-1379,(Cống tròn bờ Đông kênh Phú Hiệp - Gò Gòn),,,,,UNKNOWN,False,Giữ trống tọa độ để tránh tạo điểm giả; cần GIS kỹ thuật/khảo sát hoặc nguồn công bố trực tiếp.,PL3_2025_DongThap_old,4. PL3 - danh muc cong .pdf,GATE_MASTER_2026-10-02,False
PL3-1380,(Cống tròn bờ Đông kênh Lâm Vồ - đường nước 6 La),,,,,UNKNOWN,False,Giữ trống tọa độ để tránh tạo điểm giả; cần GIS kỹ thuật/khảo sát hoặc nguồn công bố trực tiếp.,PL3_2025_DongThap_old,4. PL3 - danh muc cong .pdf,GATE_MASTER_2026-10-02,False
PL3-1381,"(Cống tròn bờ Đông kênh Kháng Chiến, đường nước ông Ba Phụ)",,,,,UNKNOWN,False,Giữ trống tọa độ để tránh tạo điểm giả; cần GIS kỹ thuật/khảo sát hoặc nguồn công bố trực tiếp.,PL3_2025_DongThap_old,4. PL3 - danh muc cong .pdf,GATE_MASTER_2026-10-02,False
PL3-1382,"(Cống tròn bờ Đông kênh Kháng Chiến, đường nước ông Tám Giác)",,,,,UNKNOWN,False,Giữ trống tọa độ để tránh tạo điểm giả; cần GIS kỹ thuật/khảo sát hoặc nguồn công bố trực tiếp.,PL3_2025_DongThap_old,4. PL3 - danh muc cong .pdf,GATE_MASTER_2026-10-02,False
PL3-1383,(Cống tròn Bắc kênh An Bình - đường nước 1.000),,,,,UNKNOWN,False,Giữ trống tọa độ để tránh tạo điểm giả; cần GIS kỹ thuật/khảo sát hoặc nguồn công bố trực tiếp.,PL3_2025_DongThap_old,4. PL3 - danh muc cong .pdf,GATE_MASTER_2026-10-02,False
PL3-1384,(Cống tròn bờ Tây kênh An Long 2 - Đường nước số 3),,,,,UNKNOWN,False,Giữ trống tọa độ để tránh tạo điểm giả; cần GIS kỹ thuật/khảo sát hoặc nguồn công bố trực tiếp.,PL3_2025_DongThap_old,4. PL3 - danh muc cong .pdf,GATE_MASTER_2026-10-02,False
PL3-1385,(Cống tròn bờ Đông kênh An Long 2 - Đường nước Tư Hơn 2),,,,,UNKNOWN,False,Giữ trống tọa độ để tránh tạo điểm giả; cần GIS kỹ thuật/khảo sát hoặc nguồn công bố trực tiếp.,PL3_2025_DongThap_old,4. PL3 - danh muc cong .pdf,GATE_MASTER_2026-10-02,False
PL3-1386,(Cống tròn bờ Đông kênh An Long 2 - Đường nước Quảng Lượng 1),,,,,UNKNOWN,False,Giữ trống tọa độ để tránh tạo điểm giả; cần GIS kỹ thuật/khảo sát hoặc nguồn công bố trực tiếp.,PL3_2025_DongThap_old,4. PL3 - danh muc cong .pdf,GATE_MASTER_2026-10-02,False
PL3-1387,(Cống tròn bờ Bắc kênh An Bình - Ngọn Cả Sen),,,,,UNKNOWN,False,Giữ trống tọa độ để tránh tạo điểm giả; cần GIS kỹ thuật/khảo sát hoặc nguồn công bố trực tiếp.,PL3_2025_DongThap_old,4. PL3 - danh muc cong .pdf,GATE_MASTER_2026-10-02,False
PL3-1388,(Cống tròn bờ Đông kênh 2/9 - Đường nước ông Chúm),,,,,UNKNOWN,False,Giữ trống tọa độ để tránh tạo điểm giả; cần GIS kỹ thuật/khảo sát hoặc nguồn công bố trực tiếp.,PL3_2025_DongThap_old,4. PL3 - danh muc cong .pdf,GATE_MASTER_2026-10-02,False
PL3-1389,(Cống tròn bờ Đông rạch Ba Răng - đường nước ông Hiền),,,,,UNKNOWN,False,Giữ trống tọa độ để tránh tạo điểm giả; cần GIS kỹ thuật/khảo sát hoặc nguồn công bố trực tiếp.,PL3_2025_DongThap_old,4. PL3 - danh muc cong .pdf,GATE_MASTER_2026-10-02,False
PL3-1390,(Cống bờ Tây kênh Kháng Chiến - đường nước Tư Tăng),,,,,UNKNOWN,False,Giữ trống tọa độ để tránh tạo điểm giả; cần GIS kỹ thuật/khảo sát hoặc nguồn công bố trực tiếp.,PL3_2025_DongThap_old,4. PL3 - danh muc cong .pdf,GATE_MASTER_2026-10-02,False
PL3-1391,(Cống tròn bờ Đông Rạch Ba Răng - đường nước ông Vũ),,,,,UNKNOWN,False,Giữ trống tọa độ để tránh tạo điểm giả; cần GIS kỹ thuật/khảo sát hoặc nguồn công bố trực tiếp.,PL3_2025_DongThap_old,4. PL3 - danh muc cong .pdf,GATE_MASTER_2026-10-02,False
PL3-1392,(Cống tròn bờ Đông Rạch Ba Răng - đường nước ông Phước),,,,,UNKNOWN,False,Giữ trống tọa độ để tránh tạo điểm giả; cần GIS kỹ thuật/khảo sát hoặc nguồn công bố trực tiếp.,PL3_2025_DongThap_old,4. PL3 - danh muc cong .pdf,GATE_MASTER_2026-10-02,False
PL3-1393,(Cống tròn bờ Tây kênh Kháng Chiến - đường nước Tư Sẻ),,,,,UNKNOWN,False,Giữ trống tọa độ để tránh tạo điểm giả; cần GIS kỹ thuật/khảo sát hoặc nguồn công bố trực tiếp.,PL3_2025_DongThap_old,4. PL3 - danh muc cong .pdf,GATE_MASTER_2026-10-02,False
PL3-1394,(Cống tròn bờ Tây Rạch Ba Răng - đường nước Hai Khai),,,,,UNKNOWN,False,Giữ trống tọa độ để tránh tạo điểm giả; cần GIS kỹ thuật/khảo sát hoặc nguồn công bố trực tiếp.,PL3_2025_DongThap_old,4. PL3 - danh muc cong .pdf,GATE_MASTER_2026-10-02,False
PL3-1395,(Cống hở bờ Tây kênh Phú Thành 1 - Ngọn Cả Nổ),,,,,UNKNOWN,False,Giữ trống tọa độ để tránh tạo điểm giả; cần GIS kỹ thuật/khảo sát hoặc nguồn công bố trực tiếp.,PL3_2025_DongThap_old,4. PL3 - danh muc cong .pdf,GATE_MASTER_2026-10-02,False
PL3-1396,(Cống tròn bờ Tây kênh Thị Xã - Ngọn Lá Tán),,,,,UNKNOWN,False,Giữ trống tọa độ để tránh tạo điểm giả; cần GIS kỹ thuật/khảo sát hoặc nguồn công bố trực tiếp.,PL3_2025_DongThap_old,4. PL3 - danh muc cong .pdf,GATE_MASTER_2026-10-02,False
PL3-1397,(Cống tròn bờ Đông kênh Kháng Chiến - Đường nước Út Thưởng),,,,,UNKNOWN,False,Giữ trống tọa độ để tránh tạo điểm giả; cần GIS kỹ thuật/khảo sát hoặc nguồn công bố trực tiếp.,PL3_2025_DongThap_old,4. PL3 - danh muc cong .pdf,GATE_MASTER_2026-10-02,False
PL3-1398,(Cống tròn bờ Tây kênh Phú Thành 1 - Đường nước 8 Dũng),,,,,UNKNOWN,False,Giữ trống tọa độ để tránh tạo điểm giả; cần GIS kỹ thuật/khảo sát hoặc nguồn công bố trực tiếp.,PL3_2025_DongThap_old,4. PL3 - danh muc cong .pdf,GATE_MASTER_2026-10-02,False
PL3-1399,(Cống tròn bờ Đông kênh 1/5 - Ngọn cả Cát),,,,,UNKNOWN,False,Giữ trống tọa độ để tránh tạo điểm giả; cần GIS kỹ thuật/khảo sát hoặc nguồn công bố trực tiếp.,PL3_2025_DongThap_old,4. PL3 - danh muc cong .pdf,GATE_MASTER_2026-10-02,False
PL3-1400,(Cống tròn bờ Nam kênh Cả Gốc - Đường nước Mười Thu),,,,,UNKNOWN,False,Giữ trống tọa độ để tránh tạo điểm giả; cần GIS kỹ thuật/khảo sát hoặc nguồn công bố trực tiếp.,PL3_2025_DongThap_old,4. PL3 - danh muc cong .pdf,GATE_MASTER_2026-10-02,False
PL3-1401,(Cống tròn bờ Tây kênh 1/5 - Đường nước Bà Minh),,,,,UNKNOWN,False,Giữ trống tọa độ để tránh tạo điểm giả; cần GIS kỹ thuật/khảo sát hoặc nguồn công bố trực tiếp.,PL3_2025_DongThap_old,4. PL3 - danh muc cong .pdf,GATE_MASTER_2026-10-02,False
PL3-1402,(Cống tròn bờ Đông kênh 1/5 - Đường nước ông Đối),,,,,UNKNOWN,False,Giữ trống tọa độ để tránh tạo điểm giả; cần GIS kỹ thuật/khảo sát hoặc nguồn công bố trực tiếp.,PL3_2025_DongThap_old,4. PL3 - danh muc cong .pdf,GATE_MASTER_2026-10-02,False
PL3-1403,(Cống tròn bờ Bắc kênh A5 Đường nước số 3 và đường nước Kobe),,,,,UNKNOWN,False,Giữ trống tọa độ để tránh tạo điểm giả; cần GIS kỹ thuật/khảo sát hoặc nguồn công bố trực tiếp.,PL3_2025_DongThap_old,4. PL3 - danh muc cong .pdf,GATE_MASTER_2026-10-02,False
PL3-1404,(Cống tròn bờ Bắc kênh ranh TCS-PC - Đường nước 600),,,,,UNKNOWN,False,Giữ trống tọa độ để tránh tạo điểm giả; cần GIS kỹ thuật/khảo sát hoặc nguồn công bố trực tiếp.,PL3_2025_DongThap_old,4. PL3 - danh muc cong .pdf,GATE_MASTER_2026-10-02,False
PL3-1405,(Cống tròn bờ Bắc kênh ranh TCS-PC - Đường nước 800),,,,,UNKNOWN,False,Giữ trống tọa độ để tránh tạo điểm giả; cần GIS kỹ thuật/khảo sát hoặc nguồn công bố trực tiếp.,PL3_2025_DongThap_old,4. PL3 - danh muc cong .pdf,GATE_MASTER_2026-10-02,False
PL3-1406,(Cống tròn bờ Đông kênh Lung Bông - kênh 2),,,,,UNKNOWN,False,Giữ trống tọa độ để tránh tạo điểm giả; cần GIS kỹ thuật/khảo sát hoặc nguồn công bố trực tiếp.,PL3_2025_DongThap_old,4. PL3 - danh muc cong .pdf,GATE_MASTER_2026-10-02,False
PL3-1407,(Cống tròn bờ Đông kênh Lung Bông - kênh 4),,,,,UNKNOWN,False,Giữ trống tọa độ để tránh tạo điểm giả; cần GIS kỹ thuật/khảo sát hoặc nguồn công bố trực tiếp.,PL3_2025_DongThap_old,4. PL3 - danh muc cong .pdf,GATE_MASTER_2026-10-02,False
PL3-1408,(Cống tròn bờ Tây kênh Vĩnh Long 2 - đường nước kênh Hậu),,,,,UNKNOWN,False,Giữ trống tọa độ để tránh tạo điểm giả; cần GIS kỹ thuật/khảo sát hoặc nguồn công bố trực tiếp.,PL3_2025_DongThap_old,4. PL3 - danh muc cong .pdf,GATE_MASTER_2026-10-02,False
PL3-1409,(Cống tròn bờ Đông kênh Lung Bông - kênh 5 Thước),,,,,UNKNOWN,False,Giữ trống tọa độ để tránh tạo điểm giả; cần GIS kỹ thuật/khảo sát hoặc nguồn công bố trực tiếp.,PL3_2025_DongThap_old,4. PL3 - danh muc cong .pdf,GATE_MASTER_2026-10-02,False
PL3-1410,(Cống tròn bờ Đông kênh Lung Bông - kênh 3 Thước),,,,,UNKNOWN,False,Giữ trống tọa độ để tránh tạo điểm giả; cần GIS kỹ thuật/khảo sát hoặc nguồn công bố trực tiếp.,PL3_2025_DongThap_old,4. PL3 - danh muc cong .pdf,GATE_MASTER_2026-10-02,False
PL3-1411,(Cống tròn bờ Tây kênh Mười Tải- cống Ba Bình),,,,,UNKNOWN,False,Giữ trống tọa độ để tránh tạo điểm giả; cần GIS kỹ thuật/khảo sát hoặc nguồn công bố trực tiếp.,PL3_2025_DongThap_old,4. PL3 - danh muc cong .pdf,GATE_MASTER_2026-10-02,False
PL3-1412,(Cống tròn bờ Tây kênh Mười Tải - cống ông Nam),,,,,UNKNOWN,False,Giữ trống tọa độ để tránh tạo điểm giả; cần GIS kỹ thuật/khảo sát hoặc nguồn công bố trực tiếp.,PL3_2025_DongThap_old,4. PL3 - danh muc cong .pdf,GATE_MASTER_2026-10-02,False
PL3-1413,(Cống tròn Đông kênh cầu Sắt-kênh 700),,,,,UNKNOWN,False,Giữ trống tọa độ để tránh tạo điểm giả; cần GIS kỹ thuật/khảo sát hoặc nguồn công bố trực tiếp.,PL3_2025_DongThap_old,4. PL3 - danh muc cong .pdf,GATE_MASTER_2026-10-02,False
PL3-1414,"(Cống tròn bờ Tây kênh 800 - ĐN 3 Tất và cống Bắc kênh ranh TN-TB, kênh Phèn 1 )",,,,,UNKNOWN,False,Giữ trống tọa độ để tránh tạo điểm giả; cần GIS kỹ thuật/khảo sát hoặc nguồn công bố trực tiếp.,PL3_2025_DongThap_old,4. PL3 - danh muc cong .pdf,GATE_MASTER_2026-10-02,False
PL3-1415,(Cống tròn bờ Đông kênh 2/9 - đường nước Năm Nưng),,,,,UNKNOWN,False,Giữ trống tọa độ để tránh tạo điểm giả; cần GIS kỹ thuật/khảo sát hoặc nguồn công bố trực tiếp.,PL3_2025_DongThap_old,4. PL3 - danh muc cong .pdf,GATE_MASTER_2026-10-02,False
PL3-1416,(Cống tròn bờ Đông kênh 2/9 - đường nước cống trạm bơm Sáu Buôl),,,,,UNKNOWN,False,Giữ trống tọa độ để tránh tạo điểm giả; cần GIS kỹ thuật/khảo sát hoặc nguồn công bố trực tiếp.,PL3_2025_DongThap_old,4. PL3 - danh muc cong .pdf,GATE_MASTER_2026-10-02,False
PL3-1417,(Cống tròn bờ Nam kênh ranh Hồng ngự - Tam nông - đường nước Trạm bơm Sáu chớn 2),,,,,UNKNOWN,False,Giữ trống tọa độ để tránh tạo điểm giả; cần GIS kỹ thuật/khảo sát hoặc nguồn công bố trực tiếp.,PL3_2025_DongThap_old,4. PL3 - danh muc cong .pdf,GATE_MASTER_2026-10-02,False
PL3-1418,(Cống tròn bờ Bắc kênh An Bình - đường nước Tập đoàn 12),,,,,UNKNOWN,False,Giữ trống tọa độ để tránh tạo điểm giả; cần GIS kỹ thuật/khảo sát hoặc nguồn công bố trực tiếp.,PL3_2025_DongThap_old,4. PL3 - danh muc cong .pdf,GATE_MASTER_2026-10-02,False
PL3-1419,(Cống tròn bờ Đông kênh An Long 2 - đường nước Cống Tư Hơn 2),,,,,UNKNOWN,False,Giữ trống tọa độ để tránh tạo điểm giả; cần GIS kỹ thuật/khảo sát hoặc nguồn công bố trực tiếp.,PL3_2025_DongThap_old,4. PL3 - danh muc cong .pdf,GATE_MASTER_2026-10-02,False
PL3-1420,(Cống tròn bờ Tây kênh An long 2 - Đường nước cống số 3),,,,,UNKNOWN,False,Giữ trống tọa độ để tránh tạo điểm giả; cần GIS kỹ thuật/khảo sát hoặc nguồn công bố trực tiếp.,PL3_2025_DongThap_old,4. PL3 - danh muc cong .pdf,GATE_MASTER_2026-10-02,False
PL3-1421,(Cống tròn bờ Đông kênh 2/9 - đường nước cống Mười Châu),,,,,UNKNOWN,False,Giữ trống tọa độ để tránh tạo điểm giả; cần GIS kỹ thuật/khảo sát hoặc nguồn công bố trực tiếp.,PL3_2025_DongThap_old,4. PL3 - danh muc cong .pdf,GATE_MASTER_2026-10-02,False
PL3-1422,(Cống tròn bờ Bắc kênh Tư Đệ - Láng Chim - đường nước đất ông Tư Ân),,,,,UNKNOWN,False,Giữ trống tọa độ để tránh tạo điểm giả; cần GIS kỹ thuật/khảo sát hoặc nguồn công bố trực tiếp.,PL3_2025_DongThap_old,4. PL3 - danh muc cong .pdf,GATE_MASTER_2026-10-02,False
PL3-1423,(Cống tròn bờ Tây kênh Thuỷ Điện - đường nước Tám Ghết),,,,,UNKNOWN,False,Giữ trống tọa độ để tránh tạo điểm giả; cần GIS kỹ thuật/khảo sát hoặc nguồn công bố trực tiếp.,PL3_2025_DongThap_old,4. PL3 - danh muc cong .pdf,GATE_MASTER_2026-10-02,False
PL3-1424,(Cống tròn bờ Đông kênh Kháng Chiến - đường nước Tám Bông),,,,,UNKNOWN,False,Giữ trống tọa độ để tránh tạo điểm giả; cần GIS kỹ thuật/khảo sát hoặc nguồn công bố trực tiếp.,PL3_2025_DongThap_old,4. PL3 - danh muc cong .pdf,GATE_MASTER_2026-10-02,False
PL3-1425,(Cống tròn bờ Tây kênh Kháng Chiến - đường nước ông Vũ),,,,,UNKNOWN,False,Giữ trống tọa độ để tránh tạo điểm giả; cần GIS kỹ thuật/khảo sát hoặc nguồn công bố trực tiếp.,PL3_2025_DongThap_old,4. PL3 - danh muc cong .pdf,GATE_MASTER_2026-10-02,False
PL3-1426,(Cống tròn bờ Tây kênh Kháng Chiến - đường nước Ba Sừ),,,,,UNKNOWN,False,Giữ trống tọa độ để tránh tạo điểm giả; cần GIS kỹ thuật/khảo sát hoặc nguồn công bố trực tiếp.,PL3_2025_DongThap_old,4. PL3 - danh muc cong .pdf,GATE_MASTER_2026-10-02,False
PL3-1427,(Cống tròn bờ Tây kênh Kháng Chiến - đường nước Ô Năng trên),,,,,UNKNOWN,False,Giữ trống tọa độ để tránh tạo điểm giả; cần GIS kỹ thuật/khảo sát hoặc nguồn công bố trực tiếp.,PL3_2025_DongThap_old,4. PL3 - danh muc cong .pdf,GATE_MASTER_2026-10-02,False
PL3-1428,(cống tròn bờ Tây rạch Ba Răng - đường nước Ba Lẹ),,,,,UNKNOWN,False,Giữ trống tọa độ để tránh tạo điểm giả; cần GIS kỹ thuật/khảo sát hoặc nguồn công bố trực tiếp.,PL3_2025_DongThap_old,4. PL3 - danh muc cong .pdf,GATE_MASTER_2026-10-02,False
PL3-1429,(cống bờ Tây rạch Ba Răng - đường nước Ba Thành),,,,,UNKNOWN,False,Giữ trống tọa độ để tránh tạo điểm giả; cần GIS kỹ thuật/khảo sát hoặc nguồn công bố trực tiếp.,PL3_2025_DongThap_old,4. PL3 - danh muc cong .pdf,GATE_MASTER_2026-10-02,False
PL3-1430,(Cống tròn Bờ Bắc kênh Cả Gốc - đường nước ông Sang),,,,,UNKNOWN,False,Giữ trống tọa độ để tránh tạo điểm giả; cần GIS kỹ thuật/khảo sát hoặc nguồn công bố trực tiếp.,PL3_2025_DongThap_old,4. PL3 - danh muc cong .pdf,GATE_MASTER_2026-10-02,False
PL3-1431,(Cống tròn kênh ranh Tam Nông - Hồng Ngự - Ngọn Tám Chèo),,,,,UNKNOWN,False,Giữ trống tọa độ để tránh tạo điểm giả; cần GIS kỹ thuật/khảo sát hoặc nguồn công bố trực tiếp.,PL3_2025_DongThap_old,4. PL3 - danh muc cong .pdf,GATE_MASTER_2026-10-02,False
PL3-1432,(Cống tròn bờ Tây kênh 1/5 - đường nước Bào Láng),,,,,UNKNOWN,False,Giữ trống tọa độ để tránh tạo điểm giả; cần GIS kỹ thuật/khảo sát hoặc nguồn công bố trực tiếp.,PL3_2025_DongThap_old,4. PL3 - danh muc cong .pdf,GATE_MASTER_2026-10-02,False
PL3-1433,(Cống tròn bờ Bắc kênh Ngọn Cũ - đường nước Tư Cuối),,,,,UNKNOWN,False,Giữ trống tọa độ để tránh tạo điểm giả; cần GIS kỹ thuật/khảo sát hoặc nguồn công bố trực tiếp.,PL3_2025_DongThap_old,4. PL3 - danh muc cong .pdf,GATE_MASTER_2026-10-02,False
PL3-1434,(Cống tròn kênh ranh Tam Nông - Hồng Ngự - Ngọn Cả Môn),,,,,UNKNOWN,False,Giữ trống tọa độ để tránh tạo điểm giả; cần GIS kỹ thuật/khảo sát hoặc nguồn công bố trực tiếp.,PL3_2025_DongThap_old,4. PL3 - danh muc cong .pdf,GATE_MASTER_2026-10-02,False
PL3-1435,(Cống tròn bờ Tây kênh ranh Phú Thành B - Phú Hiệp - đường nước số 4),,,,,UNKNOWN,False,Giữ trống tọa độ để tránh tạo điểm giả; cần GIS kỹ thuật/khảo sát hoặc nguồn công bố trực tiếp.,PL3_2025_DongThap_old,4. PL3 - danh muc cong .pdf,GATE_MASTER_2026-10-02,False
PL3-1436,(Cống tròn bờ Đông kênh Kháng Chiến - đường nước ông Giang),,,,,UNKNOWN,False,Giữ trống tọa độ để tránh tạo điểm giả; cần GIS kỹ thuật/khảo sát hoặc nguồn công bố trực tiếp.,PL3_2025_DongThap_old,4. PL3 - danh muc cong .pdf,GATE_MASTER_2026-10-02,False
PL3-1437,(Cống tròn bờ nam kênh Ranh Tam Nông - Hồng Ngự - đường nước HTX Quyết Tiến),,,,,UNKNOWN,False,Giữ trống tọa độ để tránh tạo điểm giả; cần GIS kỹ thuật/khảo sát hoặc nguồn công bố trực tiếp.,PL3_2025_DongThap_old,4. PL3 - danh muc cong .pdf,GATE_MASTER_2026-10-02,False
PL3-1438,(Cống tròn bờ Đông kênh Kháng Chiến - đường nước 3 Đen),,,,,UNKNOWN,False,Giữ trống tọa độ để tránh tạo điểm giả; cần GIS kỹ thuật/khảo sát hoặc nguồn công bố trực tiếp.,PL3_2025_DongThap_old,4. PL3 - danh muc cong .pdf,GATE_MASTER_2026-10-02,False
PL3-1439,(Cống tròn bờ Đông kênh Phú Thành 1- Đường nước Tám An),,,,,UNKNOWN,False,Giữ trống tọa độ để tránh tạo điểm giả; cần GIS kỹ thuật/khảo sát hoặc nguồn công bố trực tiếp.,PL3_2025_DongThap_old,4. PL3 - danh muc cong .pdf,GATE_MASTER_2026-10-02,False
PL3-1440,(Cống tròn bờ Đông kênh Kháng Chiến - Ngọn Cả Nổ),,,,,UNKNOWN,False,Giữ trống tọa độ để tránh tạo điểm giả; cần GIS kỹ thuật/khảo sát hoặc nguồn công bố trực tiếp.,PL3_2025_DongThap_old,4. PL3 - danh muc cong .pdf,GATE_MASTER_2026-10-02,False
PL3-1441,(Cống tròn bờ Đông kênh 1/5 - đường nước ông Hải),,,,,UNKNOWN,False,Giữ trống tọa độ để tránh tạo điểm giả; cần GIS kỹ thuật/khảo sát hoặc nguồn công bố trực tiếp.,PL3_2025_DongThap_old,4. PL3 - danh muc cong .pdf,GATE_MASTER_2026-10-02,False
PL3-1442,(Cống tròn bờ Bắc kênh Đồng Tiến - đường nước ông Cương),,,,,UNKNOWN,False,Giữ trống tọa độ để tránh tạo điểm giả; cần GIS kỹ thuật/khảo sát hoặc nguồn công bố trực tiếp.,PL3_2025_DongThap_old,4. PL3 - danh muc cong .pdf,GATE_MASTER_2026-10-02,False
PL3-1443,(Cống tròn bờ Tây kênh 1/5 - đường nước ông Hoàng),,,,,UNKNOWN,False,Giữ trống tọa độ để tránh tạo điểm giả; cần GIS kỹ thuật/khảo sát hoặc nguồn công bố trực tiếp.,PL3_2025_DongThap_old,4. PL3 - danh muc cong .pdf,GATE_MASTER_2026-10-02,False
PL3-1444,(Cống tròn bờ Đông kênh 1/5 - đường nước ông Hoàng),,,,,UNKNOWN,False,Giữ trống tọa độ để tránh tạo điểm giả; cần GIS kỹ thuật/khảo sát hoặc nguồn công bố trực tiếp.,PL3_2025_DongThap_old,4. PL3 - danh muc cong .pdf,GATE_MASTER_2026-10-02,False
PL3-1445,(Cống tròn bờ Đông kênh Thủy Điện - đường nước ngọn ông Sáu Rổ),,,,,UNKNOWN,False,Giữ trống tọa độ để tránh tạo điểm giả; cần GIS kỹ thuật/khảo sát hoặc nguồn công bố trực tiếp.,PL3_2025_DongThap_old,4. PL3 - danh muc cong .pdf,GATE_MASTER_2026-10-02,False
PL3-1446,(Cống tròn bờ Bắc kênh Đồng Tiến - đường nước 5 Dồ),,,,,UNKNOWN,False,Giữ trống tọa độ để tránh tạo điểm giả; cần GIS kỹ thuật/khảo sát hoặc nguồn công bố trực tiếp.,PL3_2025_DongThap_old,4. PL3 - danh muc cong .pdf,GATE_MASTER_2026-10-02,False
PL3-1447,(Cống tròn bờ Đông kênh Tân Công Sính 2 - kênh Cũ),,,,,UNKNOWN,False,Giữ trống tọa độ để tránh tạo điểm giả; cần GIS kỹ thuật/khảo sát hoặc nguồn công bố trực tiếp.,PL3_2025_DongThap_old,4. PL3 - danh muc cong .pdf,GATE_MASTER_2026-10-02,False
PL3-1448,(Cống tròn bờ Bắc kênh Gáo Đôi - đường nước 500),,,,,UNKNOWN,False,Giữ trống tọa độ để tránh tạo điểm giả; cần GIS kỹ thuật/khảo sát hoặc nguồn công bố trực tiếp.,PL3_2025_DongThap_old,4. PL3 - danh muc cong .pdf,GATE_MASTER_2026-10-02,False
PL3-1449,(Cống tròn bờ Tây kênh ranh Tân Công Sính - Phú Cường - đường nước 1000),,,,,UNKNOWN,False,Giữ trống tọa độ để tránh tạo điểm giả; cần GIS kỹ thuật/khảo sát hoặc nguồn công bố trực tiếp.,PL3_2025_DongThap_old,4. PL3 - danh muc cong .pdf,GATE_MASTER_2026-10-02,False
PL3-1450,(Cống tròn bờ Tây kênh Lung Bông - đường nước N1),,,,,UNKNOWN,False,Giữ trống tọa độ để tránh tạo điểm giả; cần GIS kỹ thuật/khảo sát hoặc nguồn công bố trực tiếp.,PL3_2025_DongThap_old,4. PL3 - danh muc cong .pdf,GATE_MASTER_2026-10-02,False
PL3-1451,(Cống tròn bờ Tây kênh Lung Bông - đường nước N3),,,,,UNKNOWN,False,Giữ trống tọa độ để tránh tạo điểm giả; cần GIS kỹ thuật/khảo sát hoặc nguồn công bố trực tiếp.,PL3_2025_DongThap_old,4. PL3 - danh muc cong .pdf,GATE_MASTER_2026-10-02,False
PL3-1452,(Cống tròn bờ Tây kênh Lung Bông - đường nước N5),,,,,UNKNOWN,False,Giữ trống tọa độ để tránh tạo điểm giả; cần GIS kỹ thuật/khảo sát hoặc nguồn công bố trực tiếp.,PL3_2025_DongThap_old,4. PL3 - danh muc cong .pdf,GATE_MASTER_2026-10-02,False
PL3-1453,(cống tròn bờ Đông kênh Lâm Vồ - đường nước 6 Bảnh),,,,,UNKNOWN,False,Giữ trống tọa độ để tránh tạo điểm giả; cần GIS kỹ thuật/khảo sát hoặc nguồn công bố trực tiếp.,PL3_2025_DongThap_old,4. PL3 - danh muc cong .pdf,GATE_MASTER_2026-10-02,False
PL3-1454,(cống tròn bờ Đông kênh Lâm Vồ - Tập đoàn 4),,,,,UNKNOWN,False,Giữ trống tọa độ để tránh tạo điểm giả; cần GIS kỹ thuật/khảo sát hoặc nguồn công bố trực tiếp.,PL3_2025_DongThap_old,4. PL3 - danh muc cong .pdf,GATE_MASTER_2026-10-02,False
PL3-1455,(Cống tròn bờ Nam kênh A5- đường nước cống tiêu),,,,,UNKNOWN,False,Giữ trống tọa độ để tránh tạo điểm giả; cần GIS kỹ thuật/khảo sát hoặc nguồn công bố trực tiếp.,PL3_2025_DongThap_old,4. PL3 - danh muc cong .pdf,GATE_MASTER_2026-10-02,False
PL3-1456,(Cống tròn bờ Đông kênh ranh Tân Công Sính - Phú Cường - kênh giữa),,,,,UNKNOWN,False,Giữ trống tọa độ để tránh tạo điểm giả; cần GIS kỹ thuật/khảo sát hoặc nguồn công bố trực tiếp.,PL3_2025_DongThap_old,4. PL3 - danh muc cong .pdf,GATE_MASTER_2026-10-02,False
PL3-1457,(Cống tròn bờ Đông kênh Nhà Thương - đường nước 500),,,,,UNKNOWN,False,Giữ trống tọa độ để tránh tạo điểm giả; cần GIS kỹ thuật/khảo sát hoặc nguồn công bố trực tiếp.,PL3_2025_DongThap_old,4. PL3 - danh muc cong .pdf,GATE_MASTER_2026-10-02,False
PL3-1458,(Cống hộp bờ Tây kênh Phước Xuyên - đường nước ông Hội),,,,,UNKNOWN,False,Giữ trống tọa độ để tránh tạo điểm giả; cần GIS kỹ thuật/khảo sát hoặc nguồn công bố trực tiếp.,PL3_2025_DongThap_old,4. PL3 - danh muc cong .pdf,GATE_MASTER_2026-10-02,False
PL3-1459,(Cống tròn bờ Bắc kênh Đồng Tiến - kế nhà Hai Khen),,,,,UNKNOWN,False,Giữ trống tọa độ để tránh tạo điểm giả; cần GIS kỹ thuật/khảo sát hoặc nguồn công bố trực tiếp.,PL3_2025_DongThap_old,4. PL3 - danh muc cong .pdf,GATE_MASTER_2026-10-02,False
PL3-1460,(Cống tròn bờ Tây kênh Tân Công Sính 2- đường nước mới),,,,,UNKNOWN,False,Giữ trống tọa độ để tránh tạo điểm giả; cần GIS kỹ thuật/khảo sát hoặc nguồn công bố trực tiếp.,PL3_2025_DongThap_old,4. PL3 - danh muc cong .pdf,GATE_MASTER_2026-10-02,False
PL3-1461,(Cống tròn bờ Đông kênh Tân Công Sính 1- đường nước ông Cường),,,,,UNKNOWN,False,Giữ trống tọa độ để tránh tạo điểm giả; cần GIS kỹ thuật/khảo sát hoặc nguồn công bố trực tiếp.,PL3_2025_DongThap_old,4. PL3 - danh muc cong .pdf,GATE_MASTER_2026-10-02,False
PL3-1462,(Cống tròn bờ Đông kênh 3 Thước- đường nước Bảy Nhành),,,,,UNKNOWN,False,Giữ trống tọa độ để tránh tạo điểm giả; cần GIS kỹ thuật/khảo sát hoặc nguồn công bố trực tiếp.,PL3_2025_DongThap_old,4. PL3 - danh muc cong .pdf,GATE_MASTER_2026-10-02,False
PL3-1463,(Cống tròn bờ Đông kênh 3 Thước- đường nước Mười Ngon),,,,,UNKNOWN,False,Giữ trống tọa độ để tránh tạo điểm giả; cần GIS kỹ thuật/khảo sát hoặc nguồn công bố trực tiếp.,PL3_2025_DongThap_old,4. PL3 - danh muc cong .pdf,GATE_MASTER_2026-10-02,False
PL3-1464,Cống KhÐm TrÑt,,,,,UNKNOWN,False,Giữ trống tọa độ để tránh tạo điểm giả; cần GIS kỹ thuật/khảo sát hoặc nguồn công bố trực tiếp.,PL3_2025_DongThap_old,4. PL3 - danh muc cong .pdf,GATE_MASTER_2026-10-02,False
PL3-1465,Cống T­ KiÖt,,,,,UNKNOWN,False,Giữ trống tọa độ để tránh tạo điểm giả; cần GIS kỹ thuật/khảo sát hoặc nguồn công bố trực tiếp.,PL3_2025_DongThap_old,4. PL3 - danh muc cong .pdf,GATE_MASTER_2026-10-02,False
PL3-1466,Cống Ngang,,,,,UNKNOWN,False,Giữ trống tọa độ để tránh tạo điểm giả; cần GIS kỹ thuật/khảo sát hoặc nguồn công bố trực tiếp.,PL3_2025_DongThap_old,4. PL3 - danh muc cong .pdf,GATE_MASTER_2026-10-02,False
PL3-1467,Cống Khém Vườn,,,,,UNKNOWN,False,Giữ trống tọa độ để tránh tạo điểm giả; cần GIS kỹ thuật/khảo sát hoặc nguồn công bố trực tiếp.,PL3_2025_DongThap_old,4. PL3 - danh muc cong .pdf,GATE_MASTER_2026-10-02,False
PL3-1468,Cống An Nhơn,,,,,UNKNOWN,False,Giữ trống tọa độ để tránh tạo điểm giả; cần GIS kỹ thuật/khảo sát hoặc nguồn công bố trực tiếp.,PL3_2025_DongThap_old,4. PL3 - danh muc cong .pdf,GATE_MASTER_2026-10-02,False
PL3-1469,Cống Đình An Nhơn,,,,,UNKNOWN,False,Giữ trống tọa độ để tránh tạo điểm giả; cần GIS kỹ thuật/khảo sát hoặc nguồn công bố trực tiếp.,PL3_2025_DongThap_old,4. PL3 - danh muc cong .pdf,GATE_MASTER_2026-10-02,False
PL3-1470,Cống Cầu Đôi,,,,,UNKNOWN,False,Giữ trống tọa độ để tránh tạo điểm giả; cần GIS kỹ thuật/khảo sát hoặc nguồn công bố trực tiếp.,PL3_2025_DongThap_old,4. PL3 - danh muc cong .pdf,GATE_MASTER_2026-10-02,False
PL3-1471,Cống Long Sa,,,,,UNKNOWN,False,Giữ trống tọa độ để tránh tạo điểm giả; cần GIS kỹ thuật/khảo sát hoặc nguồn công bố trực tiếp.,PL3_2025_DongThap_old,4. PL3 - danh muc cong .pdf,GATE_MASTER_2026-10-02,False
PL3-1472,Cống C¶ §iÒn,,,,,UNKNOWN,False,Giữ trống tọa độ để tránh tạo điểm giả; cần GIS kỹ thuật/khảo sát hoặc nguồn công bố trực tiếp.,PL3_2025_DongThap_old,4. PL3 - danh muc cong .pdf,GATE_MASTER_2026-10-02,False
PL3-1473,Cống R¹ch DÇu ngoµi,,,,,UNKNOWN,False,Giữ trống tọa độ để tránh tạo điểm giả; cần GIS kỹ thuật/khảo sát hoặc nguồn công bố trực tiếp.,PL3_2025_DongThap_old,4. PL3 - danh muc cong .pdf,GATE_MASTER_2026-10-02,False
PL3-1474,Cống R¹ch DÇu Trong,,,,,UNKNOWN,False,Giữ trống tọa độ để tránh tạo điểm giả; cần GIS kỹ thuật/khảo sát hoặc nguồn công bố trực tiếp.,PL3_2025_DongThap_old,4. PL3 - danh muc cong .pdf,GATE_MASTER_2026-10-02,False
PL3-1475,Cống Ng· B¸t,,,,,UNKNOWN,False,Giữ trống tọa độ để tránh tạo điểm giả; cần GIS kỹ thuật/khảo sát hoặc nguồn công bố trực tiếp.,PL3_2025_DongThap_old,4. PL3 - danh muc cong .pdf,GATE_MASTER_2026-10-02,False
PL3-1476,Cống Kinh T­,,,,,UNKNOWN,False,Giữ trống tọa độ để tránh tạo điểm giả; cần GIS kỹ thuật/khảo sát hoặc nguồn công bố trực tiếp.,PL3_2025_DongThap_old,4. PL3 - danh muc cong .pdf,GATE_MASTER_2026-10-02,False
PL3-1477,Cống ¤ng Ch¨ng,,,,,UNKNOWN,False,Giữ trống tọa độ để tránh tạo điểm giả; cần GIS kỹ thuật/khảo sát hoặc nguồn công bố trực tiếp.,PL3_2025_DongThap_old,4. PL3 - danh muc cong .pdf,GATE_MASTER_2026-10-02,False
PL3-1478,Cống S¸u Bång,,,,,UNKNOWN,False,Giữ trống tọa độ để tránh tạo điểm giả; cần GIS kỹ thuật/khảo sát hoặc nguồn công bố trực tiếp.,PL3_2025_DongThap_old,4. PL3 - danh muc cong .pdf,GATE_MASTER_2026-10-02,False
PL3-1479,Cống Hµng Trµm,,,,,UNKNOWN,False,Giữ trống tọa độ để tránh tạo điểm giả; cần GIS kỹ thuật/khảo sát hoặc nguồn công bố trực tiếp.,PL3_2025_DongThap_old,4. PL3 - danh muc cong .pdf,GATE_MASTER_2026-10-02,False
PL3-1480,Cống Bé Tõ ngoµi,,,,,UNKNOWN,False,Giữ trống tọa độ để tránh tạo điểm giả; cần GIS kỹ thuật/khảo sát hoặc nguồn công bố trực tiếp.,PL3_2025_DongThap_old,4. PL3 - danh muc cong .pdf,GATE_MASTER_2026-10-02,False
PL3-1481,Cống Bé Tõ trong,,,,,UNKNOWN,False,Giữ trống tọa độ để tránh tạo điểm giả; cần GIS kỹ thuật/khảo sát hoặc nguồn công bố trực tiếp.,PL3_2025_DongThap_old,4. PL3 - danh muc cong .pdf,GATE_MASTER_2026-10-02,False
PL3-1482,Cống X· LÔ,,,,,UNKNOWN,False,Giữ trống tọa độ để tránh tạo điểm giả; cần GIS kỹ thuật/khảo sát hoặc nguồn công bố trực tiếp.,PL3_2025_DongThap_old,4. PL3 - danh muc cong .pdf,GATE_MASTER_2026-10-02,False
PL3-1483,Cống Bµ Líi,,,,,UNKNOWN,False,Giữ trống tọa độ để tránh tạo điểm giả; cần GIS kỹ thuật/khảo sát hoặc nguồn công bố trực tiếp.,PL3_2025_DongThap_old,4. PL3 - danh muc cong .pdf,GATE_MASTER_2026-10-02,False
PL3-1484,Cống ChiÕn L­îc,,,,,UNKNOWN,False,Giữ trống tọa độ để tránh tạo điểm giả; cần GIS kỹ thuật/khảo sát hoặc nguồn công bố trực tiếp.,PL3_2025_DongThap_old,4. PL3 - danh muc cong .pdf,GATE_MASTER_2026-10-02,False
PL3-1485,Cống Ba Xuyªn,,,,,UNKNOWN,False,Giữ trống tọa độ để tránh tạo điểm giả; cần GIS kỹ thuật/khảo sát hoặc nguồn công bố trực tiếp.,PL3_2025_DongThap_old,4. PL3 - danh muc cong .pdf,GATE_MASTER_2026-10-02,False
PL3-1486,Cống Ba Chuèi,,,,,UNKNOWN,False,Giữ trống tọa độ để tránh tạo điểm giả; cần GIS kỹ thuật/khảo sát hoặc nguồn công bố trực tiếp.,PL3_2025_DongThap_old,4. PL3 - danh muc cong .pdf,GATE_MASTER_2026-10-02,False
PL3-1487,Cống R¹ch MiÔu,,,,,UNKNOWN,False,Giữ trống tọa độ để tránh tạo điểm giả; cần GIS kỹ thuật/khảo sát hoặc nguồn công bố trực tiếp.,PL3_2025_DongThap_old,4. PL3 - danh muc cong .pdf,GATE_MASTER_2026-10-02,False
PL3-1488,Cống Chñ HiÕu,,,,,UNKNOWN,False,Giữ trống tọa độ để tránh tạo điểm giả; cần GIS kỹ thuật/khảo sát hoặc nguồn công bố trực tiếp.,PL3_2025_DongThap_old,4. PL3 - danh muc cong .pdf,GATE_MASTER_2026-10-02,False
PL3-1489,Cống Lé Míi,,,,,UNKNOWN,False,Giữ trống tọa độ để tránh tạo điểm giả; cần GIS kỹ thuật/khảo sát hoặc nguồn công bố trực tiếp.,PL3_2025_DongThap_old,4. PL3 - danh muc cong .pdf,GATE_MASTER_2026-10-02,False
PL3-1490,Cống Kªnh ranh,,,,,UNKNOWN,False,Giữ trống tọa độ để tránh tạo điểm giả; cần GIS kỹ thuật/khảo sát hoặc nguồn công bố trực tiếp.,PL3_2025_DongThap_old,4. PL3 - danh muc cong .pdf,GATE_MASTER_2026-10-02,False
PL3-1491,Cống Hai NØ,,,,,UNKNOWN,False,Giữ trống tọa độ để tránh tạo điểm giả; cần GIS kỹ thuật/khảo sát hoặc nguồn công bố trực tiếp.,PL3_2025_DongThap_old,4. PL3 - danh muc cong .pdf,GATE_MASTER_2026-10-02,False
PL3-1492,Cống Bµ H­êng,,,,,UNKNOWN,False,Giữ trống tọa độ để tránh tạo điểm giả; cần GIS kỹ thuật/khảo sát hoặc nguồn công bố trực tiếp.,PL3_2025_DongThap_old,4. PL3 - danh muc cong .pdf,GATE_MASTER_2026-10-02,False
PL3-1493,Cống B»ng L¨ng,,,,,UNKNOWN,False,Giữ trống tọa độ để tránh tạo điểm giả; cần GIS kỹ thuật/khảo sát hoặc nguồn công bố trực tiếp.,PL3_2025_DongThap_old,4. PL3 - danh muc cong .pdf,GATE_MASTER_2026-10-02,False
PL3-1494,Cống C¸i T«m,,,,,UNKNOWN,False,Giữ trống tọa độ để tránh tạo điểm giả; cần GIS kỹ thuật/khảo sát hoặc nguồn công bố trực tiếp.,PL3_2025_DongThap_old,4. PL3 - danh muc cong .pdf,GATE_MASTER_2026-10-02,False
PL3-1495,Cống MiÔu Ngãi,,,,,UNKNOWN,False,Giữ trống tọa độ để tránh tạo điểm giả; cần GIS kỹ thuật/khảo sát hoặc nguồn công bố trực tiếp.,PL3_2025_DongThap_old,4. PL3 - danh muc cong .pdf,GATE_MASTER_2026-10-02,False
PL3-1496,Cống B¶y Mong,,,,,UNKNOWN,False,Giữ trống tọa độ để tránh tạo điểm giả; cần GIS kỹ thuật/khảo sát hoặc nguồn công bố trực tiếp.,PL3_2025_DongThap_old,4. PL3 - danh muc cong .pdf,GATE_MASTER_2026-10-02,False
PL3-1497,Cống ¤ng §¸,,,,,UNKNOWN,False,Giữ trống tọa độ để tránh tạo điểm giả; cần GIS kỹ thuật/khảo sát hoặc nguồn công bố trực tiếp.,PL3_2025_DongThap_old,4. PL3 - danh muc cong .pdf,GATE_MASTER_2026-10-02,False
PL3-1498,Cống Bµ Phµn,,,,,UNKNOWN,False,Giữ trống tọa độ để tránh tạo điểm giả; cần GIS kỹ thuật/khảo sát hoặc nguồn công bố trực tiếp.,PL3_2025_DongThap_old,4. PL3 - danh muc cong .pdf,GATE_MASTER_2026-10-02,False
PL3-1499,Cống C¸i S¬n,,,,,UNKNOWN,False,Giữ trống tọa độ để tránh tạo điểm giả; cần GIS kỹ thuật/khảo sát hoặc nguồn công bố trực tiếp.,PL3_2025_DongThap_old,4. PL3 - danh muc cong .pdf,GATE_MASTER_2026-10-02,False
PL3-1500,Cống Ông Cả,,,,,UNKNOWN,False,Giữ trống tọa độ để tránh tạo điểm giả; cần GIS kỹ thuật/khảo sát hoặc nguồn công bố trực tiếp.,PL3_2025_DongThap_old,4. PL3 - danh muc cong .pdf,GATE_MASTER_2026-10-02,False
PL3-1501,Cống Bµ §uæi,,,,,UNKNOWN,False,Giữ trống tọa độ để tránh tạo điểm giả; cần GIS kỹ thuật/khảo sát hoặc nguồn công bố trực tiếp.,PL3_2025_DongThap_old,4. PL3 - danh muc cong .pdf,GATE_MASTER_2026-10-02,False
PL3-1502,Cống C¸i Lïn,,,,,UNKNOWN,False,Giữ trống tọa độ để tránh tạo điểm giả; cần GIS kỹ thuật/khảo sát hoặc nguồn công bố trực tiếp.,PL3_2025_DongThap_old,4. PL3 - danh muc cong .pdf,GATE_MASTER_2026-10-02,False
PL3-1503,Cống C¸ He,,,,,UNKNOWN,False,Giữ trống tọa độ để tránh tạo điểm giả; cần GIS kỹ thuật/khảo sát hoặc nguồn công bố trực tiếp.,PL3_2025_DongThap_old,4. PL3 - danh muc cong .pdf,GATE_MASTER_2026-10-02,False
PL3-1504,Cống T¸m Ch¸nh,,,,,UNKNOWN,False,Giữ trống tọa độ để tránh tạo điểm giả; cần GIS kỹ thuật/khảo sát hoặc nguồn công bố trực tiếp.,PL3_2025_DongThap_old,4. PL3 - danh muc cong .pdf,GATE_MASTER_2026-10-02,False
PL3-1505,Cống H÷u Ba,,,,,UNKNOWN,False,Giữ trống tọa độ để tránh tạo điểm giả; cần GIS kỹ thuật/khảo sát hoặc nguồn công bố trực tiếp.,PL3_2025_DongThap_old,4. PL3 - danh muc cong .pdf,GATE_MASTER_2026-10-02,False
PL3-1506,Cống Út Miªn,,,,,UNKNOWN,False,Giữ trống tọa độ để tránh tạo điểm giả; cần GIS kỹ thuật/khảo sát hoặc nguồn công bố trực tiếp.,PL3_2025_DongThap_old,4. PL3 - danh muc cong .pdf,GATE_MASTER_2026-10-02,False
PL3-1507,Cống Út HiÒn,,,,,UNKNOWN,False,Giữ trống tọa độ để tránh tạo điểm giả; cần GIS kỹ thuật/khảo sát hoặc nguồn công bố trực tiếp.,PL3_2025_DongThap_old,4. PL3 - danh muc cong .pdf,GATE_MASTER_2026-10-02,False
PL3-1508,Cống T­ TriÕu,,,,,UNKNOWN,False,Giữ trống tọa độ để tránh tạo điểm giả; cần GIS kỹ thuật/khảo sát hoặc nguồn công bố trực tiếp.,PL3_2025_DongThap_old,4. PL3 - danh muc cong .pdf,GATE_MASTER_2026-10-02,False
PL3-1509,Cống S¸u Tre,,,,,UNKNOWN,False,Giữ trống tọa độ để tránh tạo điểm giả; cần GIS kỹ thuật/khảo sát hoặc nguồn công bố trực tiếp.,PL3_2025_DongThap_old,4. PL3 - danh muc cong .pdf,GATE_MASTER_2026-10-02,False
PL3-1510,Cống Út Phê,,,,,UNKNOWN,False,Giữ trống tọa độ để tránh tạo điểm giả; cần GIS kỹ thuật/khảo sát hoặc nguồn công bố trực tiếp.,PL3_2025_DongThap_old,4. PL3 - danh muc cong .pdf,GATE_MASTER_2026-10-02,False
PL3-1511,Cống N¨m ViÖt,,,,,UNKNOWN,False,Giữ trống tọa độ để tránh tạo điểm giả; cần GIS kỹ thuật/khảo sát hoặc nguồn công bố trực tiếp.,PL3_2025_DongThap_old,4. PL3 - danh muc cong .pdf,GATE_MASTER_2026-10-02,False
PL3-1512,Cống Hai BiÓu,,,,,UNKNOWN,False,Giữ trống tọa độ để tránh tạo điểm giả; cần GIS kỹ thuật/khảo sát hoặc nguồn công bố trực tiếp.,PL3_2025_DongThap_old,4. PL3 - danh muc cong .pdf,GATE_MASTER_2026-10-02,False
PL3-1513,Cống T­ TruyÒn,,,,,UNKNOWN,False,Giữ trống tọa độ để tránh tạo điểm giả; cần GIS kỹ thuật/khảo sát hoặc nguồn công bố trực tiếp.,PL3_2025_DongThap_old,4. PL3 - danh muc cong .pdf,GATE_MASTER_2026-10-02,False
PL3-1514,Cống S¸u Tæng,,,,,UNKNOWN,False,Giữ trống tọa độ để tránh tạo điểm giả; cần GIS kỹ thuật/khảo sát hoặc nguồn công bố trực tiếp.,PL3_2025_DongThap_old,4. PL3 - danh muc cong .pdf,GATE_MASTER_2026-10-02,False
PL3-1515,Cống Ba KhÝa,,,,,UNKNOWN,False,Giữ trống tọa độ để tránh tạo điểm giả; cần GIS kỹ thuật/khảo sát hoặc nguồn công bố trực tiếp.,PL3_2025_DongThap_old,4. PL3 - danh muc cong .pdf,GATE_MASTER_2026-10-02,False
PL3-1516,Cống R¹ch Nhum,,,,,UNKNOWN,False,Giữ trống tọa độ để tránh tạo điểm giả; cần GIS kỹ thuật/khảo sát hoặc nguồn công bố trực tiếp.,PL3_2025_DongThap_old,4. PL3 - danh muc cong .pdf,GATE_MASTER_2026-10-02,False
PL3-1517,Cống B«ng Sen,,,,,UNKNOWN,False,Giữ trống tọa độ để tránh tạo điểm giả; cần GIS kỹ thuật/khảo sát hoặc nguồn công bố trực tiếp.,PL3_2025_DongThap_old,4. PL3 - danh muc cong .pdf,GATE_MASTER_2026-10-02,False
PL3-1518,Cống R¹ch Sung,,,,,UNKNOWN,False,Giữ trống tọa độ để tránh tạo điểm giả; cần GIS kỹ thuật/khảo sát hoặc nguồn công bố trực tiếp.,PL3_2025_DongThap_old,4. PL3 - danh muc cong .pdf,GATE_MASTER_2026-10-02,False
PL3-1519,Cống Cái Da,,,,,UNKNOWN,False,Giữ trống tọa độ để tránh tạo điểm giả; cần GIS kỹ thuật/khảo sát hoặc nguồn công bố trực tiếp.,PL3_2025_DongThap_old,4. PL3 - danh muc cong .pdf,GATE_MASTER_2026-10-02,False
PL3-1520,Cống thay cầu (đình Tân Tịch - Tiểu vùng 6),,,,,UNKNOWN,False,Giữ trống tọa độ để tránh tạo điểm giả; cần GIS kỹ thuật/khảo sát hoặc nguồn công bố trực tiếp.,PL3_2025_DongThap_old,4. PL3 - danh muc cong .pdf,GATE_MASTER_2026-10-02,False
PL3-1521,Cống Chín Đức,,,,,UNKNOWN,False,Giữ trống tọa độ để tránh tạo điểm giả; cần GIS kỹ thuật/khảo sát hoặc nguồn công bố trực tiếp.,PL3_2025_DongThap_old,4. PL3 - danh muc cong .pdf,GATE_MASTER_2026-10-02,False
PL3-1522,Cống Út Được,,,,,UNKNOWN,False,Giữ trống tọa độ để tránh tạo điểm giả; cần GIS kỹ thuật/khảo sát hoặc nguồn công bố trực tiếp.,PL3_2025_DongThap_old,4. PL3 - danh muc cong .pdf,GATE_MASTER_2026-10-02,False
PL3-1523,Cống Út Nì,,,,,UNKNOWN,False,Giữ trống tọa độ để tránh tạo điểm giả; cần GIS kỹ thuật/khảo sát hoặc nguồn công bố trực tiếp.,PL3_2025_DongThap_old,4. PL3 - danh muc cong .pdf,GATE_MASTER_2026-10-02,False
PL3-1524,Cống Khách Nhì (bờ Nam cả xáng),,,,,UNKNOWN,False,Giữ trống tọa độ để tránh tạo điểm giả; cần GIS kỹ thuật/khảo sát hoặc nguồn công bố trực tiếp.,PL3_2025_DongThap_old,4. PL3 - danh muc cong .pdf,GATE_MASTER_2026-10-02,False
PL3-1525,Cống Út Khánh,,,,,UNKNOWN,False,Giữ trống tọa độ để tránh tạo điểm giả; cần GIS kỹ thuật/khảo sát hoặc nguồn công bố trực tiếp.,PL3_2025_DongThap_old,4. PL3 - danh muc cong .pdf,GATE_MASTER_2026-10-02,False
PL3-1526,Cống Bảy Sung,,,,,UNKNOWN,False,Giữ trống tọa độ để tránh tạo điểm giả; cần GIS kỹ thuật/khảo sát hoặc nguồn công bố trực tiếp.,PL3_2025_DongThap_old,4. PL3 - danh muc cong .pdf,GATE_MASTER_2026-10-02,False
PL3-1527,Cống Rạch Dầu,,,,,UNKNOWN,False,Giữ trống tọa độ để tránh tạo điểm giả; cần GIS kỹ thuật/khảo sát hoặc nguồn công bố trực tiếp.,PL3_2025_DongThap_old,4. PL3 - danh muc cong .pdf,GATE_MASTER_2026-10-02,False
PL3-1528,Cống ngầm bảy Sung,,,,,UNKNOWN,False,Giữ trống tọa độ để tránh tạo điểm giả; cần GIS kỹ thuật/khảo sát hoặc nguồn công bố trực tiếp.,PL3_2025_DongThap_old,4. PL3 - danh muc cong .pdf,GATE_MASTER_2026-10-02,False
PL3-1529,Cống Ba Chuối,,,,,UNKNOWN,False,Giữ trống tọa độ để tránh tạo điểm giả; cần GIS kỹ thuật/khảo sát hoặc nguồn công bố trực tiếp.,PL3_2025_DongThap_old,4. PL3 - danh muc cong .pdf,GATE_MASTER_2026-10-02,False
PL3-1530,Cống Bảy Ngỗng,,,,,UNKNOWN,False,Giữ trống tọa độ để tránh tạo điểm giả; cần GIS kỹ thuật/khảo sát hoặc nguồn công bố trực tiếp.,PL3_2025_DongThap_old,4. PL3 - danh muc cong .pdf,GATE_MASTER_2026-10-02,False
PL3-1531,Cống tròn Cả Môn,,,,,UNKNOWN,False,Giữ trống tọa độ để tránh tạo điểm giả; cần GIS kỹ thuật/khảo sát hoặc nguồn công bố trực tiếp.,PL3_2025_DongThap_old,4. PL3 - danh muc cong .pdf,GATE_MASTER_2026-10-02,False
PL3-1532,Cống thay cầu Hai NhãnT,,,,,UNKNOWN,False,Giữ trống tọa độ để tránh tạo điểm giả; cần GIS kỹ thuật/khảo sát hoặc nguồn công bố trực tiếp.,PL3_2025_DongThap_old,4. PL3 - danh muc cong .pdf,GATE_MASTER_2026-10-02,False
PL3-1533,Cống Kênh Xáng T,,,,,UNKNOWN,False,Giữ trống tọa độ để tránh tạo điểm giả; cần GIS kỹ thuật/khảo sát hoặc nguồn công bố trực tiếp.,PL3_2025_DongThap_old,4. PL3 - danh muc cong .pdf,GATE_MASTER_2026-10-02,False
PL3-1534,Cống Bà bảy,,,,,UNKNOWN,False,Giữ trống tọa độ để tránh tạo điểm giả; cần GIS kỹ thuật/khảo sát hoặc nguồn công bố trực tiếp.,PL3_2025_DongThap_old,4. PL3 - danh muc cong .pdf,GATE_MASTER_2026-10-02,False
PL3-1535,Cống ngầm Năm Lập,,,,,UNKNOWN,False,Giữ trống tọa độ để tránh tạo điểm giả; cần GIS kỹ thuật/khảo sát hoặc nguồn công bố trực tiếp.,PL3_2025_DongThap_old,4. PL3 - danh muc cong .pdf,GATE_MASTER_2026-10-02,False
PL3-1536,Cống Năm Đường Mương,,,,,UNKNOWN,False,Giữ trống tọa độ để tránh tạo điểm giả; cần GIS kỹ thuật/khảo sát hoặc nguồn công bố trực tiếp.,PL3_2025_DongThap_old,4. PL3 - danh muc cong .pdf,GATE_MASTER_2026-10-02,False
PL3-1537,Cống Long Sung,,,,,UNKNOWN,False,Giữ trống tọa độ để tránh tạo điểm giả; cần GIS kỹ thuật/khảo sát hoặc nguồn công bố trực tiếp.,PL3_2025_DongThap_old,4. PL3 - danh muc cong .pdf,GATE_MASTER_2026-10-02,False
PL3-1538,Cống ngầm Chín Còi,,,,,UNKNOWN,False,Giữ trống tọa độ để tránh tạo điểm giả; cần GIS kỹ thuật/khảo sát hoặc nguồn công bố trực tiếp.,PL3_2025_DongThap_old,4. PL3 - danh muc cong .pdf,GATE_MASTER_2026-10-02,False
PL3-1539,Cống ngầm Tư Phò,,,,,UNKNOWN,False,Giữ trống tọa độ để tránh tạo điểm giả; cần GIS kỹ thuật/khảo sát hoặc nguồn công bố trực tiếp.,PL3_2025_DongThap_old,4. PL3 - danh muc cong .pdf,GATE_MASTER_2026-10-02,False
PL3-1540,Cống ngầm Bảy Việt,,,,,UNKNOWN,False,Giữ trống tọa độ để tránh tạo điểm giả; cần GIS kỹ thuật/khảo sát hoặc nguồn công bố trực tiếp.,PL3_2025_DongThap_old,4. PL3 - danh muc cong .pdf,GATE_MASTER_2026-10-02,False
PL3-1541,Cống Xẻo chuối,,,,,UNKNOWN,False,Giữ trống tọa độ để tránh tạo điểm giả; cần GIS kỹ thuật/khảo sát hoặc nguồn công bố trực tiếp.,PL3_2025_DongThap_old,4. PL3 - danh muc cong .pdf,GATE_MASTER_2026-10-02,False
PL3-1542,Cống Cái Sao,,,,,UNKNOWN,False,Giữ trống tọa độ để tránh tạo điểm giả; cần GIS kỹ thuật/khảo sát hoặc nguồn công bố trực tiếp.,PL3_2025_DongThap_old,4. PL3 - danh muc cong .pdf,GATE_MASTER_2026-10-02,False
PL3-1543,Cống Cái Nổi,,,,,UNKNOWN,False,Giữ trống tọa độ để tránh tạo điểm giả; cần GIS kỹ thuật/khảo sát hoặc nguồn công bố trực tiếp.,PL3_2025_DongThap_old,4. PL3 - danh muc cong .pdf,GATE_MASTER_2026-10-02,False
PL3-1544,Cống Ông Tộ,,,,,UNKNOWN,False,Giữ trống tọa độ để tránh tạo điểm giả; cần GIS kỹ thuật/khảo sát hoặc nguồn công bố trực tiếp.,PL3_2025_DongThap_old,4. PL3 - danh muc cong .pdf,GATE_MASTER_2026-10-02,False
PL3-1545,Ông Kiểng,,,,,UNKNOWN,False,Giữ trống tọa độ để tránh tạo điểm giả; cần GIS kỹ thuật/khảo sát hoặc nguồn công bố trực tiếp.,PL3_2025_DongThap_old,4. PL3 - danh muc cong .pdf,GATE_MASTER_2026-10-02,False
PL3-1546,Cống Bà Phàn,,,,,UNKNOWN,False,Giữ trống tọa độ để tránh tạo điểm giả; cần GIS kỹ thuật/khảo sát hoặc nguồn công bố trực tiếp.,PL3_2025_DongThap_old,4. PL3 - danh muc cong .pdf,GATE_MASTER_2026-10-02,False
PL3-1547,Ông Đá,,,,,UNKNOWN,False,Giữ trống tọa độ để tránh tạo điểm giả; cần GIS kỹ thuật/khảo sát hoặc nguồn công bố trực tiếp.,PL3_2025_DongThap_old,4. PL3 - danh muc cong .pdf,GATE_MASTER_2026-10-02,False
PL3-1548,Cống Lò Gạch,,,,,UNKNOWN,False,Giữ trống tọa độ để tránh tạo điểm giả; cần GIS kỹ thuật/khảo sát hoặc nguồn công bố trực tiếp.,PL3_2025_DongThap_old,4. PL3 - danh muc cong .pdf,GATE_MASTER_2026-10-02,False
PL3-1549,Cống Cai Da,,,,,UNKNOWN,False,Giữ trống tọa độ để tránh tạo điểm giả; cần GIS kỹ thuật/khảo sát hoặc nguồn công bố trực tiếp.,PL3_2025_DongThap_old,4. PL3 - danh muc cong .pdf,GATE_MASTER_2026-10-02,False
PL3-1550,Cống Mười Cà,,,,,UNKNOWN,False,Giữ trống tọa độ để tránh tạo điểm giả; cần GIS kỹ thuật/khảo sát hoặc nguồn công bố trực tiếp.,PL3_2025_DongThap_old,4. PL3 - danh muc cong .pdf,GATE_MASTER_2026-10-02,False
PL3-1551,Cống Bà Mụ,,,,,UNKNOWN,False,Giữ trống tọa độ để tránh tạo điểm giả; cần GIS kỹ thuật/khảo sát hoặc nguồn công bố trực tiếp.,PL3_2025_DongThap_old,4. PL3 - danh muc cong .pdf,GATE_MASTER_2026-10-02,False
PL3-1552,Cống rạch sung,,,,,UNKNOWN,False,Giữ trống tọa độ để tránh tạo điểm giả; cần GIS kỹ thuật/khảo sát hoặc nguồn công bố trực tiếp.,PL3_2025_DongThap_old,4. PL3 - danh muc cong .pdf,GATE_MASTER_2026-10-02,False
PL3-1553,Cống rạch nhum,,,,,UNKNOWN,False,Giữ trống tọa độ để tránh tạo điểm giả; cần GIS kỹ thuật/khảo sát hoặc nguồn công bố trực tiếp.,PL3_2025_DongThap_old,4. PL3 - danh muc cong .pdf,GATE_MASTER_2026-10-02,False
PL3-1554,Cống Lun sen,,,,,UNKNOWN,False,Giữ trống tọa độ để tránh tạo điểm giả; cần GIS kỹ thuật/khảo sát hoặc nguồn công bố trực tiếp.,PL3_2025_DongThap_old,4. PL3 - danh muc cong .pdf,GATE_MASTER_2026-10-02,False
PL3-1555,Cống rạch Bần,,,,,UNKNOWN,False,Giữ trống tọa độ để tránh tạo điểm giả; cần GIS kỹ thuật/khảo sát hoặc nguồn công bố trực tiếp.,PL3_2025_DongThap_old,4. PL3 - danh muc cong .pdf,GATE_MASTER_2026-10-02,False
PL3-1556,Cống hộp 2x2 (03 cống),,,,,UNKNOWN,False,Giữ trống tọa độ để tránh tạo điểm giả; cần GIS kỹ thuật/khảo sát hoặc nguồn công bố trực tiếp.,PL3_2025_DongThap_old,4. PL3 - danh muc cong .pdf,GATE_MASTER_2026-10-02,False
PL3-1557,Cống tròn D800 (05,,,,,UNKNOWN,False,Giữ trống tọa độ để tránh tạo điểm giả; cần GIS kỹ thuật/khảo sát hoặc nguồn công bố trực tiếp.,PL3_2025_DongThap_old,4. PL3 - danh muc cong .pdf,GATE_MASTER_2026-10-02,False
PL3-1558,cCốốnngg) Chợ D800,,,,,UNKNOWN,False,Giữ trống tọa độ để tránh tạo điểm giả; cần GIS kỹ thuật/khảo sát hoặc nguồn công bố trực tiếp.,PL3_2025_DongThap_old,4. PL3 - danh muc cong .pdf,GATE_MASTER_2026-10-02,False
PL3-1559,Cống N¨m Chøc,,,,,UNKNOWN,False,Giữ trống tọa độ để tránh tạo điểm giả; cần GIS kỹ thuật/khảo sát hoặc nguồn công bố trực tiếp.,PL3_2025_DongThap_old,4. PL3 - danh muc cong .pdf,GATE_MASTER_2026-10-02,False
PL3-1560,Cống Út TrÝ,,,,,UNKNOWN,False,Giữ trống tọa độ để tránh tạo điểm giả; cần GIS kỹ thuật/khảo sát hoặc nguồn công bố trực tiếp.,PL3_2025_DongThap_old,4. PL3 - danh muc cong .pdf,GATE_MASTER_2026-10-02,False
PL3-1561,Cống Ba Lu©n,,,,,UNKNOWN,False,Giữ trống tọa độ để tránh tạo điểm giả; cần GIS kỹ thuật/khảo sát hoặc nguồn công bố trực tiếp.,PL3_2025_DongThap_old,4. PL3 - danh muc cong .pdf,GATE_MASTER_2026-10-02,False
PL3-1562,Cống Th©n Ty,,,,,UNKNOWN,False,Giữ trống tọa độ để tránh tạo điểm giả; cần GIS kỹ thuật/khảo sát hoặc nguồn công bố trực tiếp.,PL3_2025_DongThap_old,4. PL3 - danh muc cong .pdf,GATE_MASTER_2026-10-02,False
PL3-1563,Cống Hai HiÓu,,,,,UNKNOWN,False,Giữ trống tọa độ để tránh tạo điểm giả; cần GIS kỹ thuật/khảo sát hoặc nguồn công bố trực tiếp.,PL3_2025_DongThap_old,4. PL3 - danh muc cong .pdf,GATE_MASTER_2026-10-02,False
PL3-1564,Cống S¸u MiÖng,,,,,UNKNOWN,False,Giữ trống tọa độ để tránh tạo điểm giả; cần GIS kỹ thuật/khảo sát hoặc nguồn công bố trực tiếp.,PL3_2025_DongThap_old,4. PL3 - danh muc cong .pdf,GATE_MASTER_2026-10-02,False
PL3-1565,Cèng §×nh,,,,,UNKNOWN,False,Giữ trống tọa độ để tránh tạo điểm giả; cần GIS kỹ thuật/khảo sát hoặc nguồn công bố trực tiếp.,PL3_2025_DongThap_old,4. PL3 - danh muc cong .pdf,GATE_MASTER_2026-10-02,False
PL3-1566,Cống C©y §iÖp,,,,,UNKNOWN,False,Giữ trống tọa độ để tránh tạo điểm giả; cần GIS kỹ thuật/khảo sát hoặc nguồn công bố trực tiếp.,PL3_2025_DongThap_old,4. PL3 - danh muc cong .pdf,GATE_MASTER_2026-10-02,False
PL3-1567,Cống Ao §en,,,,,UNKNOWN,False,Giữ trống tọa độ để tránh tạo điểm giả; cần GIS kỹ thuật/khảo sát hoặc nguồn công bố trực tiếp.,PL3_2025_DongThap_old,4. PL3 - danh muc cong .pdf,GATE_MASTER_2026-10-02,False
PL3-1568,Cống Hai TrÝ,,,,,UNKNOWN,False,Giữ trống tọa độ để tránh tạo điểm giả; cần GIS kỹ thuật/khảo sát hoặc nguồn công bố trực tiếp.,PL3_2025_DongThap_old,4. PL3 - danh muc cong .pdf,GATE_MASTER_2026-10-02,False
PL3-1569,Cèng §¸,,,,,UNKNOWN,False,Giữ trống tọa độ để tránh tạo điểm giả; cần GIS kỹ thuật/khảo sát hoặc nguồn công bố trực tiếp.,PL3_2025_DongThap_old,4. PL3 - danh muc cong .pdf,GATE_MASTER_2026-10-02,False
PL3-1570,Cống T­ ThÕ,,,,,UNKNOWN,False,Giữ trống tọa độ để tránh tạo điểm giả; cần GIS kỹ thuật/khảo sát hoặc nguồn công bố trực tiếp.,PL3_2025_DongThap_old,4. PL3 - danh muc cong .pdf,GATE_MASTER_2026-10-02,False
PL3-1571,Cống Ngäc §µi,,,,,UNKNOWN,False,Giữ trống tọa độ để tránh tạo điểm giả; cần GIS kỹ thuật/khảo sát hoặc nguồn công bố trực tiếp.,PL3_2025_DongThap_old,4. PL3 - danh muc cong .pdf,GATE_MASTER_2026-10-02,False
PL3-1572,Cống Ba H¶i,,,,,UNKNOWN,False,Giữ trống tọa độ để tránh tạo điểm giả; cần GIS kỹ thuật/khảo sát hoặc nguồn công bố trực tiếp.,PL3_2025_DongThap_old,4. PL3 - danh muc cong .pdf,GATE_MASTER_2026-10-02,False
PL3-1573,Cống Tæ T¸m,,,,,UNKNOWN,False,Giữ trống tọa độ để tránh tạo điểm giả; cần GIS kỹ thuật/khảo sát hoặc nguồn công bố trực tiếp.,PL3_2025_DongThap_old,4. PL3 - danh muc cong .pdf,GATE_MASTER_2026-10-02,False
PL3-1574,Cống Nhµ M¸y,,,,,UNKNOWN,False,Giữ trống tọa độ để tránh tạo điểm giả; cần GIS kỹ thuật/khảo sát hoặc nguồn công bố trực tiếp.,PL3_2025_DongThap_old,4. PL3 - danh muc cong .pdf,GATE_MASTER_2026-10-02,False
PL3-1575,Cống N¨m A,,,,,UNKNOWN,False,Giữ trống tọa độ để tránh tạo điểm giả; cần GIS kỹ thuật/khảo sát hoặc nguồn công bố trực tiếp.,PL3_2025_DongThap_old,4. PL3 - danh muc cong .pdf,GATE_MASTER_2026-10-02,False
PL3-1576,Cống DiÖu Kh¸nh,,,,,UNKNOWN,False,Giữ trống tọa độ để tránh tạo điểm giả; cần GIS kỹ thuật/khảo sát hoặc nguồn công bố trực tiếp.,PL3_2025_DongThap_old,4. PL3 - danh muc cong .pdf,GATE_MASTER_2026-10-02,False
PL3-1577,CốngM­êi TÓ,,,,,UNKNOWN,False,Giữ trống tọa độ để tránh tạo điểm giả; cần GIS kỹ thuật/khảo sát hoặc nguồn công bố trực tiếp.,PL3_2025_DongThap_old,4. PL3 - danh muc cong .pdf,GATE_MASTER_2026-10-02,False
PL3-1578,Cống N¨m Th¶nh,,,,,UNKNOWN,False,Giữ trống tọa độ để tránh tạo điểm giả; cần GIS kỹ thuật/khảo sát hoặc nguồn công bố trực tiếp.,PL3_2025_DongThap_old,4. PL3 - danh muc cong .pdf,GATE_MASTER_2026-10-02,False
PL3-1579,Cống N¨m §iển,,,,,UNKNOWN,False,Giữ trống tọa độ để tránh tạo điểm giả; cần GIS kỹ thuật/khảo sát hoặc nguồn công bố trực tiếp.,PL3_2025_DongThap_old,4. PL3 - danh muc cong .pdf,GATE_MASTER_2026-10-02,False
PL3-1580,Cống S¸u X­¬ng,,,,,UNKNOWN,False,Giữ trống tọa độ để tránh tạo điểm giả; cần GIS kỹ thuật/khảo sát hoặc nguồn công bố trực tiếp.,PL3_2025_DongThap_old,4. PL3 - danh muc cong .pdf,GATE_MASTER_2026-10-02,False
PL3-1581,Cống §­êng §ß,,,,,UNKNOWN,False,Giữ trống tọa độ để tránh tạo điểm giả; cần GIS kỹ thuật/khảo sát hoặc nguồn công bố trực tiếp.,PL3_2025_DongThap_old,4. PL3 - danh muc cong .pdf,GATE_MASTER_2026-10-02,False
PL3-1582,Cống Ngän C¸i Da,,,,,UNKNOWN,False,Giữ trống tọa độ để tránh tạo điểm giả; cần GIS kỹ thuật/khảo sát hoặc nguồn công bố trực tiếp.,PL3_2025_DongThap_old,4. PL3 - danh muc cong .pdf,GATE_MASTER_2026-10-02,False
PL3-1583,Cống ¤ng Tên,,,,,UNKNOWN,False,Giữ trống tọa độ để tránh tạo điểm giả; cần GIS kỹ thuật/khảo sát hoặc nguồn công bố trực tiếp.,PL3_2025_DongThap_old,4. PL3 - danh muc cong .pdf,GATE_MASTER_2026-10-02,False
PL3-1584,Cống N¨m S©m,,,,,UNKNOWN,False,Giữ trống tọa độ để tránh tạo điểm giả; cần GIS kỹ thuật/khảo sát hoặc nguồn công bố trực tiếp.,PL3_2025_DongThap_old,4. PL3 - danh muc cong .pdf,GATE_MASTER_2026-10-02,False
PL3-1585,Cống B¶y t¨ng,,,,,UNKNOWN,False,Giữ trống tọa độ để tránh tạo điểm giả; cần GIS kỹ thuật/khảo sát hoặc nguồn công bố trực tiếp.,PL3_2025_DongThap_old,4. PL3 - danh muc cong .pdf,GATE_MASTER_2026-10-02,False
PL3-1586,¤ng Hßi,,,,,UNKNOWN,False,Giữ trống tọa độ để tránh tạo điểm giả; cần GIS kỹ thuật/khảo sát hoặc nguồn công bố trực tiếp.,PL3_2025_DongThap_old,4. PL3 - danh muc cong .pdf,GATE_MASTER_2026-10-02,False
PL3-1587,¤ng Quy,,,,,UNKNOWN,False,Giữ trống tọa độ để tránh tạo điểm giả; cần GIS kỹ thuật/khảo sát hoặc nguồn công bố trực tiếp.,PL3_2025_DongThap_old,4. PL3 - danh muc cong .pdf,GATE_MASTER_2026-10-02,False
PL3-1588,¤ng KhiÕt,,,,,UNKNOWN,False,Giữ trống tọa độ để tránh tạo điểm giả; cần GIS kỹ thuật/khảo sát hoặc nguồn công bố trực tiếp.,PL3_2025_DongThap_old,4. PL3 - danh muc cong .pdf,GATE_MASTER_2026-10-02,False
PL3-1589,Cống C¶ Cãc,,,,,UNKNOWN,False,Giữ trống tọa độ để tránh tạo điểm giả; cần GIS kỹ thuật/khảo sát hoặc nguồn công bố trực tiếp.,PL3_2025_DongThap_old,4. PL3 - danh muc cong .pdf,GATE_MASTER_2026-10-02,False
PL3-1590,Cống Hai Tha,,,,,UNKNOWN,False,Giữ trống tọa độ để tránh tạo điểm giả; cần GIS kỹ thuật/khảo sát hoặc nguồn công bố trực tiếp.,PL3_2025_DongThap_old,4. PL3 - danh muc cong .pdf,GATE_MASTER_2026-10-02,False
PL3-1591,Cống Ba Chanh,,,,,UNKNOWN,False,Giữ trống tọa độ để tránh tạo điểm giả; cần GIS kỹ thuật/khảo sát hoặc nguồn công bố trực tiếp.,PL3_2025_DongThap_old,4. PL3 - danh muc cong .pdf,GATE_MASTER_2026-10-02,False
PL3-1592,Cống T­ X¸c,,,,,UNKNOWN,False,Giữ trống tọa độ để tránh tạo điểm giả; cần GIS kỹ thuật/khảo sát hoặc nguồn công bố trực tiếp.,PL3_2025_DongThap_old,4. PL3 - danh muc cong .pdf,GATE_MASTER_2026-10-02,False
PL3-1593,Cống Chµ U«i,,,,,UNKNOWN,False,Giữ trống tọa độ để tránh tạo điểm giả; cần GIS kỹ thuật/khảo sát hoặc nguồn công bố trực tiếp.,PL3_2025_DongThap_old,4. PL3 - danh muc cong .pdf,GATE_MASTER_2026-10-02,False
PL3-1594,Cống T­ NhÑ,,,,,UNKNOWN,False,Giữ trống tọa độ để tránh tạo điểm giả; cần GIS kỹ thuật/khảo sát hoặc nguồn công bố trực tiếp.,PL3_2025_DongThap_old,4. PL3 - danh muc cong .pdf,GATE_MASTER_2026-10-02,False
PL3-1595,Cống M­êi Cån,,,,,UNKNOWN,False,Giữ trống tọa độ để tránh tạo điểm giả; cần GIS kỹ thuật/khảo sát hoặc nguồn công bố trực tiếp.,PL3_2025_DongThap_old,4. PL3 - danh muc cong .pdf,GATE_MASTER_2026-10-02,False
PL3-1596,Cống M­êi B¸o,,,,,UNKNOWN,False,Giữ trống tọa độ để tránh tạo điểm giả; cần GIS kỹ thuật/khảo sát hoặc nguồn công bố trực tiếp.,PL3_2025_DongThap_old,4. PL3 - danh muc cong .pdf,GATE_MASTER_2026-10-02,False
PL3-1597,Cống T­ HuÒ,,,,,UNKNOWN,False,Giữ trống tọa độ để tránh tạo điểm giả; cần GIS kỹ thuật/khảo sát hoặc nguồn công bố trực tiếp.,PL3_2025_DongThap_old,4. PL3 - danh muc cong .pdf,GATE_MASTER_2026-10-02,False
PL3-1598,Cống M­êi TiÖm,,,,,UNKNOWN,False,Giữ trống tọa độ để tránh tạo điểm giả; cần GIS kỹ thuật/khảo sát hoặc nguồn công bố trực tiếp.,PL3_2025_DongThap_old,4. PL3 - danh muc cong .pdf,GATE_MASTER_2026-10-02,False
PL3-1599,Cống N¨m Ngìi,,,,,UNKNOWN,False,Giữ trống tọa độ để tránh tạo điểm giả; cần GIS kỹ thuật/khảo sát hoặc nguồn công bố trực tiếp.,PL3_2025_DongThap_old,4. PL3 - danh muc cong .pdf,GATE_MASTER_2026-10-02,False
PL3-1600,Cống T­ TiÕp,,,,,UNKNOWN,False,Giữ trống tọa độ để tránh tạo điểm giả; cần GIS kỹ thuật/khảo sát hoặc nguồn công bố trực tiếp.,PL3_2025_DongThap_old,4. PL3 - danh muc cong .pdf,GATE_MASTER_2026-10-02,False
PL3-1601,Cống B¶y Thµ,,,,,UNKNOWN,False,Giữ trống tọa độ để tránh tạo điểm giả; cần GIS kỹ thuật/khảo sát hoặc nguồn công bố trực tiếp.,PL3_2025_DongThap_old,4. PL3 - danh muc cong .pdf,GATE_MASTER_2026-10-02,False
PL3-1602,Cống Ba Tr­êng,,,,,UNKNOWN,False,Giữ trống tọa độ để tránh tạo điểm giả; cần GIS kỹ thuật/khảo sát hoặc nguồn công bố trực tiếp.,PL3_2025_DongThap_old,4. PL3 - danh muc cong .pdf,GATE_MASTER_2026-10-02,False
PL3-1603,Cống hở điển hình Ô12 (Cống ông Tư Có),,,,,UNKNOWN,False,Giữ trống tọa độ để tránh tạo điểm giả; cần GIS kỹ thuật/khảo sát hoặc nguồn công bố trực tiếp.,PL3_2025_DongThap_old,4. PL3 - danh muc cong .pdf,GATE_MASTER_2026-10-02,False
PL3-1604,Cống hở điển hình Ô5 (Cống Mương Trâu),,,,,UNKNOWN,False,Giữ trống tọa độ để tránh tạo điểm giả; cần GIS kỹ thuật/khảo sát hoặc nguồn công bố trực tiếp.,PL3_2025_DongThap_old,4. PL3 - danh muc cong .pdf,GATE_MASTER_2026-10-02,False
PL3-1605,CốnghởdãchiếnÔ10(Cốngông Ba Tô),,,,,UNKNOWN,False,Giữ trống tọa độ để tránh tạo điểm giả; cần GIS kỹ thuật/khảo sát hoặc nguồn công bố trực tiếp.,PL3_2025_DongThap_old,4. PL3 - danh muc cong .pdf,GATE_MASTER_2026-10-02,False
PL3-1606,Cống hở Ô7BH - Ô7AB,,,,,UNKNOWN,False,Giữ trống tọa độ để tránh tạo điểm giả; cần GIS kỹ thuật/khảo sát hoặc nguồn công bố trực tiếp.,PL3_2025_DongThap_old,4. PL3 - danh muc cong .pdf,GATE_MASTER_2026-10-02,False
PL3-1607,Cống hở Ô Miếu Bà,,,,,UNKNOWN,False,Giữ trống tọa độ để tránh tạo điểm giả; cần GIS kỹ thuật/khảo sát hoặc nguồn công bố trực tiếp.,PL3_2025_DongThap_old,4. PL3 - danh muc cong .pdf,GATE_MASTER_2026-10-02,False
PL3-1608,CốnghởđiểnhìnhÔ37+38(tuyến rạch Miễu Trắng),,,,,UNKNOWN,False,Giữ trống tọa độ để tránh tạo điểm giả; cần GIS kỹ thuật/khảo sát hoặc nguồn công bố trực tiếp.,PL3_2025_DongThap_old,4. PL3 - danh muc cong .pdf,GATE_MASTER_2026-10-02,False
PL3-1609,CốnghởđiểnhìnhÔ36(cốngSáu Thắng),,,,,UNKNOWN,False,Giữ trống tọa độ để tránh tạo điểm giả; cần GIS kỹ thuật/khảo sát hoặc nguồn công bố trực tiếp.,PL3_2025_DongThap_old,4. PL3 - danh muc cong .pdf,GATE_MASTER_2026-10-02,False
PL3-1610,Cống hở điển hình Ô36 (cống Bà Giỏi),,,,,UNKNOWN,False,Giữ trống tọa độ để tránh tạo điểm giả; cần GIS kỹ thuật/khảo sát hoặc nguồn công bố trực tiếp.,PL3_2025_DongThap_old,4. PL3 - danh muc cong .pdf,GATE_MASTER_2026-10-02,False
PL3-1611,CốnghởđiểnhìnhÔ36(cốngHai Y),,,,,UNKNOWN,False,Giữ trống tọa độ để tránh tạo điểm giả; cần GIS kỹ thuật/khảo sát hoặc nguồn công bố trực tiếp.,PL3_2025_DongThap_old,4. PL3 - danh muc cong .pdf,GATE_MASTER_2026-10-02,False
PL3-1612,Cốnghởdãchiến Ô1 (Cốngkênh Ba Đáng),,,,,UNKNOWN,False,Giữ trống tọa độ để tránh tạo điểm giả; cần GIS kỹ thuật/khảo sát hoặc nguồn công bố trực tiếp.,PL3_2025_DongThap_old,4. PL3 - danh muc cong .pdf,GATE_MASTER_2026-10-02,False
PL3-1613,Cống hở điển hình rạch Ông Bồi (Ô17),,,,,UNKNOWN,False,Giữ trống tọa độ để tránh tạo điểm giả; cần GIS kỹ thuật/khảo sát hoặc nguồn công bố trực tiếp.,PL3_2025_DongThap_old,4. PL3 - danh muc cong .pdf,GATE_MASTER_2026-10-02,False
PL3-1614,Cống hở Ô1+Ô7 (cống Hai Vọng),,,,,UNKNOWN,False,Giữ trống tọa độ để tránh tạo điểm giả; cần GIS kỹ thuật/khảo sát hoặc nguồn công bố trực tiếp.,PL3_2025_DongThap_old,4. PL3 - danh muc cong .pdf,GATE_MASTER_2026-10-02,False
PL3-1615,Cống hở Ô14 (cống Hai Quang),,,,,UNKNOWN,False,Giữ trống tọa độ để tránh tạo điểm giả; cần GIS kỹ thuật/khảo sát hoặc nguồn công bố trực tiếp.,PL3_2025_DongThap_old,4. PL3 - danh muc cong .pdf,GATE_MASTER_2026-10-02,False
PL3-1616,CốnghởCồnTrà+CốnghởÔng Báo (Ô20+21+22+23),,,,,UNKNOWN,False,Giữ trống tọa độ để tránh tạo điểm giả; cần GIS kỹ thuật/khảo sát hoặc nguồn công bố trực tiếp.,PL3_2025_DongThap_old,4. PL3 - danh muc cong .pdf,GATE_MASTER_2026-10-02,False
PL3-1617,Cống hở Rạch Ông Mười (Ô3),,,,,UNKNOWN,False,Giữ trống tọa độ để tránh tạo điểm giả; cần GIS kỹ thuật/khảo sát hoặc nguồn công bố trực tiếp.,PL3_2025_DongThap_old,4. PL3 - danh muc cong .pdf,GATE_MASTER_2026-10-02,False
PL3-1618,Cống hở khém Cá Lóc Ô20+21+22 (tuyến rạch Hồ),,,,,UNKNOWN,False,Giữ trống tọa độ để tránh tạo điểm giả; cần GIS kỹ thuật/khảo sát hoặc nguồn công bố trực tiếp.,PL3_2025_DongThap_old,4. PL3 - danh muc cong .pdf,GATE_MASTER_2026-10-02,False
PL3-1619,Cống Hai Dảo Ô25+27,,,,,UNKNOWN,False,Giữ trống tọa độ để tránh tạo điểm giả; cần GIS kỹ thuật/khảo sát hoặc nguồn công bố trực tiếp.,PL3_2025_DongThap_old,4. PL3 - danh muc cong .pdf,GATE_MASTER_2026-10-02,False
PL3-1620,CốnghởÔ23 (tuyếnbờBắc kênh Sình Mướp),,,,,UNKNOWN,False,Giữ trống tọa độ để tránh tạo điểm giả; cần GIS kỹ thuật/khảo sát hoặc nguồn công bố trực tiếp.,PL3_2025_DongThap_old,4. PL3 - danh muc cong .pdf,GATE_MASTER_2026-10-02,False
PL3-1621,Hệ thống cống thủylợi Ô37 + 38 +39(cốnghởTưLù+cốnghởBa Dự),,,,,UNKNOWN,False,Giữ trống tọa độ để tránh tạo điểm giả; cần GIS kỹ thuật/khảo sát hoặc nguồn công bố trực tiếp.,PL3_2025_DongThap_old,4. PL3 - danh muc cong .pdf,GATE_MASTER_2026-10-02,False
PL3-1622,Cổng hở Khém Cạn,,,,,UNKNOWN,False,Giữ trống tọa độ để tránh tạo điểm giả; cần GIS kỹ thuật/khảo sát hoặc nguồn công bố trực tiếp.,PL3_2025_DongThap_old,4. PL3 - danh muc cong .pdf,GATE_MASTER_2026-10-02,False
PL3-1623,Cống hở rạch Ông Gần Ô1,,,,,UNKNOWN,False,Giữ trống tọa độ để tránh tạo điểm giả; cần GIS kỹ thuật/khảo sát hoặc nguồn công bố trực tiếp.,PL3_2025_DongThap_old,4. PL3 - danh muc cong .pdf,GATE_MASTER_2026-10-02,False
PL3-1624,Cống hở Ô6,,,,,UNKNOWN,False,Giữ trống tọa độ để tránh tạo điểm giả; cần GIS kỹ thuật/khảo sát hoặc nguồn công bố trực tiếp.,PL3_2025_DongThap_old,4. PL3 - danh muc cong .pdf,GATE_MASTER_2026-10-02,False
PL3-1625,Cống hở Ô10,,,,,UNKNOWN,False,Giữ trống tọa độ để tránh tạo điểm giả; cần GIS kỹ thuật/khảo sát hoặc nguồn công bố trực tiếp.,PL3_2025_DongThap_old,4. PL3 - danh muc cong .pdf,GATE_MASTER_2026-10-02,False
PL3-1626,Cống hở Ô11,,,,,UNKNOWN,False,Giữ trống tọa độ để tránh tạo điểm giả; cần GIS kỹ thuật/khảo sát hoặc nguồn công bố trực tiếp.,PL3_2025_DongThap_old,4. PL3 - danh muc cong .pdf,GATE_MASTER_2026-10-02,False
PL3-1627,Cống hở Ô1 (cống Mười Lục),,,,,UNKNOWN,False,Giữ trống tọa độ để tránh tạo điểm giả; cần GIS kỹ thuật/khảo sát hoặc nguồn công bố trực tiếp.,PL3_2025_DongThap_old,4. PL3 - danh muc cong .pdf,GATE_MASTER_2026-10-02,False
PL3-1628,Cống hở Ô2 (cống kênh Chồi Mồi),,,,,UNKNOWN,False,Giữ trống tọa độ để tránh tạo điểm giả; cần GIS kỹ thuật/khảo sát hoặc nguồn công bố trực tiếp.,PL3_2025_DongThap_old,4. PL3 - danh muc cong .pdf,GATE_MASTER_2026-10-02,False
PL3-1629,Cống hở tạm Ô5 (cống Cả Bịt),,,,,UNKNOWN,False,Giữ trống tọa độ để tránh tạo điểm giả; cần GIS kỹ thuật/khảo sát hoặc nguồn công bố trực tiếp.,PL3_2025_DongThap_old,4. PL3 - danh muc cong .pdf,GATE_MASTER_2026-10-02,False
PL3-1630,Cống hở Ô 7,,,,,UNKNOWN,False,Giữ trống tọa độ để tránh tạo điểm giả; cần GIS kỹ thuật/khảo sát hoặc nguồn công bố trực tiếp.,PL3_2025_DongThap_old,4. PL3 - danh muc cong .pdf,GATE_MASTER_2026-10-02,False
PL3-1631,Cống hở ô HTX số 1,,,,,UNKNOWN,False,Giữ trống tọa độ để tránh tạo điểm giả; cần GIS kỹ thuật/khảo sát hoặc nguồn công bố trực tiếp.,PL3_2025_DongThap_old,4. PL3 - danh muc cong .pdf,GATE_MASTER_2026-10-02,False
PL3-1632,Cống hở ô Htx số 2 ông Hạo),,,,,UNKNOWN,False,Giữ trống tọa độ để tránh tạo điểm giả; cần GIS kỹ thuật/khảo sát hoặc nguồn công bố trực tiếp.,PL3_2025_DongThap_old,4. PL3 - danh muc cong .pdf,GATE_MASTER_2026-10-02,False
PL3-1633,Cống hở Ô8,,,,,UNKNOWN,False,Giữ trống tọa độ để tránh tạo điểm giả; cần GIS kỹ thuật/khảo sát hoặc nguồn công bố trực tiếp.,PL3_2025_DongThap_old,4. PL3 - danh muc cong .pdf,GATE_MASTER_2026-10-02,False
PL3-1634,Cống hở Ô10,,,,,UNKNOWN,False,Giữ trống tọa độ để tránh tạo điểm giả; cần GIS kỹ thuật/khảo sát hoặc nguồn công bố trực tiếp.,PL3_2025_DongThap_old,4. PL3 - danh muc cong .pdf,GATE_MASTER_2026-10-02,False
PL3-1635,"Cống hở Ô 1,2,3,4 (cống Xẻo dép,cống 5 Phủ, Cống Đập Đá)",,,,,UNKNOWN,False,Giữ trống tọa độ để tránh tạo điểm giả; cần GIS kỹ thuật/khảo sát hoặc nguồn công bố trực tiếp.,PL3_2025_DongThap_old,4. PL3 - danh muc cong .pdf,GATE_MASTER_2026-10-02,False
PL3-1636,"Cống hở Ô 6,7 (cống kênh xéo)",,,,,UNKNOWN,False,Giữ trống tọa độ để tránh tạo điểm giả; cần GIS kỹ thuật/khảo sát hoặc nguồn công bố trực tiếp.,PL3_2025_DongThap_old,4. PL3 - danh muc cong .pdf,GATE_MASTER_2026-10-02,False
PL3-1637,Cống hở HTX số 1,,,,,UNKNOWN,False,Giữ trống tọa độ để tránh tạo điểm giả; cần GIS kỹ thuật/khảo sát hoặc nguồn công bố trực tiếp.,PL3_2025_DongThap_old,4. PL3 - danh muc cong .pdf,GATE_MASTER_2026-10-02,False
PL3-1638,Cống hở Ô2,,,,,UNKNOWN,False,Giữ trống tọa độ để tránh tạo điểm giả; cần GIS kỹ thuật/khảo sát hoặc nguồn công bố trực tiếp.,PL3_2025_DongThap_old,4. PL3 - danh muc cong .pdf,GATE_MASTER_2026-10-02,False
PL3-1639,Cống hở Ô3,,,,,UNKNOWN,False,Giữ trống tọa độ để tránh tạo điểm giả; cần GIS kỹ thuật/khảo sát hoặc nguồn công bố trực tiếp.,PL3_2025_DongThap_old,4. PL3 - danh muc cong .pdf,GATE_MASTER_2026-10-02,False
PL3-1640,Cống hở Ô 4AB,,,,,UNKNOWN,False,Giữ trống tọa độ để tránh tạo điểm giả; cần GIS kỹ thuật/khảo sát hoặc nguồn công bố trực tiếp.,PL3_2025_DongThap_old,4. PL3 - danh muc cong .pdf,GATE_MASTER_2026-10-02,False
PL3-1641,Cống hở Ô 5,,,,,UNKNOWN,False,Giữ trống tọa độ để tránh tạo điểm giả; cần GIS kỹ thuật/khảo sát hoặc nguồn công bố trực tiếp.,PL3_2025_DongThap_old,4. PL3 - danh muc cong .pdf,GATE_MASTER_2026-10-02,False
PL3-1642,Cống hở Ô 6,,,,,UNKNOWN,False,Giữ trống tọa độ để tránh tạo điểm giả; cần GIS kỹ thuật/khảo sát hoặc nguồn công bố trực tiếp.,PL3_2025_DongThap_old,4. PL3 - danh muc cong .pdf,GATE_MASTER_2026-10-02,False
PL3-1643,Cống hở Ô 7,,,,,UNKNOWN,False,Giữ trống tọa độ để tránh tạo điểm giả; cần GIS kỹ thuật/khảo sát hoặc nguồn công bố trực tiếp.,PL3_2025_DongThap_old,4. PL3 - danh muc cong .pdf,GATE_MASTER_2026-10-02,False
PL3-1644,Cống hở Ô 8,,,,,UNKNOWN,False,Giữ trống tọa độ để tránh tạo điểm giả; cần GIS kỹ thuật/khảo sát hoặc nguồn công bố trực tiếp.,PL3_2025_DongThap_old,4. PL3 - danh muc cong .pdf,GATE_MASTER_2026-10-02,False
PL3-1645,Cống hở Ô 9,,,,,UNKNOWN,False,Giữ trống tọa độ để tránh tạo điểm giả; cần GIS kỹ thuật/khảo sát hoặc nguồn công bố trực tiếp.,PL3_2025_DongThap_old,4. PL3 - danh muc cong .pdf,GATE_MASTER_2026-10-02,False
PL3-1646,Cống hở Ô 10,,,,,UNKNOWN,False,Giữ trống tọa độ để tránh tạo điểm giả; cần GIS kỹ thuật/khảo sát hoặc nguồn công bố trực tiếp.,PL3_2025_DongThap_old,4. PL3 - danh muc cong .pdf,GATE_MASTER_2026-10-02,False
PL3-1647,Cống hở Ô 11,,,,,UNKNOWN,False,Giữ trống tọa độ để tránh tạo điểm giả; cần GIS kỹ thuật/khảo sát hoặc nguồn công bố trực tiếp.,PL3_2025_DongThap_old,4. PL3 - danh muc cong .pdf,GATE_MASTER_2026-10-02,False
PL3-1648,Cống hở Ô 12,,,,,UNKNOWN,False,Giữ trống tọa độ để tránh tạo điểm giả; cần GIS kỹ thuật/khảo sát hoặc nguồn công bố trực tiếp.,PL3_2025_DongThap_old,4. PL3 - danh muc cong .pdf,GATE_MASTER_2026-10-02,False
PL3-1649,Cống hở Ô 13 + 35,,,,,UNKNOWN,False,Giữ trống tọa độ để tránh tạo điểm giả; cần GIS kỹ thuật/khảo sát hoặc nguồn công bố trực tiếp.,PL3_2025_DongThap_old,4. PL3 - danh muc cong .pdf,GATE_MASTER_2026-10-02,False
PL3-1650,Cống hở Ô 14,,,,,UNKNOWN,False,Giữ trống tọa độ để tránh tạo điểm giả; cần GIS kỹ thuật/khảo sát hoặc nguồn công bố trực tiếp.,PL3_2025_DongThap_old,4. PL3 - danh muc cong .pdf,GATE_MASTER_2026-10-02,False
PL3-1651,Cống hở Ô 15,,,,,UNKNOWN,False,Giữ trống tọa độ để tránh tạo điểm giả; cần GIS kỹ thuật/khảo sát hoặc nguồn công bố trực tiếp.,PL3_2025_DongThap_old,4. PL3 - danh muc cong .pdf,GATE_MASTER_2026-10-02,False
PL3-1652,Cống hở Ô 16,,,,,UNKNOWN,False,Giữ trống tọa độ để tránh tạo điểm giả; cần GIS kỹ thuật/khảo sát hoặc nguồn công bố trực tiếp.,PL3_2025_DongThap_old,4. PL3 - danh muc cong .pdf,GATE_MASTER_2026-10-02,False
PL3-1653,Cống hở HTX QT (Ô 17+36+32),,,,,UNKNOWN,False,Giữ trống tọa độ để tránh tạo điểm giả; cần GIS kỹ thuật/khảo sát hoặc nguồn công bố trực tiếp.,PL3_2025_DongThap_old,4. PL3 - danh muc cong .pdf,GATE_MASTER_2026-10-02,False
PL3-1654,Cống hở Ô 18,,,,,UNKNOWN,False,Giữ trống tọa độ để tránh tạo điểm giả; cần GIS kỹ thuật/khảo sát hoặc nguồn công bố trực tiếp.,PL3_2025_DongThap_old,4. PL3 - danh muc cong .pdf,GATE_MASTER_2026-10-02,False
PL3-1655,Cống hở Ô 19,,,,,UNKNOWN,False,Giữ trống tọa độ để tránh tạo điểm giả; cần GIS kỹ thuật/khảo sát hoặc nguồn công bố trực tiếp.,PL3_2025_DongThap_old,4. PL3 - danh muc cong .pdf,GATE_MASTER_2026-10-02,False
PL3-1656,Cống hở Ô 20,,,,,UNKNOWN,False,Giữ trống tọa độ để tránh tạo điểm giả; cần GIS kỹ thuật/khảo sát hoặc nguồn công bố trực tiếp.,PL3_2025_DongThap_old,4. PL3 - danh muc cong .pdf,GATE_MASTER_2026-10-02,False
PL3-1657,Cống hở Ô 21,,,,,UNKNOWN,False,Giữ trống tọa độ để tránh tạo điểm giả; cần GIS kỹ thuật/khảo sát hoặc nguồn công bố trực tiếp.,PL3_2025_DongThap_old,4. PL3 - danh muc cong .pdf,GATE_MASTER_2026-10-02,False
PL3-1658,Cống hở Ô 22,,,,,UNKNOWN,False,Giữ trống tọa độ để tránh tạo điểm giả; cần GIS kỹ thuật/khảo sát hoặc nguồn công bố trực tiếp.,PL3_2025_DongThap_old,4. PL3 - danh muc cong .pdf,GATE_MASTER_2026-10-02,False
PL3-1659,Cống hở Ô 23,,,,,UNKNOWN,False,Giữ trống tọa độ để tránh tạo điểm giả; cần GIS kỹ thuật/khảo sát hoặc nguồn công bố trực tiếp.,PL3_2025_DongThap_old,4. PL3 - danh muc cong .pdf,GATE_MASTER_2026-10-02,False
PL3-1660,Cống hở Ô 24,,,,,UNKNOWN,False,Giữ trống tọa độ để tránh tạo điểm giả; cần GIS kỹ thuật/khảo sát hoặc nguồn công bố trực tiếp.,PL3_2025_DongThap_old,4. PL3 - danh muc cong .pdf,GATE_MASTER_2026-10-02,False
PL3-1661,Cống hở Ô 25AB,,,,,UNKNOWN,False,Giữ trống tọa độ để tránh tạo điểm giả; cần GIS kỹ thuật/khảo sát hoặc nguồn công bố trực tiếp.,PL3_2025_DongThap_old,4. PL3 - danh muc cong .pdf,GATE_MASTER_2026-10-02,False
PL3-1662,Cống hở Ô 26,,,,,UNKNOWN,False,Giữ trống tọa độ để tránh tạo điểm giả; cần GIS kỹ thuật/khảo sát hoặc nguồn công bố trực tiếp.,PL3_2025_DongThap_old,4. PL3 - danh muc cong .pdf,GATE_MASTER_2026-10-02,False
PL3-1663,Cống hở Ô 27,,,,,UNKNOWN,False,Giữ trống tọa độ để tránh tạo điểm giả; cần GIS kỹ thuật/khảo sát hoặc nguồn công bố trực tiếp.,PL3_2025_DongThap_old,4. PL3 - danh muc cong .pdf,GATE_MASTER_2026-10-02,False
PL3-1664,Cống hở Ô 28,,,,,UNKNOWN,False,Giữ trống tọa độ để tránh tạo điểm giả; cần GIS kỹ thuật/khảo sát hoặc nguồn công bố trực tiếp.,PL3_2025_DongThap_old,4. PL3 - danh muc cong .pdf,GATE_MASTER_2026-10-02,False
PL3-1665,Cống hở Ô 29,,,,,UNKNOWN,False,Giữ trống tọa độ để tránh tạo điểm giả; cần GIS kỹ thuật/khảo sát hoặc nguồn công bố trực tiếp.,PL3_2025_DongThap_old,4. PL3 - danh muc cong .pdf,GATE_MASTER_2026-10-02,False
PL3-1666,Cống hở Ô 30,,,,,UNKNOWN,False,Giữ trống tọa độ để tránh tạo điểm giả; cần GIS kỹ thuật/khảo sát hoặc nguồn công bố trực tiếp.,PL3_2025_DongThap_old,4. PL3 - danh muc cong .pdf,GATE_MASTER_2026-10-02,False
PL3-1667,Cống hở Ô 31,,,,,UNKNOWN,False,Giữ trống tọa độ để tránh tạo điểm giả; cần GIS kỹ thuật/khảo sát hoặc nguồn công bố trực tiếp.,PL3_2025_DongThap_old,4. PL3 - danh muc cong .pdf,GATE_MASTER_2026-10-02,False
PL3-1668,Cống hở Ô 33,,,,,UNKNOWN,False,Giữ trống tọa độ để tránh tạo điểm giả; cần GIS kỹ thuật/khảo sát hoặc nguồn công bố trực tiếp.,PL3_2025_DongThap_old,4. PL3 - danh muc cong .pdf,GATE_MASTER_2026-10-02,False
PL3-1669,Cống hở Ô 34,,,,,UNKNOWN,False,Giữ trống tọa độ để tránh tạo điểm giả; cần GIS kỹ thuật/khảo sát hoặc nguồn công bố trực tiếp.,PL3_2025_DongThap_old,4. PL3 - danh muc cong .pdf,GATE_MASTER_2026-10-02,False
PL3-1670,Cống hở Ô 37,,,,,UNKNOWN,False,Giữ trống tọa độ để tránh tạo điểm giả; cần GIS kỹ thuật/khảo sát hoặc nguồn công bố trực tiếp.,PL3_2025_DongThap_old,4. PL3 - danh muc cong .pdf,GATE_MASTER_2026-10-02,False
PL3-1671,Cống hở Ô 38,,,,,UNKNOWN,False,Giữ trống tọa độ để tránh tạo điểm giả; cần GIS kỹ thuật/khảo sát hoặc nguồn công bố trực tiếp.,PL3_2025_DongThap_old,4. PL3 - danh muc cong .pdf,GATE_MASTER_2026-10-02,False
PL3-1672,Cống hở Ô 39,,,,,UNKNOWN,False,Giữ trống tọa độ để tránh tạo điểm giả; cần GIS kỹ thuật/khảo sát hoặc nguồn công bố trực tiếp.,PL3_2025_DongThap_old,4. PL3 - danh muc cong .pdf,GATE_MASTER_2026-10-02,False
PL3-1673,Cống hở Ô 40,,,,,UNKNOWN,False,Giữ trống tọa độ để tránh tạo điểm giả; cần GIS kỹ thuật/khảo sát hoặc nguồn công bố trực tiếp.,PL3_2025_DongThap_old,4. PL3 - danh muc cong .pdf,GATE_MASTER_2026-10-02,False
PL3-1674,"Cống hở Ô1 (cống 3 Đáng, Giáo Hòa, kênh Mới)",,,,,UNKNOWN,False,Giữ trống tọa độ để tránh tạo điểm giả; cần GIS kỹ thuật/khảo sát hoặc nguồn công bố trực tiếp.,PL3_2025_DongThap_old,4. PL3 - danh muc cong .pdf,GATE_MASTER_2026-10-02,False
PL3-1675,Cống hở Ô4 (cống kênh 4 350ha),,,,,UNKNOWN,False,Giữ trống tọa độ để tránh tạo điểm giả; cần GIS kỹ thuật/khảo sát hoặc nguồn công bố trực tiếp.,PL3_2025_DongThap_old,4. PL3 - danh muc cong .pdf,GATE_MASTER_2026-10-02,False
PL3-1676,Cống hở Ô5 (cống 5 Hữu),,,,,UNKNOWN,False,Giữ trống tọa độ để tránh tạo điểm giả; cần GIS kỹ thuật/khảo sát hoặc nguồn công bố trực tiếp.,PL3_2025_DongThap_old,4. PL3 - danh muc cong .pdf,GATE_MASTER_2026-10-02,False
PL3-1677,Cống hở Ô7 (cống 7 Thước),,,,,UNKNOWN,False,Giữ trống tọa độ để tránh tạo điểm giả; cần GIS kỹ thuật/khảo sát hoặc nguồn công bố trực tiếp.,PL3_2025_DongThap_old,4. PL3 - danh muc cong .pdf,GATE_MASTER_2026-10-02,False
PL3-1678,Cống hở Ô2 (cống Kênh 5 Cụt),,,,,UNKNOWN,False,Giữ trống tọa độ để tránh tạo điểm giả; cần GIS kỹ thuật/khảo sát hoặc nguồn công bố trực tiếp.,PL3_2025_DongThap_old,4. PL3 - danh muc cong .pdf,GATE_MASTER_2026-10-02,False
PL3-1679,Cống hở Ô3 A (cống Thầy Ban),,,,,UNKNOWN,False,Giữ trống tọa độ để tránh tạo điểm giả; cần GIS kỹ thuật/khảo sát hoặc nguồn công bố trực tiếp.,PL3_2025_DongThap_old,4. PL3 - danh muc cong .pdf,GATE_MASTER_2026-10-02,False
PL3-1680,Cống hở Ô3 B(cống Thuỷ Lợi 500),,,,,UNKNOWN,False,Giữ trống tọa độ để tránh tạo điểm giả; cần GIS kỹ thuật/khảo sát hoặc nguồn công bố trực tiếp.,PL3_2025_DongThap_old,4. PL3 - danh muc cong .pdf,GATE_MASTER_2026-10-02,False
PL3-1681,"Cống hở Ô 4 (cống Mương Trâu, Út Hết, Cống Kho)",,,,,UNKNOWN,False,Giữ trống tọa độ để tránh tạo điểm giả; cần GIS kỹ thuật/khảo sát hoặc nguồn công bố trực tiếp.,PL3_2025_DongThap_old,4. PL3 - danh muc cong .pdf,GATE_MASTER_2026-10-02,False
PL3-1682,Cống hở Ô 5(cống Kênh Năm),,,,,UNKNOWN,False,Giữ trống tọa độ để tránh tạo điểm giả; cần GIS kỹ thuật/khảo sát hoặc nguồn công bố trực tiếp.,PL3_2025_DongThap_old,4. PL3 - danh muc cong .pdf,GATE_MASTER_2026-10-02,False
PL3-1683,Cống hở Ô 6B (cống Thuỷ Lợi 500),,,,,UNKNOWN,False,Giữ trống tọa độ để tránh tạo điểm giả; cần GIS kỹ thuật/khảo sát hoặc nguồn công bố trực tiếp.,PL3_2025_DongThap_old,4. PL3 - danh muc cong .pdf,GATE_MASTER_2026-10-02,False
PL3-1684,Cống hở Ô 6 A (cống Thuỷ Lợi 500),,,,,UNKNOWN,False,Giữ trống tọa độ để tránh tạo điểm giả; cần GIS kỹ thuật/khảo sát hoặc nguồn công bố trực tiếp.,PL3_2025_DongThap_old,4. PL3 - danh muc cong .pdf,GATE_MASTER_2026-10-02,False
PL3-1685,Cống hở Ô 7 (cống Thuỷ Lợi 500),,,,,UNKNOWN,False,Giữ trống tọa độ để tránh tạo điểm giả; cần GIS kỹ thuật/khảo sát hoặc nguồn công bố trực tiếp.,PL3_2025_DongThap_old,4. PL3 - danh muc cong .pdf,GATE_MASTER_2026-10-02,False
PL3-1686,"Cống hở Ô 8 (cống Hai giao, Cống Bảy Xị)",,,,,UNKNOWN,False,Giữ trống tọa độ để tránh tạo điểm giả; cần GIS kỹ thuật/khảo sát hoặc nguồn công bố trực tiếp.,PL3_2025_DongThap_old,4. PL3 - danh muc cong .pdf,GATE_MASTER_2026-10-02,False
PL3-1687,Cống hở Ô 10 (cống Thuỷ Lợi 500),,,,,UNKNOWN,False,Giữ trống tọa độ để tránh tạo điểm giả; cần GIS kỹ thuật/khảo sát hoặc nguồn công bố trực tiếp.,PL3_2025_DongThap_old,4. PL3 - danh muc cong .pdf,GATE_MASTER_2026-10-02,False
PL3-1688,Cống hở Ô 11 (cống Thuỷ Lợi 500),,,,,UNKNOWN,False,Giữ trống tọa độ để tránh tạo điểm giả; cần GIS kỹ thuật/khảo sát hoặc nguồn công bố trực tiếp.,PL3_2025_DongThap_old,4. PL3 - danh muc cong .pdf,GATE_MASTER_2026-10-02,False
PL3-1689,"Cống hở Ô 13 (cống ông Huyện, Ông Hai)",,,,,UNKNOWN,False,Giữ trống tọa độ để tránh tạo điểm giả; cần GIS kỹ thuật/khảo sát hoặc nguồn công bố trực tiếp.,PL3_2025_DongThap_old,4. PL3 - danh muc cong .pdf,GATE_MASTER_2026-10-02,False
PL3-1690,"Cống hở Ô 14 (cống Ba Đèo, Út Vinh)",,,,,UNKNOWN,False,Giữ trống tọa độ để tránh tạo điểm giả; cần GIS kỹ thuật/khảo sát hoặc nguồn công bố trực tiếp.,PL3_2025_DongThap_old,4. PL3 - danh muc cong .pdf,GATE_MASTER_2026-10-02,False
PL3-1691,Cống hở Ô4(cống rạch thầy Dân),,,,,UNKNOWN,False,Giữ trống tọa độ để tránh tạo điểm giả; cần GIS kỹ thuật/khảo sát hoặc nguồn công bố trực tiếp.,PL3_2025_DongThap_old,4. PL3 - danh muc cong .pdf,GATE_MASTER_2026-10-02,False
PL3-1692,Cống hở ô 1 (Cống Út Tác),,,,,UNKNOWN,False,Giữ trống tọa độ để tránh tạo điểm giả; cần GIS kỹ thuật/khảo sát hoặc nguồn công bố trực tiếp.,PL3_2025_DongThap_old,4. PL3 - danh muc cong .pdf,GATE_MASTER_2026-10-02,False
PL3-1693,Cống hở ô 6 (Cống Chùa ông Chín),,,,,UNKNOWN,False,Giữ trống tọa độ để tránh tạo điểm giả; cần GIS kỹ thuật/khảo sát hoặc nguồn công bố trực tiếp.,PL3_2025_DongThap_old,4. PL3 - danh muc cong .pdf,GATE_MASTER_2026-10-02,False
PL3-1694,Cống hở ô 9 (Cống Thuỷ Lợi),,,,,UNKNOWN,False,Giữ trống tọa độ để tránh tạo điểm giả; cần GIS kỹ thuật/khảo sát hoặc nguồn công bố trực tiếp.,PL3_2025_DongThap_old,4. PL3 - danh muc cong .pdf,GATE_MASTER_2026-10-02,False
PL3-1695,Cống hở ô 10 (Cống Bà Bầy),,,,,UNKNOWN,False,Giữ trống tọa độ để tránh tạo điểm giả; cần GIS kỹ thuật/khảo sát hoặc nguồn công bố trực tiếp.,PL3_2025_DongThap_old,4. PL3 - danh muc cong .pdf,GATE_MASTER_2026-10-02,False
PL3-1696,Cống hở ô 11+17 (Cống Rạch Nhỏ),,,,,UNKNOWN,False,Giữ trống tọa độ để tránh tạo điểm giả; cần GIS kỹ thuật/khảo sát hoặc nguồn công bố trực tiếp.,PL3_2025_DongThap_old,4. PL3 - danh muc cong .pdf,GATE_MASTER_2026-10-02,False
PL3-1697,Cống hở ô8 (Cống 4 Xích và Cống TL),,,,,UNKNOWN,False,Giữ trống tọa độ để tránh tạo điểm giả; cần GIS kỹ thuật/khảo sát hoặc nguồn công bố trực tiếp.,PL3_2025_DongThap_old,4. PL3 - danh muc cong .pdf,GATE_MASTER_2026-10-02,False
PL3-1698,Cống hở ô 14 (Cống Hai Quang),,,,,UNKNOWN,False,Giữ trống tọa độ để tránh tạo điểm giả; cần GIS kỹ thuật/khảo sát hoặc nguồn công bố trực tiếp.,PL3_2025_DongThap_old,4. PL3 - danh muc cong .pdf,GATE_MASTER_2026-10-02,False
PL3-1699,Cống hở Ô1+7 (điển hình),,,,,UNKNOWN,False,Giữ trống tọa độ để tránh tạo điểm giả; cần GIS kỹ thuật/khảo sát hoặc nguồn công bố trực tiếp.,PL3_2025_DongThap_old,4. PL3 - danh muc cong .pdf,GATE_MASTER_2026-10-02,False
PL3-1700,Cống hở Ô2 (cống dã chiến),,,,,UNKNOWN,False,Giữ trống tọa độ để tránh tạo điểm giả; cần GIS kỹ thuật/khảo sát hoặc nguồn công bố trực tiếp.,PL3_2025_DongThap_old,4. PL3 - danh muc cong .pdf,GATE_MASTER_2026-10-02,False
PL3-1701,Cống hở Ô3 (cống dã chiến),,,,,UNKNOWN,False,Giữ trống tọa độ để tránh tạo điểm giả; cần GIS kỹ thuật/khảo sát hoặc nguồn công bố trực tiếp.,PL3_2025_DongThap_old,4. PL3 - danh muc cong .pdf,GATE_MASTER_2026-10-02,False
PL3-1702,Cống hở Ô4 (điển hình),,,,,UNKNOWN,False,Giữ trống tọa độ để tránh tạo điểm giả; cần GIS kỹ thuật/khảo sát hoặc nguồn công bố trực tiếp.,PL3_2025_DongThap_old,4. PL3 - danh muc cong .pdf,GATE_MASTER_2026-10-02,False
PL3-1703,Công1 hở Ô 8 (dã chiến),,,,,UNKNOWN,False,Giữ trống tọa độ để tránh tạo điểm giả; cần GIS kỹ thuật/khảo sát hoặc nguồn công bố trực tiếp.,PL3_2025_DongThap_old,4. PL3 - danh muc cong .pdf,GATE_MASTER_2026-10-02,False
PL3-1704,Cống hở ÔMương trâu,,,,,UNKNOWN,False,Giữ trống tọa độ để tránh tạo điểm giả; cần GIS kỹ thuật/khảo sát hoặc nguồn công bố trực tiếp.,PL3_2025_DongThap_old,4. PL3 - danh muc cong .pdf,GATE_MASTER_2026-10-02,False
PL3-1705,Cống hở Ô Ông Địa,,,,,UNKNOWN,False,Giữ trống tọa độ để tránh tạo điểm giả; cần GIS kỹ thuật/khảo sát hoặc nguồn công bố trực tiếp.,PL3_2025_DongThap_old,4. PL3 - danh muc cong .pdf,GATE_MASTER_2026-10-02,False
PL3-1706,Cống hở Ô9,,,,,UNKNOWN,False,Giữ trống tọa độ để tránh tạo điểm giả; cần GIS kỹ thuật/khảo sát hoặc nguồn công bố trực tiếp.,PL3_2025_DongThap_old,4. PL3 - danh muc cong .pdf,GATE_MASTER_2026-10-02,False
PL3-1707,Cống hở Ô5+6,,,,,UNKNOWN,False,Giữ trống tọa độ để tránh tạo điểm giả; cần GIS kỹ thuật/khảo sát hoặc nguồn công bố trực tiếp.,PL3_2025_DongThap_old,4. PL3 - danh muc cong .pdf,GATE_MASTER_2026-10-02,False
PL3-1708,Công hở Ô8,,,,,UNKNOWN,False,Giữ trống tọa độ để tránh tạo điểm giả; cần GIS kỹ thuật/khảo sát hoặc nguồn công bố trực tiếp.,PL3_2025_DongThap_old,4. PL3 - danh muc cong .pdf,GATE_MASTER_2026-10-02,False
PL3-1709,Cống hở Ô 7BH,,,,,UNKNOWN,False,Giữ trống tọa độ để tránh tạo điểm giả; cần GIS kỹ thuật/khảo sát hoặc nguồn công bố trực tiếp.,PL3_2025_DongThap_old,4. PL3 - danh muc cong .pdf,GATE_MASTER_2026-10-02,False
PL3-1710,Cống hở ô miếu Bà,,,,,UNKNOWN,False,Giữ trống tọa độ để tránh tạo điểm giả; cần GIS kỹ thuật/khảo sát hoặc nguồn công bố trực tiếp.,PL3_2025_DongThap_old,4. PL3 - danh muc cong .pdf,GATE_MASTER_2026-10-02,False
PL3-1711,Cống hở Ô10,,,,,UNKNOWN,False,Giữ trống tọa độ để tránh tạo điểm giả; cần GIS kỹ thuật/khảo sát hoặc nguồn công bố trực tiếp.,PL3_2025_DongThap_old,4. PL3 - danh muc cong .pdf,GATE_MASTER_2026-10-02,False
PL3-1712,Cống hở Ô11,,,,,UNKNOWN,False,Giữ trống tọa độ để tránh tạo điểm giả; cần GIS kỹ thuật/khảo sát hoặc nguồn công bố trực tiếp.,PL3_2025_DongThap_old,4. PL3 - danh muc cong .pdf,GATE_MASTER_2026-10-02,False
PL3-1713,Ô Sáu Chiếm,,,,,UNKNOWN,False,Giữ trống tọa độ để tránh tạo điểm giả; cần GIS kỹ thuật/khảo sát hoặc nguồn công bố trực tiếp.,PL3_2025_DongThap_old,4. PL3 - danh muc cong .pdf,GATE_MASTER_2026-10-02,False
PL3-1714,Cống hở Ô1 (cống Chiến Lược),,,,,UNKNOWN,False,Giữ trống tọa độ để tránh tạo điểm giả; cần GIS kỹ thuật/khảo sát hoặc nguồn công bố trực tiếp.,PL3_2025_DongThap_old,4. PL3 - danh muc cong .pdf,GATE_MASTER_2026-10-02,False
PL3-1715,Cống hở Ô3 (cống cây Trôm),,,,,UNKNOWN,False,Giữ trống tọa độ để tránh tạo điểm giả; cần GIS kỹ thuật/khảo sát hoặc nguồn công bố trực tiếp.,PL3_2025_DongThap_old,4. PL3 - danh muc cong .pdf,GATE_MASTER_2026-10-02,False
PL3-1716,Cống hở Ô3 (cống Xẻo Lựu),,,,,UNKNOWN,False,Giữ trống tọa độ để tránh tạo điểm giả; cần GIS kỹ thuật/khảo sát hoặc nguồn công bố trực tiếp.,PL3_2025_DongThap_old,4. PL3 - danh muc cong .pdf,GATE_MASTER_2026-10-02,False
PL3-1717,Cống hở Ô 3(cống Khém Nhum),,,,,UNKNOWN,False,Giữ trống tọa độ để tránh tạo điểm giả; cần GIS kỹ thuật/khảo sát hoặc nguồn công bố trực tiếp.,PL3_2025_DongThap_old,4. PL3 - danh muc cong .pdf,GATE_MASTER_2026-10-02,False
PL3-1718,Cống hở (cống Xẻo Gừa),,,,,UNKNOWN,False,Giữ trống tọa độ để tránh tạo điểm giả; cần GIS kỹ thuật/khảo sát hoặc nguồn công bố trực tiếp.,PL3_2025_DongThap_old,4. PL3 - danh muc cong .pdf,GATE_MASTER_2026-10-02,False
PL3-1719,Cống hở (cống Mười Mai),,,,,UNKNOWN,False,Giữ trống tọa độ để tránh tạo điểm giả; cần GIS kỹ thuật/khảo sát hoặc nguồn công bố trực tiếp.,PL3_2025_DongThap_old,4. PL3 - danh muc cong .pdf,GATE_MASTER_2026-10-02,False
PL3-1720,Cống hở (cống ông Thuận),,,,,UNKNOWN,False,Giữ trống tọa độ để tránh tạo điểm giả; cần GIS kỹ thuật/khảo sát hoặc nguồn công bố trực tiếp.,PL3_2025_DongThap_old,4. PL3 - danh muc cong .pdf,GATE_MASTER_2026-10-02,False
PL3-1721,Cống hở (cống Ông Thạnh),,,,,UNKNOWN,False,Giữ trống tọa độ để tránh tạo điểm giả; cần GIS kỹ thuật/khảo sát hoặc nguồn công bố trực tiếp.,PL3_2025_DongThap_old,4. PL3 - danh muc cong .pdf,GATE_MASTER_2026-10-02,False
PL3-1722,Cống hở (cống Khém Bần),,,,,UNKNOWN,False,Giữ trống tọa độ để tránh tạo điểm giả; cần GIS kỹ thuật/khảo sát hoặc nguồn công bố trực tiếp.,PL3_2025_DongThap_old,4. PL3 - danh muc cong .pdf,GATE_MASTER_2026-10-02,False
PL3-1723,"Cống hở Ô1 (cống: Mương Bà Năm, Rạch Ba Khía, Ông Son, Ông Xuân, Trụ Đá)",,,,,UNKNOWN,False,Giữ trống tọa độ để tránh tạo điểm giả; cần GIS kỹ thuật/khảo sát hoặc nguồn công bố trực tiếp.,PL3_2025_DongThap_old,4. PL3 - danh muc cong .pdf,GATE_MASTER_2026-10-02,False
PL3-1724,Cống hở Ô2 (cống Rạch Ông Việt),,,,,UNKNOWN,False,Giữ trống tọa độ để tránh tạo điểm giả; cần GIS kỹ thuật/khảo sát hoặc nguồn công bố trực tiếp.,PL3_2025_DongThap_old,4. PL3 - danh muc cong .pdf,GATE_MASTER_2026-10-02,False
PL3-1725,Cống hở Ô3 (cống Chín Chì),,,,,UNKNOWN,False,Giữ trống tọa độ để tránh tạo điểm giả; cần GIS kỹ thuật/khảo sát hoặc nguồn công bố trực tiếp.,PL3_2025_DongThap_old,4. PL3 - danh muc cong .pdf,GATE_MASTER_2026-10-02,False
PL3-1726,Cống hở Ô4 (cống Ba Đổi),,,,,UNKNOWN,False,Giữ trống tọa độ để tránh tạo điểm giả; cần GIS kỹ thuật/khảo sát hoặc nguồn công bố trực tiếp.,PL3_2025_DongThap_old,4. PL3 - danh muc cong .pdf,GATE_MASTER_2026-10-02,False
PL3-1727,Cống hở Ô5 (cống Mương Ranh),,,,,UNKNOWN,False,Giữ trống tọa độ để tránh tạo điểm giả; cần GIS kỹ thuật/khảo sát hoặc nguồn công bố trực tiếp.,PL3_2025_DongThap_old,4. PL3 - danh muc cong .pdf,GATE_MASTER_2026-10-02,False
PL3-1728,Cống hở Ô1 (cống rạch ông nhì),,,,,UNKNOWN,False,Giữ trống tọa độ để tránh tạo điểm giả; cần GIS kỹ thuật/khảo sát hoặc nguồn công bố trực tiếp.,PL3_2025_DongThap_old,4. PL3 - danh muc cong .pdf,GATE_MASTER_2026-10-02,False
PL3-1729,"Cống hở Ô 8a (cống rạch ông ấu , rạch cây bần)",,,,,UNKNOWN,False,Giữ trống tọa độ để tránh tạo điểm giả; cần GIS kỹ thuật/khảo sát hoặc nguồn công bố trực tiếp.,PL3_2025_DongThap_old,4. PL3 - danh muc cong .pdf,GATE_MASTER_2026-10-02,False
PL3-1730,Cống hở Ô HTX (cống Hai Cứng),,,,,UNKNOWN,False,Giữ trống tọa độ để tránh tạo điểm giả; cần GIS kỹ thuật/khảo sát hoặc nguồn công bố trực tiếp.,PL3_2025_DongThap_old,4. PL3 - danh muc cong .pdf,GATE_MASTER_2026-10-02,False
PL3-1731,Cống hở Ô5+7 (cống bà xã),,,,,UNKNOWN,False,Giữ trống tọa độ để tránh tạo điểm giả; cần GIS kỹ thuật/khảo sát hoặc nguồn công bố trực tiếp.,PL3_2025_DongThap_old,4. PL3 - danh muc cong .pdf,GATE_MASTER_2026-10-02,False
PL3-1732,Cống hở Ô liên xã (cống sình kiến),,,,,UNKNOWN,False,Giữ trống tọa độ để tránh tạo điểm giả; cần GIS kỹ thuật/khảo sát hoặc nguồn công bố trực tiếp.,PL3_2025_DongThap_old,4. PL3 - danh muc cong .pdf,GATE_MASTER_2026-10-02,False
PL3-1733,Cống hở Ô7 ( 02 cống),,,,,UNKNOWN,False,Giữ trống tọa độ để tránh tạo điểm giả; cần GIS kỹ thuật/khảo sát hoặc nguồn công bố trực tiếp.,PL3_2025_DongThap_old,4. PL3 - danh muc cong .pdf,GATE_MASTER_2026-10-02,False
PL3-1734,Cống hở Ô7 ( 01 cống),,,,,UNKNOWN,False,Giữ trống tọa độ để tránh tạo điểm giả; cần GIS kỹ thuật/khảo sát hoặc nguồn công bố trực tiếp.,PL3_2025_DongThap_old,4. PL3 - danh muc cong .pdf,GATE_MASTER_2026-10-02,False
PL3-1735,Cống hở Ô9+10 (1 cống),,,,,UNKNOWN,False,Giữ trống tọa độ để tránh tạo điểm giả; cần GIS kỹ thuật/khảo sát hoặc nguồn công bố trực tiếp.,PL3_2025_DongThap_old,4. PL3 - danh muc cong .pdf,GATE_MASTER_2026-10-02,False
PL3-1736,"Cống hở Ô2+3+4...9 (cống Tư Xê, Khém Gòn, Cải Tắc, Bù Sụ, Khém Sóc)",,,,,UNKNOWN,False,Giữ trống tọa độ để tránh tạo điểm giả; cần GIS kỹ thuật/khảo sát hoặc nguồn công bố trực tiếp.,PL3_2025_DongThap_old,4. PL3 - danh muc cong .pdf,GATE_MASTER_2026-10-02,False
PL3-1737,"Cống hở Ô10+11+12...17 (cống Bé Bùa,Tám Hạt, ông Rái, Chín Nhiều, Bần Cấm, Năm Khi, Bảy Danh, Khém Cá Trê, Cây Bàn, Út Dư)",,,,,UNKNOWN,False,Giữ trống tọa độ để tránh tạo điểm giả; cần GIS kỹ thuật/khảo sát hoặc nguồn công bố trực tiếp.,PL3_2025_DongThap_old,4. PL3 - danh muc cong .pdf,GATE_MASTER_2026-10-02,False
PL3-1738,"Cống hở Ô40+41…..44 (Cống Út Khai, Ba Quắn, Khém Cạn, Khém Sâu, Khém Cò, Khém Sâu ranh Tỉnh)",,,,,UNKNOWN,False,Giữ trống tọa độ để tránh tạo điểm giả; cần GIS kỹ thuật/khảo sát hoặc nguồn công bố trực tiếp.,PL3_2025_DongThap_old,4. PL3 - danh muc cong .pdf,GATE_MASTER_2026-10-02,False
PL3-1739,Cống hở Ô1 (cống dã chiến),,,,,UNKNOWN,False,Giữ trống tọa độ để tránh tạo điểm giả; cần GIS kỹ thuật/khảo sát hoặc nguồn công bố trực tiếp.,PL3_2025_DongThap_old,4. PL3 - danh muc cong .pdf,GATE_MASTER_2026-10-02,False
PL3-1740,Cống hở Ô2 (cống dã chiến),,,,,UNKNOWN,False,Giữ trống tọa độ để tránh tạo điểm giả; cần GIS kỹ thuật/khảo sát hoặc nguồn công bố trực tiếp.,PL3_2025_DongThap_old,4. PL3 - danh muc cong .pdf,GATE_MASTER_2026-10-02,False
PL3-1741,Cống hở Ô3 (cống dã chiến),,,,,UNKNOWN,False,Giữ trống tọa độ để tránh tạo điểm giả; cần GIS kỹ thuật/khảo sát hoặc nguồn công bố trực tiếp.,PL3_2025_DongThap_old,4. PL3 - danh muc cong .pdf,GATE_MASTER_2026-10-02,False
PL3-1742,Cống hở Ô 7 (dã chiến),,,,,UNKNOWN,False,Giữ trống tọa độ để tránh tạo điểm giả; cần GIS kỹ thuật/khảo sát hoặc nguồn công bố trực tiếp.,PL3_2025_DongThap_old,4. PL3 - danh muc cong .pdf,GATE_MASTER_2026-10-02,False
PL3-1743,Cống hở Ô 6+10 (dã chiến),,,,,UNKNOWN,False,Giữ trống tọa độ để tránh tạo điểm giả; cần GIS kỹ thuật/khảo sát hoặc nguồn công bố trực tiếp.,PL3_2025_DongThap_old,4. PL3 - danh muc cong .pdf,GATE_MASTER_2026-10-02,False
PL3-1744,Cống hở Ô 15 (dã chiến),,,,,UNKNOWN,False,Giữ trống tọa độ để tránh tạo điểm giả; cần GIS kỹ thuật/khảo sát hoặc nguồn công bố trực tiếp.,PL3_2025_DongThap_old,4. PL3 - danh muc cong .pdf,GATE_MASTER_2026-10-02,False
PL3-1745,Cống hở Ô4 (cống dã chiến),,,,,UNKNOWN,False,Giữ trống tọa độ để tránh tạo điểm giả; cần GIS kỹ thuật/khảo sát hoặc nguồn công bố trực tiếp.,PL3_2025_DongThap_old,4. PL3 - danh muc cong .pdf,GATE_MASTER_2026-10-02,False
PL3-1746,Cống hở Ô BT-ML,,,,,UNKNOWN,False,Giữ trống tọa độ để tránh tạo điểm giả; cần GIS kỹ thuật/khảo sát hoặc nguồn công bố trực tiếp.,PL3_2025_DongThap_old,4. PL3 - danh muc cong .pdf,GATE_MASTER_2026-10-02,False
PL3-1747,Cống hở Ô1 ( Cống ven QL30),,,,,UNKNOWN,False,Giữ trống tọa độ để tránh tạo điểm giả; cần GIS kỹ thuật/khảo sát hoặc nguồn công bố trực tiếp.,PL3_2025_DongThap_old,4. PL3 - danh muc cong .pdf,GATE_MASTER_2026-10-02,False
PL3-1748,Cống hở Ô2 (cống TL ),,,,,UNKNOWN,False,Giữ trống tọa độ để tránh tạo điểm giả; cần GIS kỹ thuật/khảo sát hoặc nguồn công bố trực tiếp.,PL3_2025_DongThap_old,4. PL3 - danh muc cong .pdf,GATE_MASTER_2026-10-02,False
PL3-1749,"Cống hở Ô3 (Cống 3 Tây, ông Dùng)",,,,,UNKNOWN,False,Giữ trống tọa độ để tránh tạo điểm giả; cần GIS kỹ thuật/khảo sát hoặc nguồn công bố trực tiếp.,PL3_2025_DongThap_old,4. PL3 - danh muc cong .pdf,GATE_MASTER_2026-10-02,False
PL3-1750,"Cống hở Ô 4 (cống 4 Tờ, cống Thợ Xảo)",,,,,UNKNOWN,False,Giữ trống tọa độ để tránh tạo điểm giả; cần GIS kỹ thuật/khảo sát hoặc nguồn công bố trực tiếp.,PL3_2025_DongThap_old,4. PL3 - danh muc cong .pdf,GATE_MASTER_2026-10-02,False
PL3-1751,Cống hở điển hình Ô5 (cống Mương Trâu ),,,,,UNKNOWN,False,Giữ trống tọa độ để tránh tạo điểm giả; cần GIS kỹ thuật/khảo sát hoặc nguồn công bố trực tiếp.,PL3_2025_DongThap_old,4. PL3 - danh muc cong .pdf,GATE_MASTER_2026-10-02,False
PL3-1752,Cống hở Ô 6 (cống TL Nghĩa Trang ),,,,,UNKNOWN,False,Giữ trống tọa độ để tránh tạo điểm giả; cần GIS kỹ thuật/khảo sát hoặc nguồn công bố trực tiếp.,PL3_2025_DongThap_old,4. PL3 - danh muc cong .pdf,GATE_MASTER_2026-10-02,False
PL3-1753,Cống hở ô 7 ( cống Út Xoài),,,,,UNKNOWN,False,Giữ trống tọa độ để tránh tạo điểm giả; cần GIS kỹ thuật/khảo sát hoặc nguồn công bố trực tiếp.,PL3_2025_DongThap_old,4. PL3 - danh muc cong .pdf,GATE_MASTER_2026-10-02,False
PL3-1754,Cống hở ô 8 ( cống Hai Mách),,,,,UNKNOWN,False,Giữ trống tọa độ để tránh tạo điểm giả; cần GIS kỹ thuật/khảo sát hoặc nguồn công bố trực tiếp.,PL3_2025_DongThap_old,4. PL3 - danh muc cong .pdf,GATE_MASTER_2026-10-02,False
PL3-1755,Cống hở ô 9 ( cống Út Tèo),,,,,UNKNOWN,False,Giữ trống tọa độ để tránh tạo điểm giả; cần GIS kỹ thuật/khảo sát hoặc nguồn công bố trực tiếp.,PL3_2025_DongThap_old,4. PL3 - danh muc cong .pdf,GATE_MASTER_2026-10-02,False
PL3-1756,Cống hỡ ô 10 ( Cống 3 Tô),,,,,UNKNOWN,False,Giữ trống tọa độ để tránh tạo điểm giả; cần GIS kỹ thuật/khảo sát hoặc nguồn công bố trực tiếp.,PL3_2025_DongThap_old,4. PL3 - danh muc cong .pdf,GATE_MASTER_2026-10-02,False
PL3-1757,Cống hở điển hình ô 12 ( cống 4 Có ),,,,,UNKNOWN,False,Giữ trống tọa độ để tránh tạo điểm giả; cần GIS kỹ thuật/khảo sát hoặc nguồn công bố trực tiếp.,PL3_2025_DongThap_old,4. PL3 - danh muc cong .pdf,GATE_MASTER_2026-10-02,False
PL3-1758,"Cống hở ô 13 (Cống 3 Hùng, 5 Gập, Ba Đáo, kênh Ranh)",,,,,UNKNOWN,False,Giữ trống tọa độ để tránh tạo điểm giả; cần GIS kỹ thuật/khảo sát hoặc nguồn công bố trực tiếp.,PL3_2025_DongThap_old,4. PL3 - danh muc cong .pdf,GATE_MASTER_2026-10-02,False
PL3-1759,Cống hở ô 14 ( cống Hai Bổ ),,,,,UNKNOWN,False,Giữ trống tọa độ để tránh tạo điểm giả; cần GIS kỹ thuật/khảo sát hoặc nguồn công bố trực tiếp.,PL3_2025_DongThap_old,4. PL3 - danh muc cong .pdf,GATE_MASTER_2026-10-02,False
PL3-1760,Cống ngầm Ô2,,,,,UNKNOWN,False,Giữ trống tọa độ để tránh tạo điểm giả; cần GIS kỹ thuật/khảo sát hoặc nguồn công bố trực tiếp.,PL3_2025_DongThap_old,4. PL3 - danh muc cong .pdf,GATE_MASTER_2026-10-02,False
PL3-1761,Cống ngầm Ô3,,,,,UNKNOWN,False,Giữ trống tọa độ để tránh tạo điểm giả; cần GIS kỹ thuật/khảo sát hoặc nguồn công bố trực tiếp.,PL3_2025_DongThap_old,4. PL3 - danh muc cong .pdf,GATE_MASTER_2026-10-02,False
PL3-1762,Cống ngầm Ô6,,,,,UNKNOWN,False,Giữ trống tọa độ để tránh tạo điểm giả; cần GIS kỹ thuật/khảo sát hoặc nguồn công bố trực tiếp.,PL3_2025_DongThap_old,4. PL3 - danh muc cong .pdf,GATE_MASTER_2026-10-02,False
PL3-1763,Cống ngầm Ô7,,,,,UNKNOWN,False,Giữ trống tọa độ để tránh tạo điểm giả; cần GIS kỹ thuật/khảo sát hoặc nguồn công bố trực tiếp.,PL3_2025_DongThap_old,4. PL3 - danh muc cong .pdf,GATE_MASTER_2026-10-02,False
PL3-1764,Cống ngầm Ô9,,,,,UNKNOWN,False,Giữ trống tọa độ để tránh tạo điểm giả; cần GIS kỹ thuật/khảo sát hoặc nguồn công bố trực tiếp.,PL3_2025_DongThap_old,4. PL3 - danh muc cong .pdf,GATE_MASTER_2026-10-02,False
PL3-1765,Cống ngầm Ô10,,,,,UNKNOWN,False,Giữ trống tọa độ để tránh tạo điểm giả; cần GIS kỹ thuật/khảo sát hoặc nguồn công bố trực tiếp.,PL3_2025_DongThap_old,4. PL3 - danh muc cong .pdf,GATE_MASTER_2026-10-02,False
PL3-1766,Cống ngầm Ô11,,,,,UNKNOWN,False,Giữ trống tọa độ để tránh tạo điểm giả; cần GIS kỹ thuật/khảo sát hoặc nguồn công bố trực tiếp.,PL3_2025_DongThap_old,4. PL3 - danh muc cong .pdf,GATE_MASTER_2026-10-02,False
PL3-1767,Cống ngầm Ô12,,,,,UNKNOWN,False,Giữ trống tọa độ để tránh tạo điểm giả; cần GIS kỹ thuật/khảo sát hoặc nguồn công bố trực tiếp.,PL3_2025_DongThap_old,4. PL3 - danh muc cong .pdf,GATE_MASTER_2026-10-02,False
PL3-1768,Cống ngầm Ô13,,,,,UNKNOWN,False,Giữ trống tọa độ để tránh tạo điểm giả; cần GIS kỹ thuật/khảo sát hoặc nguồn công bố trực tiếp.,PL3_2025_DongThap_old,4. PL3 - danh muc cong .pdf,GATE_MASTER_2026-10-02,False
PL3-1769,Cống ngầm Ô14,,,,,UNKNOWN,False,Giữ trống tọa độ để tránh tạo điểm giả; cần GIS kỹ thuật/khảo sát hoặc nguồn công bố trực tiếp.,PL3_2025_DongThap_old,4. PL3 - danh muc cong .pdf,GATE_MASTER_2026-10-02,False
PL3-1770,Cống ngầm Ô15A,,,,,UNKNOWN,False,Giữ trống tọa độ để tránh tạo điểm giả; cần GIS kỹ thuật/khảo sát hoặc nguồn công bố trực tiếp.,PL3_2025_DongThap_old,4. PL3 - danh muc cong .pdf,GATE_MASTER_2026-10-02,False
PL3-1771,Cống ngầm Ô15B,,,,,UNKNOWN,False,Giữ trống tọa độ để tránh tạo điểm giả; cần GIS kỹ thuật/khảo sát hoặc nguồn công bố trực tiếp.,PL3_2025_DongThap_old,4. PL3 - danh muc cong .pdf,GATE_MASTER_2026-10-02,False
PL3-1772,Cống ngầm Ô16,,,,,UNKNOWN,False,Giữ trống tọa độ để tránh tạo điểm giả; cần GIS kỹ thuật/khảo sát hoặc nguồn công bố trực tiếp.,PL3_2025_DongThap_old,4. PL3 - danh muc cong .pdf,GATE_MASTER_2026-10-02,False
PL3-1773,Cống ngầm Ô17,,,,,UNKNOWN,False,Giữ trống tọa độ để tránh tạo điểm giả; cần GIS kỹ thuật/khảo sát hoặc nguồn công bố trực tiếp.,PL3_2025_DongThap_old,4. PL3 - danh muc cong .pdf,GATE_MASTER_2026-10-02,False
PL3-1774,Cống ngầm Ô1 (cống Mười Lục)cống ngang ông Tám Hữu,,,,,UNKNOWN,False,Giữ trống tọa độ để tránh tạo điểm giả; cần GIS kỹ thuật/khảo sát hoặc nguồn công bố trực tiếp.,PL3_2025_DongThap_old,4. PL3 - danh muc cong .pdf,GATE_MASTER_2026-10-02,False
PL3-1775,"Cống ngầm Ô2 (cống Tám Quận, cống ngầm Ông Tắc, cống ngầm ông Tám Hữu)",,,,,UNKNOWN,False,Giữ trống tọa độ để tránh tạo điểm giả; cần GIS kỹ thuật/khảo sát hoặc nguồn công bố trực tiếp.,PL3_2025_DongThap_old,4. PL3 - danh muc cong .pdf,GATE_MASTER_2026-10-02,False
PL3-1776,"Cống ngầm Ô3 (cống ông Năm, Cống cả lách, Cống Út Hà, Cống Ông Sáu Dẩu )",,,,,UNKNOWN,False,Giữ trống tọa độ để tránh tạo điểm giả; cần GIS kỹ thuật/khảo sát hoặc nguồn công bố trực tiếp.,PL3_2025_DongThap_old,4. PL3 - danh muc cong .pdf,GATE_MASTER_2026-10-02,False
PL3-1777,"Cống ngầm Ô9 (cống ông Út Sị, cống ông Bảy Tẻn",,,,,UNKNOWN,False,Giữ trống tọa độ để tránh tạo điểm giả; cần GIS kỹ thuật/khảo sát hoặc nguồn công bố trực tiếp.,PL3_2025_DongThap_old,4. PL3 - danh muc cong .pdf,GATE_MASTER_2026-10-02,False
PL3-1778,"Cồng ngầm thủy lợi Bà Thắm, ô HTX số 1",,,,,UNKNOWN,False,Giữ trống tọa độ để tránh tạo điểm giả; cần GIS kỹ thuật/khảo sát hoặc nguồn công bố trực tiếp.,PL3_2025_DongThap_old,4. PL3 - danh muc cong .pdf,GATE_MASTER_2026-10-02,False
PL3-1779,cống ngầm ông Hải Ô 45,,,,,UNKNOWN,False,Giữ trống tọa độ để tránh tạo điểm giả; cần GIS kỹ thuật/khảo sát hoặc nguồn công bố trực tiếp.,PL3_2025_DongThap_old,4. PL3 - danh muc cong .pdf,GATE_MASTER_2026-10-02,False
PL3-1780,cống ngầm Út Thảo Ô5,,,,,UNKNOWN,False,Giữ trống tọa độ để tránh tạo điểm giả; cần GIS kỹ thuật/khảo sát hoặc nguồn công bố trực tiếp.,PL3_2025_DongThap_old,4. PL3 - danh muc cong .pdf,GATE_MASTER_2026-10-02,False
PL3-1781,cống Ngầm Miểu ô cồn Hến,,,,,UNKNOWN,False,Giữ trống tọa độ để tránh tạo điểm giả; cần GIS kỹ thuật/khảo sát hoặc nguồn công bố trực tiếp.,PL3_2025_DongThap_old,4. PL3 - danh muc cong .pdf,GATE_MASTER_2026-10-02,False
PL3-1782,"Cống Ngầm Ba Hoa, cống Hai Gọn,cống Hai Còn, Cống hang Hổ , Cống Tư Hồng, cống ngã Đồng ô HTX số 2",,,,,UNKNOWN,False,Giữ trống tọa độ để tránh tạo điểm giả; cần GIS kỹ thuật/khảo sát hoặc nguồn công bố trực tiếp.,PL3_2025_DongThap_old,4. PL3 - danh muc cong .pdf,GATE_MASTER_2026-10-02,False
PL3-1783,Cống Ngầm Mười Lạc Ô5,,,,,UNKNOWN,False,Giữ trống tọa độ để tránh tạo điểm giả; cần GIS kỹ thuật/khảo sát hoặc nguồn công bố trực tiếp.,PL3_2025_DongThap_old,4. PL3 - danh muc cong .pdf,GATE_MASTER_2026-10-02,False
PL3-1784,cống ngầm Ô 28,,,,,UNKNOWN,False,Giữ trống tọa độ để tránh tạo điểm giả; cần GIS kỹ thuật/khảo sát hoặc nguồn công bố trực tiếp.,PL3_2025_DongThap_old,4. PL3 - danh muc cong .pdf,GATE_MASTER_2026-10-02,False
PL3-1785,cống ngầm Ô Hai hượt,,,,,UNKNOWN,False,Giữ trống tọa độ để tránh tạo điểm giả; cần GIS kỹ thuật/khảo sát hoặc nguồn công bố trực tiếp.,PL3_2025_DongThap_old,4. PL3 - danh muc cong .pdf,GATE_MASTER_2026-10-02,False
PL3-1786,cống ngầm Ô 7,,,,,UNKNOWN,False,Giữ trống tọa độ để tránh tạo điểm giả; cần GIS kỹ thuật/khảo sát hoặc nguồn công bố trực tiếp.,PL3_2025_DongThap_old,4. PL3 - danh muc cong .pdf,GATE_MASTER_2026-10-02,False
PL3-1787,Cống ngầm Ô 1,,,,,UNKNOWN,False,Giữ trống tọa độ để tránh tạo điểm giả; cần GIS kỹ thuật/khảo sát hoặc nguồn công bố trực tiếp.,PL3_2025_DongThap_old,4. PL3 - danh muc cong .pdf,GATE_MASTER_2026-10-02,False
PL3-1788,Cống ngầm Ô 2,,,,,UNKNOWN,False,Giữ trống tọa độ để tránh tạo điểm giả; cần GIS kỹ thuật/khảo sát hoặc nguồn công bố trực tiếp.,PL3_2025_DongThap_old,4. PL3 - danh muc cong .pdf,GATE_MASTER_2026-10-02,False
PL3-1789,Cống ngầm Ô 3,,,,,UNKNOWN,False,Giữ trống tọa độ để tránh tạo điểm giả; cần GIS kỹ thuật/khảo sát hoặc nguồn công bố trực tiếp.,PL3_2025_DongThap_old,4. PL3 - danh muc cong .pdf,GATE_MASTER_2026-10-02,False
PL3-1790,Cống ngầm Ô4,,,,,UNKNOWN,False,Giữ trống tọa độ để tránh tạo điểm giả; cần GIS kỹ thuật/khảo sát hoặc nguồn công bố trực tiếp.,PL3_2025_DongThap_old,4. PL3 - danh muc cong .pdf,GATE_MASTER_2026-10-02,False
PL3-1791,Cống ngầm Ô5,,,,,UNKNOWN,False,Giữ trống tọa độ để tránh tạo điểm giả; cần GIS kỹ thuật/khảo sát hoặc nguồn công bố trực tiếp.,PL3_2025_DongThap_old,4. PL3 - danh muc cong .pdf,GATE_MASTER_2026-10-02,False
PL3-1792,Cống ngầm Ô6,,,,,UNKNOWN,False,Giữ trống tọa độ để tránh tạo điểm giả; cần GIS kỹ thuật/khảo sát hoặc nguồn công bố trực tiếp.,PL3_2025_DongThap_old,4. PL3 - danh muc cong .pdf,GATE_MASTER_2026-10-02,False
PL3-1793,Cống ngầm Ô7,,,,,UNKNOWN,False,Giữ trống tọa độ để tránh tạo điểm giả; cần GIS kỹ thuật/khảo sát hoặc nguồn công bố trực tiếp.,PL3_2025_DongThap_old,4. PL3 - danh muc cong .pdf,GATE_MASTER_2026-10-02,False
PL3-1794,Cống ngầm Ô8,,,,,UNKNOWN,False,Giữ trống tọa độ để tránh tạo điểm giả; cần GIS kỹ thuật/khảo sát hoặc nguồn công bố trực tiếp.,PL3_2025_DongThap_old,4. PL3 - danh muc cong .pdf,GATE_MASTER_2026-10-02,False
PL3-1795,Cống ngầm Ô9,,,,,UNKNOWN,False,Giữ trống tọa độ để tránh tạo điểm giả; cần GIS kỹ thuật/khảo sát hoặc nguồn công bố trực tiếp.,PL3_2025_DongThap_old,4. PL3 - danh muc cong .pdf,GATE_MASTER_2026-10-02,False
PL3-1796,Cống ngầm Ô10,,,,,UNKNOWN,False,Giữ trống tọa độ để tránh tạo điểm giả; cần GIS kỹ thuật/khảo sát hoặc nguồn công bố trực tiếp.,PL3_2025_DongThap_old,4. PL3 - danh muc cong .pdf,GATE_MASTER_2026-10-02,False
PL3-1797,Cống ngầm Ô11,,,,,UNKNOWN,False,Giữ trống tọa độ để tránh tạo điểm giả; cần GIS kỹ thuật/khảo sát hoặc nguồn công bố trực tiếp.,PL3_2025_DongThap_old,4. PL3 - danh muc cong .pdf,GATE_MASTER_2026-10-02,False
PL3-1798,Cống ngầm Ô12,,,,,UNKNOWN,False,Giữ trống tọa độ để tránh tạo điểm giả; cần GIS kỹ thuật/khảo sát hoặc nguồn công bố trực tiếp.,PL3_2025_DongThap_old,4. PL3 - danh muc cong .pdf,GATE_MASTER_2026-10-02,False
PL3-1799,Cống ngầm Ô13,,,,,UNKNOWN,False,Giữ trống tọa độ để tránh tạo điểm giả; cần GIS kỹ thuật/khảo sát hoặc nguồn công bố trực tiếp.,PL3_2025_DongThap_old,4. PL3 - danh muc cong .pdf,GATE_MASTER_2026-10-02,False
PL3-1800,Cống ngầm Ô14,,,,,UNKNOWN,False,Giữ trống tọa độ để tránh tạo điểm giả; cần GIS kỹ thuật/khảo sát hoặc nguồn công bố trực tiếp.,PL3_2025_DongThap_old,4. PL3 - danh muc cong .pdf,GATE_MASTER_2026-10-02,False
PL3-1801,Cống ngầm Ô15,,,,,UNKNOWN,False,Giữ trống tọa độ để tránh tạo điểm giả; cần GIS kỹ thuật/khảo sát hoặc nguồn công bố trực tiếp.,PL3_2025_DongThap_old,4. PL3 - danh muc cong .pdf,GATE_MASTER_2026-10-02,False
PL3-1802,Cống ngầm Ô16,,,,,UNKNOWN,False,Giữ trống tọa độ để tránh tạo điểm giả; cần GIS kỹ thuật/khảo sát hoặc nguồn công bố trực tiếp.,PL3_2025_DongThap_old,4. PL3 - danh muc cong .pdf,GATE_MASTER_2026-10-02,False
PL3-1803,"Cống ngầm Ô 1,2,3,4 (cống thủy lợi Ngưu sơn, mương lộ Lò rèn, Thủy lợi 5 Phủ, mương lộ 846)",,,,,UNKNOWN,False,Giữ trống tọa độ để tránh tạo điểm giả; cần GIS kỹ thuật/khảo sát hoặc nguồn công bố trực tiếp.,PL3_2025_DongThap_old,4. PL3 - danh muc cong .pdf,GATE_MASTER_2026-10-02,False
PL3-1804,"Cống ngầm Ô 13,14,Tự Lực (cống Rạch Ưu Trẹc, Mương lộ ĐT 856)",,,,,UNKNOWN,False,Giữ trống tọa độ để tránh tạo điểm giả; cần GIS kỹ thuật/khảo sát hoặc nguồn công bố trực tiếp.,PL3_2025_DongThap_old,4. PL3 - danh muc cong .pdf,GATE_MASTER_2026-10-02,False
PL3-1805,"Cống ngầm Ô 10,11,12, Ông Quỳ (cống mương Ông Quỳ, Thuỷ lợi 2 Nguyên, Thuỷ lợi 5 Hiệp, Thuỷ lợi 4 Ổi)",,,,,UNKNOWN,False,Giữ trống tọa độ để tránh tạo điểm giả; cần GIS kỹ thuật/khảo sát hoặc nguồn công bố trực tiếp.,PL3_2025_DongThap_old,4. PL3 - danh muc cong .pdf,GATE_MASTER_2026-10-02,False
PL3-1806,Cống ngầm Ô Cả Oanh,,,,,UNKNOWN,False,Giữ trống tọa độ để tránh tạo điểm giả; cần GIS kỹ thuật/khảo sát hoặc nguồn công bố trực tiếp.,PL3_2025_DongThap_old,4. PL3 - danh muc cong .pdf,GATE_MASTER_2026-10-02,False
PL3-1807,"Cống ngầm Ô 8,9 (cống mương Trâu nhỏ, rạch Cả Mây)",,,,,UNKNOWN,False,Giữ trống tọa độ để tránh tạo điểm giả; cần GIS kỹ thuật/khảo sát hoặc nguồn công bố trực tiếp.,PL3_2025_DongThap_old,4. PL3 - danh muc cong .pdf,GATE_MASTER_2026-10-02,False
PL3-1808,"Cống ngầm Ô 6,7 (cống Thuỷ lợi 2 Sang, Thủy lợi Út Phước, Thuỷ lợi liên Xã)",,,,,UNKNOWN,False,Giữ trống tọa độ để tránh tạo điểm giả; cần GIS kỹ thuật/khảo sát hoặc nguồn công bố trực tiếp.,PL3_2025_DongThap_old,4. PL3 - danh muc cong .pdf,GATE_MASTER_2026-10-02,False
PL3-1809,Cống ngầm HTX số 1,,,,,UNKNOWN,False,Giữ trống tọa độ để tránh tạo điểm giả; cần GIS kỹ thuật/khảo sát hoặc nguồn công bố trực tiếp.,PL3_2025_DongThap_old,4. PL3 - danh muc cong .pdf,GATE_MASTER_2026-10-02,False
PL3-1810,Cống ngầm Ô2,,,,,UNKNOWN,False,Giữ trống tọa độ để tránh tạo điểm giả; cần GIS kỹ thuật/khảo sát hoặc nguồn công bố trực tiếp.,PL3_2025_DongThap_old,4. PL3 - danh muc cong .pdf,GATE_MASTER_2026-10-02,False
PL3-1811,Cống ngầm Ô3,,,,,UNKNOWN,False,Giữ trống tọa độ để tránh tạo điểm giả; cần GIS kỹ thuật/khảo sát hoặc nguồn công bố trực tiếp.,PL3_2025_DongThap_old,4. PL3 - danh muc cong .pdf,GATE_MASTER_2026-10-02,False
PL3-1812,Cống ngầm Ô 4AB,,,,,UNKNOWN,False,Giữ trống tọa độ để tránh tạo điểm giả; cần GIS kỹ thuật/khảo sát hoặc nguồn công bố trực tiếp.,PL3_2025_DongThap_old,4. PL3 - danh muc cong .pdf,GATE_MASTER_2026-10-02,False
PL3-1813,Cống ngầm Ô 5,,,,,UNKNOWN,False,Giữ trống tọa độ để tránh tạo điểm giả; cần GIS kỹ thuật/khảo sát hoặc nguồn công bố trực tiếp.,PL3_2025_DongThap_old,4. PL3 - danh muc cong .pdf,GATE_MASTER_2026-10-02,False
PL3-1814,Cống ngầm Ô 6,,,,,UNKNOWN,False,Giữ trống tọa độ để tránh tạo điểm giả; cần GIS kỹ thuật/khảo sát hoặc nguồn công bố trực tiếp.,PL3_2025_DongThap_old,4. PL3 - danh muc cong .pdf,GATE_MASTER_2026-10-02,False
PL3-1815,Cống ngầm Ô 7,,,,,UNKNOWN,False,Giữ trống tọa độ để tránh tạo điểm giả; cần GIS kỹ thuật/khảo sát hoặc nguồn công bố trực tiếp.,PL3_2025_DongThap_old,4. PL3 - danh muc cong .pdf,GATE_MASTER_2026-10-02,False
PL3-1816,Cống ngầm Ô 8,,,,,UNKNOWN,False,Giữ trống tọa độ để tránh tạo điểm giả; cần GIS kỹ thuật/khảo sát hoặc nguồn công bố trực tiếp.,PL3_2025_DongThap_old,4. PL3 - danh muc cong .pdf,GATE_MASTER_2026-10-02,False
PL3-1817,Cống ngầm Ô 9,,,,,UNKNOWN,False,Giữ trống tọa độ để tránh tạo điểm giả; cần GIS kỹ thuật/khảo sát hoặc nguồn công bố trực tiếp.,PL3_2025_DongThap_old,4. PL3 - danh muc cong .pdf,GATE_MASTER_2026-10-02,False
PL3-1818,Cống ngầm Ô 10,,,,,UNKNOWN,False,Giữ trống tọa độ để tránh tạo điểm giả; cần GIS kỹ thuật/khảo sát hoặc nguồn công bố trực tiếp.,PL3_2025_DongThap_old,4. PL3 - danh muc cong .pdf,GATE_MASTER_2026-10-02,False
PL3-1819,Cống ngầm Ô 11,,,,,UNKNOWN,False,Giữ trống tọa độ để tránh tạo điểm giả; cần GIS kỹ thuật/khảo sát hoặc nguồn công bố trực tiếp.,PL3_2025_DongThap_old,4. PL3 - danh muc cong .pdf,GATE_MASTER_2026-10-02,False
PL3-1820,Cống ngầm Ô 12,,,,,UNKNOWN,False,Giữ trống tọa độ để tránh tạo điểm giả; cần GIS kỹ thuật/khảo sát hoặc nguồn công bố trực tiếp.,PL3_2025_DongThap_old,4. PL3 - danh muc cong .pdf,GATE_MASTER_2026-10-02,False
PL3-1821,Cống hở Ô 13 + 35,,,,,UNKNOWN,False,Giữ trống tọa độ để tránh tạo điểm giả; cần GIS kỹ thuật/khảo sát hoặc nguồn công bố trực tiếp.,PL3_2025_DongThap_old,4. PL3 - danh muc cong .pdf,GATE_MASTER_2026-10-02,False
PL3-1822,Cống ngầm Ô 14,,,,,UNKNOWN,False,Giữ trống tọa độ để tránh tạo điểm giả; cần GIS kỹ thuật/khảo sát hoặc nguồn công bố trực tiếp.,PL3_2025_DongThap_old,4. PL3 - danh muc cong .pdf,GATE_MASTER_2026-10-02,False
PL3-1823,Cống ngầm Ô 15,,,,,UNKNOWN,False,Giữ trống tọa độ để tránh tạo điểm giả; cần GIS kỹ thuật/khảo sát hoặc nguồn công bố trực tiếp.,PL3_2025_DongThap_old,4. PL3 - danh muc cong .pdf,GATE_MASTER_2026-10-02,False
PL3-1824,Cống ngầm Ô 16,,,,,UNKNOWN,False,Giữ trống tọa độ để tránh tạo điểm giả; cần GIS kỹ thuật/khảo sát hoặc nguồn công bố trực tiếp.,PL3_2025_DongThap_old,4. PL3 - danh muc cong .pdf,GATE_MASTER_2026-10-02,False
PL3-1825,Cống ngầm HTX QT (Ô 17+36+32),,,,,UNKNOWN,False,Giữ trống tọa độ để tránh tạo điểm giả; cần GIS kỹ thuật/khảo sát hoặc nguồn công bố trực tiếp.,PL3_2025_DongThap_old,4. PL3 - danh muc cong .pdf,GATE_MASTER_2026-10-02,False
PL3-1826,Cống ngầm Ô 18,,,,,UNKNOWN,False,Giữ trống tọa độ để tránh tạo điểm giả; cần GIS kỹ thuật/khảo sát hoặc nguồn công bố trực tiếp.,PL3_2025_DongThap_old,4. PL3 - danh muc cong .pdf,GATE_MASTER_2026-10-02,False
PL3-1827,Cống ngầm Ô 19,,,,,UNKNOWN,False,Giữ trống tọa độ để tránh tạo điểm giả; cần GIS kỹ thuật/khảo sát hoặc nguồn công bố trực tiếp.,PL3_2025_DongThap_old,4. PL3 - danh muc cong .pdf,GATE_MASTER_2026-10-02,False
PL3-1828,Cống ngầm Ô 20,,,,,UNKNOWN,False,Giữ trống tọa độ để tránh tạo điểm giả; cần GIS kỹ thuật/khảo sát hoặc nguồn công bố trực tiếp.,PL3_2025_DongThap_old,4. PL3 - danh muc cong .pdf,GATE_MASTER_2026-10-02,False
PL3-1829,Cống ngầm Ô 21,,,,,UNKNOWN,False,Giữ trống tọa độ để tránh tạo điểm giả; cần GIS kỹ thuật/khảo sát hoặc nguồn công bố trực tiếp.,PL3_2025_DongThap_old,4. PL3 - danh muc cong .pdf,GATE_MASTER_2026-10-02,False
PL3-1830,Cống ngầm Ô 22,,,,,UNKNOWN,False,Giữ trống tọa độ để tránh tạo điểm giả; cần GIS kỹ thuật/khảo sát hoặc nguồn công bố trực tiếp.,PL3_2025_DongThap_old,4. PL3 - danh muc cong .pdf,GATE_MASTER_2026-10-02,False
PL3-1831,Cống ngầm Ô 23,,,,,UNKNOWN,False,Giữ trống tọa độ để tránh tạo điểm giả; cần GIS kỹ thuật/khảo sát hoặc nguồn công bố trực tiếp.,PL3_2025_DongThap_old,4. PL3 - danh muc cong .pdf,GATE_MASTER_2026-10-02,False
PL3-1832,Cống ngầm Ô 24,,,,,UNKNOWN,False,Giữ trống tọa độ để tránh tạo điểm giả; cần GIS kỹ thuật/khảo sát hoặc nguồn công bố trực tiếp.,PL3_2025_DongThap_old,4. PL3 - danh muc cong .pdf,GATE_MASTER_2026-10-02,False
PL3-1833,Cống ngầm Ô 25AB,,,,,UNKNOWN,False,Giữ trống tọa độ để tránh tạo điểm giả; cần GIS kỹ thuật/khảo sát hoặc nguồn công bố trực tiếp.,PL3_2025_DongThap_old,4. PL3 - danh muc cong .pdf,GATE_MASTER_2026-10-02,False
PL3-1834,Cống ngầm Ô 26,,,,,UNKNOWN,False,Giữ trống tọa độ để tránh tạo điểm giả; cần GIS kỹ thuật/khảo sát hoặc nguồn công bố trực tiếp.,PL3_2025_DongThap_old,4. PL3 - danh muc cong .pdf,GATE_MASTER_2026-10-02,False
PL3-1835,Cống ngầm Ô 27,,,,,UNKNOWN,False,Giữ trống tọa độ để tránh tạo điểm giả; cần GIS kỹ thuật/khảo sát hoặc nguồn công bố trực tiếp.,PL3_2025_DongThap_old,4. PL3 - danh muc cong .pdf,GATE_MASTER_2026-10-02,False
PL3-1836,Cống ngầm Ô 28,,,,,UNKNOWN,False,Giữ trống tọa độ để tránh tạo điểm giả; cần GIS kỹ thuật/khảo sát hoặc nguồn công bố trực tiếp.,PL3_2025_DongThap_old,4. PL3 - danh muc cong .pdf,GATE_MASTER_2026-10-02,False
PL3-1837,Cống ngầm Ô 29,,,,,UNKNOWN,False,Giữ trống tọa độ để tránh tạo điểm giả; cần GIS kỹ thuật/khảo sát hoặc nguồn công bố trực tiếp.,PL3_2025_DongThap_old,4. PL3 - danh muc cong .pdf,GATE_MASTER_2026-10-02,False
PL3-1838,Cống ngầm Ô 30,,,,,UNKNOWN,False,Giữ trống tọa độ để tránh tạo điểm giả; cần GIS kỹ thuật/khảo sát hoặc nguồn công bố trực tiếp.,PL3_2025_DongThap_old,4. PL3 - danh muc cong .pdf,GATE_MASTER_2026-10-02,False
PL3-1839,Cống ngầm Ô 31,,,,,UNKNOWN,False,Giữ trống tọa độ để tránh tạo điểm giả; cần GIS kỹ thuật/khảo sát hoặc nguồn công bố trực tiếp.,PL3_2025_DongThap_old,4. PL3 - danh muc cong .pdf,GATE_MASTER_2026-10-02,False
PL3-1840,Cống ngầm Ô 33,,,,,UNKNOWN,False,Giữ trống tọa độ để tránh tạo điểm giả; cần GIS kỹ thuật/khảo sát hoặc nguồn công bố trực tiếp.,PL3_2025_DongThap_old,4. PL3 - danh muc cong .pdf,GATE_MASTER_2026-10-02,False
PL3-1841,Cống ngầm Ô 34,,,,,UNKNOWN,False,Giữ trống tọa độ để tránh tạo điểm giả; cần GIS kỹ thuật/khảo sát hoặc nguồn công bố trực tiếp.,PL3_2025_DongThap_old,4. PL3 - danh muc cong .pdf,GATE_MASTER_2026-10-02,False
PL3-1842,Cống ngầm Ô 37,,,,,UNKNOWN,False,Giữ trống tọa độ để tránh tạo điểm giả; cần GIS kỹ thuật/khảo sát hoặc nguồn công bố trực tiếp.,PL3_2025_DongThap_old,4. PL3 - danh muc cong .pdf,GATE_MASTER_2026-10-02,False
PL3-1843,Cống ngầm Ô 38,,,,,UNKNOWN,False,Giữ trống tọa độ để tránh tạo điểm giả; cần GIS kỹ thuật/khảo sát hoặc nguồn công bố trực tiếp.,PL3_2025_DongThap_old,4. PL3 - danh muc cong .pdf,GATE_MASTER_2026-10-02,False
PL3-1844,Cống ngầm Ô 39,,,,,UNKNOWN,False,Giữ trống tọa độ để tránh tạo điểm giả; cần GIS kỹ thuật/khảo sát hoặc nguồn công bố trực tiếp.,PL3_2025_DongThap_old,4. PL3 - danh muc cong .pdf,GATE_MASTER_2026-10-02,False
PL3-1845,Cống ngầm Ô 40,,,,,UNKNOWN,False,Giữ trống tọa độ để tránh tạo điểm giả; cần GIS kỹ thuật/khảo sát hoặc nguồn công bố trực tiếp.,PL3_2025_DongThap_old,4. PL3 - danh muc cong .pdf,GATE_MASTER_2026-10-02,False
PL3-1846,Cống ngầm Ô1,,,,,UNKNOWN,False,Giữ trống tọa độ để tránh tạo điểm giả; cần GIS kỹ thuật/khảo sát hoặc nguồn công bố trực tiếp.,PL3_2025_DongThap_old,4. PL3 - danh muc cong .pdf,GATE_MASTER_2026-10-02,False
PL3-1847,Cống ngầm Ô2,,,,,UNKNOWN,False,Giữ trống tọa độ để tránh tạo điểm giả; cần GIS kỹ thuật/khảo sát hoặc nguồn công bố trực tiếp.,PL3_2025_DongThap_old,4. PL3 - danh muc cong .pdf,GATE_MASTER_2026-10-02,False
PL3-1848,Cống ngầm Ô3,,,,,UNKNOWN,False,Giữ trống tọa độ để tránh tạo điểm giả; cần GIS kỹ thuật/khảo sát hoặc nguồn công bố trực tiếp.,PL3_2025_DongThap_old,4. PL3 - danh muc cong .pdf,GATE_MASTER_2026-10-02,False
PL3-1849,Cống ngầm Ô4,,,,,UNKNOWN,False,Giữ trống tọa độ để tránh tạo điểm giả; cần GIS kỹ thuật/khảo sát hoặc nguồn công bố trực tiếp.,PL3_2025_DongThap_old,4. PL3 - danh muc cong .pdf,GATE_MASTER_2026-10-02,False
PL3-1850,Cống ngầm Ô5,,,,,UNKNOWN,False,Giữ trống tọa độ để tránh tạo điểm giả; cần GIS kỹ thuật/khảo sát hoặc nguồn công bố trực tiếp.,PL3_2025_DongThap_old,4. PL3 - danh muc cong .pdf,GATE_MASTER_2026-10-02,False
PL3-1851,Cống ngầm Ô6,,,,,UNKNOWN,False,Giữ trống tọa độ để tránh tạo điểm giả; cần GIS kỹ thuật/khảo sát hoặc nguồn công bố trực tiếp.,PL3_2025_DongThap_old,4. PL3 - danh muc cong .pdf,GATE_MASTER_2026-10-02,False
PL3-1852,Cống ngầm Ô7,,,,,UNKNOWN,False,Giữ trống tọa độ để tránh tạo điểm giả; cần GIS kỹ thuật/khảo sát hoặc nguồn công bố trực tiếp.,PL3_2025_DongThap_old,4. PL3 - danh muc cong .pdf,GATE_MASTER_2026-10-02,False
PL3-1853,Cống ngầm Ô2 (cống Kênh Năm Cụt),,,,,UNKNOWN,False,Giữ trống tọa độ để tránh tạo điểm giả; cần GIS kỹ thuật/khảo sát hoặc nguồn công bố trực tiếp.,PL3_2025_DongThap_old,4. PL3 - danh muc cong .pdf,GATE_MASTER_2026-10-02,False
PL3-1854,"Cống ngầm Ô 3A (cống TL 500, 100)",,,,,UNKNOWN,False,Giữ trống tọa độ để tránh tạo điểm giả; cần GIS kỹ thuật/khảo sát hoặc nguồn công bố trực tiếp.,PL3_2025_DongThap_old,4. PL3 - danh muc cong .pdf,GATE_MASTER_2026-10-02,False
PL3-1855,Cống ngầm Ô3 B(cống Thuỷ lợi 500),,,,,UNKNOWN,False,Giữ trống tọa độ để tránh tạo điểm giả; cần GIS kỹ thuật/khảo sát hoặc nguồn công bố trực tiếp.,PL3_2025_DongThap_old,4. PL3 - danh muc cong .pdf,GATE_MASTER_2026-10-02,False
PL3-1856,"Cống ngầm Ô 5 (cống cống TL 500, 1000)",,,,,UNKNOWN,False,Giữ trống tọa độ để tránh tạo điểm giả; cần GIS kỹ thuật/khảo sát hoặc nguồn công bố trực tiếp.,PL3_2025_DongThap_old,4. PL3 - danh muc cong .pdf,GATE_MASTER_2026-10-02,False
PL3-1857,"Cống ngầm Ô 8 (cống cống Thuỷ lợi 500, 1000)",,,,,UNKNOWN,False,Giữ trống tọa độ để tránh tạo điểm giả; cần GIS kỹ thuật/khảo sát hoặc nguồn công bố trực tiếp.,PL3_2025_DongThap_old,4. PL3 - danh muc cong .pdf,GATE_MASTER_2026-10-02,False
PL3-1858,Cống ngầm Ô 9 (cống Thuỷ Lợi 500),,,,,UNKNOWN,False,Giữ trống tọa độ để tránh tạo điểm giả; cần GIS kỹ thuật/khảo sát hoặc nguồn công bố trực tiếp.,PL3_2025_DongThap_old,4. PL3 - danh muc cong .pdf,GATE_MASTER_2026-10-02,False
PL3-1859,Cống ngầm Ô 10 (cống Thủy lợi 500),,,,,UNKNOWN,False,Giữ trống tọa độ để tránh tạo điểm giả; cần GIS kỹ thuật/khảo sát hoặc nguồn công bố trực tiếp.,PL3_2025_DongThap_old,4. PL3 - danh muc cong .pdf,GATE_MASTER_2026-10-02,False
PL3-1860,Cống ngầm Ô 11 (cống Xáng xéo),,,,,UNKNOWN,False,Giữ trống tọa độ để tránh tạo điểm giả; cần GIS kỹ thuật/khảo sát hoặc nguồn công bố trực tiếp.,PL3_2025_DongThap_old,4. PL3 - danh muc cong .pdf,GATE_MASTER_2026-10-02,False
PL3-1861,Cống ngầm Ô1,,,,,UNKNOWN,False,Giữ trống tọa độ để tránh tạo điểm giả; cần GIS kỹ thuật/khảo sát hoặc nguồn công bố trực tiếp.,PL3_2025_DongThap_old,4. PL3 - danh muc cong .pdf,GATE_MASTER_2026-10-02,False
PL3-1862,Cống ngầm Ô2,,,,,UNKNOWN,False,Giữ trống tọa độ để tránh tạo điểm giả; cần GIS kỹ thuật/khảo sát hoặc nguồn công bố trực tiếp.,PL3_2025_DongThap_old,4. PL3 - danh muc cong .pdf,GATE_MASTER_2026-10-02,False
PL3-1863,Cống Ô3,,,,,UNKNOWN,False,Giữ trống tọa độ để tránh tạo điểm giả; cần GIS kỹ thuật/khảo sát hoặc nguồn công bố trực tiếp.,PL3_2025_DongThap_old,4. PL3 - danh muc cong .pdf,GATE_MASTER_2026-10-02,False
PL3-1864,Cống Ô6,,,,,UNKNOWN,False,Giữ trống tọa độ để tránh tạo điểm giả; cần GIS kỹ thuật/khảo sát hoặc nguồn công bố trực tiếp.,PL3_2025_DongThap_old,4. PL3 - danh muc cong .pdf,GATE_MASTER_2026-10-02,False
PL3-1865,Cống rạch cây Gáo,,,,,UNKNOWN,False,Giữ trống tọa độ để tránh tạo điểm giả; cần GIS kỹ thuật/khảo sát hoặc nguồn công bố trực tiếp.,PL3_2025_DongThap_old,4. PL3 - danh muc cong .pdf,GATE_MASTER_2026-10-02,False
PL3-1866,"Cống ngầm Ô 1 (Cống Thủy Lợi, Cống 7 Kiện, Cống 4 Trắc)",,,,,UNKNOWN,False,Giữ trống tọa độ để tránh tạo điểm giả; cần GIS kỹ thuật/khảo sát hoặc nguồn công bố trực tiếp.,PL3_2025_DongThap_old,4. PL3 - danh muc cong .pdf,GATE_MASTER_2026-10-02,False
PL3-1867,"Cống ngầm Ô11+17 (Cống 2 Cử, Cống Út Biển, Cống 5 Thúi, Cống 3 Hạnh, Cống 4 Lù)",,,,,UNKNOWN,False,Giữ trống tọa độ để tránh tạo điểm giả; cần GIS kỹ thuật/khảo sát hoặc nguồn công bố trực tiếp.,PL3_2025_DongThap_old,4. PL3 - danh muc cong .pdf,GATE_MASTER_2026-10-02,False
PL3-1868,"Cống ngầm Ô 5 (Cống 6 Nin, 6 Xã, 2 Dước, 7 Huê)",,,,,UNKNOWN,False,Giữ trống tọa độ để tránh tạo điểm giả; cần GIS kỹ thuật/khảo sát hoặc nguồn công bố trực tiếp.,PL3_2025_DongThap_old,4. PL3 - danh muc cong .pdf,GATE_MASTER_2026-10-02,False
PL3-1869,Cống ngầm Ô 7 (2 cống Thuỷ Lợi),,,,,UNKNOWN,False,Giữ trống tọa độ để tránh tạo điểm giả; cần GIS kỹ thuật/khảo sát hoặc nguồn công bố trực tiếp.,PL3_2025_DongThap_old,4. PL3 - danh muc cong .pdf,GATE_MASTER_2026-10-02,False
PL3-1870,Cống ngầm Ô 22 (2 cống Thuỷ Lợi),,,,,UNKNOWN,False,Giữ trống tọa độ để tránh tạo điểm giả; cần GIS kỹ thuật/khảo sát hoặc nguồn công bố trực tiếp.,PL3_2025_DongThap_old,4. PL3 - danh muc cong .pdf,GATE_MASTER_2026-10-02,False
PL3-1871,"Cống ngầm Ô 8 (Cống 6 Hòa, Cống 3 Hơn, Cống 2 Liêm, Cống 6 Sang, Cống 6 Mau, Cống 6 Xót, C. Út Kiết)",,,,,UNKNOWN,False,Giữ trống tọa độ để tránh tạo điểm giả; cần GIS kỹ thuật/khảo sát hoặc nguồn công bố trực tiếp.,PL3_2025_DongThap_old,4. PL3 - danh muc cong .pdf,GATE_MASTER_2026-10-02,False
PL3-1872,"Cống ngầm Ô 21 (cống 2 Giếng, Cống 4 Sáng)",,,,,UNKNOWN,False,Giữ trống tọa độ để tránh tạo điểm giả; cần GIS kỹ thuật/khảo sát hoặc nguồn công bố trực tiếp.,PL3_2025_DongThap_old,4. PL3 - danh muc cong .pdf,GATE_MASTER_2026-10-02,False
PL3-1873,"Cống ngầm Ô 6 (Cống 5 Vui, Cống 4 Khương, Cống út Nhịn)",,,,,UNKNOWN,False,Giữ trống tọa độ để tránh tạo điểm giả; cần GIS kỹ thuật/khảo sát hoặc nguồn công bố trực tiếp.,PL3_2025_DongThap_old,4. PL3 - danh muc cong .pdf,GATE_MASTER_2026-10-02,False
PL3-1874,"Cống ngầm ô 19 (Cống 5 Quang, Cống 7 Tây, cống 10 Mêm, 2 Hậu, cống Thủy Lợi)",,,,,UNKNOWN,False,Giữ trống tọa độ để tránh tạo điểm giả; cần GIS kỹ thuật/khảo sát hoặc nguồn công bố trực tiếp.,PL3_2025_DongThap_old,4. PL3 - danh muc cong .pdf,GATE_MASTER_2026-10-02,False
PL3-1875,Cống ngầm ô 11+17 (Cống Hai Cử),,,,,UNKNOWN,False,Giữ trống tọa độ để tránh tạo điểm giả; cần GIS kỹ thuật/khảo sát hoặc nguồn công bố trực tiếp.,PL3_2025_DongThap_old,4. PL3 - danh muc cong .pdf,GATE_MASTER_2026-10-02,False
PL3-1876,Cống ngầm Ô1+7,,,,,UNKNOWN,False,Giữ trống tọa độ để tránh tạo điểm giả; cần GIS kỹ thuật/khảo sát hoặc nguồn công bố trực tiếp.,PL3_2025_DongThap_old,4. PL3 - danh muc cong .pdf,GATE_MASTER_2026-10-02,False
PL3-1877,Cống ngầm Ô2,,,,,UNKNOWN,False,Giữ trống tọa độ để tránh tạo điểm giả; cần GIS kỹ thuật/khảo sát hoặc nguồn công bố trực tiếp.,PL3_2025_DongThap_old,4. PL3 - danh muc cong .pdf,GATE_MASTER_2026-10-02,False
PL3-1878,Cống ngầm Ô3,,,,,UNKNOWN,False,Giữ trống tọa độ để tránh tạo điểm giả; cần GIS kỹ thuật/khảo sát hoặc nguồn công bố trực tiếp.,PL3_2025_DongThap_old,4. PL3 - danh muc cong .pdf,GATE_MASTER_2026-10-02,False
PL3-1879,Cống ngầm Ô 4,,,,,UNKNOWN,False,Giữ trống tọa độ để tránh tạo điểm giả; cần GIS kỹ thuật/khảo sát hoặc nguồn công bố trực tiếp.,PL3_2025_DongThap_old,4. PL3 - danh muc cong .pdf,GATE_MASTER_2026-10-02,False
PL3-1880,Cống hở Ô8,,,,,UNKNOWN,False,Giữ trống tọa độ để tránh tạo điểm giả; cần GIS kỹ thuật/khảo sát hoặc nguồn công bố trực tiếp.,PL3_2025_DongThap_old,4. PL3 - danh muc cong .pdf,GATE_MASTER_2026-10-02,False
PL3-1881,Cống ngầm Ô1,,,,,UNKNOWN,False,Giữ trống tọa độ để tránh tạo điểm giả; cần GIS kỹ thuật/khảo sát hoặc nguồn công bố trực tiếp.,PL3_2025_DongThap_old,4. PL3 - danh muc cong .pdf,GATE_MASTER_2026-10-02,False
PL3-1882,Cống ngầm Ô2,,,,,UNKNOWN,False,Giữ trống tọa độ để tránh tạo điểm giả; cần GIS kỹ thuật/khảo sát hoặc nguồn công bố trực tiếp.,PL3_2025_DongThap_old,4. PL3 - danh muc cong .pdf,GATE_MASTER_2026-10-02,False
PL3-1883,cống ngầm Ô Mương Trâu,,,,,UNKNOWN,False,Giữ trống tọa độ để tránh tạo điểm giả; cần GIS kỹ thuật/khảo sát hoặc nguồn công bố trực tiếp.,PL3_2025_DongThap_old,4. PL3 - danh muc cong .pdf,GATE_MASTER_2026-10-02,False
PL3-1884,Côống ngầm Ô ông địa,,,,,UNKNOWN,False,Giữ trống tọa độ để tránh tạo điểm giả; cần GIS kỹ thuật/khảo sát hoặc nguồn công bố trực tiếp.,PL3_2025_DongThap_old,4. PL3 - danh muc cong .pdf,GATE_MASTER_2026-10-02,False
PL3-1885,Cống ngầm Ô9,,,,,UNKNOWN,False,Giữ trống tọa độ để tránh tạo điểm giả; cần GIS kỹ thuật/khảo sát hoặc nguồn công bố trực tiếp.,PL3_2025_DongThap_old,4. PL3 - danh muc cong .pdf,GATE_MASTER_2026-10-02,False
PL3-1886,cống ngầm Ô5,,,,,UNKNOWN,False,Giữ trống tọa độ để tránh tạo điểm giả; cần GIS kỹ thuật/khảo sát hoặc nguồn công bố trực tiếp.,PL3_2025_DongThap_old,4. PL3 - danh muc cong .pdf,GATE_MASTER_2026-10-02,False
PL3-1887,cống ngầm Ô6,,,,,UNKNOWN,False,Giữ trống tọa độ để tránh tạo điểm giả; cần GIS kỹ thuật/khảo sát hoặc nguồn công bố trực tiếp.,PL3_2025_DongThap_old,4. PL3 - danh muc cong .pdf,GATE_MASTER_2026-10-02,False
PL3-1888,cống ngầm Ô8,,,,,UNKNOWN,False,Giữ trống tọa độ để tránh tạo điểm giả; cần GIS kỹ thuật/khảo sát hoặc nguồn công bố trực tiếp.,PL3_2025_DongThap_old,4. PL3 - danh muc cong .pdf,GATE_MASTER_2026-10-02,False
PL3-1889,Cống ngầm Ô Miếu bà,,,,,UNKNOWN,False,Giữ trống tọa độ để tránh tạo điểm giả; cần GIS kỹ thuật/khảo sát hoặc nguồn công bố trực tiếp.,PL3_2025_DongThap_old,4. PL3 - danh muc cong .pdf,GATE_MASTER_2026-10-02,False
PL3-1890,Cống ngầm Ô Tre đôi,,,,,UNKNOWN,False,Giữ trống tọa độ để tránh tạo điểm giả; cần GIS kỹ thuật/khảo sát hoặc nguồn công bố trực tiếp.,PL3_2025_DongThap_old,4. PL3 - danh muc cong .pdf,GATE_MASTER_2026-10-02,False
PL3-1891,Cống ngầm Ô 10,,,,,UNKNOWN,False,Giữ trống tọa độ để tránh tạo điểm giả; cần GIS kỹ thuật/khảo sát hoặc nguồn công bố trực tiếp.,PL3_2025_DongThap_old,4. PL3 - danh muc cong .pdf,GATE_MASTER_2026-10-02,False
PL3-1892,Cống ngầm Ô 11,,,,,UNKNOWN,False,Giữ trống tọa độ để tránh tạo điểm giả; cần GIS kỹ thuật/khảo sát hoặc nguồn công bố trực tiếp.,PL3_2025_DongThap_old,4. PL3 - danh muc cong .pdf,GATE_MASTER_2026-10-02,False
PL3-1893,Cống ngầm Ô1 (cống Bà Tri),,,,,UNKNOWN,False,Giữ trống tọa độ để tránh tạo điểm giả; cần GIS kỹ thuật/khảo sát hoặc nguồn công bố trực tiếp.,PL3_2025_DongThap_old,4. PL3 - danh muc cong .pdf,GATE_MASTER_2026-10-02,False
PL3-1894,Cống ngầm Ô3 (cống Bé Hai),,,,,UNKNOWN,False,Giữ trống tọa độ để tránh tạo điểm giả; cần GIS kỹ thuật/khảo sát hoặc nguồn công bố trực tiếp.,PL3_2025_DongThap_old,4. PL3 - danh muc cong .pdf,GATE_MASTER_2026-10-02,False
PL3-1895,Cống ngầm Ô3 (cống Bảy Mới),,,,,UNKNOWN,False,Giữ trống tọa độ để tránh tạo điểm giả; cần GIS kỹ thuật/khảo sát hoặc nguồn công bố trực tiếp.,PL3_2025_DongThap_old,4. PL3 - danh muc cong .pdf,GATE_MASTER_2026-10-02,False
PL3-1896,Cống ngầm Ô 4 (cống Mương Ranh),,,,,UNKNOWN,False,Giữ trống tọa độ để tránh tạo điểm giả; cần GIS kỹ thuật/khảo sát hoặc nguồn công bố trực tiếp.,PL3_2025_DongThap_old,4. PL3 - danh muc cong .pdf,GATE_MASTER_2026-10-02,False
PL3-1897,Cống ngầm Ô 5 (cống Bé Cụt),,,,,UNKNOWN,False,Giữ trống tọa độ để tránh tạo điểm giả; cần GIS kỹ thuật/khảo sát hoặc nguồn công bố trực tiếp.,PL3_2025_DongThap_old,4. PL3 - danh muc cong .pdf,GATE_MASTER_2026-10-02,False
PL3-1898,"Cống ngầm Ô1 (cống: Rạch Chùa, Vựa Lúa, Bà Đào, Út Triển, Long Tế, Hai Cu, Sáu Định, Năm Ní)",,,,,UNKNOWN,False,Giữ trống tọa độ để tránh tạo điểm giả; cần GIS kỹ thuật/khảo sát hoặc nguồn công bố trực tiếp.,PL3_2025_DongThap_old,4. PL3 - danh muc cong .pdf,GATE_MASTER_2026-10-02,False
PL3-1899,"Cống ngầm Ô2 (cống: Thuỷ Lợi, Cả Đôi, Ba Hồ, Mương lộ)",,,,,UNKNOWN,False,Giữ trống tọa độ để tránh tạo điểm giả; cần GIS kỹ thuật/khảo sát hoặc nguồn công bố trực tiếp.,PL3_2025_DongThap_old,4. PL3 - danh muc cong .pdf,GATE_MASTER_2026-10-02,False
PL3-1900,"Cống ngầm Ô3 (cống: Năm Bìa, Bảy Tèo, Chín Niềm)",,,,,UNKNOWN,False,Giữ trống tọa độ để tránh tạo điểm giả; cần GIS kỹ thuật/khảo sát hoặc nguồn công bố trực tiếp.,PL3_2025_DongThap_old,4. PL3 - danh muc cong .pdf,GATE_MASTER_2026-10-02,False
PL3-1901,"Cống ngầm Ô4 (cống: Hai Tính, Lò Gạch, Tư Lễ)",,,,,UNKNOWN,False,Giữ trống tọa độ để tránh tạo điểm giả; cần GIS kỹ thuật/khảo sát hoặc nguồn công bố trực tiếp.,PL3_2025_DongThap_old,4. PL3 - danh muc cong .pdf,GATE_MASTER_2026-10-02,False
PL3-1902,Cống ngầm Ô5 (cống Mương Bà Tư),,,,,UNKNOWN,False,Giữ trống tọa độ để tránh tạo điểm giả; cần GIS kỹ thuật/khảo sát hoặc nguồn công bố trực tiếp.,PL3_2025_DongThap_old,4. PL3 - danh muc cong .pdf,GATE_MASTER_2026-10-02,False
PL3-1903,Cống ngầm Ô1,,,,,UNKNOWN,False,Giữ trống tọa độ để tránh tạo điểm giả; cần GIS kỹ thuật/khảo sát hoặc nguồn công bố trực tiếp.,PL3_2025_DongThap_old,4. PL3 - danh muc cong .pdf,GATE_MASTER_2026-10-02,False
PL3-1904,Cống ngầm Ô2,,,,,UNKNOWN,False,Giữ trống tọa độ để tránh tạo điểm giả; cần GIS kỹ thuật/khảo sát hoặc nguồn công bố trực tiếp.,PL3_2025_DongThap_old,4. PL3 - danh muc cong .pdf,GATE_MASTER_2026-10-02,False
PL3-1905,Cống ngầm Ô 5+7,,,,,UNKNOWN,False,Giữ trống tọa độ để tránh tạo điểm giả; cần GIS kỹ thuật/khảo sát hoặc nguồn công bố trực tiếp.,PL3_2025_DongThap_old,4. PL3 - danh muc cong .pdf,GATE_MASTER_2026-10-02,False
PL3-1906,Cống ngầm Ô10,,,,,UNKNOWN,False,Giữ trống tọa độ để tránh tạo điểm giả; cần GIS kỹ thuật/khảo sát hoặc nguồn công bố trực tiếp.,PL3_2025_DongThap_old,4. PL3 - danh muc cong .pdf,GATE_MASTER_2026-10-02,False
PL3-1907,Cống ngầm Ô6,,,,,UNKNOWN,False,Giữ trống tọa độ để tránh tạo điểm giả; cần GIS kỹ thuật/khảo sát hoặc nguồn công bố trực tiếp.,PL3_2025_DongThap_old,4. PL3 - danh muc cong .pdf,GATE_MASTER_2026-10-02,False
PL3-1908,Cống ngầm Ô8 lở,,,,,UNKNOWN,False,Giữ trống tọa độ để tránh tạo điểm giả; cần GIS kỹ thuật/khảo sát hoặc nguồn công bố trực tiếp.,PL3_2025_DongThap_old,4. PL3 - danh muc cong .pdf,GATE_MASTER_2026-10-02,False
PL3-1909,Cống ngầm Ô 8 a,,,,,UNKNOWN,False,Giữ trống tọa độ để tránh tạo điểm giả; cần GIS kỹ thuật/khảo sát hoặc nguồn công bố trực tiếp.,PL3_2025_DongThap_old,4. PL3 - danh muc cong .pdf,GATE_MASTER_2026-10-02,False
PL3-1910,Cống ngầm Ô4,,,,,UNKNOWN,False,Giữ trống tọa độ để tránh tạo điểm giả; cần GIS kỹ thuật/khảo sát hoặc nguồn công bố trực tiếp.,PL3_2025_DongThap_old,4. PL3 - danh muc cong .pdf,GATE_MASTER_2026-10-02,False
PL3-1911,Cống ngầm Ô12,,,,,UNKNOWN,False,Giữ trống tọa độ để tránh tạo điểm giả; cần GIS kỹ thuật/khảo sát hoặc nguồn công bố trực tiếp.,PL3_2025_DongThap_old,4. PL3 - danh muc cong .pdf,GATE_MASTER_2026-10-02,False
PL3-1912,Cống ngầm Ô liên xã,,,,,UNKNOWN,False,Giữ trống tọa độ để tránh tạo điểm giả; cần GIS kỹ thuật/khảo sát hoặc nguồn công bố trực tiếp.,PL3_2025_DongThap_old,4. PL3 - danh muc cong .pdf,GATE_MASTER_2026-10-02,False
PL3-1913,Cống ngầm ÔHTX,,,,,UNKNOWN,False,Giữ trống tọa độ để tránh tạo điểm giả; cần GIS kỹ thuật/khảo sát hoặc nguồn công bố trực tiếp.,PL3_2025_DongThap_old,4. PL3 - danh muc cong .pdf,GATE_MASTER_2026-10-02,False
PL3-1914,Cống ngầm Ô1,,,,,UNKNOWN,False,Giữ trống tọa độ để tránh tạo điểm giả; cần GIS kỹ thuật/khảo sát hoặc nguồn công bố trực tiếp.,PL3_2025_DongThap_old,4. PL3 - danh muc cong .pdf,GATE_MASTER_2026-10-02,False
PL3-1915,Cống ngầm Ô3+4,,,,,UNKNOWN,False,Giữ trống tọa độ để tránh tạo điểm giả; cần GIS kỹ thuật/khảo sát hoặc nguồn công bố trực tiếp.,PL3_2025_DongThap_old,4. PL3 - danh muc cong .pdf,GATE_MASTER_2026-10-02,False
PL3-1916,Cống ngầm Ô6,,,,,UNKNOWN,False,Giữ trống tọa độ để tránh tạo điểm giả; cần GIS kỹ thuật/khảo sát hoặc nguồn công bố trực tiếp.,PL3_2025_DongThap_old,4. PL3 - danh muc cong .pdf,GATE_MASTER_2026-10-02,False
PL3-1917,Cống ngầm Ô7,,,,,UNKNOWN,False,Giữ trống tọa độ để tránh tạo điểm giả; cần GIS kỹ thuật/khảo sát hoặc nguồn công bố trực tiếp.,PL3_2025_DongThap_old,4. PL3 - danh muc cong .pdf,GATE_MASTER_2026-10-02,False
PL3-1918,Cống ngầm Ô8,,,,,UNKNOWN,False,Giữ trống tọa độ để tránh tạo điểm giả; cần GIS kỹ thuật/khảo sát hoặc nguồn công bố trực tiếp.,PL3_2025_DongThap_old,4. PL3 - danh muc cong .pdf,GATE_MASTER_2026-10-02,False
PL3-1919,Cống ngầm Ô9,,,,,UNKNOWN,False,Giữ trống tọa độ để tránh tạo điểm giả; cần GIS kỹ thuật/khảo sát hoặc nguồn công bố trực tiếp.,PL3_2025_DongThap_old,4. PL3 - danh muc cong .pdf,GATE_MASTER_2026-10-02,False
PL3-1920,Cống ngầm Ô4,,,,,UNKNOWN,False,Giữ trống tọa độ để tránh tạo điểm giả; cần GIS kỹ thuật/khảo sát hoặc nguồn công bố trực tiếp.,PL3_2025_DongThap_old,4. PL3 - danh muc cong .pdf,GATE_MASTER_2026-10-02,False
PL3-1921,Cống ngầm Ô5,,,,,UNKNOWN,False,Giữ trống tọa độ để tránh tạo điểm giả; cần GIS kỹ thuật/khảo sát hoặc nguồn công bố trực tiếp.,PL3_2025_DongThap_old,4. PL3 - danh muc cong .pdf,GATE_MASTER_2026-10-02,False
PL3-1922,Cống ngầm Ô13,,,,,UNKNOWN,False,Giữ trống tọa độ để tránh tạo điểm giả; cần GIS kỹ thuật/khảo sát hoặc nguồn công bố trực tiếp.,PL3_2025_DongThap_old,4. PL3 - danh muc cong .pdf,GATE_MASTER_2026-10-02,False
PL3-1923,Cống ngầm Ô14,,,,,UNKNOWN,False,Giữ trống tọa độ để tránh tạo điểm giả; cần GIS kỹ thuật/khảo sát hoặc nguồn công bố trực tiếp.,PL3_2025_DongThap_old,4. PL3 - danh muc cong .pdf,GATE_MASTER_2026-10-02,False
PL3-1924,Cống ngầm Ô Vườn,,,,,UNKNOWN,False,Giữ trống tọa độ để tránh tạo điểm giả; cần GIS kỹ thuật/khảo sát hoặc nguồn công bố trực tiếp.,PL3_2025_DongThap_old,4. PL3 - danh muc cong .pdf,GATE_MASTER_2026-10-02,False
PL3-1925,Cống ngầm Ô Lâm Vồ,,,,,UNKNOWN,False,Giữ trống tọa độ để tránh tạo điểm giả; cần GIS kỹ thuật/khảo sát hoặc nguồn công bố trực tiếp.,PL3_2025_DongThap_old,4. PL3 - danh muc cong .pdf,GATE_MASTER_2026-10-02,False
PL3-1926,Cống ngầm Ô1,,,,,UNKNOWN,False,Giữ trống tọa độ để tránh tạo điểm giả; cần GIS kỹ thuật/khảo sát hoặc nguồn công bố trực tiếp.,PL3_2025_DongThap_old,4. PL3 - danh muc cong .pdf,GATE_MASTER_2026-10-02,False
PL3-1927,Cống ngầm Ô2,,,,,UNKNOWN,False,Giữ trống tọa độ để tránh tạo điểm giả; cần GIS kỹ thuật/khảo sát hoặc nguồn công bố trực tiếp.,PL3_2025_DongThap_old,4. PL3 - danh muc cong .pdf,GATE_MASTER_2026-10-02,False
PL3-1928,Cống ngầm Ô3,,,,,UNKNOWN,False,Giữ trống tọa độ để tránh tạo điểm giả; cần GIS kỹ thuật/khảo sát hoặc nguồn công bố trực tiếp.,PL3_2025_DongThap_old,4. PL3 - danh muc cong .pdf,GATE_MASTER_2026-10-02,False
PL3-1929,Cống ngầm Ô4,,,,,UNKNOWN,False,Giữ trống tọa độ để tránh tạo điểm giả; cần GIS kỹ thuật/khảo sát hoặc nguồn công bố trực tiếp.,PL3_2025_DongThap_old,4. PL3 - danh muc cong .pdf,GATE_MASTER_2026-10-02,False
PL3-1930,Cống ngầm Ô5,,,,,UNKNOWN,False,Giữ trống tọa độ để tránh tạo điểm giả; cần GIS kỹ thuật/khảo sát hoặc nguồn công bố trực tiếp.,PL3_2025_DongThap_old,4. PL3 - danh muc cong .pdf,GATE_MASTER_2026-10-02,False
PL3-1931,Cống ngầm Ô6,,,,,UNKNOWN,False,Giữ trống tọa độ để tránh tạo điểm giả; cần GIS kỹ thuật/khảo sát hoặc nguồn công bố trực tiếp.,PL3_2025_DongThap_old,4. PL3 - danh muc cong .pdf,GATE_MASTER_2026-10-02,False
PL3-1932,Cống ngầm Ô7,,,,,UNKNOWN,False,Giữ trống tọa độ để tránh tạo điểm giả; cần GIS kỹ thuật/khảo sát hoặc nguồn công bố trực tiếp.,PL3_2025_DongThap_old,4. PL3 - danh muc cong .pdf,GATE_MASTER_2026-10-02,False
PL3-1933,Cống ngầm Ô8,,,,,UNKNOWN,False,Giữ trống tọa độ để tránh tạo điểm giả; cần GIS kỹ thuật/khảo sát hoặc nguồn công bố trực tiếp.,PL3_2025_DongThap_old,4. PL3 - danh muc cong .pdf,GATE_MASTER_2026-10-02,False
PL3-1934,Cống ngầm Ô9+10,,,,,UNKNOWN,False,Giữ trống tọa độ để tránh tạo điểm giả; cần GIS kỹ thuật/khảo sát hoặc nguồn công bố trực tiếp.,PL3_2025_DongThap_old,4. PL3 - danh muc cong .pdf,GATE_MASTER_2026-10-02,False
PL3-1935,"Cống ngầm Ô2+3+4,...9 (cống Út Bồi, Ba Mỏng)",,,,,UNKNOWN,False,Giữ trống tọa độ để tránh tạo điểm giả; cần GIS kỹ thuật/khảo sát hoặc nguồn công bố trực tiếp.,PL3_2025_DongThap_old,4. PL3 - danh muc cong .pdf,GATE_MASTER_2026-10-02,False
PL3-1936,"Cống ngầm Ô10+11+12,...17 (cống Hai Đằng)",,,,,UNKNOWN,False,Giữ trống tọa độ để tránh tạo điểm giả; cần GIS kỹ thuật/khảo sát hoặc nguồn công bố trực tiếp.,PL3_2025_DongThap_old,4. PL3 - danh muc cong .pdf,GATE_MASTER_2026-10-02,False
PL3-1937,"Cống ngầm Ô31+32 (cống Tư Ly, cống Sáu Quân)",,,,,UNKNOWN,False,Giữ trống tọa độ để tránh tạo điểm giả; cần GIS kỹ thuật/khảo sát hoặc nguồn công bố trực tiếp.,PL3_2025_DongThap_old,4. PL3 - danh muc cong .pdf,GATE_MASTER_2026-10-02,False
PL3-1938,Cống ngầm Ô1,,,,,UNKNOWN,False,Giữ trống tọa độ để tránh tạo điểm giả; cần GIS kỹ thuật/khảo sát hoặc nguồn công bố trực tiếp.,PL3_2025_DongThap_old,4. PL3 - danh muc cong .pdf,GATE_MASTER_2026-10-02,False
PL3-1939,Cống ngầm Ô 2,,,,,UNKNOWN,False,Giữ trống tọa độ để tránh tạo điểm giả; cần GIS kỹ thuật/khảo sát hoặc nguồn công bố trực tiếp.,PL3_2025_DongThap_old,4. PL3 - danh muc cong .pdf,GATE_MASTER_2026-10-02,False
PL3-1940,Cống hở Ô3+Ô 4,,,,,UNKNOWN,False,Giữ trống tọa độ để tránh tạo điểm giả; cần GIS kỹ thuật/khảo sát hoặc nguồn công bố trực tiếp.,PL3_2025_DongThap_old,4. PL3 - danh muc cong .pdf,GATE_MASTER_2026-10-02,False
PL3-1941,Cống ngầm Ô 7,,,,,UNKNOWN,False,Giữ trống tọa độ để tránh tạo điểm giả; cần GIS kỹ thuật/khảo sát hoặc nguồn công bố trực tiếp.,PL3_2025_DongThap_old,4. PL3 - danh muc cong .pdf,GATE_MASTER_2026-10-02,False
PL3-1942,Cống ngầm Ô 6+10,,,,,UNKNOWN,False,Giữ trống tọa độ để tránh tạo điểm giả; cần GIS kỹ thuật/khảo sát hoặc nguồn công bố trực tiếp.,PL3_2025_DongThap_old,4. PL3 - danh muc cong .pdf,GATE_MASTER_2026-10-02,False
PL3-1943,Cống ngầm Ô15,,,,,UNKNOWN,False,Giữ trống tọa độ để tránh tạo điểm giả; cần GIS kỹ thuật/khảo sát hoặc nguồn công bố trực tiếp.,PL3_2025_DongThap_old,4. PL3 - danh muc cong .pdf,GATE_MASTER_2026-10-02,False
PL3-1944,Cống ngầm Ô 14,,,,,UNKNOWN,False,Giữ trống tọa độ để tránh tạo điểm giả; cần GIS kỹ thuật/khảo sát hoặc nguồn công bố trực tiếp.,PL3_2025_DongThap_old,4. PL3 - danh muc cong .pdf,GATE_MASTER_2026-10-02,False
PL3-1945,Cống ngầm Ô BT-ML,,,,,UNKNOWN,False,Giữ trống tọa độ để tránh tạo điểm giả; cần GIS kỹ thuật/khảo sát hoặc nguồn công bố trực tiếp.,PL3_2025_DongThap_old,4. PL3 - danh muc cong .pdf,GATE_MASTER_2026-10-02,False
PL3-1946,Cống ngầm Ô 25,,,,,UNKNOWN,False,Giữ trống tọa độ để tránh tạo điểm giả; cần GIS kỹ thuật/khảo sát hoặc nguồn công bố trực tiếp.,PL3_2025_DongThap_old,4. PL3 - danh muc cong .pdf,GATE_MASTER_2026-10-02,False
PL3-1947,Cống ngầm Ô1 (cống Lũy),,,,,UNKNOWN,False,Giữ trống tọa độ để tránh tạo điểm giả; cần GIS kỹ thuật/khảo sát hoặc nguồn công bố trực tiếp.,PL3_2025_DongThap_old,4. PL3 - danh muc cong .pdf,GATE_MASTER_2026-10-02,False
PL3-1948,"Cống ngầm Ô3 (cống Lò Than, ông Mười, kênh Ranh)",,,,,UNKNOWN,False,Giữ trống tọa độ để tránh tạo điểm giả; cần GIS kỹ thuật/khảo sát hoặc nguồn công bố trực tiếp.,PL3_2025_DongThap_old,4. PL3 - danh muc cong .pdf,GATE_MASTER_2026-10-02,False
PL3-1949,Cống ngầm Ô 4 (cống kênh Ranh),,,,,UNKNOWN,False,Giữ trống tọa độ để tránh tạo điểm giả; cần GIS kỹ thuật/khảo sát hoặc nguồn công bố trực tiếp.,PL3_2025_DongThap_old,4. PL3 - danh muc cong .pdf,GATE_MASTER_2026-10-02,False
PL3-1950,Cống ngầm Ô6 (cống thủy lợi 1/5),,,,,UNKNOWN,False,Giữ trống tọa độ để tránh tạo điểm giả; cần GIS kỹ thuật/khảo sát hoặc nguồn công bố trực tiếp.,PL3_2025_DongThap_old,4. PL3 - danh muc cong .pdf,GATE_MASTER_2026-10-02,False
PL3-1951,Cống ngầm Ô7 ( cống 3 Dồi ),,,,,UNKNOWN,False,Giữ trống tọa độ để tránh tạo điểm giả; cần GIS kỹ thuật/khảo sát hoặc nguồn công bố trực tiếp.,PL3_2025_DongThap_old,4. PL3 - danh muc cong .pdf,GATE_MASTER_2026-10-02,False
PL3-1952,Cống ngầm Ô8 (cống thủy lợi 2 Thành),,,,,UNKNOWN,False,Giữ trống tọa độ để tránh tạo điểm giả; cần GIS kỹ thuật/khảo sát hoặc nguồn công bố trực tiếp.,PL3_2025_DongThap_old,4. PL3 - danh muc cong .pdf,GATE_MASTER_2026-10-02,False
PL3-1953,Cống ngầm Ô9 (cống 7 Điện ),,,,,UNKNOWN,False,Giữ trống tọa độ để tránh tạo điểm giả; cần GIS kỹ thuật/khảo sát hoặc nguồn công bố trực tiếp.,PL3_2025_DongThap_old,4. PL3 - danh muc cong .pdf,GATE_MASTER_2026-10-02,False
PL3-1954,Cống ngầm Ô 10 ( cống 4 Trình),,,,,UNKNOWN,False,Giữ trống tọa độ để tránh tạo điểm giả; cần GIS kỹ thuật/khảo sát hoặc nguồn công bố trực tiếp.,PL3_2025_DongThap_old,4. PL3 - danh muc cong .pdf,GATE_MASTER_2026-10-02,False
PL3-1955,Cống ngầm Ô11 (cống 3 Chẩn),,,,,UNKNOWN,False,Giữ trống tọa độ để tránh tạo điểm giả; cần GIS kỹ thuật/khảo sát hoặc nguồn công bố trực tiếp.,PL3_2025_DongThap_old,4. PL3 - danh muc cong .pdf,GATE_MASTER_2026-10-02,False
PL3-1956,"Cống ngầm Ô 12 (cống 6 Lẽo, Hai Kỹ )",,,,,UNKNOWN,False,Giữ trống tọa độ để tránh tạo điểm giả; cần GIS kỹ thuật/khảo sát hoặc nguồn công bố trực tiếp.,PL3_2025_DongThap_old,4. PL3 - danh muc cong .pdf,GATE_MASTER_2026-10-02,False
PL3-1957,"Cống ngầm Ô13 (Út Tèo, kênh Ranh)",,,,,UNKNOWN,False,Giữ trống tọa độ để tránh tạo điểm giả; cần GIS kỹ thuật/khảo sát hoặc nguồn công bố trực tiếp.,PL3_2025_DongThap_old,4. PL3 - danh muc cong .pdf,GATE_MASTER_2026-10-02,False
PL3-1958,Cống ngầm Ô14 (cống Mương lộ 30),,,,,UNKNOWN,False,Giữ trống tọa độ để tránh tạo điểm giả; cần GIS kỹ thuật/khảo sát hoặc nguồn công bố trực tiếp.,PL3_2025_DongThap_old,4. PL3 - danh muc cong .pdf,GATE_MASTER_2026-10-02,False
PL3-1959,Cống ngầm Ô8 (Cống Thủy Lợi bờ Nam kênh AP-MH),,,,,UNKNOWN,False,Giữ trống tọa độ để tránh tạo điểm giả; cần GIS kỹ thuật/khảo sát hoặc nguồn công bố trực tiếp.,PL3_2025_DongThap_old,4. PL3 - danh muc cong .pdf,GATE_MASTER_2026-10-02,False
PL3-1960,CốngngầmÔ7+Ô14 (CốngKênh ranh bờ Nam kênh AP-MH),,,,,UNKNOWN,False,Giữ trống tọa độ để tránh tạo điểm giả; cần GIS kỹ thuật/khảo sát hoặc nguồn công bố trực tiếp.,PL3_2025_DongThap_old,4. PL3 - danh muc cong .pdf,GATE_MASTER_2026-10-02,False
PL3-1961,Cống ngầm Ô1 (Cống Thủy Lợi bờ Nam kênh AP-MH),,,,,UNKNOWN,False,Giữ trống tọa độ để tránh tạo điểm giả; cần GIS kỹ thuật/khảo sát hoặc nguồn công bố trực tiếp.,PL3_2025_DongThap_old,4. PL3 - danh muc cong .pdf,GATE_MASTER_2026-10-02,False
PL3-1962,Cống ngầm Ô1 + Ô Năm Thượng,,,,,UNKNOWN,False,Giữ trống tọa độ để tránh tạo điểm giả; cần GIS kỹ thuật/khảo sát hoặc nguồn công bố trực tiếp.,PL3_2025_DongThap_old,4. PL3 - danh muc cong .pdf,GATE_MASTER_2026-10-02,False
PL3-1963,Cống ngầm Ô HTX (cống Bảy Thước),,,,,UNKNOWN,False,Giữ trống tọa độ để tránh tạo điểm giả; cần GIS kỹ thuật/khảo sát hoặc nguồn công bố trực tiếp.,PL3_2025_DongThap_old,4. PL3 - danh muc cong .pdf,GATE_MASTER_2026-10-02,False
PL3-1964,Cống ngầmÔ6 (cống ThủyLợi 3 Thước),,,,,UNKNOWN,False,Giữ trống tọa độ để tránh tạo điểm giả; cần GIS kỹ thuật/khảo sát hoặc nguồn công bố trực tiếp.,PL3_2025_DongThap_old,4. PL3 - danh muc cong .pdf,GATE_MASTER_2026-10-02,False
PL3-1965,Cống ngầm Gáo Miểu,,,,,UNKNOWN,False,Giữ trống tọa độ để tránh tạo điểm giả; cần GIS kỹ thuật/khảo sát hoặc nguồn công bố trực tiếp.,PL3_2025_DongThap_old,4. PL3 - danh muc cong .pdf,GATE_MASTER_2026-10-02,False
PL3-1966,Cống ngầm Ô6 (cống TL Nghĩa Trang tuyến Cái Bèo),,,,,UNKNOWN,False,Giữ trống tọa độ để tránh tạo điểm giả; cần GIS kỹ thuật/khảo sát hoặc nguồn công bố trực tiếp.,PL3_2025_DongThap_old,4. PL3 - danh muc cong .pdf,GATE_MASTER_2026-10-02,False
PL3-1967,Cống ngầm Ô6 + Ô7(cống TL 1 tháng 5),,,,,UNKNOWN,False,Giữ trống tọa độ để tránh tạo điểm giả; cần GIS kỹ thuật/khảo sát hoặc nguồn công bố trực tiếp.,PL3_2025_DongThap_old,4. PL3 - danh muc cong .pdf,GATE_MASTER_2026-10-02,False
PL3-1968,Cống ngầm Ô37+ Ô38,,,,,UNKNOWN,False,Giữ trống tọa độ để tránh tạo điểm giả; cần GIS kỹ thuật/khảo sát hoặc nguồn công bố trực tiếp.,PL3_2025_DongThap_old,4. PL3 - danh muc cong .pdf,GATE_MASTER_2026-10-02,False
PL3-1969,Cống ngầm Cả Bịt (Ô5),,,,,UNKNOWN,False,Giữ trống tọa độ để tránh tạo điểm giả; cần GIS kỹ thuật/khảo sát hoặc nguồn công bố trực tiếp.,PL3_2025_DongThap_old,4. PL3 - danh muc cong .pdf,GATE_MASTER_2026-10-02,False
PL3-1970,Cống ngầm Ba Dừa,,,,,UNKNOWN,False,Giữ trống tọa độ để tránh tạo điểm giả; cần GIS kỹ thuật/khảo sát hoặc nguồn công bố trực tiếp.,PL3_2025_DongThap_old,4. PL3 - danh muc cong .pdf,GATE_MASTER_2026-10-02,False
PL3-1971,Cống ngầm Ô1 (Cống kênh Ba Thăng),,,,,UNKNOWN,False,Giữ trống tọa độ để tránh tạo điểm giả; cần GIS kỹ thuật/khảo sát hoặc nguồn công bố trực tiếp.,PL3_2025_DongThap_old,4. PL3 - danh muc cong .pdf,GATE_MASTER_2026-10-02,False
PL3-1972,Cống ngầm Ô9 (cống Út Tèo),,,,,UNKNOWN,False,Giữ trống tọa độ để tránh tạo điểm giả; cần GIS kỹ thuật/khảo sát hoặc nguồn công bố trực tiếp.,PL3_2025_DongThap_old,4. PL3 - danh muc cong .pdf,GATE_MASTER_2026-10-02,False
PL3-1973,Cống ngầm Ô6+Ô7 (cống rạch Bảy Thưa),,,,,UNKNOWN,False,Giữ trống tọa độ để tránh tạo điểm giả; cần GIS kỹ thuật/khảo sát hoặc nguồn công bố trực tiếp.,PL3_2025_DongThap_old,4. PL3 - danh muc cong .pdf,GATE_MASTER_2026-10-02,False
PL3-1974,Cống ngầm Tư Duyên (Ô350 ha),,,,,UNKNOWN,False,Giữ trống tọa độ để tránh tạo điểm giả; cần GIS kỹ thuật/khảo sát hoặc nguồn công bố trực tiếp.,PL3_2025_DongThap_old,4. PL3 - danh muc cong .pdf,GATE_MASTER_2026-10-02,False
PL3-1975,Cống ngầm kênh Tư (Ô350 ha),,,,,UNKNOWN,False,Giữ trống tọa độ để tránh tạo điểm giả; cần GIS kỹ thuật/khảo sát hoặc nguồn công bố trực tiếp.,PL3_2025_DongThap_old,4. PL3 - danh muc cong .pdf,GATE_MASTER_2026-10-02,False
PL3-1976,Cống ngầm Ô2 (tuyến kênh ranh giáp rạch Cỏ Bắc),,,,,UNKNOWN,False,Giữ trống tọa độ để tránh tạo điểm giả; cần GIS kỹ thuật/khảo sát hoặc nguồn công bố trực tiếp.,PL3_2025_DongThap_old,4. PL3 - danh muc cong .pdf,GATE_MASTER_2026-10-02,False
PL3-1977,Cống ngầm Ô2 (tuyến kênh ranh giáp rạch Bà Tùng),,,,,UNKNOWN,False,Giữ trống tọa độ để tránh tạo điểm giả; cần GIS kỹ thuật/khảo sát hoặc nguồn công bố trực tiếp.,PL3_2025_DongThap_old,4. PL3 - danh muc cong .pdf,GATE_MASTER_2026-10-02,False
PL3-1978,Cống ngầm kênh Ranh (Ô2),,,,,UNKNOWN,False,Giữ trống tọa độ để tránh tạo điểm giả; cần GIS kỹ thuật/khảo sát hoặc nguồn công bố trực tiếp.,PL3_2025_DongThap_old,4. PL3 - danh muc cong .pdf,GATE_MASTER_2026-10-02,False
PL3-1979,Cống ngầm Ô7 (cống Miễu Đôi),,,,,UNKNOWN,False,Giữ trống tọa độ để tránh tạo điểm giả; cần GIS kỹ thuật/khảo sát hoặc nguồn công bố trực tiếp.,PL3_2025_DongThap_old,4. PL3 - danh muc cong .pdf,GATE_MASTER_2026-10-02,False
PL3-1980,CốngngầmÔ1 (kênh Giữa)+ Ô2 (kênh APMH),,,,,UNKNOWN,False,Giữ trống tọa độ để tránh tạo điểm giả; cần GIS kỹ thuật/khảo sát hoặc nguồn công bố trực tiếp.,PL3_2025_DongThap_old,4. PL3 - danh muc cong .pdf,GATE_MASTER_2026-10-02,False
PL3-1981,Cống ngầm Ô8+Ô17 (02 cống tuyến Ba Vừng),,,,,UNKNOWN,False,Giữ trống tọa độ để tránh tạo điểm giả; cần GIS kỹ thuật/khảo sát hoặc nguồn công bố trực tiếp.,PL3_2025_DongThap_old,4. PL3 - danh muc cong .pdf,GATE_MASTER_2026-10-02,False
PL3-1982,Cống ngầmđường tổ 2 khómMỹ Phú Đất Liền,,,,,UNKNOWN,False,Giữ trống tọa độ để tránh tạo điểm giả; cần GIS kỹ thuật/khảo sát hoặc nguồn công bố trực tiếp.,PL3_2025_DongThap_old,4. PL3 - danh muc cong .pdf,GATE_MASTER_2026-10-02,False
PL3-1983,Cống ngầm Ô Ông Quỳ + Ô11 + Ô12 (cuối tuyến Tám Vạn),,,,,UNKNOWN,False,Giữ trống tọa độ để tránh tạo điểm giả; cần GIS kỹ thuật/khảo sát hoặc nguồn công bố trực tiếp.,PL3_2025_DongThap_old,4. PL3 - danh muc cong .pdf,GATE_MASTER_2026-10-02,False
PL3-1984,Cống ngầm Tư Luyện (Ô1),,,,,UNKNOWN,False,Giữ trống tọa độ để tránh tạo điểm giả; cần GIS kỹ thuật/khảo sát hoặc nguồn công bố trực tiếp.,PL3_2025_DongThap_old,4. PL3 - danh muc cong .pdf,GATE_MASTER_2026-10-02,False
PL3-1985,Cống ngầm Ô16 (tuyến bờ Nam Thầy Thuốc),,,,,UNKNOWN,False,Giữ trống tọa độ để tránh tạo điểm giả; cần GIS kỹ thuật/khảo sát hoặc nguồn công bố trực tiếp.,PL3_2025_DongThap_old,4. PL3 - danh muc cong .pdf,GATE_MASTER_2026-10-02,False
PL3-1986,Cống ngầm Ô6 (tuyến TL 1/5),,,,,UNKNOWN,False,Giữ trống tọa độ để tránh tạo điểm giả; cần GIS kỹ thuật/khảo sát hoặc nguồn công bố trực tiếp.,PL3_2025_DongThap_old,4. PL3 - danh muc cong .pdf,GATE_MASTER_2026-10-02,False
PL3-1987,Cống ngầm cây Dông (Ô3) tuyến bờ Bắc kênh NVT,,,,,UNKNOWN,False,Giữ trống tọa độ để tránh tạo điểm giả; cần GIS kỹ thuật/khảo sát hoặc nguồn công bố trực tiếp.,PL3_2025_DongThap_old,4. PL3 - danh muc cong .pdf,GATE_MASTER_2026-10-02,False
PL3-1988,Cống ngầm Ô39 tuyến bờ Bắc kênh NVT,,,,,UNKNOWN,False,Giữ trống tọa độ để tránh tạo điểm giả; cần GIS kỹ thuật/khảo sát hoặc nguồn công bố trực tiếp.,PL3_2025_DongThap_old,4. PL3 - danh muc cong .pdf,GATE_MASTER_2026-10-02,False
PL3-1989,CốngngầmBù Trinh Ô20 + 21 + 22 (trên tuyến Miễu Trắng - Ba Nối),,,,,UNKNOWN,False,Giữ trống tọa độ để tránh tạo điểm giả; cần GIS kỹ thuật/khảo sát hoặc nguồn công bố trực tiếp.,PL3_2025_DongThap_old,4. PL3 - danh muc cong .pdf,GATE_MASTER_2026-10-02,False
PL3-1990,"Cống ngầm Ô 8, kênh Nhà báo",,,,,UNKNOWN,False,Giữ trống tọa độ để tránh tạo điểm giả; cần GIS kỹ thuật/khảo sát hoặc nguồn công bố trực tiếp.,PL3_2025_DongThap_old,4. PL3 - danh muc cong .pdf,GATE_MASTER_2026-10-02,False
PL3-1991,Cống ngầm Hang Hổ (bờ Bắc kênh NVT),,,,,UNKNOWN,False,Giữ trống tọa độ để tránh tạo điểm giả; cần GIS kỹ thuật/khảo sát hoặc nguồn công bố trực tiếp.,PL3_2025_DongThap_old,4. PL3 - danh muc cong .pdf,GATE_MASTER_2026-10-02,False
PL3-1992,Cống ngầm Hai Còn (bờ Bắc kênh NVT),,,,,UNKNOWN,False,Giữ trống tọa độ để tránh tạo điểm giả; cần GIS kỹ thuật/khảo sát hoặc nguồn công bố trực tiếp.,PL3_2025_DongThap_old,4. PL3 - danh muc cong .pdf,GATE_MASTER_2026-10-02,False
PL3-1993,Cống ngầm Mười Đáp (bờ Bắc kênh NVT),,,,,UNKNOWN,False,Giữ trống tọa độ để tránh tạo điểm giả; cần GIS kỹ thuật/khảo sát hoặc nguồn công bố trực tiếp.,PL3_2025_DongThap_old,4. PL3 - danh muc cong .pdf,GATE_MASTER_2026-10-02,False
PL3-1994,CốngngầmBaHoa(bờBắckênh NVT),,,,,UNKNOWN,False,Giữ trống tọa độ để tránh tạo điểm giả; cần GIS kỹ thuật/khảo sát hoặc nguồn công bố trực tiếp.,PL3_2025_DongThap_old,4. PL3 - danh muc cong .pdf,GATE_MASTER_2026-10-02,False
PL3-1995,Cống ngầmÔ Bao số 10 (bờ Bắc kênh NVT),,,,,UNKNOWN,False,Giữ trống tọa độ để tránh tạo điểm giả; cần GIS kỹ thuật/khảo sát hoặc nguồn công bố trực tiếp.,PL3_2025_DongThap_old,4. PL3 - danh muc cong .pdf,GATE_MASTER_2026-10-02,False
PL3-1996,Cống ngầm Ô Bao số 9 (bờ Bắc kênh NVT),,,,,UNKNOWN,False,Giữ trống tọa độ để tránh tạo điểm giả; cần GIS kỹ thuật/khảo sát hoặc nguồn công bố trực tiếp.,PL3_2025_DongThap_old,4. PL3 - danh muc cong .pdf,GATE_MASTER_2026-10-02,False
PL3-1997,Cống ngầm Thủy lợi Út Mót (bờ Bắc kênh NVT),,,,,UNKNOWN,False,Giữ trống tọa độ để tránh tạo điểm giả; cần GIS kỹ thuật/khảo sát hoặc nguồn công bố trực tiếp.,PL3_2025_DongThap_old,4. PL3 - danh muc cong .pdf,GATE_MASTER_2026-10-02,False
PL3-1998,Cống ngầm Ô 6 (bờ Bắc kênh NVT),,,,,UNKNOWN,False,Giữ trống tọa độ để tránh tạo điểm giả; cần GIS kỹ thuật/khảo sát hoặc nguồn công bố trực tiếp.,PL3_2025_DongThap_old,4. PL3 - danh muc cong .pdf,GATE_MASTER_2026-10-02,False
PL3-1999,Cống ngầm Ô 2 (bờ Bắc kênh NVT),,,,,UNKNOWN,False,Giữ trống tọa độ để tránh tạo điểm giả; cần GIS kỹ thuật/khảo sát hoặc nguồn công bố trực tiếp.,PL3_2025_DongThap_old,4. PL3 - danh muc cong .pdf,GATE_MASTER_2026-10-02,False
PL3-2000,Cống ngầm Ô 1 (bờ Bắc kênh NVT),,,,,UNKNOWN,False,Giữ trống tọa độ để tránh tạo điểm giả; cần GIS kỹ thuật/khảo sát hoặc nguồn công bố trực tiếp.,PL3_2025_DongThap_old,4. PL3 - danh muc cong .pdf,GATE_MASTER_2026-10-02,False
PL3-2001,CốngngầmThủylợiđấtÔngTâm (bờ Bắc kênh NVT),,,,,UNKNOWN,False,Giữ trống tọa độ để tránh tạo điểm giả; cần GIS kỹ thuật/khảo sát hoặc nguồn công bố trực tiếp.,PL3_2025_DongThap_old,4. PL3 - danh muc cong .pdf,GATE_MASTER_2026-10-02,False
PL3-2002,Cống ngầm (bờ Bắc kênh NVT),,,,,UNKNOWN,False,Giữ trống tọa độ để tránh tạo điểm giả; cần GIS kỹ thuật/khảo sát hoặc nguồn công bố trực tiếp.,PL3_2025_DongThap_old,4. PL3 - danh muc cong .pdf,GATE_MASTER_2026-10-02,False
PL3-2003,Cống ngầm ô số 10 (Thủy lợi Mười Sanh),,,,,UNKNOWN,False,Giữ trống tọa độ để tránh tạo điểm giả; cần GIS kỹ thuật/khảo sát hoặc nguồn công bố trực tiếp.,PL3_2025_DongThap_old,4. PL3 - danh muc cong .pdf,GATE_MASTER_2026-10-02,False
PL3-2004,Cống ngầm 3 Hưng Ô 2 (GG-10 Tạ),,,,,UNKNOWN,False,Giữ trống tọa độ để tránh tạo điểm giả; cần GIS kỹ thuật/khảo sát hoặc nguồn công bố trực tiếp.,PL3_2025_DongThap_old,4. PL3 - danh muc cong .pdf,GATE_MASTER_2026-10-02,False
PL3-2005,"Cống ngầm Ô 5, kênh Hội",,,,,UNKNOWN,False,Giữ trống tọa độ để tránh tạo điểm giả; cần GIS kỹ thuật/khảo sát hoặc nguồn công bố trực tiếp.,PL3_2025_DongThap_old,4. PL3 - danh muc cong .pdf,GATE_MASTER_2026-10-02,False
PL3-2006,"Cống ngầm Ô 4, kênh Nhà Báo",,,,,UNKNOWN,False,Giữ trống tọa độ để tránh tạo điểm giả; cần GIS kỹ thuật/khảo sát hoặc nguồn công bố trực tiếp.,PL3_2025_DongThap_old,4. PL3 - danh muc cong .pdf,GATE_MASTER_2026-10-02,False
PL3-2007,Cống ngầm 4 Thước (Ô Lung Môn),,,,,UNKNOWN,False,Giữ trống tọa độ để tránh tạo điểm giả; cần GIS kỹ thuật/khảo sát hoặc nguồn công bố trực tiếp.,PL3_2025_DongThap_old,4. PL3 - danh muc cong .pdf,GATE_MASTER_2026-10-02,False
PL3-2008,Cống ngầm Gáo Giồng cũ (Ô Lung Môn),,,,,UNKNOWN,False,Giữ trống tọa độ để tránh tạo điểm giả; cần GIS kỹ thuật/khảo sát hoặc nguồn công bố trực tiếp.,PL3_2025_DongThap_old,4. PL3 - danh muc cong .pdf,GATE_MASTER_2026-10-02,False
PL3-2009,Cống ngầm Chiến Lược (Ô Lung Môn),,,,,UNKNOWN,False,Giữ trống tọa độ để tránh tạo điểm giả; cần GIS kỹ thuật/khảo sát hoặc nguồn công bố trực tiếp.,PL3_2025_DongThap_old,4. PL3 - danh muc cong .pdf,GATE_MASTER_2026-10-02,False
PL3-2010,Cống ngầm Ông Tắc Ô2 (tuyến kênh Ông Phủ),,,,,UNKNOWN,False,Giữ trống tọa độ để tránh tạo điểm giả; cần GIS kỹ thuật/khảo sát hoặc nguồn công bố trực tiếp.,PL3_2025_DongThap_old,4. PL3 - danh muc cong .pdf,GATE_MASTER_2026-10-02,False
PL3-2011,Cống ngầm Bé Gỗ (Ô37+38+39),,,,,UNKNOWN,False,Giữ trống tọa độ để tránh tạo điểm giả; cần GIS kỹ thuật/khảo sát hoặc nguồn công bố trực tiếp.,PL3_2025_DongThap_old,4. PL3 - danh muc cong .pdf,GATE_MASTER_2026-10-02,False
PL3-2012,"CốngngầmÔ2,trêntuyếnđường K15",,,,,UNKNOWN,False,Giữ trống tọa độ để tránh tạo điểm giả; cần GIS kỹ thuật/khảo sát hoặc nguồn công bố trực tiếp.,PL3_2025_DongThap_old,4. PL3 - danh muc cong .pdf,GATE_MASTER_2026-10-02,False
PL3-2013,CốngngầmkênhHòaHiềnÔ20+ Ô21 + Ô22,,,,,UNKNOWN,False,Giữ trống tọa độ để tránh tạo điểm giả; cần GIS kỹ thuật/khảo sát hoặc nguồn công bố trực tiếp.,PL3_2025_DongThap_old,4. PL3 - danh muc cong .pdf,GATE_MASTER_2026-10-02,False
PL3-2014,Cống ngầm 7 Sữa (kênh Tư Tình),,,,,UNKNOWN,False,Giữ trống tọa độ để tránh tạo điểm giả; cần GIS kỹ thuật/khảo sát hoặc nguồn công bố trực tiếp.,PL3_2025_DongThap_old,4. PL3 - danh muc cong .pdf,GATE_MASTER_2026-10-02,False
PL3-2015,Cống ngầm Ô Hai Hượt (cống kênh Hai Hượt),,,,,UNKNOWN,False,Giữ trống tọa độ để tránh tạo điểm giả; cần GIS kỹ thuật/khảo sát hoặc nguồn công bố trực tiếp.,PL3_2025_DongThap_old,4. PL3 - danh muc cong .pdf,GATE_MASTER_2026-10-02,False
PL3-2016,Cống ngầm Ô3A (tuyến kênh Ranh),,,,,UNKNOWN,False,Giữ trống tọa độ để tránh tạo điểm giả; cần GIS kỹ thuật/khảo sát hoặc nguồn công bố trực tiếp.,PL3_2025_DongThap_old,4. PL3 - danh muc cong .pdf,GATE_MASTER_2026-10-02,False
PL3-2017,Cống ngầm Hai Lai (kênh Ngã Đồng),,,,,UNKNOWN,False,Giữ trống tọa độ để tránh tạo điểm giả; cần GIS kỹ thuật/khảo sát hoặc nguồn công bố trực tiếp.,PL3_2025_DongThap_old,4. PL3 - danh muc cong .pdf,GATE_MASTER_2026-10-02,False
PL3-2018,"Cống ngầm Ô2, xã Mỹ Hiệp",,,,,UNKNOWN,False,Giữ trống tọa độ để tránh tạo điểm giả; cần GIS kỹ thuật/khảo sát hoặc nguồn công bố trực tiếp.,PL3_2025_DongThap_old,4. PL3 - danh muc cong .pdf,GATE_MASTER_2026-10-02,False
PL3-2019,Cống ngầm rạch An Hữu Ô29 + Ô30,,,,,UNKNOWN,False,Giữ trống tọa độ để tránh tạo điểm giả; cần GIS kỹ thuật/khảo sát hoặc nguồn công bố trực tiếp.,PL3_2025_DongThap_old,4. PL3 - danh muc cong .pdf,GATE_MASTER_2026-10-02,False
PL3-2020,"Cống ngầm Bà Vãi (Ô18 - Ô19) ấp Bình Mỹ A, xã Bình Thạnh",,,,,UNKNOWN,False,Giữ trống tọa độ để tránh tạo điểm giả; cần GIS kỹ thuật/khảo sát hoặc nguồn công bố trực tiếp.,PL3_2025_DongThap_old,4. PL3 - danh muc cong .pdf,GATE_MASTER_2026-10-02,False
PL3-2021,Cống ngầm Sáu Sách Ô1,,,,,UNKNOWN,False,Giữ trống tọa độ để tránh tạo điểm giả; cần GIS kỹ thuật/khảo sát hoặc nguồn công bố trực tiếp.,PL3_2025_DongThap_old,4. PL3 - danh muc cong .pdf,GATE_MASTER_2026-10-02,False
PL3-2022,Cống Ñaäp ñaù tr.bôm I,,,,,UNKNOWN,False,Giữ trống tọa độ để tránh tạo điểm giả; cần GIS kỹ thuật/khảo sát hoặc nguồn công bố trực tiếp.,PL3_2025_DongThap_old,4. PL3 - danh muc cong .pdf,GATE_MASTER_2026-10-02,False
PL3-2023,Cống OÂ. Thaïnh tr.bôm I,,,,,UNKNOWN,False,Giữ trống tọa độ để tránh tạo điểm giả; cần GIS kỹ thuật/khảo sát hoặc nguồn công bố trực tiếp.,PL3_2025_DongThap_old,4. PL3 - danh muc cong .pdf,GATE_MASTER_2026-10-02,False
PL3-2024,Cống K.7 thöôùc tr.bôm II,,,,,UNKNOWN,False,Giữ trống tọa độ để tránh tạo điểm giả; cần GIS kỹ thuật/khảo sát hoặc nguồn công bố trực tiếp.,PL3_2025_DongThap_old,4. PL3 - danh muc cong .pdf,GATE_MASTER_2026-10-02,False
PL3-2025,Cống K.2000 Myõ Phöôùc I,,,,,UNKNOWN,False,Giữ trống tọa độ để tránh tạo điểm giả; cần GIS kỹ thuật/khảo sát hoặc nguồn công bố trực tiếp.,PL3_2025_DongThap_old,4. PL3 - danh muc cong .pdf,GATE_MASTER_2026-10-02,False
PL3-2026,Cống K.Baéc Myõ Ñoâng II,,,,,UNKNOWN,False,Giữ trống tọa độ để tránh tạo điểm giả; cần GIS kỹ thuật/khảo sát hoặc nguồn công bố trực tiếp.,PL3_2025_DongThap_old,4. PL3 - danh muc cong .pdf,GATE_MASTER_2026-10-02,False
PL3-2027,Cống Tr.bôm daàu Caí beøo,,,,,UNKNOWN,False,Giữ trống tọa độ để tránh tạo điểm giả; cần GIS kỹ thuật/khảo sát hoặc nguồn công bố trực tiếp.,PL3_2025_DongThap_old,4. PL3 - danh muc cong .pdf,GATE_MASTER_2026-10-02,False
PL3-2028,Cống Traïm Bôm I,,,,,UNKNOWN,False,Giữ trống tọa độ để tránh tạo điểm giả; cần GIS kỹ thuật/khảo sát hoặc nguồn công bố trực tiếp.,PL3_2025_DongThap_old,4. PL3 - danh muc cong .pdf,GATE_MASTER_2026-10-02,False
PL3-2029,Cống K.16 loä 847 MÑ II,,,,,UNKNOWN,False,Giữ trống tọa độ để tránh tạo điểm giả; cần GIS kỹ thuật/khảo sát hoặc nguồn công bố trực tiếp.,PL3_2025_DongThap_old,4. PL3 - danh muc cong .pdf,GATE_MASTER_2026-10-02,False
PL3-2030,Cống K. Tr.baàu 3 xaõ oâ II,,,,,UNKNOWN,False,Giữ trống tọa độ để tránh tạo điểm giả; cần GIS kỹ thuật/khảo sát hoặc nguồn công bố trực tiếp.,PL3_2025_DongThap_old,4. PL3 - danh muc cong .pdf,GATE_MASTER_2026-10-02,False
PL3-2031,Cống K.Myõ Ñoâng 3 xaõ oâ II,,,,,UNKNOWN,False,Giữ trống tọa độ để tránh tạo điểm giả; cần GIS kỹ thuật/khảo sát hoặc nguồn công bố trực tiếp.,PL3_2025_DongThap_old,4. PL3 - danh muc cong .pdf,GATE_MASTER_2026-10-02,False
PL3-2032,Cống Tr.bôm phía K.Laùng Bieån,,,,,UNKNOWN,False,Giữ trống tọa độ để tránh tạo điểm giả; cần GIS kỹ thuật/khảo sát hoặc nguồn công bố trực tiếp.,PL3_2025_DongThap_old,4. PL3 - danh muc cong .pdf,GATE_MASTER_2026-10-02,False
PL3-2033,Cống K.Taây,,,,,UNKNOWN,False,Giữ trống tọa độ để tránh tạo điểm giả; cần GIS kỹ thuật/khảo sát hoặc nguồn công bố trực tiếp.,PL3_2025_DongThap_old,4. PL3 - danh muc cong .pdf,GATE_MASTER_2026-10-02,False
PL3-2034,Cống K.300 phía K.1,,,,,UNKNOWN,False,Giữ trống tọa độ để tránh tạo điểm giả; cần GIS kỹ thuật/khảo sát hoặc nguồn công bố trực tiếp.,PL3_2025_DongThap_old,4. PL3 - danh muc cong .pdf,GATE_MASTER_2026-10-02,False
PL3-2035,Cống K.307 Tr.bôm II,,,,,UNKNOWN,False,Giữ trống tọa độ để tránh tạo điểm giả; cần GIS kỹ thuật/khảo sát hoặc nguồn công bố trực tiếp.,PL3_2025_DongThap_old,4. PL3 - danh muc cong .pdf,GATE_MASTER_2026-10-02,False
PL3-2036,Cống B.vieän Loä ÑT 847,,,,,UNKNOWN,False,Giữ trống tọa độ để tránh tạo điểm giả; cần GIS kỹ thuật/khảo sát hoặc nguồn công bố trực tiếp.,PL3_2025_DongThap_old,4. PL3 - danh muc cong .pdf,GATE_MASTER_2026-10-02,False
PL3-2037,Cống K.Thanh Myõ - Myõ An,,,,,UNKNOWN,False,Giữ trống tọa độ để tránh tạo điểm giả; cần GIS kỹ thuật/khảo sát hoặc nguồn công bố trực tiếp.,PL3_2025_DongThap_old,4. PL3 - danh muc cong .pdf,GATE_MASTER_2026-10-02,False
PL3-2038,Cống K.200 K.Coâ Hai,,,,,UNKNOWN,False,Giữ trống tọa độ để tránh tạo điểm giả; cần GIS kỹ thuật/khảo sát hoặc nguồn công bố trực tiếp.,PL3_2025_DongThap_old,4. PL3 - danh muc cong .pdf,GATE_MASTER_2026-10-02,False
PL3-2039,Cống K.200 K. Nhì,,,,,UNKNOWN,False,Giữ trống tọa độ để tránh tạo điểm giả; cần GIS kỹ thuật/khảo sát hoặc nguồn công bố trực tiếp.,PL3_2025_DongThap_old,4. PL3 - danh muc cong .pdf,GATE_MASTER_2026-10-02,False
PL3-2040,Cống K. 6 EÙp K. Naêm,,,,,UNKNOWN,False,Giữ trống tọa độ để tránh tạo điểm giả; cần GIS kỹ thuật/khảo sát hoặc nguồn công bố trực tiếp.,PL3_2025_DongThap_old,4. PL3 - danh muc cong .pdf,GATE_MASTER_2026-10-02,False
PL3-2041,Cống K.Tö Daân K.2 Haït,,,,,UNKNOWN,False,Giữ trống tọa độ để tránh tạo điểm giả; cần GIS kỹ thuật/khảo sát hoặc nguồn công bố trực tiếp.,PL3_2025_DongThap_old,4. PL3 - danh muc cong .pdf,GATE_MASTER_2026-10-02,False
PL3-2042,Cống K.500 phía K. 8000,,,,,UNKNOWN,False,Giữ trống tọa độ để tránh tạo điểm giả; cần GIS kỹ thuật/khảo sát hoặc nguồn công bố trực tiếp.,PL3_2025_DongThap_old,4. PL3 - danh muc cong .pdf,GATE_MASTER_2026-10-02,False
PL3-2043,Cống K.Tr.bôm I K. 8000,,,,,UNKNOWN,False,Giữ trống tọa độ để tránh tạo điểm giả; cần GIS kỹ thuật/khảo sát hoặc nguồn công bố trực tiếp.,PL3_2025_DongThap_old,4. PL3 - danh muc cong .pdf,GATE_MASTER_2026-10-02,False
PL3-2044,Cống K.Traïm bôm I Kênh 9000,,,,,UNKNOWN,False,Giữ trống tọa độ để tránh tạo điểm giả; cần GIS kỹ thuật/khảo sát hoặc nguồn công bố trực tiếp.,PL3_2025_DongThap_old,4. PL3 - danh muc cong .pdf,GATE_MASTER_2026-10-02,False
PL3-2045,Cống đầu kênh 500 giáp K TM-MA (cống số 2),,,,,UNKNOWN,False,Giữ trống tọa độ để tránh tạo điểm giả; cần GIS kỹ thuật/khảo sát hoặc nguồn công bố trực tiếp.,PL3_2025_DongThap_old,4. PL3 - danh muc cong .pdf,GATE_MASTER_2026-10-02,False
PL3-2046,Cống đầu kênh 500 giáp K KC (K nhì-K1000),,,,,UNKNOWN,False,Giữ trống tọa độ để tránh tạo điểm giả; cần GIS kỹ thuật/khảo sát hoặc nguồn công bố trực tiếp.,PL3_2025_DongThap_old,4. PL3 - danh muc cong .pdf,GATE_MASTER_2026-10-02,False
PL3-2047,Cống đầu K Kháng Chiến giáp Kênh Ba,,,,,UNKNOWN,False,Giữ trống tọa độ để tránh tạo điểm giả; cần GIS kỹ thuật/khảo sát hoặc nguồn công bố trực tiếp.,PL3_2025_DongThap_old,4. PL3 - danh muc cong .pdf,GATE_MASTER_2026-10-02,False
PL3-2048,Cống đầu kênh 500 giáp K TM-MA (Tây K3),,,,,UNKNOWN,False,Giữ trống tọa độ để tránh tạo điểm giả; cần GIS kỹ thuật/khảo sát hoặc nguồn công bố trực tiếp.,PL3_2025_DongThap_old,4. PL3 - danh muc cong .pdf,GATE_MASTER_2026-10-02,False
PL3-2049,Cống K500 giáp K307 (tây K3),,,,,UNKNOWN,False,Giữ trống tọa độ để tránh tạo điểm giả; cần GIS kỹ thuật/khảo sát hoặc nguồn công bố trực tiếp.,PL3_2025_DongThap_old,4. PL3 - danh muc cong .pdf,GATE_MASTER_2026-10-02,False
PL3-2050,Cống K200 giáp K Phèn,,,,,UNKNOWN,False,Giữ trống tọa độ để tránh tạo điểm giả; cần GIS kỹ thuật/khảo sát hoặc nguồn công bố trực tiếp.,PL3_2025_DongThap_old,4. PL3 - danh muc cong .pdf,GATE_MASTER_2026-10-02,False
PL3-2051,Cống K200 giáp K 8000,,,,,UNKNOWN,False,Giữ trống tọa độ để tránh tạo điểm giả; cần GIS kỹ thuật/khảo sát hoặc nguồn công bố trực tiếp.,PL3_2025_DongThap_old,4. PL3 - danh muc cong .pdf,GATE_MASTER_2026-10-02,False
PL3-2052,Cống đầu K Tập đoàn 4-7 Trường Xuân,,,,,UNKNOWN,False,Giữ trống tọa độ để tránh tạo điểm giả; cần GIS kỹ thuật/khảo sát hoặc nguồn công bố trực tiếp.,PL3_2025_DongThap_old,4. PL3 - danh muc cong .pdf,GATE_MASTER_2026-10-02,False
PL3-2053,Cống đầu K Tập đoàn 6 Trường Xuân,,,,,UNKNOWN,False,Giữ trống tọa độ để tránh tạo điểm giả; cần GIS kỹ thuật/khảo sát hoặc nguồn công bố trực tiếp.,PL3_2025_DongThap_old,4. PL3 - danh muc cong .pdf,GATE_MASTER_2026-10-02,False
PL3-2054,Cống đầu K Thanh Niên Trường Xuân,,,,,UNKNOWN,False,Giữ trống tọa độ để tránh tạo điểm giả; cần GIS kỹ thuật/khảo sát hoặc nguồn công bố trực tiếp.,PL3_2025_DongThap_old,4. PL3 - danh muc cong .pdf,GATE_MASTER_2026-10-02,False
PL3-2055,cống hở kênh Kháng chiến - tây kênh ba Mỹ Điền,,,,,UNKNOWN,False,Giữ trống tọa độ để tránh tạo điểm giả; cần GIS kỹ thuật/khảo sát hoặc nguồn công bố trực tiếp.,PL3_2025_DongThap_old,4. PL3 - danh muc cong .pdf,GATE_MASTER_2026-10-02,False
PL3-2056,cống hở kênh 700 - đông kênh 8000,,,,,UNKNOWN,False,Giữ trống tọa độ để tránh tạo điểm giả; cần GIS kỹ thuật/khảo sát hoặc nguồn công bố trực tiếp.,PL3_2025_DongThap_old,4. PL3 - danh muc cong .pdf,GATE_MASTER_2026-10-02,False
PL3-2057,cống hở kênh Đứng - ranh Tam Nông,,,,,UNKNOWN,False,Giữ trống tọa độ để tránh tạo điểm giả; cần GIS kỹ thuật/khảo sát hoặc nguồn công bố trực tiếp.,PL3_2025_DongThap_old,4. PL3 - danh muc cong .pdf,GATE_MASTER_2026-10-02,False
PL3-2058,Cống kênh Cùng - kênh Phước Xuyên,,,,,UNKNOWN,False,Giữ trống tọa độ để tránh tạo điểm giả; cần GIS kỹ thuật/khảo sát hoặc nguồn công bố trực tiếp.,PL3_2025_DongThap_old,4. PL3 - danh muc cong .pdf,GATE_MASTER_2026-10-02,False
PL3-2059,Cống kênh Giữa - kênh Hồng Kỳ,,,,,UNKNOWN,False,Giữ trống tọa độ để tránh tạo điểm giả; cần GIS kỹ thuật/khảo sát hoặc nguồn công bố trực tiếp.,PL3_2025_DongThap_old,4. PL3 - danh muc cong .pdf,GATE_MASTER_2026-10-02,False
PL3-2060,Cống kênh Cùng - kênh Hồng Kỳ,,,,,UNKNOWN,False,Giữ trống tọa độ để tránh tạo điểm giả; cần GIS kỹ thuật/khảo sát hoặc nguồn công bố trực tiếp.,PL3_2025_DongThap_old,4. PL3 - danh muc cong .pdf,GATE_MASTER_2026-10-02,False
PL3-2061,cống tạo nguồn ô bao Tân Kiều 6,,,,,UNKNOWN,False,Giữ trống tọa độ để tránh tạo điểm giả; cần GIS kỹ thuật/khảo sát hoặc nguồn công bố trực tiếp.,PL3_2025_DongThap_old,4. PL3 - danh muc cong .pdf,GATE_MASTER_2026-10-02,False
PL3-2062,Cống hở kênh 500 - 6 Thêm,,,,,UNKNOWN,False,Giữ trống tọa độ để tránh tạo điểm giả; cần GIS kỹ thuật/khảo sát hoặc nguồn công bố trực tiếp.,PL3_2025_DongThap_old,4. PL3 - danh muc cong .pdf,GATE_MASTER_2026-10-02,False
PL3-2063,cống hở kênh Sườn - kênh ranh Trường Xuân - Thạnh Lợi,,,,,UNKNOWN,False,Giữ trống tọa độ để tránh tạo điểm giả; cần GIS kỹ thuật/khảo sát hoặc nguồn công bố trực tiếp.,PL3_2025_DongThap_old,4. PL3 - danh muc cong .pdf,GATE_MASTER_2026-10-02,False
PL3-2064,cống hở kênh ba Mỹ Điền,,,,,UNKNOWN,False,Giữ trống tọa độ để tránh tạo điểm giả; cần GIS kỹ thuật/khảo sát hoặc nguồn công bố trực tiếp.,PL3_2025_DongThap_old,4. PL3 - danh muc cong .pdf,GATE_MASTER_2026-10-02,False
PL3-2065,Cống K.M.loä K.C.beøo Tr.B I,,,,,UNKNOWN,False,Giữ trống tọa độ để tránh tạo điểm giả; cần GIS kỹ thuật/khảo sát hoặc nguồn công bố trực tiếp.,PL3_2025_DongThap_old,4. PL3 - danh muc cong .pdf,GATE_MASTER_2026-10-02,False
PL3-2066,Cống K.Tr.bôm K.7 thöôùc Tr.B I,,,,,UNKNOWN,False,Giữ trống tọa độ để tránh tạo điểm giả; cần GIS kỹ thuật/khảo sát hoặc nguồn công bố trực tiếp.,PL3_2025_DongThap_old,4. PL3 - danh muc cong .pdf,GATE_MASTER_2026-10-02,False
PL3-2067,Cống K. 5 Chieáu. GT Tr.B I,,,,,UNKNOWN,False,Giữ trống tọa độ để tránh tạo điểm giả; cần GIS kỹ thuật/khảo sát hoặc nguồn công bố trực tiếp.,PL3_2025_DongThap_old,4. PL3 - danh muc cong .pdf,GATE_MASTER_2026-10-02,False
PL3-2068,Cống loä ÑT 847.GT Traïm bôm I,,,,,UNKNOWN,False,Giữ trống tọa độ để tránh tạo điểm giả; cần GIS kỹ thuật/khảo sát hoặc nguồn công bố trực tiếp.,PL3_2025_DongThap_old,4. PL3 - danh muc cong .pdf,GATE_MASTER_2026-10-02,False
PL3-2069,Cống loä ÑT 847. GT,,,,,UNKNOWN,False,Giữ trống tọa độ để tránh tạo điểm giả; cần GIS kỹ thuật/khảo sát hoặc nguồn công bố trực tiếp.,PL3_2025_DongThap_old,4. PL3 - danh muc cong .pdf,GATE_MASTER_2026-10-02,False
PL3-2070,Cống K.500 Tr.bôm II,,,,,UNKNOWN,False,Giữ trống tọa độ để tránh tạo điểm giả; cần GIS kỹ thuật/khảo sát hoặc nguồn công bố trực tiếp.,PL3_2025_DongThap_old,4. PL3 - danh muc cong .pdf,GATE_MASTER_2026-10-02,False
PL3-2071,Cống K.1000 Tr.bôm II,,,,,UNKNOWN,False,Giữ trống tọa độ để tránh tạo điểm giả; cần GIS kỹ thuật/khảo sát hoặc nguồn công bố trực tiếp.,PL3_2025_DongThap_old,4. PL3 - danh muc cong .pdf,GATE_MASTER_2026-10-02,False
PL3-2072,Cống K.2000 Tr.bôm II,,,,,UNKNOWN,False,Giữ trống tọa độ để tránh tạo điểm giả; cần GIS kỹ thuật/khảo sát hoặc nguồn công bố trực tiếp.,PL3_2025_DongThap_old,4. PL3 - danh muc cong .pdf,GATE_MASTER_2026-10-02,False
PL3-2073,Cống K.3000 Tr.bôm II,,,,,UNKNOWN,False,Giữ trống tọa độ để tránh tạo điểm giả; cần GIS kỹ thuật/khảo sát hoặc nguồn công bố trực tiếp.,PL3_2025_DongThap_old,4. PL3 - danh muc cong .pdf,GATE_MASTER_2026-10-02,False
PL3-2074,Cống K.2000 HTX Trbôm II,,,,,UNKNOWN,False,Giữ trống tọa độ để tránh tạo điểm giả; cần GIS kỹ thuật/khảo sát hoặc nguồn công bố trực tiếp.,PL3_2025_DongThap_old,4. PL3 - danh muc cong .pdf,GATE_MASTER_2026-10-02,False
PL3-2075,Cống K.1000 HTX Trbôm II,,,,,UNKNOWN,False,Giữ trống tọa độ để tránh tạo điểm giả; cần GIS kỹ thuật/khảo sát hoặc nguồn công bố trực tiếp.,PL3_2025_DongThap_old,4. PL3 - danh muc cong .pdf,GATE_MASTER_2026-10-02,False
PL3-2076,Cống TÑ. 9 N.V.Tieáp A TrB 2,,,,,UNKNOWN,False,Giữ trống tọa độ để tránh tạo điểm giả; cần GIS kỹ thuật/khảo sát hoặc nguồn công bố trực tiếp.,PL3_2025_DongThap_old,4. PL3 - danh muc cong .pdf,GATE_MASTER_2026-10-02,False
PL3-2077,Cống TÑ10 N.V.Tieáp A Tr.B 2,,,,,UNKNOWN,False,Giữ trống tọa độ để tránh tạo điểm giả; cần GIS kỹ thuật/khảo sát hoặc nguồn công bố trực tiếp.,PL3_2025_DongThap_old,4. PL3 - danh muc cong .pdf,GATE_MASTER_2026-10-02,False
PL3-2078,Cống TÑ11 N.V.Tieáp A Tr.B 2,,,,,UNKNOWN,False,Giữ trống tọa độ để tránh tạo điểm giả; cần GIS kỹ thuật/khảo sát hoặc nguồn công bố trực tiếp.,PL3_2025_DongThap_old,4. PL3 - danh muc cong .pdf,GATE_MASTER_2026-10-02,False
PL3-2079,Cống Chôï cuû M.Phöôùc I,,,,,UNKNOWN,False,Giữ trống tọa độ để tránh tạo điểm giả; cần GIS kỹ thuật/khảo sát hoặc nguồn công bố trực tiếp.,PL3_2025_DongThap_old,4. PL3 - danh muc cong .pdf,GATE_MASTER_2026-10-02,False
PL3-2080,Cống K.500 M.Phöôùc I,,,,,UNKNOWN,False,Giữ trống tọa độ để tránh tạo điểm giả; cần GIS kỹ thuật/khảo sát hoặc nguồn công bố trực tiếp.,PL3_2025_DongThap_old,4. PL3 - danh muc cong .pdf,GATE_MASTER_2026-10-02,False
PL3-2081,Cống K.1000 M.Phöôùc I,,,,,UNKNOWN,False,Giữ trống tọa độ để tránh tạo điểm giả; cần GIS kỹ thuật/khảo sát hoặc nguồn công bố trực tiếp.,PL3_2025_DongThap_old,4. PL3 - danh muc cong .pdf,GATE_MASTER_2026-10-02,False
PL3-2082,Cống K.2000 M.Phöôùc I,,,,,UNKNOWN,False,Giữ trống tọa độ để tránh tạo điểm giả; cần GIS kỹ thuật/khảo sát hoặc nguồn công bố trực tiếp.,PL3_2025_DongThap_old,4. PL3 - danh muc cong .pdf,GATE_MASTER_2026-10-02,False
PL3-2083,Cống K.500 HTX Mphöôùc I,,,,,UNKNOWN,False,Giữ trống tọa độ để tránh tạo điểm giả; cần GIS kỹ thuật/khảo sát hoặc nguồn công bố trực tiếp.,PL3_2025_DongThap_old,4. PL3 - danh muc cong .pdf,GATE_MASTER_2026-10-02,False
PL3-2084,Cống K.1000 HTX Mphöôùc I,,,,,UNKNOWN,False,Giữ trống tọa độ để tránh tạo điểm giả; cần GIS kỹ thuật/khảo sát hoặc nguồn công bố trực tiếp.,PL3_2025_DongThap_old,4. PL3 - danh muc cong .pdf,GATE_MASTER_2026-10-02,False
PL3-2085,Cống K.1500 HTX Mphöôùc I,,,,,UNKNOWN,False,Giữ trống tọa độ để tránh tạo điểm giả; cần GIS kỹ thuật/khảo sát hoặc nguồn công bố trực tiếp.,PL3_2025_DongThap_old,4. PL3 - danh muc cong .pdf,GATE_MASTER_2026-10-02,False
PL3-2086,Cống K.2000 HTX Mphöôùc I,,,,,UNKNOWN,False,Giữ trống tọa độ để tránh tạo điểm giả; cần GIS kỹ thuật/khảo sát hoặc nguồn công bố trực tiếp.,PL3_2025_DongThap_old,4. PL3 - danh muc cong .pdf,GATE_MASTER_2026-10-02,False
PL3-2087,Cống K.2500 HTX Mphöôùc II,,,,,UNKNOWN,False,Giữ trống tọa độ để tránh tạo điểm giả; cần GIS kỹ thuật/khảo sát hoặc nguồn công bố trực tiếp.,PL3_2025_DongThap_old,4. PL3 - danh muc cong .pdf,GATE_MASTER_2026-10-02,False
PL3-2088,Cống K.3000 HTX Mphöôùc II,,,,,UNKNOWN,False,Giữ trống tọa độ để tránh tạo điểm giả; cần GIS kỹ thuật/khảo sát hoặc nguồn công bố trực tiếp.,PL3_2025_DongThap_old,4. PL3 - danh muc cong .pdf,GATE_MASTER_2026-10-02,False
PL3-2089,Cống Loä ÑTä847 M.Nam I. GT,,,,,UNKNOWN,False,Giữ trống tọa độ để tránh tạo điểm giả; cần GIS kỹ thuật/khảo sát hoặc nguồn công bố trực tiếp.,PL3_2025_DongThap_old,4. PL3 - danh muc cong .pdf,GATE_MASTER_2026-10-02,False
PL3-2090,Cống K.1000 C.beøo M.Nam I,,,,,UNKNOWN,False,Giữ trống tọa độ để tránh tạo điểm giả; cần GIS kỹ thuật/khảo sát hoặc nguồn công bố trực tiếp.,PL3_2025_DongThap_old,4. PL3 - danh muc cong .pdf,GATE_MASTER_2026-10-02,False
PL3-2091,Cống Loä ÑT 847 Tr.bôm I,,,,,UNKNOWN,False,Giữ trống tọa độ để tránh tạo điểm giả; cần GIS kỹ thuật/khảo sát hoặc nguồn công bố trực tiếp.,PL3_2025_DongThap_old,4. PL3 - danh muc cong .pdf,GATE_MASTER_2026-10-02,False
PL3-2092,Cống K.Chín Tr.bôm K. OÂng Hai,,,,,UNKNOWN,False,Giữ trống tọa độ để tránh tạo điểm giả; cần GIS kỹ thuật/khảo sát hoặc nguồn công bố trực tiếp.,PL3_2025_DongThap_old,4. PL3 - danh muc cong .pdf,GATE_MASTER_2026-10-02,False
PL3-2093,Cống Loä ÑT 847 Tr.bôm II (Tröù),,,,,UNKNOWN,False,Giữ trống tọa độ để tránh tạo điểm giả; cần GIS kỹ thuật/khảo sát hoặc nguồn công bố trực tiếp.,PL3_2025_DongThap_old,4. PL3 - danh muc cong .pdf,GATE_MASTER_2026-10-02,False
PL3-2094,Cống Loä ÑT 847 Tr.bôm II (On),,,,,UNKNOWN,False,Giữ trống tọa độ để tránh tạo điểm giả; cần GIS kỹ thuật/khảo sát hoặc nguồn công bố trực tiếp.,PL3_2025_DongThap_old,4. PL3 - danh muc cong .pdf,GATE_MASTER_2026-10-02,False
PL3-2095,Cống K.500-K.Baéc(ñoäi 6)Tr.B II,,,,,UNKNOWN,False,Giữ trống tọa độ để tránh tạo điểm giả; cần GIS kỹ thuật/khảo sát hoặc nguồn công bố trực tiếp.,PL3_2025_DongThap_old,4. PL3 - danh muc cong .pdf,GATE_MASTER_2026-10-02,False
PL3-2096,Cống K.500-K.Baéc(ñoäi 5)Tr.B II,,,,,UNKNOWN,False,Giữ trống tọa độ để tránh tạo điểm giả; cần GIS kỹ thuật/khảo sát hoặc nguồn công bố trực tiếp.,PL3_2025_DongThap_old,4. PL3 - danh muc cong .pdf,GATE_MASTER_2026-10-02,False
PL3-2097,Cống K.500-K.Baéc(ñoäi 4)Tr.B II,,,,,UNKNOWN,False,Giữ trống tọa độ để tránh tạo điểm giả; cần GIS kỹ thuật/khảo sát hoặc nguồn công bố trực tiếp.,PL3_2025_DongThap_old,4. PL3 - danh muc cong .pdf,GATE_MASTER_2026-10-02,False
PL3-2098,Cống K.500-K.Baéc(ñoäi 3)Tr.B II,,,,,UNKNOWN,False,Giữ trống tọa độ để tránh tạo điểm giả; cần GIS kỹ thuật/khảo sát hoặc nguồn công bố trực tiếp.,PL3_2025_DongThap_old,4. PL3 - danh muc cong .pdf,GATE_MASTER_2026-10-02,False
PL3-2099,Cống K.500-K.Baéc(ñoäi 2)Tr.B II,,,,,UNKNOWN,False,Giữ trống tọa độ để tránh tạo điểm giả; cần GIS kỹ thuật/khảo sát hoặc nguồn công bố trực tiếp.,PL3_2025_DongThap_old,4. PL3 - danh muc cong .pdf,GATE_MASTER_2026-10-02,False
PL3-2100,Cống K.500-K.Baéc(ñoäi 1)Tr.B II,,,,,UNKNOWN,False,Giữ trống tọa độ để tránh tạo điểm giả; cần GIS kỹ thuật/khảo sát hoặc nguồn công bố trực tiếp.,PL3_2025_DongThap_old,4. PL3 - danh muc cong .pdf,GATE_MASTER_2026-10-02,False
PL3-2101,Cống K.7 thöôùc TT (3 xaõ oâ II),,,,,UNKNOWN,False,Giữ trống tọa độ để tránh tạo điểm giả; cần GIS kỹ thuật/khảo sát hoặc nguồn công bố trực tiếp.,PL3_2025_DongThap_old,4. PL3 - danh muc cong .pdf,GATE_MASTER_2026-10-02,False
PL3-2102,Cống K.500 phía K.L. Bieån,,,,,UNKNOWN,False,Giữ trống tọa độ để tránh tạo điểm giả; cần GIS kỹ thuật/khảo sát hoặc nguồn công bố trực tiếp.,PL3_2025_DongThap_old,4. PL3 - danh muc cong .pdf,GATE_MASTER_2026-10-02,False
PL3-2103,Cống K.8000 Tr.bôm I,,,,,UNKNOWN,False,Giữ trống tọa độ để tránh tạo điểm giả; cần GIS kỹ thuật/khảo sát hoặc nguồn công bố trực tiếp.,PL3_2025_DongThap_old,4. PL3 - danh muc cong .pdf,GATE_MASTER_2026-10-02,False
PL3-2104,Cống K. 25 Tr. bôm I,,,,,UNKNOWN,False,Giữ trống tọa độ để tránh tạo điểm giả; cần GIS kỹ thuật/khảo sát hoặc nguồn công bố trực tiếp.,PL3_2025_DongThap_old,4. PL3 - danh muc cong .pdf,GATE_MASTER_2026-10-02,False
PL3-2105,Cống K. Khaùng chieán Tr. bôm II,,,,,UNKNOWN,False,Giữ trống tọa độ để tránh tạo điểm giả; cần GIS kỹ thuật/khảo sát hoặc nguồn công bố trực tiếp.,PL3_2025_DongThap_old,4. PL3 - danh muc cong .pdf,GATE_MASTER_2026-10-02,False
PL3-2106,Cống K. OÂ. Ñoäi,,,,,UNKNOWN,False,Giữ trống tọa độ để tránh tạo điểm giả; cần GIS kỹ thuật/khảo sát hoặc nguồn công bố trực tiếp.,PL3_2025_DongThap_old,4. PL3 - danh muc cong .pdf,GATE_MASTER_2026-10-02,False
PL3-2107,Cống Loä 845 cua Laâm saûn cuû,,,,,UNKNOWN,False,Giữ trống tọa độ để tránh tạo điểm giả; cần GIS kỹ thuật/khảo sát hoặc nguồn công bố trực tiếp.,PL3_2025_DongThap_old,4. PL3 - danh muc cong .pdf,GATE_MASTER_2026-10-02,False
PL3-2108,Cống Loä 845 Saùu Taán,,,,,UNKNOWN,False,Giữ trống tọa độ để tránh tạo điểm giả; cần GIS kỹ thuật/khảo sát hoặc nguồn công bố trực tiếp.,PL3_2025_DongThap_old,4. PL3 - danh muc cong .pdf,GATE_MASTER_2026-10-02,False
PL3-2109,Cống Loä 847 Chinh,,,,,UNKNOWN,False,Giữ trống tọa độ để tránh tạo điểm giả; cần GIS kỹ thuật/khảo sát hoặc nguồn công bố trực tiếp.,PL3_2025_DongThap_old,4. PL3 - danh muc cong .pdf,GATE_MASTER_2026-10-02,False
PL3-2110,Cống Loä 847 Phaùt,,,,,UNKNOWN,False,Giữ trống tọa độ để tránh tạo điểm giả; cần GIS kỹ thuật/khảo sát hoặc nguồn công bố trực tiếp.,PL3_2025_DongThap_old,4. PL3 - danh muc cong .pdf,GATE_MASTER_2026-10-02,False
PL3-2111,Cống Loä 847 6 Duõng,,,,,UNKNOWN,False,Giữ trống tọa độ để tránh tạo điểm giả; cần GIS kỹ thuật/khảo sát hoặc nguồn công bố trực tiếp.,PL3_2025_DongThap_old,4. PL3 - danh muc cong .pdf,GATE_MASTER_2026-10-02,False
PL3-2112,Cống K. Chuù 7 K.Tö Môùi,,,,,UNKNOWN,False,Giữ trống tọa độ để tránh tạo điểm giả; cần GIS kỹ thuật/khảo sát hoặc nguồn công bố trực tiếp.,PL3_2025_DongThap_old,4. PL3 - danh muc cong .pdf,GATE_MASTER_2026-10-02,False
PL3-2113,Cống K.200 K.TMyõ – M.an,,,,,UNKNOWN,False,Giữ trống tọa độ để tránh tạo điểm giả; cần GIS kỹ thuật/khảo sát hoặc nguồn công bố trực tiếp.,PL3_2025_DongThap_old,4. PL3 - danh muc cong .pdf,GATE_MASTER_2026-10-02,False
PL3-2114,Cống K.500 K.TMyõ – M.an,,,,,UNKNOWN,False,Giữ trống tọa độ để tránh tạo điểm giả; cần GIS kỹ thuật/khảo sát hoặc nguồn công bố trực tiếp.,PL3_2025_DongThap_old,4. PL3 - danh muc cong .pdf,GATE_MASTER_2026-10-02,False
PL3-2115,Cống K. Chuù 7 K.Tö Cuû,,,,,UNKNOWN,False,Giữ trống tọa độ để tránh tạo điểm giả; cần GIS kỹ thuật/khảo sát hoặc nguồn công bố trực tiếp.,PL3_2025_DongThap_old,4. PL3 - danh muc cong .pdf,GATE_MASTER_2026-10-02,False
PL3-2116,Cống K.500 K.Töø Bi,,,,,UNKNOWN,False,Giữ trống tọa độ để tránh tạo điểm giả; cần GIS kỹ thuật/khảo sát hoặc nguồn công bố trực tiếp.,PL3_2025_DongThap_old,4. PL3 - danh muc cong .pdf,GATE_MASTER_2026-10-02,False
PL3-2117,Cống K.200 K. Töø Bi,,,,,UNKNOWN,False,Giữ trống tọa độ để tránh tạo điểm giả; cần GIS kỹ thuật/khảo sát hoặc nguồn công bố trực tiếp.,PL3_2025_DongThap_old,4. PL3 - danh muc cong .pdf,GATE_MASTER_2026-10-02,False
PL3-2118,Cống K. Khaùng Chieán,,,,,UNKNOWN,False,Giữ trống tọa độ để tránh tạo điểm giả; cần GIS kỹ thuật/khảo sát hoặc nguồn công bố trực tiếp.,PL3_2025_DongThap_old,4. PL3 - danh muc cong .pdf,GATE_MASTER_2026-10-02,False
PL3-2119,Cống K. Phuù Bình phía K.Tö Môùi,,,,,UNKNOWN,False,Giữ trống tọa độ để tránh tạo điểm giả; cần GIS kỹ thuật/khảo sát hoặc nguồn công bố trực tiếp.,PL3_2025_DongThap_old,4. PL3 - danh muc cong .pdf,GATE_MASTER_2026-10-02,False
PL3-2120,Cống K. 6 Caùt K. Tö Môùi,,,,,UNKNOWN,False,Giữ trống tọa độ để tránh tạo điểm giả; cần GIS kỹ thuật/khảo sát hoặc nguồn công bố trực tiếp.,PL3_2025_DongThap_old,4. PL3 - danh muc cong .pdf,GATE_MASTER_2026-10-02,False
PL3-2121,Cống K. 6 Caùt K. 1000,,,,,UNKNOWN,False,Giữ trống tọa độ để tránh tạo điểm giả; cần GIS kỹ thuật/khảo sát hoặc nguồn công bố trực tiếp.,PL3_2025_DongThap_old,4. PL3 - danh muc cong .pdf,GATE_MASTER_2026-10-02,False
PL3-2122,Cống K. 5 Nhaïn K. 5,,,,,UNKNOWN,False,Giữ trống tọa độ để tránh tạo điểm giả; cần GIS kỹ thuật/khảo sát hoặc nguồn công bố trực tiếp.,PL3_2025_DongThap_old,4. PL3 - danh muc cong .pdf,GATE_MASTER_2026-10-02,False
PL3-2123,Cống K. 6 Khieàu K. 5,,,,,UNKNOWN,False,Giữ trống tọa độ để tránh tạo điểm giả; cần GIS kỹ thuật/khảo sát hoặc nguồn công bố trực tiếp.,PL3_2025_DongThap_old,4. PL3 - danh muc cong .pdf,GATE_MASTER_2026-10-02,False
PL3-2124,Cống K. 6 Giaøu K. 5,,,,,UNKNOWN,False,Giữ trống tọa độ để tránh tạo điểm giả; cần GIS kỹ thuật/khảo sát hoặc nguồn công bố trực tiếp.,PL3_2025_DongThap_old,4. PL3 - danh muc cong .pdf,GATE_MASTER_2026-10-02,False
PL3-2125,Cống K. 8 Phuøng K. 5,,,,,UNKNOWN,False,Giữ trống tọa độ để tránh tạo điểm giả; cần GIS kỹ thuật/khảo sát hoặc nguồn công bố trực tiếp.,PL3_2025_DongThap_old,4. PL3 - danh muc cong .pdf,GATE_MASTER_2026-10-02,False
PL3-2126,Cống K. 2 Thaøng K. 5,,,,,UNKNOWN,False,Giữ trống tọa độ để tránh tạo điểm giả; cần GIS kỹ thuật/khảo sát hoặc nguồn công bố trực tiếp.,PL3_2025_DongThap_old,4. PL3 - danh muc cong .pdf,GATE_MASTER_2026-10-02,False
PL3-2127,Cống K. 6 EÙp K. 1000,,,,,UNKNOWN,False,Giữ trống tọa độ để tránh tạo điểm giả; cần GIS kỹ thuật/khảo sát hoặc nguồn công bố trực tiếp.,PL3_2025_DongThap_old,4. PL3 - danh muc cong .pdf,GATE_MASTER_2026-10-02,False
PL3-2128,Cống K. 200,,,,,UNKNOWN,False,Giữ trống tọa độ để tránh tạo điểm giả; cần GIS kỹ thuật/khảo sát hoặc nguồn công bố trực tiếp.,PL3_2025_DongThap_old,4. PL3 - danh muc cong .pdf,GATE_MASTER_2026-10-02,False
PL3-2129,Cống K. Tö Truyeàn,,,,,UNKNOWN,False,Giữ trống tọa độ để tránh tạo điểm giả; cần GIS kỹ thuật/khảo sát hoặc nguồn công bố trực tiếp.,PL3_2025_DongThap_old,4. PL3 - danh muc cong .pdf,GATE_MASTER_2026-10-02,False
PL3-2130,Cống K. Boá Taây K. Giöõa,,,,,UNKNOWN,False,Giữ trống tọa độ để tránh tạo điểm giả; cần GIS kỹ thuật/khảo sát hoặc nguồn công bố trực tiếp.,PL3_2025_DongThap_old,4. PL3 - danh muc cong .pdf,GATE_MASTER_2026-10-02,False
PL3-2131,Cống K.500 phía K. Pheøn,,,,,UNKNOWN,False,Giữ trống tọa độ để tránh tạo điểm giả; cần GIS kỹ thuật/khảo sát hoặc nguồn công bố trực tiếp.,PL3_2025_DongThap_old,4. PL3 - danh muc cong .pdf,GATE_MASTER_2026-10-02,False
PL3-2132,Cống K.200 phía K. 12000,,,,,UNKNOWN,False,Giữ trống tọa độ để tránh tạo điểm giả; cần GIS kỹ thuật/khảo sát hoặc nguồn công bố trực tiếp.,PL3_2025_DongThap_old,4. PL3 - danh muc cong .pdf,GATE_MASTER_2026-10-02,False
PL3-2133,Cống K.Tr.bôm II K. 9000,,,,,UNKNOWN,False,Giữ trống tọa độ để tránh tạo điểm giả; cần GIS kỹ thuật/khảo sát hoặc nguồn công bố trực tiếp.,PL3_2025_DongThap_old,4. PL3 - danh muc cong .pdf,GATE_MASTER_2026-10-02,False
PL3-2134,Cống K.10.000 phía K. Tö môùi,,,,,UNKNOWN,False,Giữ trống tọa độ để tránh tạo điểm giả; cần GIS kỹ thuật/khảo sát hoặc nguồn công bố trực tiếp.,PL3_2025_DongThap_old,4. PL3 - danh muc cong .pdf,GATE_MASTER_2026-10-02,False
PL3-2135,Cống K.11.000 phía K. Tö môùi,,,,,UNKNOWN,False,Giữ trống tọa độ để tránh tạo điểm giả; cần GIS kỹ thuật/khảo sát hoặc nguồn công bố trực tiếp.,PL3_2025_DongThap_old,4. PL3 - danh muc cong .pdf,GATE_MASTER_2026-10-02,False
PL3-2136,Cống K.loä 845 ranh TX - MH,,,,,UNKNOWN,False,Giữ trống tọa độ để tránh tạo điểm giả; cần GIS kỹ thuật/khảo sát hoặc nguồn công bố trực tiếp.,PL3_2025_DongThap_old,4. PL3 - danh muc cong .pdf,GATE_MASTER_2026-10-02,False
PL3-2137,Cống K. R1 K. Hoäi Kyø I,,,,,UNKNOWN,False,Giữ trống tọa độ để tránh tạo điểm giả; cần GIS kỹ thuật/khảo sát hoặc nguồn công bố trực tiếp.,PL3_2025_DongThap_old,4. PL3 - danh muc cong .pdf,GATE_MASTER_2026-10-02,False
PL3-2138,Cống K. R2 K. Hoäi Kyø I,,,,,UNKNOWN,False,Giữ trống tọa độ để tránh tạo điểm giả; cần GIS kỹ thuật/khảo sát hoặc nguồn công bố trực tiếp.,PL3_2025_DongThap_old,4. PL3 - danh muc cong .pdf,GATE_MASTER_2026-10-02,False
PL3-2139,Cống đầu K 1000 giáp K Giữa Cô Hai,,,,,UNKNOWN,False,Giữ trống tọa độ để tránh tạo điểm giả; cần GIS kỹ thuật/khảo sát hoặc nguồn công bố trực tiếp.,PL3_2025_DongThap_old,4. PL3 - danh muc cong .pdf,GATE_MASTER_2026-10-02,False
PL3-2140,cống ngầm bờ tây kênh K27 (khu 64 ha),,,,,UNKNOWN,False,Giữ trống tọa độ để tránh tạo điểm giả; cần GIS kỹ thuật/khảo sát hoặc nguồn công bố trực tiếp.,PL3_2025_DongThap_old,4. PL3 - danh muc cong .pdf,GATE_MASTER_2026-10-02,False
PL3-2141,Cống Cái Sơn,,,,,UNKNOWN,False,Giữ trống tọa độ để tránh tạo điểm giả; cần GIS kỹ thuật/khảo sát hoặc nguồn công bố trực tiếp.,PL3_2025_DongThap_old,4. PL3 - danh muc cong .pdf,GATE_MASTER_2026-10-02,False
PL3-2142,Cống Mương Đình,,,,,UNKNOWN,False,Giữ trống tọa độ để tránh tạo điểm giả; cần GIS kỹ thuật/khảo sát hoặc nguồn công bố trực tiếp.,PL3_2025_DongThap_old,4. PL3 - danh muc cong .pdf,GATE_MASTER_2026-10-02,False
PL3-2143,Cống Thanh Bình,,,,,UNKNOWN,False,Giữ trống tọa độ để tránh tạo điểm giả; cần GIS kỹ thuật/khảo sát hoặc nguồn công bố trực tiếp.,PL3_2025_DongThap_old,4. PL3 - danh muc cong .pdf,GATE_MASTER_2026-10-02,False
PL3-2144,Cống hở + cầu 19/5 (giáp Cai Bường),,,,,UNKNOWN,False,Giữ trống tọa độ để tránh tạo điểm giả; cần GIS kỹ thuật/khảo sát hoặc nguồn công bố trực tiếp.,PL3_2025_DongThap_old,4. PL3 - danh muc cong .pdf,GATE_MASTER_2026-10-02,False
PL3-2145,Cống hở Ba Hoằn,,,,,UNKNOWN,False,Giữ trống tọa độ để tránh tạo điểm giả; cần GIS kỹ thuật/khảo sát hoặc nguồn công bố trực tiếp.,PL3_2025_DongThap_old,4. PL3 - danh muc cong .pdf,GATE_MASTER_2026-10-02,False
PL3-2146,Cống hở Năm Cần,,,,,UNKNOWN,False,Giữ trống tọa độ để tránh tạo điểm giả; cần GIS kỹ thuật/khảo sát hoặc nguồn công bố trực tiếp.,PL3_2025_DongThap_old,4. PL3 - danh muc cong .pdf,GATE_MASTER_2026-10-02,False
PL3-2147,Cống hở 80B (giáp Cai Bường),,,,,UNKNOWN,False,Giữ trống tọa độ để tránh tạo điểm giả; cần GIS kỹ thuật/khảo sát hoặc nguồn công bố trực tiếp.,PL3_2025_DongThap_old,4. PL3 - danh muc cong .pdf,GATE_MASTER_2026-10-02,False
PL3-2148,Cống hở Hai Vốn (giáp Mù U),,,,,UNKNOWN,False,Giữ trống tọa độ để tránh tạo điểm giả; cần GIS kỹ thuật/khảo sát hoặc nguồn công bố trực tiếp.,PL3_2025_DongThap_old,4. PL3 - danh muc cong .pdf,GATE_MASTER_2026-10-02,False
PL3-2149,Cống hở kênh Bảy Nghiệp,,,,,UNKNOWN,False,Giữ trống tọa độ để tránh tạo điểm giả; cần GIS kỹ thuật/khảo sát hoặc nguồn công bố trực tiếp.,PL3_2025_DongThap_old,4. PL3 - danh muc cong .pdf,GATE_MASTER_2026-10-02,False
PL3-2150,Cống hở kênh Trục 3 (giáp Thầy Lâm),,,,,UNKNOWN,False,Giữ trống tọa độ để tránh tạo điểm giả; cần GIS kỹ thuật/khảo sát hoặc nguồn công bố trực tiếp.,PL3_2025_DongThap_old,4. PL3 - danh muc cong .pdf,GATE_MASTER_2026-10-02,False
PL3-2151,Cống hở kênh Bảy Lệnh,,,,,UNKNOWN,False,Giữ trống tọa độ để tránh tạo điểm giả; cần GIS kỹ thuật/khảo sát hoặc nguồn công bố trực tiếp.,PL3_2025_DongThap_old,4. PL3 - danh muc cong .pdf,GATE_MASTER_2026-10-02,False
PL3-2152,Cống hở Rạch Ông Hành,,,,,UNKNOWN,False,Giữ trống tọa độ để tránh tạo điểm giả; cần GIS kỹ thuật/khảo sát hoặc nguồn công bố trực tiếp.,PL3_2025_DongThap_old,4. PL3 - danh muc cong .pdf,GATE_MASTER_2026-10-02,False
PL3-2153,Cống hở Mương Tắt (giáp Ngã Năm),,,,,UNKNOWN,False,Giữ trống tọa độ để tránh tạo điểm giả; cần GIS kỹ thuật/khảo sát hoặc nguồn công bố trực tiếp.,PL3_2025_DongThap_old,4. PL3 - danh muc cong .pdf,GATE_MASTER_2026-10-02,False
PL3-2154,Cống hở Mương Tắt (giáp Thầy Lâm),,,,,UNKNOWN,False,Giữ trống tọa độ để tránh tạo điểm giả; cần GIS kỹ thuật/khảo sát hoặc nguồn công bố trực tiếp.,PL3_2025_DongThap_old,4. PL3 - danh muc cong .pdf,GATE_MASTER_2026-10-02,False
PL3-2155,Cống hở Mương Năm Khôi,,,,,UNKNOWN,False,Giữ trống tọa độ để tránh tạo điểm giả; cần GIS kỹ thuật/khảo sát hoặc nguồn công bố trực tiếp.,PL3_2025_DongThap_old,4. PL3 - danh muc cong .pdf,GATE_MASTER_2026-10-02,False
PL3-2156,Cống hở Tư Côn (giáp Rạch Dứa),,,,,UNKNOWN,False,Giữ trống tọa độ để tránh tạo điểm giả; cần GIS kỹ thuật/khảo sát hoặc nguồn công bố trực tiếp.,PL3_2025_DongThap_old,4. PL3 - danh muc cong .pdf,GATE_MASTER_2026-10-02,False
PL3-2157,Cống hở kênh Trục 3(giáp Tổng Điện),,,,,UNKNOWN,False,Giữ trống tọa độ để tránh tạo điểm giả; cần GIS kỹ thuật/khảo sát hoặc nguồn công bố trực tiếp.,PL3_2025_DongThap_old,4. PL3 - danh muc cong .pdf,GATE_MASTER_2026-10-02,False
PL3-2158,Cống hở Tư Sậm (giáp kênh Tư),,,,,UNKNOWN,False,Giữ trống tọa độ để tránh tạo điểm giả; cần GIS kỹ thuật/khảo sát hoặc nguồn công bố trực tiếp.,PL3_2025_DongThap_old,4. PL3 - danh muc cong .pdf,GATE_MASTER_2026-10-02,False
PL3-2159,Cống hở Bà Két (giáp Cả He),,,,,UNKNOWN,False,Giữ trống tọa độ để tránh tạo điểm giả; cần GIS kỹ thuật/khảo sát hoặc nguồn công bố trực tiếp.,PL3_2025_DongThap_old,4. PL3 - danh muc cong .pdf,GATE_MASTER_2026-10-02,False
PL3-2160,Cống hở Bà Tán (giáp Xẻo Sung),,,,,UNKNOWN,False,Giữ trống tọa độ để tránh tạo điểm giả; cần GIS kỹ thuật/khảo sát hoặc nguồn công bố trực tiếp.,PL3_2025_DongThap_old,4. PL3 - danh muc cong .pdf,GATE_MASTER_2026-10-02,False
PL3-2161,Cống hở Rạch Bần Nhỏ,,,,,UNKNOWN,False,Giữ trống tọa độ để tránh tạo điểm giả; cần GIS kỹ thuật/khảo sát hoặc nguồn công bố trực tiếp.,PL3_2025_DongThap_old,4. PL3 - danh muc cong .pdf,GATE_MASTER_2026-10-02,False
PL3-2162,Cống hở Năm Đàn (giáp R. Ông Thắng),,,,,UNKNOWN,False,Giữ trống tọa độ để tránh tạo điểm giả; cần GIS kỹ thuật/khảo sát hoặc nguồn công bố trực tiếp.,PL3_2025_DongThap_old,4. PL3 - danh muc cong .pdf,GATE_MASTER_2026-10-02,False
PL3-2163,Cống hở Năm Tích (giáp Mười Lộc),,,,,UNKNOWN,False,Giữ trống tọa độ để tránh tạo điểm giả; cần GIS kỹ thuật/khảo sát hoặc nguồn công bố trực tiếp.,PL3_2025_DongThap_old,4. PL3 - danh muc cong .pdf,GATE_MASTER_2026-10-02,False
PL3-2164,Cống hở mương Ba Chệt,,,,,UNKNOWN,False,Giữ trống tọa độ để tránh tạo điểm giả; cần GIS kỹ thuật/khảo sát hoặc nguồn công bố trực tiếp.,PL3_2025_DongThap_old,4. PL3 - danh muc cong .pdf,GATE_MASTER_2026-10-02,False
PL3-2165,Cống hở Tân Phụng,,,,,UNKNOWN,False,Giữ trống tọa độ để tránh tạo điểm giả; cần GIS kỹ thuật/khảo sát hoặc nguồn công bố trực tiếp.,PL3_2025_DongThap_old,4. PL3 - danh muc cong .pdf,GATE_MASTER_2026-10-02,False
PL3-2166,Cống hở Tư Hòn,,,,,UNKNOWN,False,Giữ trống tọa độ để tránh tạo điểm giả; cần GIS kỹ thuật/khảo sát hoặc nguồn công bố trực tiếp.,PL3_2025_DongThap_old,4. PL3 - danh muc cong .pdf,GATE_MASTER_2026-10-02,False
PL3-2167,Cống hở kênh Thống Nhất (Mù U),,,,,UNKNOWN,False,Giữ trống tọa độ để tránh tạo điểm giả; cần GIS kỹ thuật/khảo sát hoặc nguồn công bố trực tiếp.,PL3_2025_DongThap_old,4. PL3 - danh muc cong .pdf,GATE_MASTER_2026-10-02,False
PL3-2168,Cống hở kênh Hàng Tràm (Mù U),,,,,UNKNOWN,False,Giữ trống tọa độ để tránh tạo điểm giả; cần GIS kỹ thuật/khảo sát hoặc nguồn công bố trực tiếp.,PL3_2025_DongThap_old,4. PL3 - danh muc cong .pdf,GATE_MASTER_2026-10-02,False
PL3-2169,Cống hở rạch Bà Két (Nước Xoáy),,,,,UNKNOWN,False,Giữ trống tọa độ để tránh tạo điểm giả; cần GIS kỹ thuật/khảo sát hoặc nguồn công bố trực tiếp.,PL3_2025_DongThap_old,4. PL3 - danh muc cong .pdf,GATE_MASTER_2026-10-02,False
PL3-2170,Cống hở Ba Phun (Nước Chảy),,,,,UNKNOWN,False,Giữ trống tọa độ để tránh tạo điểm giả; cần GIS kỹ thuật/khảo sát hoặc nguồn công bố trực tiếp.,PL3_2025_DongThap_old,4. PL3 - danh muc cong .pdf,GATE_MASTER_2026-10-02,False
PL3-2171,Cống hở Sáu Hận (Tổng Điện),,,,,UNKNOWN,False,Giữ trống tọa độ để tránh tạo điểm giả; cần GIS kỹ thuật/khảo sát hoặc nguồn công bố trực tiếp.,PL3_2025_DongThap_old,4. PL3 - danh muc cong .pdf,GATE_MASTER_2026-10-02,False
PL3-2172,Cống hở kênh Ông Từ (Cao Đài),,,,,UNKNOWN,False,Giữ trống tọa độ để tránh tạo điểm giả; cần GIS kỹ thuật/khảo sát hoặc nguồn công bố trực tiếp.,PL3_2025_DongThap_old,4. PL3 - danh muc cong .pdf,GATE_MASTER_2026-10-02,False
PL3-2173,Cống hở kênh Nổi (Mương Tiêu lớn),,,,,UNKNOWN,False,Giữ trống tọa độ để tránh tạo điểm giả; cần GIS kỹ thuật/khảo sát hoặc nguồn công bố trực tiếp.,PL3_2025_DongThap_old,4. PL3 - danh muc cong .pdf,GATE_MASTER_2026-10-02,False
PL3-2174,Cống hở kênh Lồ Ồ (Mương Mã),,,,,UNKNOWN,False,Giữ trống tọa độ để tránh tạo điểm giả; cần GIS kỹ thuật/khảo sát hoặc nguồn công bố trực tiếp.,PL3_2025_DongThap_old,4. PL3 - danh muc cong .pdf,GATE_MASTER_2026-10-02,False
PL3-2175,Cống hở Tổng Bình (giáp k Xáng Lấp Vò),,,,,UNKNOWN,False,Giữ trống tọa độ để tránh tạo điểm giả; cần GIS kỹ thuật/khảo sát hoặc nguồn công bố trực tiếp.,PL3_2025_DongThap_old,4. PL3 - danh muc cong .pdf,GATE_MASTER_2026-10-02,False
PL3-2176,Cống hở Ông Đẩu (giáp k Xáng Lấp Vò),,,,,UNKNOWN,False,Giữ trống tọa độ để tránh tạo điểm giả; cần GIS kỹ thuật/khảo sát hoặc nguồn công bố trực tiếp.,PL3_2025_DongThap_old,4. PL3 - danh muc cong .pdf,GATE_MASTER_2026-10-02,False
PL3-2177,Cống hở Mương Trâu (giáp k Sáu Bầu),,,,,UNKNOWN,False,Giữ trống tọa độ để tránh tạo điểm giả; cần GIS kỹ thuật/khảo sát hoặc nguồn công bố trực tiếp.,PL3_2025_DongThap_old,4. PL3 - danh muc cong .pdf,GATE_MASTER_2026-10-02,False
PL3-2178,Cống hở Thanh Bình (giáp R Ông Thắng),,,,,UNKNOWN,False,Giữ trống tọa độ để tránh tạo điểm giả; cần GIS kỹ thuật/khảo sát hoặc nguồn công bố trực tiếp.,PL3_2025_DongThap_old,4. PL3 - danh muc cong .pdf,GATE_MASTER_2026-10-02,False
PL3-2179,Cống hở Rạch Lung (giáp R Cái Tắt),,,,,UNKNOWN,False,Giữ trống tọa độ để tránh tạo điểm giả; cần GIS kỹ thuật/khảo sát hoặc nguồn công bố trực tiếp.,PL3_2025_DongThap_old,4. PL3 - danh muc cong .pdf,GATE_MASTER_2026-10-02,False
PL3-2180,Cống hở Thái Thuận (giáp Gia Vàm),,,,,UNKNOWN,False,Giữ trống tọa độ để tránh tạo điểm giả; cần GIS kỹ thuật/khảo sát hoặc nguồn công bố trực tiếp.,PL3_2025_DongThap_old,4. PL3 - danh muc cong .pdf,GATE_MASTER_2026-10-02,False
PL3-2181,Cống hở Ngã Cạy (giáp R Tân Lợi),,,,,UNKNOWN,False,Giữ trống tọa độ để tránh tạo điểm giả; cần GIS kỹ thuật/khảo sát hoặc nguồn công bố trực tiếp.,PL3_2025_DongThap_old,4. PL3 - danh muc cong .pdf,GATE_MASTER_2026-10-02,False
PL3-2182,Cống hở cầu BTCT Tư Xạ (giáp R Dông),,,,,UNKNOWN,False,Giữ trống tọa độ để tránh tạo điểm giả; cần GIS kỹ thuật/khảo sát hoặc nguồn công bố trực tiếp.,PL3_2025_DongThap_old,4. PL3 - danh muc cong .pdf,GATE_MASTER_2026-10-02,False
PL3-2183,Cống hở cầu BTCT M Trâu (giáp R Chùa),,,,,UNKNOWN,False,Giữ trống tọa độ để tránh tạo điểm giả; cần GIS kỹ thuật/khảo sát hoặc nguồn công bố trực tiếp.,PL3_2025_DongThap_old,4. PL3 - danh muc cong .pdf,GATE_MASTER_2026-10-02,False
PL3-2184,Cống hở cầu BTCT Năm Nhị (giáp R Chùa),,,,,UNKNOWN,False,Giữ trống tọa độ để tránh tạo điểm giả; cần GIS kỹ thuật/khảo sát hoặc nguồn công bố trực tiếp.,PL3_2025_DongThap_old,4. PL3 - danh muc cong .pdf,GATE_MASTER_2026-10-02,False
PL3-2185,Cống hở cầu BTCT Mương Miễu (giáp R Chùa),,,,,UNKNOWN,False,Giữ trống tọa độ để tránh tạo điểm giả; cần GIS kỹ thuật/khảo sát hoặc nguồn công bố trực tiếp.,PL3_2025_DongThap_old,4. PL3 - danh muc cong .pdf,GATE_MASTER_2026-10-02,False
PL3-2186,Cống hở cầu BTCT Hai Âu (giáp R Xáng Múc),,,,,UNKNOWN,False,Giữ trống tọa độ để tránh tạo điểm giả; cần GIS kỹ thuật/khảo sát hoặc nguồn công bố trực tiếp.,PL3_2025_DongThap_old,4. PL3 - danh muc cong .pdf,GATE_MASTER_2026-10-02,False
PL3-2187,Cống hở cầu BTCT Hai Mọi (giáp R Cai Bường),,,,,UNKNOWN,False,Giữ trống tọa độ để tránh tạo điểm giả; cần GIS kỹ thuật/khảo sát hoặc nguồn công bố trực tiếp.,PL3_2025_DongThap_old,4. PL3 - danh muc cong .pdf,GATE_MASTER_2026-10-02,False
PL3-2188,Cống hở cầu BTCT Hòa Bình (giáp R Sâu),,,,,UNKNOWN,False,Giữ trống tọa độ để tránh tạo điểm giả; cần GIS kỹ thuật/khảo sát hoặc nguồn công bố trực tiếp.,PL3_2025_DongThap_old,4. PL3 - danh muc cong .pdf,GATE_MASTER_2026-10-02,False
PL3-2189,Cống hở Sáu Bía,,,,,UNKNOWN,False,Giữ trống tọa độ để tránh tạo điểm giả; cần GIS kỹ thuật/khảo sát hoặc nguồn công bố trực tiếp.,PL3_2025_DongThap_old,4. PL3 - danh muc cong .pdf,GATE_MASTER_2026-10-02,False
PL3-2190,Cống hở Mười Sơn,,,,,UNKNOWN,False,Giữ trống tọa độ để tránh tạo điểm giả; cần GIS kỹ thuật/khảo sát hoặc nguồn công bố trực tiếp.,PL3_2025_DongThap_old,4. PL3 - danh muc cong .pdf,GATE_MASTER_2026-10-02,False
PL3-2191,Cống hở Hòa Bình,,,,,UNKNOWN,False,Giữ trống tọa độ để tránh tạo điểm giả; cần GIS kỹ thuật/khảo sát hoặc nguồn công bố trực tiếp.,PL3_2025_DongThap_old,4. PL3 - danh muc cong .pdf,GATE_MASTER_2026-10-02,False
PL3-2192,Cống hở kênh Mười Trước,,,,,UNKNOWN,False,Giữ trống tọa độ để tránh tạo điểm giả; cần GIS kỹ thuật/khảo sát hoặc nguồn công bố trực tiếp.,PL3_2025_DongThap_old,4. PL3 - danh muc cong .pdf,GATE_MASTER_2026-10-02,False
PL3-2193,Cống hở kênh Tập Đoàn 1,,,,,UNKNOWN,False,Giữ trống tọa độ để tránh tạo điểm giả; cần GIS kỹ thuật/khảo sát hoặc nguồn công bố trực tiếp.,PL3_2025_DongThap_old,4. PL3 - danh muc cong .pdf,GATE_MASTER_2026-10-02,False
PL3-2194,Cống hở Xẻo Quạ,,,,,UNKNOWN,False,Giữ trống tọa độ để tránh tạo điểm giả; cần GIS kỹ thuật/khảo sát hoặc nguồn công bố trực tiếp.,PL3_2025_DongThap_old,4. PL3 - danh muc cong .pdf,GATE_MASTER_2026-10-02,False
PL3-2195,Cống hở Tư Tấn,,,,,UNKNOWN,False,Giữ trống tọa độ để tránh tạo điểm giả; cần GIS kỹ thuật/khảo sát hoặc nguồn công bố trực tiếp.,PL3_2025_DongThap_old,4. PL3 - danh muc cong .pdf,GATE_MASTER_2026-10-02,False
PL3-2196,Cống hở Chín Thèo Lèo,,,,,UNKNOWN,False,Giữ trống tọa độ để tránh tạo điểm giả; cần GIS kỹ thuật/khảo sát hoặc nguồn công bố trực tiếp.,PL3_2025_DongThap_old,4. PL3 - danh muc cong .pdf,GATE_MASTER_2026-10-02,False
PL3-2197,Cống hở kênh 30/4 Mương Khai,,,,,UNKNOWN,False,Giữ trống tọa độ để tránh tạo điểm giả; cần GIS kỹ thuật/khảo sát hoặc nguồn công bố trực tiếp.,PL3_2025_DongThap_old,4. PL3 - danh muc cong .pdf,GATE_MASTER_2026-10-02,False
PL3-2198,Cống hở kênh Sáu Thoi,,,,,UNKNOWN,False,Giữ trống tọa độ để tránh tạo điểm giả; cần GIS kỹ thuật/khảo sát hoặc nguồn công bố trực tiếp.,PL3_2025_DongThap_old,4. PL3 - danh muc cong .pdf,GATE_MASTER_2026-10-02,False
PL3-2199,Cống hở kênh 30/4,,,,,UNKNOWN,False,Giữ trống tọa độ để tránh tạo điểm giả; cần GIS kỹ thuật/khảo sát hoặc nguồn công bố trực tiếp.,PL3_2025_DongThap_old,4. PL3 - danh muc cong .pdf,GATE_MASTER_2026-10-02,False
PL3-2200,Cống hở kênh 80B,,,,,UNKNOWN,False,Giữ trống tọa độ để tránh tạo điểm giả; cần GIS kỹ thuật/khảo sát hoặc nguồn công bố trực tiếp.,PL3_2025_DongThap_old,4. PL3 - danh muc cong .pdf,GATE_MASTER_2026-10-02,False
PL3-2201,Cống hở Mương Sáu Thước,,,,,UNKNOWN,False,Giữ trống tọa độ để tránh tạo điểm giả; cần GIS kỹ thuật/khảo sát hoặc nguồn công bố trực tiếp.,PL3_2025_DongThap_old,4. PL3 - danh muc cong .pdf,GATE_MASTER_2026-10-02,False
PL3-2202,Cống Hai Mừng,,,,,UNKNOWN,False,Giữ trống tọa độ để tránh tạo điểm giả; cần GIS kỹ thuật/khảo sát hoặc nguồn công bố trực tiếp.,PL3_2025_DongThap_old,4. PL3 - danh muc cong .pdf,GATE_MASTER_2026-10-02,False
PL3-2203,Cống Xã Đội,,,,,UNKNOWN,False,Giữ trống tọa độ để tránh tạo điểm giả; cần GIS kỹ thuật/khảo sát hoặc nguồn công bố trực tiếp.,PL3_2025_DongThap_old,4. PL3 - danh muc cong .pdf,GATE_MASTER_2026-10-02,False
PL3-2204,Cống Bảy Dền,,,,,UNKNOWN,False,Giữ trống tọa độ để tránh tạo điểm giả; cần GIS kỹ thuật/khảo sát hoặc nguồn công bố trực tiếp.,PL3_2025_DongThap_old,4. PL3 - danh muc cong .pdf,GATE_MASTER_2026-10-02,False
PL3-2205,Cống Hai Huấn,,,,,UNKNOWN,False,Giữ trống tọa độ để tránh tạo điểm giả; cần GIS kỹ thuật/khảo sát hoặc nguồn công bố trực tiếp.,PL3_2025_DongThap_old,4. PL3 - danh muc cong .pdf,GATE_MASTER_2026-10-02,False
PL3-2206,Cống số 8,,,,,UNKNOWN,False,Giữ trống tọa độ để tránh tạo điểm giả; cần GIS kỹ thuật/khảo sát hoặc nguồn công bố trực tiếp.,PL3_2025_DongThap_old,4. PL3 - danh muc cong .pdf,GATE_MASTER_2026-10-02,False
PL3-2207,Cống Cà Na,,,,,UNKNOWN,False,Giữ trống tọa độ để tránh tạo điểm giả; cần GIS kỹ thuật/khảo sát hoặc nguồn công bố trực tiếp.,PL3_2025_DongThap_old,4. PL3 - danh muc cong .pdf,GATE_MASTER_2026-10-02,False
PL3-2208,Cống Nông dân,,,,,UNKNOWN,False,Giữ trống tọa độ để tránh tạo điểm giả; cần GIS kỹ thuật/khảo sát hoặc nguồn công bố trực tiếp.,PL3_2025_DongThap_old,4. PL3 - danh muc cong .pdf,GATE_MASTER_2026-10-02,False
PL3-2209,Cống 8/3,,,,,UNKNOWN,False,Giữ trống tọa độ để tránh tạo điểm giả; cần GIS kỹ thuật/khảo sát hoặc nguồn công bố trực tiếp.,PL3_2025_DongThap_old,4. PL3 - danh muc cong .pdf,GATE_MASTER_2026-10-02,False
PL3-2210,Cống 10/5,,,,,UNKNOWN,False,Giữ trống tọa độ để tránh tạo điểm giả; cần GIS kỹ thuật/khảo sát hoặc nguồn công bố trực tiếp.,PL3_2025_DongThap_old,4. PL3 - danh muc cong .pdf,GATE_MASTER_2026-10-02,False
PL3-2211,Cống 26/3,,,,,UNKNOWN,False,Giữ trống tọa độ để tránh tạo điểm giả; cần GIS kỹ thuật/khảo sát hoặc nguồn công bố trực tiếp.,PL3_2025_DongThap_old,4. PL3 - danh muc cong .pdf,GATE_MASTER_2026-10-02,False
PL3-2212,Cống 19/5,,,,,UNKNOWN,False,Giữ trống tọa độ để tránh tạo điểm giả; cần GIS kỹ thuật/khảo sát hoặc nguồn công bố trực tiếp.,PL3_2025_DongThap_old,4. PL3 - danh muc cong .pdf,GATE_MASTER_2026-10-02,False
PL3-2213,Cống 26/3,,,,,UNKNOWN,False,Giữ trống tọa độ để tránh tạo điểm giả; cần GIS kỹ thuật/khảo sát hoặc nguồn công bố trực tiếp.,PL3_2025_DongThap_old,4. PL3 - danh muc cong .pdf,GATE_MASTER_2026-10-02,False
PL3-2214,Cống Năm Đen,,,,,UNKNOWN,False,Giữ trống tọa độ để tránh tạo điểm giả; cần GIS kỹ thuật/khảo sát hoặc nguồn công bố trực tiếp.,PL3_2025_DongThap_old,4. PL3 - danh muc cong .pdf,GATE_MASTER_2026-10-02,False
PL3-2215,Cống Cai Binh 1,,,,,UNKNOWN,False,Giữ trống tọa độ để tránh tạo điểm giả; cần GIS kỹ thuật/khảo sát hoặc nguồn công bố trực tiếp.,PL3_2025_DongThap_old,4. PL3 - danh muc cong .pdf,GATE_MASTER_2026-10-02,False
PL3-2216,Cống Cai Binh 2,,,,,UNKNOWN,False,Giữ trống tọa độ để tránh tạo điểm giả; cần GIS kỹ thuật/khảo sát hoặc nguồn công bố trực tiếp.,PL3_2025_DongThap_old,4. PL3 - danh muc cong .pdf,GATE_MASTER_2026-10-02,False
PL3-2217,Cống K. Nổi An Ninh 1,,,,,UNKNOWN,False,Giữ trống tọa độ để tránh tạo điểm giả; cần GIS kỹ thuật/khảo sát hoặc nguồn công bố trực tiếp.,PL3_2025_DongThap_old,4. PL3 - danh muc cong .pdf,GATE_MASTER_2026-10-02,False
PL3-2218,Cống K. Nổi An Ninh 2,,,,,UNKNOWN,False,Giữ trống tọa độ để tránh tạo điểm giả; cần GIS kỹ thuật/khảo sát hoặc nguồn công bố trực tiếp.,PL3_2025_DongThap_old,4. PL3 - danh muc cong .pdf,GATE_MASTER_2026-10-02,False
PL3-2219,Cống Lung Độn,,,,,UNKNOWN,False,Giữ trống tọa độ để tránh tạo điểm giả; cần GIS kỹ thuật/khảo sát hoặc nguồn công bố trực tiếp.,PL3_2025_DongThap_old,4. PL3 - danh muc cong .pdf,GATE_MASTER_2026-10-02,False
PL3-2220,Cống Lung Độn 1,,,,,UNKNOWN,False,Giữ trống tọa độ để tránh tạo điểm giả; cần GIS kỹ thuật/khảo sát hoặc nguồn công bố trực tiếp.,PL3_2025_DongThap_old,4. PL3 - danh muc cong .pdf,GATE_MASTER_2026-10-02,False
PL3-2221,Cống Bảy Láy,,,,,UNKNOWN,False,Giữ trống tọa độ để tránh tạo điểm giả; cần GIS kỹ thuật/khảo sát hoặc nguồn công bố trực tiếp.,PL3_2025_DongThap_old,4. PL3 - danh muc cong .pdf,GATE_MASTER_2026-10-02,False
PL3-2222,Cống Tư Tứ,,,,,UNKNOWN,False,Giữ trống tọa độ để tránh tạo điểm giả; cần GIS kỹ thuật/khảo sát hoặc nguồn công bố trực tiếp.,PL3_2025_DongThap_old,4. PL3 - danh muc cong .pdf,GATE_MASTER_2026-10-02,False
PL3-2223,Cống Mười Đai,,,,,UNKNOWN,False,Giữ trống tọa độ để tránh tạo điểm giả; cần GIS kỹ thuật/khảo sát hoặc nguồn công bố trực tiếp.,PL3_2025_DongThap_old,4. PL3 - danh muc cong .pdf,GATE_MASTER_2026-10-02,False
PL3-2224,Cống Kênh Thuỷ lợi 1,,,,,UNKNOWN,False,Giữ trống tọa độ để tránh tạo điểm giả; cần GIS kỹ thuật/khảo sát hoặc nguồn công bố trực tiếp.,PL3_2025_DongThap_old,4. PL3 - danh muc cong .pdf,GATE_MASTER_2026-10-02,False
PL3-2225,Cống Giữ Thuỷ Sản,,,,,UNKNOWN,False,Giữ trống tọa độ để tránh tạo điểm giả; cần GIS kỹ thuật/khảo sát hoặc nguồn công bố trực tiếp.,PL3_2025_DongThap_old,4. PL3 - danh muc cong .pdf,GATE_MASTER_2026-10-02,False
PL3-2226,Cống Ngã Cái,,,,,UNKNOWN,False,Giữ trống tọa độ để tránh tạo điểm giả; cần GIS kỹ thuật/khảo sát hoặc nguồn công bố trực tiếp.,PL3_2025_DongThap_old,4. PL3 - danh muc cong .pdf,GATE_MASTER_2026-10-02,False
PL3-2227,Cống Tư Ân,,,,,UNKNOWN,False,Giữ trống tọa độ để tránh tạo điểm giả; cần GIS kỹ thuật/khảo sát hoặc nguồn công bố trực tiếp.,PL3_2025_DongThap_old,4. PL3 - danh muc cong .pdf,GATE_MASTER_2026-10-02,False
PL3-2228,Cống Bầu Dừng,,,,,UNKNOWN,False,Giữ trống tọa độ để tránh tạo điểm giả; cần GIS kỹ thuật/khảo sát hoặc nguồn công bố trực tiếp.,PL3_2025_DongThap_old,4. PL3 - danh muc cong .pdf,GATE_MASTER_2026-10-02,False
PL3-2229,Cống Chín Nhẫn,,,,,UNKNOWN,False,Giữ trống tọa độ để tránh tạo điểm giả; cần GIS kỹ thuật/khảo sát hoặc nguồn công bố trực tiếp.,PL3_2025_DongThap_old,4. PL3 - danh muc cong .pdf,GATE_MASTER_2026-10-02,False
PL3-2230,Cống Khánh Nhơn,,,,,UNKNOWN,False,Giữ trống tọa độ để tránh tạo điểm giả; cần GIS kỹ thuật/khảo sát hoặc nguồn công bố trực tiếp.,PL3_2025_DongThap_old,4. PL3 - danh muc cong .pdf,GATE_MASTER_2026-10-02,False
PL3-2231,Cống Kênh Thanh Bình,,,,,UNKNOWN,False,Giữ trống tọa độ để tránh tạo điểm giả; cần GIS kỹ thuật/khảo sát hoặc nguồn công bố trực tiếp.,PL3_2025_DongThap_old,4. PL3 - danh muc cong .pdf,GATE_MASTER_2026-10-02,False
PL3-2232,Cống Kênh Thanh Bình,,,,,UNKNOWN,False,Giữ trống tọa độ để tránh tạo điểm giả; cần GIS kỹ thuật/khảo sát hoặc nguồn công bố trực tiếp.,PL3_2025_DongThap_old,4. PL3 - danh muc cong .pdf,GATE_MASTER_2026-10-02,False
PL3-2233,Cống K. Thanh Bình (rạch Chùa),,,,,UNKNOWN,False,Giữ trống tọa độ để tránh tạo điểm giả; cần GIS kỹ thuật/khảo sát hoặc nguồn công bố trực tiếp.,PL3_2025_DongThap_old,4. PL3 - danh muc cong .pdf,GATE_MASTER_2026-10-02,False
PL3-2234,Cống Kênh Mương Trâu,,,,,UNKNOWN,False,Giữ trống tọa độ để tránh tạo điểm giả; cần GIS kỹ thuật/khảo sát hoặc nguồn công bố trực tiếp.,PL3_2025_DongThap_old,4. PL3 - danh muc cong .pdf,GATE_MASTER_2026-10-02,False
PL3-2235,Cống Kênh Thuỷ Lợi,,,,,UNKNOWN,False,Giữ trống tọa độ để tránh tạo điểm giả; cần GIS kỹ thuật/khảo sát hoặc nguồn công bố trực tiếp.,PL3_2025_DongThap_old,4. PL3 - danh muc cong .pdf,GATE_MASTER_2026-10-02,False
PL3-2236,Cống kênh Trục,,,,,UNKNOWN,False,Giữ trống tọa độ để tránh tạo điểm giả; cần GIS kỹ thuật/khảo sát hoặc nguồn công bố trực tiếp.,PL3_2025_DongThap_old,4. PL3 - danh muc cong .pdf,GATE_MASTER_2026-10-02,False
PL3-2237,Cống kênh Ông Bầu,,,,,UNKNOWN,False,Giữ trống tọa độ để tránh tạo điểm giả; cần GIS kỹ thuật/khảo sát hoặc nguồn công bố trực tiếp.,PL3_2025_DongThap_old,4. PL3 - danh muc cong .pdf,GATE_MASTER_2026-10-02,False
PL3-2238,Cống gần nhà Năm Châu,,,,,UNKNOWN,False,Giữ trống tọa độ để tránh tạo điểm giả; cần GIS kỹ thuật/khảo sát hoặc nguồn công bố trực tiếp.,PL3_2025_DongThap_old,4. PL3 - danh muc cong .pdf,GATE_MASTER_2026-10-02,False
PL3-2239,Cống Sáu Bảo,,,,,UNKNOWN,False,Giữ trống tọa độ để tránh tạo điểm giả; cần GIS kỹ thuật/khảo sát hoặc nguồn công bố trực tiếp.,PL3_2025_DongThap_old,4. PL3 - danh muc cong .pdf,GATE_MASTER_2026-10-02,False
PL3-2240,Cống Út Nhàn,,,,,UNKNOWN,False,Giữ trống tọa độ để tránh tạo điểm giả; cần GIS kỹ thuật/khảo sát hoặc nguồn công bố trực tiếp.,PL3_2025_DongThap_old,4. PL3 - danh muc cong .pdf,GATE_MASTER_2026-10-02,False
PL3-2241,Cống Bà Thắng,,,,,UNKNOWN,False,Giữ trống tọa độ để tránh tạo điểm giả; cần GIS kỹ thuật/khảo sát hoặc nguồn công bố trực tiếp.,PL3_2025_DongThap_old,4. PL3 - danh muc cong .pdf,GATE_MASTER_2026-10-02,False
PL3-2242,Cống Năm Tuần,,,,,UNKNOWN,False,Giữ trống tọa độ để tránh tạo điểm giả; cần GIS kỹ thuật/khảo sát hoặc nguồn công bố trực tiếp.,PL3_2025_DongThap_old,4. PL3 - danh muc cong .pdf,GATE_MASTER_2026-10-02,False
PL3-2243,Cống Đìa Gáo giáp Mương Chùa,,,,,UNKNOWN,False,Giữ trống tọa độ để tránh tạo điểm giả; cần GIS kỹ thuật/khảo sát hoặc nguồn công bố trực tiếp.,PL3_2025_DongThap_old,4. PL3 - danh muc cong .pdf,GATE_MASTER_2026-10-02,False
PL3-2244,Cống Đìa Gáo giáp Mương Tư Để,,,,,UNKNOWN,False,Giữ trống tọa độ để tránh tạo điểm giả; cần GIS kỹ thuật/khảo sát hoặc nguồn công bố trực tiếp.,PL3_2025_DongThap_old,4. PL3 - danh muc cong .pdf,GATE_MASTER_2026-10-02,False
PL3-2245,Cống M Giồng Sung,,,,,UNKNOWN,False,Giữ trống tọa độ để tránh tạo điểm giả; cần GIS kỹ thuật/khảo sát hoặc nguồn công bố trực tiếp.,PL3_2025_DongThap_old,4. PL3 - danh muc cong .pdf,GATE_MASTER_2026-10-02,False
PL3-2246,Cống Tư Khuyến,,,,,UNKNOWN,False,Giữ trống tọa độ để tránh tạo điểm giả; cần GIS kỹ thuật/khảo sát hoặc nguồn công bố trực tiếp.,PL3_2025_DongThap_old,4. PL3 - danh muc cong .pdf,GATE_MASTER_2026-10-02,False
PL3-2247,Cống M Trường học,,,,,UNKNOWN,False,Giữ trống tọa độ để tránh tạo điểm giả; cần GIS kỹ thuật/khảo sát hoặc nguồn công bố trực tiếp.,PL3_2025_DongThap_old,4. PL3 - danh muc cong .pdf,GATE_MASTER_2026-10-02,False
PL3-2248,Cống M Bà Lan,,,,,UNKNOWN,False,Giữ trống tọa độ để tránh tạo điểm giả; cần GIS kỹ thuật/khảo sát hoặc nguồn công bố trực tiếp.,PL3_2025_DongThap_old,4. PL3 - danh muc cong .pdf,GATE_MASTER_2026-10-02,False
PL3-2249,Cống M Hai Y,,,,,UNKNOWN,False,Giữ trống tọa độ để tránh tạo điểm giả; cần GIS kỹ thuật/khảo sát hoặc nguồn công bố trực tiếp.,PL3_2025_DongThap_old,4. PL3 - danh muc cong .pdf,GATE_MASTER_2026-10-02,False
PL3-2250,Cống K Đòn Dông giáp M Chùa,,,,,UNKNOWN,False,Giữ trống tọa độ để tránh tạo điểm giả; cần GIS kỹ thuật/khảo sát hoặc nguồn công bố trực tiếp.,PL3_2025_DongThap_old,4. PL3 - danh muc cong .pdf,GATE_MASTER_2026-10-02,False
PL3-2251,Cống K Đòn Dông giáp M Kinh,,,,,UNKNOWN,False,Giữ trống tọa độ để tránh tạo điểm giả; cần GIS kỹ thuật/khảo sát hoặc nguồn công bố trực tiếp.,PL3_2025_DongThap_old,4. PL3 - danh muc cong .pdf,GATE_MASTER_2026-10-02,False
PL3-2252,Cống M Ông Châu,,,,,UNKNOWN,False,Giữ trống tọa độ để tránh tạo điểm giả; cần GIS kỹ thuật/khảo sát hoặc nguồn công bố trực tiếp.,PL3_2025_DongThap_old,4. PL3 - danh muc cong .pdf,GATE_MASTER_2026-10-02,False
PL3-2253,Cống Thái Thuận giáp tỉnh lộ 848,,,,,UNKNOWN,False,Giữ trống tọa độ để tránh tạo điểm giả; cần GIS kỹ thuật/khảo sát hoặc nguồn công bố trực tiếp.,PL3_2025_DongThap_old,4. PL3 - danh muc cong .pdf,GATE_MASTER_2026-10-02,False
PL3-2254,Cống Sáu Tiếp,,,,,UNKNOWN,False,Giữ trống tọa độ để tránh tạo điểm giả; cần GIS kỹ thuật/khảo sát hoặc nguồn công bố trực tiếp.,PL3_2025_DongThap_old,4. PL3 - danh muc cong .pdf,GATE_MASTER_2026-10-02,False
PL3-2255,Cống Xẻo Tre,,,,,UNKNOWN,False,Giữ trống tọa độ để tránh tạo điểm giả; cần GIS kỹ thuật/khảo sát hoặc nguồn công bố trực tiếp.,PL3_2025_DongThap_old,4. PL3 - danh muc cong .pdf,GATE_MASTER_2026-10-02,False
PL3-2256,Cống Bảy Nghiệp,,,,,UNKNOWN,False,Giữ trống tọa độ để tránh tạo điểm giả; cần GIS kỹ thuật/khảo sát hoặc nguồn công bố trực tiếp.,PL3_2025_DongThap_old,4. PL3 - danh muc cong .pdf,GATE_MASTER_2026-10-02,False
PL3-2257,Cống Tám Gươm,,,,,UNKNOWN,False,Giữ trống tọa độ để tránh tạo điểm giả; cần GIS kỹ thuật/khảo sát hoặc nguồn công bố trực tiếp.,PL3_2025_DongThap_old,4. PL3 - danh muc cong .pdf,GATE_MASTER_2026-10-02,False
PL3-2258,Cống hở Thông Lưu,,,,,UNKNOWN,False,Giữ trống tọa độ để tránh tạo điểm giả; cần GIS kỹ thuật/khảo sát hoặc nguồn công bố trực tiếp.,PL3_2025_DongThap_old,4. PL3 - danh muc cong .pdf,GATE_MASTER_2026-10-02,False
PL3-2259,Cống hở Mương Đình,,,,,UNKNOWN,False,Giữ trống tọa độ để tránh tạo điểm giả; cần GIS kỹ thuật/khảo sát hoặc nguồn công bố trực tiếp.,PL3_2025_DongThap_old,4. PL3 - danh muc cong .pdf,GATE_MASTER_2026-10-02,False
PL3-2260,Cống hở Thầy Chùa Đức,,,,,UNKNOWN,False,Giữ trống tọa độ để tránh tạo điểm giả; cần GIS kỹ thuật/khảo sát hoặc nguồn công bố trực tiếp.,PL3_2025_DongThap_old,4. PL3 - danh muc cong .pdf,GATE_MASTER_2026-10-02,False
PL3-2261,Cống hở kênh TL TĐ 8,,,,,UNKNOWN,False,Giữ trống tọa độ để tránh tạo điểm giả; cần GIS kỹ thuật/khảo sát hoặc nguồn công bố trực tiếp.,PL3_2025_DongThap_old,4. PL3 - danh muc cong .pdf,GATE_MASTER_2026-10-02,False
PL3-2262,Cống hở Bà Biện,,,,,UNKNOWN,False,Giữ trống tọa độ để tránh tạo điểm giả; cần GIS kỹ thuật/khảo sát hoặc nguồn công bố trực tiếp.,PL3_2025_DongThap_old,4. PL3 - danh muc cong .pdf,GATE_MASTER_2026-10-02,False
PL3-2263,Cống hở Rạch ông Dồi,,,,,UNKNOWN,False,Giữ trống tọa độ để tránh tạo điểm giả; cần GIS kỹ thuật/khảo sát hoặc nguồn công bố trực tiếp.,PL3_2025_DongThap_old,4. PL3 - danh muc cong .pdf,GATE_MASTER_2026-10-02,False
PL3-2264,Cống hở kênh Phó Xã,,,,,UNKNOWN,False,Giữ trống tọa độ để tránh tạo điểm giả; cần GIS kỹ thuật/khảo sát hoặc nguồn công bố trực tiếp.,PL3_2025_DongThap_old,4. PL3 - danh muc cong .pdf,GATE_MASTER_2026-10-02,False
PL3-2265,Cống hở Rạch Cưởi (giáp kênh Ranh),,,,,UNKNOWN,False,Giữ trống tọa độ để tránh tạo điểm giả; cần GIS kỹ thuật/khảo sát hoặc nguồn công bố trực tiếp.,PL3_2025_DongThap_old,4. PL3 - danh muc cong .pdf,GATE_MASTER_2026-10-02,False
PL3-2266,Cống hở Tư Lẫm,,,,,UNKNOWN,False,Giữ trống tọa độ để tránh tạo điểm giả; cần GIS kỹ thuật/khảo sát hoặc nguồn công bố trực tiếp.,PL3_2025_DongThap_old,4. PL3 - danh muc cong .pdf,GATE_MASTER_2026-10-02,False
PL3-2267,Cống Sáu Kích,,,,,UNKNOWN,False,Giữ trống tọa độ để tránh tạo điểm giả; cần GIS kỹ thuật/khảo sát hoặc nguồn công bố trực tiếp.,PL3_2025_DongThap_old,4. PL3 - danh muc cong .pdf,GATE_MASTER_2026-10-02,False
PL3-2268,Cống Kênh Hai Nghiệp,,,,,UNKNOWN,False,Giữ trống tọa độ để tránh tạo điểm giả; cần GIS kỹ thuật/khảo sát hoặc nguồn công bố trực tiếp.,PL3_2025_DongThap_old,4. PL3 - danh muc cong .pdf,GATE_MASTER_2026-10-02,False
PL3-2269,Cống Kênh Ông Đáng,,,,,UNKNOWN,False,Giữ trống tọa độ để tránh tạo điểm giả; cần GIS kỹ thuật/khảo sát hoặc nguồn công bố trực tiếp.,PL3_2025_DongThap_old,4. PL3 - danh muc cong .pdf,GATE_MASTER_2026-10-02,False
PL3-2270,Cống Ba Liêm,,,,,UNKNOWN,False,Giữ trống tọa độ để tránh tạo điểm giả; cần GIS kỹ thuật/khảo sát hoặc nguồn công bố trực tiếp.,PL3_2025_DongThap_old,4. PL3 - danh muc cong .pdf,GATE_MASTER_2026-10-02,False
PL3-2271,Cống Bà Hai,,,,,UNKNOWN,False,Giữ trống tọa độ để tránh tạo điểm giả; cần GIS kỹ thuật/khảo sát hoặc nguồn công bố trực tiếp.,PL3_2025_DongThap_old,4. PL3 - danh muc cong .pdf,GATE_MASTER_2026-10-02,False
PL3-2272,Cống Cái Sơn,,,,,UNKNOWN,False,Giữ trống tọa độ để tránh tạo điểm giả; cần GIS kỹ thuật/khảo sát hoặc nguồn công bố trực tiếp.,PL3_2025_DongThap_old,4. PL3 - danh muc cong .pdf,GATE_MASTER_2026-10-02,False
PL3-2273,Cống Ông Phục,,,,,UNKNOWN,False,Giữ trống tọa độ để tránh tạo điểm giả; cần GIS kỹ thuật/khảo sát hoặc nguồn công bố trực tiếp.,PL3_2025_DongThap_old,4. PL3 - danh muc cong .pdf,GATE_MASTER_2026-10-02,False
PL3-2274,Cống Hai Ửng,,,,,UNKNOWN,False,Giữ trống tọa độ để tránh tạo điểm giả; cần GIS kỹ thuật/khảo sát hoặc nguồn công bố trực tiếp.,PL3_2025_DongThap_old,4. PL3 - danh muc cong .pdf,GATE_MASTER_2026-10-02,False
PL3-2275,Cống Hai Nâm,,,,,UNKNOWN,False,Giữ trống tọa độ để tránh tạo điểm giả; cần GIS kỹ thuật/khảo sát hoặc nguồn công bố trực tiếp.,PL3_2025_DongThap_old,4. PL3 - danh muc cong .pdf,GATE_MASTER_2026-10-02,False
PL3-2276,Cống Nhà Kho,,,,,UNKNOWN,False,Giữ trống tọa độ để tránh tạo điểm giả; cần GIS kỹ thuật/khảo sát hoặc nguồn công bố trực tiếp.,PL3_2025_DongThap_old,4. PL3 - danh muc cong .pdf,GATE_MASTER_2026-10-02,False
PL3-2277,Cống Thủ Đất,,,,,UNKNOWN,False,Giữ trống tọa độ để tránh tạo điểm giả; cần GIS kỹ thuật/khảo sát hoặc nguồn công bố trực tiếp.,PL3_2025_DongThap_old,4. PL3 - danh muc cong .pdf,GATE_MASTER_2026-10-02,False
PL3-2278,Cống Ông Hân,,,,,UNKNOWN,False,Giữ trống tọa độ để tránh tạo điểm giả; cần GIS kỹ thuật/khảo sát hoặc nguồn công bố trực tiếp.,PL3_2025_DongThap_old,4. PL3 - danh muc cong .pdf,GATE_MASTER_2026-10-02,False
PL3-2279,Cống Tư Tiên,,,,,UNKNOWN,False,Giữ trống tọa độ để tránh tạo điểm giả; cần GIS kỹ thuật/khảo sát hoặc nguồn công bố trực tiếp.,PL3_2025_DongThap_old,4. PL3 - danh muc cong .pdf,GATE_MASTER_2026-10-02,False
PL3-2280,Cống Năm Tòng,,,,,UNKNOWN,False,Giữ trống tọa độ để tránh tạo điểm giả; cần GIS kỹ thuật/khảo sát hoặc nguồn công bố trực tiếp.,PL3_2025_DongThap_old,4. PL3 - danh muc cong .pdf,GATE_MASTER_2026-10-02,False
PL3-2281,Cống Năm Hớn,,,,,UNKNOWN,False,Giữ trống tọa độ để tránh tạo điểm giả; cần GIS kỹ thuật/khảo sát hoặc nguồn công bố trực tiếp.,PL3_2025_DongThap_old,4. PL3 - danh muc cong .pdf,GATE_MASTER_2026-10-02,False
PL3-2282,Cống Bầu Dênh,,,,,UNKNOWN,False,Giữ trống tọa độ để tránh tạo điểm giả; cần GIS kỹ thuật/khảo sát hoặc nguồn công bố trực tiếp.,PL3_2025_DongThap_old,4. PL3 - danh muc cong .pdf,GATE_MASTER_2026-10-02,False
PL3-2283,Cống Ba Đà,,,,,UNKNOWN,False,Giữ trống tọa độ để tránh tạo điểm giả; cần GIS kỹ thuật/khảo sát hoặc nguồn công bố trực tiếp.,PL3_2025_DongThap_old,4. PL3 - danh muc cong .pdf,GATE_MASTER_2026-10-02,False
PL3-2284,Cống Chùa Thành Quang,,,,,UNKNOWN,False,Giữ trống tọa độ để tránh tạo điểm giả; cần GIS kỹ thuật/khảo sát hoặc nguồn công bố trực tiếp.,PL3_2025_DongThap_old,4. PL3 - danh muc cong .pdf,GATE_MASTER_2026-10-02,False
PL3-2285,Cống Mười Mênh,,,,,UNKNOWN,False,Giữ trống tọa độ để tránh tạo điểm giả; cần GIS kỹ thuật/khảo sát hoặc nguồn công bố trực tiếp.,PL3_2025_DongThap_old,4. PL3 - danh muc cong .pdf,GATE_MASTER_2026-10-02,False
PL3-2286,Cống Chùa Phước Hội,,,,,UNKNOWN,False,Giữ trống tọa độ để tránh tạo điểm giả; cần GIS kỹ thuật/khảo sát hoặc nguồn công bố trực tiếp.,PL3_2025_DongThap_old,4. PL3 - danh muc cong .pdf,GATE_MASTER_2026-10-02,False
PL3-2287,Cống Tư Khuynh,,,,,UNKNOWN,False,Giữ trống tọa độ để tránh tạo điểm giả; cần GIS kỹ thuật/khảo sát hoặc nguồn công bố trực tiếp.,PL3_2025_DongThap_old,4. PL3 - danh muc cong .pdf,GATE_MASTER_2026-10-02,False
PL3-2288,Cống Hai Hận,,,,,UNKNOWN,False,Giữ trống tọa độ để tránh tạo điểm giả; cần GIS kỹ thuật/khảo sát hoặc nguồn công bố trực tiếp.,PL3_2025_DongThap_old,4. PL3 - danh muc cong .pdf,GATE_MASTER_2026-10-02,False
PL3-2289,Cống Út Hường,,,,,UNKNOWN,False,Giữ trống tọa độ để tránh tạo điểm giả; cần GIS kỹ thuật/khảo sát hoặc nguồn công bố trực tiếp.,PL3_2025_DongThap_old,4. PL3 - danh muc cong .pdf,GATE_MASTER_2026-10-02,False
PL3-2290,Cống Ba Tưởng,,,,,UNKNOWN,False,Giữ trống tọa độ để tránh tạo điểm giả; cần GIS kỹ thuật/khảo sát hoặc nguồn công bố trực tiếp.,PL3_2025_DongThap_old,4. PL3 - danh muc cong .pdf,GATE_MASTER_2026-10-02,False
PL3-2291,Cống Chín Đắng,,,,,UNKNOWN,False,Giữ trống tọa độ để tránh tạo điểm giả; cần GIS kỹ thuật/khảo sát hoặc nguồn công bố trực tiếp.,PL3_2025_DongThap_old,4. PL3 - danh muc cong .pdf,GATE_MASTER_2026-10-02,False
PL3-2292,Cống Sáu Nhơn,,,,,UNKNOWN,False,Giữ trống tọa độ để tránh tạo điểm giả; cần GIS kỹ thuật/khảo sát hoặc nguồn công bố trực tiếp.,PL3_2025_DongThap_old,4. PL3 - danh muc cong .pdf,GATE_MASTER_2026-10-02,False
PL3-2293,Cống Hai Lợi,,,,,UNKNOWN,False,Giữ trống tọa độ để tránh tạo điểm giả; cần GIS kỹ thuật/khảo sát hoặc nguồn công bố trực tiếp.,PL3_2025_DongThap_old,4. PL3 - danh muc cong .pdf,GATE_MASTER_2026-10-02,False
PL3-2294,Cống Tám Tiết,,,,,UNKNOWN,False,Giữ trống tọa độ để tránh tạo điểm giả; cần GIS kỹ thuật/khảo sát hoặc nguồn công bố trực tiếp.,PL3_2025_DongThap_old,4. PL3 - danh muc cong .pdf,GATE_MASTER_2026-10-02,False
PL3-2295,Cống Chùa Phước Vinh,,,,,UNKNOWN,False,Giữ trống tọa độ để tránh tạo điểm giả; cần GIS kỹ thuật/khảo sát hoặc nguồn công bố trực tiếp.,PL3_2025_DongThap_old,4. PL3 - danh muc cong .pdf,GATE_MASTER_2026-10-02,False
PL3-2296,Cống Ba Vấn,,,,,UNKNOWN,False,Giữ trống tọa độ để tránh tạo điểm giả; cần GIS kỹ thuật/khảo sát hoặc nguồn công bố trực tiếp.,PL3_2025_DongThap_old,4. PL3 - danh muc cong .pdf,GATE_MASTER_2026-10-02,False
PL3-2297,Cống Tư Tiêp,,,,,UNKNOWN,False,Giữ trống tọa độ để tránh tạo điểm giả; cần GIS kỹ thuật/khảo sát hoặc nguồn công bố trực tiếp.,PL3_2025_DongThap_old,4. PL3 - danh muc cong .pdf,GATE_MASTER_2026-10-02,False
PL3-2298,Cống Út A,,,,,UNKNOWN,False,Giữ trống tọa độ để tránh tạo điểm giả; cần GIS kỹ thuật/khảo sát hoặc nguồn công bố trực tiếp.,PL3_2025_DongThap_old,4. PL3 - danh muc cong .pdf,GATE_MASTER_2026-10-02,False
PL3-2299,Cống Sáu Nhơn,,,,,UNKNOWN,False,Giữ trống tọa độ để tránh tạo điểm giả; cần GIS kỹ thuật/khảo sát hoặc nguồn công bố trực tiếp.,PL3_2025_DongThap_old,4. PL3 - danh muc cong .pdf,GATE_MASTER_2026-10-02,False
PL3-2300,Cống Ba Quang,,,,,UNKNOWN,False,Giữ trống tọa độ để tránh tạo điểm giả; cần GIS kỹ thuật/khảo sát hoặc nguồn công bố trực tiếp.,PL3_2025_DongThap_old,4. PL3 - danh muc cong .pdf,GATE_MASTER_2026-10-02,False
PL3-2301,Cống Cây Gán,,,,,UNKNOWN,False,Giữ trống tọa độ để tránh tạo điểm giả; cần GIS kỹ thuật/khảo sát hoặc nguồn công bố trực tiếp.,PL3_2025_DongThap_old,4. PL3 - danh muc cong .pdf,GATE_MASTER_2026-10-02,False
PL3-2302,Cống Bảy Ne,,,,,UNKNOWN,False,Giữ trống tọa độ để tránh tạo điểm giả; cần GIS kỹ thuật/khảo sát hoặc nguồn công bố trực tiếp.,PL3_2025_DongThap_old,4. PL3 - danh muc cong .pdf,GATE_MASTER_2026-10-02,False
PL3-2303,Cống Kinh Đào,,,,,UNKNOWN,False,Giữ trống tọa độ để tránh tạo điểm giả; cần GIS kỹ thuật/khảo sát hoặc nguồn công bố trực tiếp.,PL3_2025_DongThap_old,4. PL3 - danh muc cong .pdf,GATE_MASTER_2026-10-02,False
PL3-2304,Cống Út Đại,,,,,UNKNOWN,False,Giữ trống tọa độ để tránh tạo điểm giả; cần GIS kỹ thuật/khảo sát hoặc nguồn công bố trực tiếp.,PL3_2025_DongThap_old,4. PL3 - danh muc cong .pdf,GATE_MASTER_2026-10-02,False
PL3-2305,Cống Cà Na,,,,,UNKNOWN,False,Giữ trống tọa độ để tránh tạo điểm giả; cần GIS kỹ thuật/khảo sát hoặc nguồn công bố trực tiếp.,PL3_2025_DongThap_old,4. PL3 - danh muc cong .pdf,GATE_MASTER_2026-10-02,False
PL3-2306,Cống Hai Ngòn,,,,,UNKNOWN,False,Giữ trống tọa độ để tránh tạo điểm giả; cần GIS kỹ thuật/khảo sát hoặc nguồn công bố trực tiếp.,PL3_2025_DongThap_old,4. PL3 - danh muc cong .pdf,GATE_MASTER_2026-10-02,False
PL3-2307,Cống Huyện Đội,,,,,UNKNOWN,False,Giữ trống tọa độ để tránh tạo điểm giả; cần GIS kỹ thuật/khảo sát hoặc nguồn công bố trực tiếp.,PL3_2025_DongThap_old,4. PL3 - danh muc cong .pdf,GATE_MASTER_2026-10-02,False
PL3-2308,Cống Chòm Tre,,,,,UNKNOWN,False,Giữ trống tọa độ để tránh tạo điểm giả; cần GIS kỹ thuật/khảo sát hoặc nguồn công bố trực tiếp.,PL3_2025_DongThap_old,4. PL3 - danh muc cong .pdf,GATE_MASTER_2026-10-02,False
PL3-2309,Cống Kinh Ba Thước,,,,,UNKNOWN,False,Giữ trống tọa độ để tránh tạo điểm giả; cần GIS kỹ thuật/khảo sát hoặc nguồn công bố trực tiếp.,PL3_2025_DongThap_old,4. PL3 - danh muc cong .pdf,GATE_MASTER_2026-10-02,False
PL3-2310,Cống Hữu Đức,,,,,UNKNOWN,False,Giữ trống tọa độ để tránh tạo điểm giả; cần GIS kỹ thuật/khảo sát hoặc nguồn công bố trực tiếp.,PL3_2025_DongThap_old,4. PL3 - danh muc cong .pdf,GATE_MASTER_2026-10-02,False
PL3-2311,Cống Tư Phải,,,,,UNKNOWN,False,Giữ trống tọa độ để tránh tạo điểm giả; cần GIS kỹ thuật/khảo sát hoặc nguồn công bố trực tiếp.,PL3_2025_DongThap_old,4. PL3 - danh muc cong .pdf,GATE_MASTER_2026-10-02,False
PL3-2312,Cống Sáu Lanh,,,,,UNKNOWN,False,Giữ trống tọa độ để tránh tạo điểm giả; cần GIS kỹ thuật/khảo sát hoặc nguồn công bố trực tiếp.,PL3_2025_DongThap_old,4. PL3 - danh muc cong .pdf,GATE_MASTER_2026-10-02,False
PL3-2313,Cống Kênh Thuỷ lợi 3,,,,,UNKNOWN,False,Giữ trống tọa độ để tránh tạo điểm giả; cần GIS kỹ thuật/khảo sát hoặc nguồn công bố trực tiếp.,PL3_2025_DongThap_old,4. PL3 - danh muc cong .pdf,GATE_MASTER_2026-10-02,False
PL3-2314,Cống Kênh 19/5,,,,,UNKNOWN,False,Giữ trống tọa độ để tránh tạo điểm giả; cần GIS kỹ thuật/khảo sát hoặc nguồn công bố trực tiếp.,PL3_2025_DongThap_old,4. PL3 - danh muc cong .pdf,GATE_MASTER_2026-10-02,False
PL3-2315,Cống Hai Xăng,,,,,UNKNOWN,False,Giữ trống tọa độ để tránh tạo điểm giả; cần GIS kỹ thuật/khảo sát hoặc nguồn công bố trực tiếp.,PL3_2025_DongThap_old,4. PL3 - danh muc cong .pdf,GATE_MASTER_2026-10-02,False
PL3-2316,Cống Xẽo Sấu,,,,,UNKNOWN,False,Giữ trống tọa độ để tránh tạo điểm giả; cần GIS kỹ thuật/khảo sát hoặc nguồn công bố trực tiếp.,PL3_2025_DongThap_old,4. PL3 - danh muc cong .pdf,GATE_MASTER_2026-10-02,False
PL3-2317,Cống Mương Ông Khỉ,,,,,UNKNOWN,False,Giữ trống tọa độ để tránh tạo điểm giả; cần GIS kỹ thuật/khảo sát hoặc nguồn công bố trực tiếp.,PL3_2025_DongThap_old,4. PL3 - danh muc cong .pdf,GATE_MASTER_2026-10-02,False
PL3-2318,Cống ranh An Lạc-An Phong,,,,,UNKNOWN,False,Giữ trống tọa độ để tránh tạo điểm giả; cần GIS kỹ thuật/khảo sát hoặc nguồn công bố trực tiếp.,PL3_2025_DongThap_old,4. PL3 - danh muc cong .pdf,GATE_MASTER_2026-10-02,False
PL3-2319,Cống kênh TĐ 7,,,,,UNKNOWN,False,Giữ trống tọa độ để tránh tạo điểm giả; cần GIS kỹ thuật/khảo sát hoặc nguồn công bố trực tiếp.,PL3_2025_DongThap_old,4. PL3 - danh muc cong .pdf,GATE_MASTER_2026-10-02,False
PL3-2320,Cống rạch Cái Hoà,,,,,UNKNOWN,False,Giữ trống tọa độ để tránh tạo điểm giả; cần GIS kỹ thuật/khảo sát hoặc nguồn công bố trực tiếp.,PL3_2025_DongThap_old,4. PL3 - danh muc cong .pdf,GATE_MASTER_2026-10-02,False
PL3-2321,Cống rạch Xẽo Núi,,,,,UNKNOWN,False,Giữ trống tọa độ để tránh tạo điểm giả; cần GIS kỹ thuật/khảo sát hoặc nguồn công bố trực tiếp.,PL3_2025_DongThap_old,4. PL3 - danh muc cong .pdf,GATE_MASTER_2026-10-02,False
PL3-2322,Cống kênh Giữa,,,,,UNKNOWN,False,Giữ trống tọa độ để tránh tạo điểm giả; cần GIS kỹ thuật/khảo sát hoặc nguồn công bố trực tiếp.,PL3_2025_DongThap_old,4. PL3 - danh muc cong .pdf,GATE_MASTER_2026-10-02,False
PL3-2323,Cống kênh Ông Môi,,,,,UNKNOWN,False,Giữ trống tọa độ để tránh tạo điểm giả; cần GIS kỹ thuật/khảo sát hoặc nguồn công bố trực tiếp.,PL3_2025_DongThap_old,4. PL3 - danh muc cong .pdf,GATE_MASTER_2026-10-02,False
PL3-2324,Cống kênh Mương Nga,,,,,UNKNOWN,False,Giữ trống tọa độ để tránh tạo điểm giả; cần GIS kỹ thuật/khảo sát hoặc nguồn công bố trực tiếp.,PL3_2025_DongThap_old,4. PL3 - danh muc cong .pdf,GATE_MASTER_2026-10-02,False
PL3-2325,Cống kênh TĐ 16-18,,,,,UNKNOWN,False,Giữ trống tọa độ để tránh tạo điểm giả; cần GIS kỹ thuật/khảo sát hoặc nguồn công bố trực tiếp.,PL3_2025_DongThap_old,4. PL3 - danh muc cong .pdf,GATE_MASTER_2026-10-02,False
PL3-2326,Cống kênh Ông Mồm,,,,,UNKNOWN,False,Giữ trống tọa độ để tránh tạo điểm giả; cần GIS kỹ thuật/khảo sát hoặc nguồn công bố trực tiếp.,PL3_2025_DongThap_old,4. PL3 - danh muc cong .pdf,GATE_MASTER_2026-10-02,False
PL3-2327,Cống Ông Cụi,,,,,UNKNOWN,False,Giữ trống tọa độ để tránh tạo điểm giả; cần GIS kỹ thuật/khảo sát hoặc nguồn công bố trực tiếp.,PL3_2025_DongThap_old,4. PL3 - danh muc cong .pdf,GATE_MASTER_2026-10-02,False
PL3-2328,Cống Ông Bi,,,,,UNKNOWN,False,Giữ trống tọa độ để tránh tạo điểm giả; cần GIS kỹ thuật/khảo sát hoặc nguồn công bố trực tiếp.,PL3_2025_DongThap_old,4. PL3 - danh muc cong .pdf,GATE_MASTER_2026-10-02,False
PL3-2329,Cống K. Thuỷ lợi,,,,,UNKNOWN,False,Giữ trống tọa độ để tránh tạo điểm giả; cần GIS kỹ thuật/khảo sát hoặc nguồn công bố trực tiếp.,PL3_2025_DongThap_old,4. PL3 - danh muc cong .pdf,GATE_MASTER_2026-10-02,False
PL3-2330,Cống Kênh Ông Chưởng,,,,,UNKNOWN,False,Giữ trống tọa độ để tránh tạo điểm giả; cần GIS kỹ thuật/khảo sát hoặc nguồn công bố trực tiếp.,PL3_2025_DongThap_old,4. PL3 - danh muc cong .pdf,GATE_MASTER_2026-10-02,False
PL3-2331,Cống kênh Ông Đô,,,,,UNKNOWN,False,Giữ trống tọa độ để tránh tạo điểm giả; cần GIS kỹ thuật/khảo sát hoặc nguồn công bố trực tiếp.,PL3_2025_DongThap_old,4. PL3 - danh muc cong .pdf,GATE_MASTER_2026-10-02,False
PL3-2332,Cống kênh TĐ 15,,,,,UNKNOWN,False,Giữ trống tọa độ để tránh tạo điểm giả; cần GIS kỹ thuật/khảo sát hoặc nguồn công bố trực tiếp.,PL3_2025_DongThap_old,4. PL3 - danh muc cong .pdf,GATE_MASTER_2026-10-02,False
PL3-2333,Cống Tư Hạnh,,,,,UNKNOWN,False,Giữ trống tọa độ để tránh tạo điểm giả; cần GIS kỹ thuật/khảo sát hoặc nguồn công bố trực tiếp.,PL3_2025_DongThap_old,4. PL3 - danh muc cong .pdf,GATE_MASTER_2026-10-02,False
PL3-2334,Cống K. Thuỷ lợi,,,,,UNKNOWN,False,Giữ trống tọa độ để tránh tạo điểm giả; cần GIS kỹ thuật/khảo sát hoặc nguồn công bố trực tiếp.,PL3_2025_DongThap_old,4. PL3 - danh muc cong .pdf,GATE_MASTER_2026-10-02,False
PL3-2335,Cống Mương Am,,,,,UNKNOWN,False,Giữ trống tọa độ để tránh tạo điểm giả; cần GIS kỹ thuật/khảo sát hoặc nguồn công bố trực tiếp.,PL3_2025_DongThap_old,4. PL3 - danh muc cong .pdf,GATE_MASTER_2026-10-02,False
PL3-2336,Cống ngọn Ông Hành,,,,,UNKNOWN,False,Giữ trống tọa độ để tránh tạo điểm giả; cần GIS kỹ thuật/khảo sát hoặc nguồn công bố trực tiếp.,PL3_2025_DongThap_old,4. PL3 - danh muc cong .pdf,GATE_MASTER_2026-10-02,False
PL3-2337,Cống kênh TĐ 4,,,,,UNKNOWN,False,Giữ trống tọa độ để tránh tạo điểm giả; cần GIS kỹ thuật/khảo sát hoặc nguồn công bố trực tiếp.,PL3_2025_DongThap_old,4. PL3 - danh muc cong .pdf,GATE_MASTER_2026-10-02,False
PL3-2338,Cống R. Ông Đạt,,,,,UNKNOWN,False,Giữ trống tọa độ để tránh tạo điểm giả; cần GIS kỹ thuật/khảo sát hoặc nguồn công bố trực tiếp.,PL3_2025_DongThap_old,4. PL3 - danh muc cong .pdf,GATE_MASTER_2026-10-02,False
PL3-2339,Cống R. Bà Nhưng,,,,,UNKNOWN,False,Giữ trống tọa độ để tránh tạo điểm giả; cần GIS kỹ thuật/khảo sát hoặc nguồn công bố trực tiếp.,PL3_2025_DongThap_old,4. PL3 - danh muc cong .pdf,GATE_MASTER_2026-10-02,False
PL3-2340,Cống K. Thuỷ lợi,,,,,UNKNOWN,False,Giữ trống tọa độ để tránh tạo điểm giả; cần GIS kỹ thuật/khảo sát hoặc nguồn công bố trực tiếp.,PL3_2025_DongThap_old,4. PL3 - danh muc cong .pdf,GATE_MASTER_2026-10-02,False
PL3-2341,Cống Mương Chùa,,,,,UNKNOWN,False,Giữ trống tọa độ để tránh tạo điểm giả; cần GIS kỹ thuật/khảo sát hoặc nguồn công bố trực tiếp.,PL3_2025_DongThap_old,4. PL3 - danh muc cong .pdf,GATE_MASTER_2026-10-02,False
PL3-2342,Cống kênh Mương Chùa,,,,,UNKNOWN,False,Giữ trống tọa độ để tránh tạo điểm giả; cần GIS kỹ thuật/khảo sát hoặc nguồn công bố trực tiếp.,PL3_2025_DongThap_old,4. PL3 - danh muc cong .pdf,GATE_MASTER_2026-10-02,False
PL3-2343,Cống Thầy Thơ,,,,,UNKNOWN,False,Giữ trống tọa độ để tránh tạo điểm giả; cần GIS kỹ thuật/khảo sát hoặc nguồn công bố trực tiếp.,PL3_2025_DongThap_old,4. PL3 - danh muc cong .pdf,GATE_MASTER_2026-10-02,False
PL3-2344,Cống K. Thuỷ lợi,,,,,UNKNOWN,False,Giữ trống tọa độ để tránh tạo điểm giả; cần GIS kỹ thuật/khảo sát hoặc nguồn công bố trực tiếp.,PL3_2025_DongThap_old,4. PL3 - danh muc cong .pdf,GATE_MASTER_2026-10-02,False
PL3-2345,Cống K. Thuỷ lợi (K. 30/4),,,,,UNKNOWN,False,Giữ trống tọa độ để tránh tạo điểm giả; cần GIS kỹ thuật/khảo sát hoặc nguồn công bố trực tiếp.,PL3_2025_DongThap_old,4. PL3 - danh muc cong .pdf,GATE_MASTER_2026-10-02,False
PL3-2346,Cống K. Mi Tăng,,,,,UNKNOWN,False,Giữ trống tọa độ để tránh tạo điểm giả; cần GIS kỹ thuật/khảo sát hoặc nguồn công bố trực tiếp.,PL3_2025_DongThap_old,4. PL3 - danh muc cong .pdf,GATE_MASTER_2026-10-02,False
PL3-2347,Cống M. Bảy Dừa,,,,,UNKNOWN,False,Giữ trống tọa độ để tránh tạo điểm giả; cần GIS kỹ thuật/khảo sát hoặc nguồn công bố trực tiếp.,PL3_2025_DongThap_old,4. PL3 - danh muc cong .pdf,GATE_MASTER_2026-10-02,False
PL3-2348,Cống K. Bảy Phi,,,,,UNKNOWN,False,Giữ trống tọa độ để tránh tạo điểm giả; cần GIS kỹ thuật/khảo sát hoặc nguồn công bố trực tiếp.,PL3_2025_DongThap_old,4. PL3 - danh muc cong .pdf,GATE_MASTER_2026-10-02,False
PL3-2349,Cống M. Sáu Đơ,,,,,UNKNOWN,False,Giữ trống tọa độ để tránh tạo điểm giả; cần GIS kỹ thuật/khảo sát hoặc nguồn công bố trực tiếp.,PL3_2025_DongThap_old,4. PL3 - danh muc cong .pdf,GATE_MASTER_2026-10-02,False
PL3-2350,Cống K. Ông Sáng,,,,,UNKNOWN,False,Giữ trống tọa độ để tránh tạo điểm giả; cần GIS kỹ thuật/khảo sát hoặc nguồn công bố trực tiếp.,PL3_2025_DongThap_old,4. PL3 - danh muc cong .pdf,GATE_MASTER_2026-10-02,False
PL3-2351,Cống M. Ông Mảnh,,,,,UNKNOWN,False,Giữ trống tọa độ để tránh tạo điểm giả; cần GIS kỹ thuật/khảo sát hoặc nguồn công bố trực tiếp.,PL3_2025_DongThap_old,4. PL3 - danh muc cong .pdf,GATE_MASTER_2026-10-02,False
PL3-2352,Cống Kênh Sườn,,,,,UNKNOWN,False,Giữ trống tọa độ để tránh tạo điểm giả; cần GIS kỹ thuật/khảo sát hoặc nguồn công bố trực tiếp.,PL3_2025_DongThap_old,4. PL3 - danh muc cong .pdf,GATE_MASTER_2026-10-02,False
PL3-2353,Cống Mương Sáu Đang,,,,,UNKNOWN,False,Giữ trống tọa độ để tránh tạo điểm giả; cần GIS kỹ thuật/khảo sát hoặc nguồn công bố trực tiếp.,PL3_2025_DongThap_old,4. PL3 - danh muc cong .pdf,GATE_MASTER_2026-10-02,False
PL3-2354,Cống K. Ông Hằng,,,,,UNKNOWN,False,Giữ trống tọa độ để tránh tạo điểm giả; cần GIS kỹ thuật/khảo sát hoặc nguồn công bố trực tiếp.,PL3_2025_DongThap_old,4. PL3 - danh muc cong .pdf,GATE_MASTER_2026-10-02,False
PL3-2355,Cống M. Ông Chưởng,,,,,UNKNOWN,False,Giữ trống tọa độ để tránh tạo điểm giả; cần GIS kỹ thuật/khảo sát hoặc nguồn công bố trực tiếp.,PL3_2025_DongThap_old,4. PL3 - danh muc cong .pdf,GATE_MASTER_2026-10-02,False
PL3-2356,Cống K. Thuỷ lợi,,,,,UNKNOWN,False,Giữ trống tọa độ để tránh tạo điểm giả; cần GIS kỹ thuật/khảo sát hoặc nguồn công bố trực tiếp.,PL3_2025_DongThap_old,4. PL3 - danh muc cong .pdf,GATE_MASTER_2026-10-02,False
PL3-2357,Cống Mương Chín Tiên,,,,,UNKNOWN,False,Giữ trống tọa độ để tránh tạo điểm giả; cần GIS kỹ thuật/khảo sát hoặc nguồn công bố trực tiếp.,PL3_2025_DongThap_old,4. PL3 - danh muc cong .pdf,GATE_MASTER_2026-10-02,False
PL3-2358,Cống K. Bích Đẹn,,,,,UNKNOWN,False,Giữ trống tọa độ để tránh tạo điểm giả; cần GIS kỹ thuật/khảo sát hoặc nguồn công bố trực tiếp.,PL3_2025_DongThap_old,4. PL3 - danh muc cong .pdf,GATE_MASTER_2026-10-02,False
PL3-2359,Cống K. Hai Kề,,,,,UNKNOWN,False,Giữ trống tọa độ để tránh tạo điểm giả; cần GIS kỹ thuật/khảo sát hoặc nguồn công bố trực tiếp.,PL3_2025_DongThap_old,4. PL3 - danh muc cong .pdf,GATE_MASTER_2026-10-02,False
PL3-2360,Cống M. Tư Phương,,,,,UNKNOWN,False,Giữ trống tọa độ để tránh tạo điểm giả; cần GIS kỹ thuật/khảo sát hoặc nguồn công bố trực tiếp.,PL3_2025_DongThap_old,4. PL3 - danh muc cong .pdf,GATE_MASTER_2026-10-02,False
PL3-2361,Cống K. Thuỷ lợi,,,,,UNKNOWN,False,Giữ trống tọa độ để tránh tạo điểm giả; cần GIS kỹ thuật/khảo sát hoặc nguồn công bố trực tiếp.,PL3_2025_DongThap_old,4. PL3 - danh muc cong .pdf,GATE_MASTER_2026-10-02,False
PL3-2362,Cống Xẽo Lăng,,,,,UNKNOWN,False,Giữ trống tọa độ để tránh tạo điểm giả; cần GIS kỹ thuật/khảo sát hoặc nguồn công bố trực tiếp.,PL3_2025_DongThap_old,4. PL3 - danh muc cong .pdf,GATE_MASTER_2026-10-02,False
PL3-2363,Cống Út Hựu,,,,,UNKNOWN,False,Giữ trống tọa độ để tránh tạo điểm giả; cần GIS kỹ thuật/khảo sát hoặc nguồn công bố trực tiếp.,PL3_2025_DongThap_old,4. PL3 - danh muc cong .pdf,GATE_MASTER_2026-10-02,False
PL3-2364,Cống Chùa Giữa,,,,,UNKNOWN,False,Giữ trống tọa độ để tránh tạo điểm giả; cần GIS kỹ thuật/khảo sát hoặc nguồn công bố trực tiếp.,PL3_2025_DongThap_old,4. PL3 - danh muc cong .pdf,GATE_MASTER_2026-10-02,False
PL3-2365,Cống K. Thuỷ lợi,,,,,UNKNOWN,False,Giữ trống tọa độ để tránh tạo điểm giả; cần GIS kỹ thuật/khảo sát hoặc nguồn công bố trực tiếp.,PL3_2025_DongThap_old,4. PL3 - danh muc cong .pdf,GATE_MASTER_2026-10-02,False
PL3-2366,Cống Tám Ron,,,,,UNKNOWN,False,Giữ trống tọa độ để tránh tạo điểm giả; cần GIS kỹ thuật/khảo sát hoặc nguồn công bố trực tiếp.,PL3_2025_DongThap_old,4. PL3 - danh muc cong .pdf,GATE_MASTER_2026-10-02,False
PL3-2367,Cống kênh Đào,,,,,UNKNOWN,False,Giữ trống tọa độ để tránh tạo điểm giả; cần GIS kỹ thuật/khảo sát hoặc nguồn công bố trực tiếp.,PL3_2025_DongThap_old,4. PL3 - danh muc cong .pdf,GATE_MASTER_2026-10-02,False
PL3-2368,Cống kênh Vành Đai,,,,,UNKNOWN,False,Giữ trống tọa độ để tránh tạo điểm giả; cần GIS kỹ thuật/khảo sát hoặc nguồn công bố trực tiếp.,PL3_2025_DongThap_old,4. PL3 - danh muc cong .pdf,GATE_MASTER_2026-10-02,False
PL3-2369,Cống Xẽo Kén,,,,,UNKNOWN,False,Giữ trống tọa độ để tránh tạo điểm giả; cần GIS kỹ thuật/khảo sát hoặc nguồn công bố trực tiếp.,PL3_2025_DongThap_old,4. PL3 - danh muc cong .pdf,GATE_MASTER_2026-10-02,False
PL3-2370,Cống K. Thuỷ lợi,,,,,UNKNOWN,False,Giữ trống tọa độ để tránh tạo điểm giả; cần GIS kỹ thuật/khảo sát hoặc nguồn công bố trực tiếp.,PL3_2025_DongThap_old,4. PL3 - danh muc cong .pdf,GATE_MASTER_2026-10-02,False
PL3-2371,Cống Chín Khiết,,,,,UNKNOWN,False,Giữ trống tọa độ để tránh tạo điểm giả; cần GIS kỹ thuật/khảo sát hoặc nguồn công bố trực tiếp.,PL3_2025_DongThap_old,4. PL3 - danh muc cong .pdf,GATE_MASTER_2026-10-02,False
PL3-2372,Cống Anh Bền,,,,,UNKNOWN,False,Giữ trống tọa độ để tránh tạo điểm giả; cần GIS kỹ thuật/khảo sát hoặc nguồn công bố trực tiếp.,PL3_2025_DongThap_old,4. PL3 - danh muc cong .pdf,GATE_MASTER_2026-10-02,False
PL3-2373,Cống Chín Trại,,,,,UNKNOWN,False,Giữ trống tọa độ để tránh tạo điểm giả; cần GIS kỹ thuật/khảo sát hoặc nguồn công bố trực tiếp.,PL3_2025_DongThap_old,4. PL3 - danh muc cong .pdf,GATE_MASTER_2026-10-02,False
PL3-2374,Cống K. Sáu Nảng,,,,,UNKNOWN,False,Giữ trống tọa độ để tránh tạo điểm giả; cần GIS kỹ thuật/khảo sát hoặc nguồn công bố trực tiếp.,PL3_2025_DongThap_old,4. PL3 - danh muc cong .pdf,GATE_MASTER_2026-10-02,False
PL3-2375,Cống K. Tư Luôn,,,,,UNKNOWN,False,Giữ trống tọa độ để tránh tạo điểm giả; cần GIS kỹ thuật/khảo sát hoặc nguồn công bố trực tiếp.,PL3_2025_DongThap_old,4. PL3 - danh muc cong .pdf,GATE_MASTER_2026-10-02,False
PL3-2376,Cống Năm Xem,,,,,UNKNOWN,False,Giữ trống tọa độ để tránh tạo điểm giả; cần GIS kỹ thuật/khảo sát hoặc nguồn công bố trực tiếp.,PL3_2025_DongThap_old,4. PL3 - danh muc cong .pdf,GATE_MASTER_2026-10-02,False
PL3-2377,Cống Tư Bào,,,,,UNKNOWN,False,Giữ trống tọa độ để tránh tạo điểm giả; cần GIS kỹ thuật/khảo sát hoặc nguồn công bố trực tiếp.,PL3_2025_DongThap_old,4. PL3 - danh muc cong .pdf,GATE_MASTER_2026-10-02,False
PL3-2378,Cống Hai Lương,,,,,UNKNOWN,False,Giữ trống tọa độ để tránh tạo điểm giả; cần GIS kỹ thuật/khảo sát hoặc nguồn công bố trực tiếp.,PL3_2025_DongThap_old,4. PL3 - danh muc cong .pdf,GATE_MASTER_2026-10-02,False
PL3-2379,Cống Hai Phúc,,,,,UNKNOWN,False,Giữ trống tọa độ để tránh tạo điểm giả; cần GIS kỹ thuật/khảo sát hoặc nguồn công bố trực tiếp.,PL3_2025_DongThap_old,4. PL3 - danh muc cong .pdf,GATE_MASTER_2026-10-02,False
PL3-2380,Cống Chuồng Bò,,,,,UNKNOWN,False,Giữ trống tọa độ để tránh tạo điểm giả; cần GIS kỹ thuật/khảo sát hoặc nguồn công bố trực tiếp.,PL3_2025_DongThap_old,4. PL3 - danh muc cong .pdf,GATE_MASTER_2026-10-02,False
PL3-2381,Cống M. Cong,,,,,UNKNOWN,False,Giữ trống tọa độ để tránh tạo điểm giả; cần GIS kỹ thuật/khảo sát hoặc nguồn công bố trực tiếp.,PL3_2025_DongThap_old,4. PL3 - danh muc cong .pdf,GATE_MASTER_2026-10-02,False
PL3-2382,Cống M. Bà Phước,,,,,UNKNOWN,False,Giữ trống tọa độ để tránh tạo điểm giả; cần GIS kỹ thuật/khảo sát hoặc nguồn công bố trực tiếp.,PL3_2025_DongThap_old,4. PL3 - danh muc cong .pdf,GATE_MASTER_2026-10-02,False
PL3-2383,Cống M. Bảy Bòn,,,,,UNKNOWN,False,Giữ trống tọa độ để tránh tạo điểm giả; cần GIS kỹ thuật/khảo sát hoặc nguồn công bố trực tiếp.,PL3_2025_DongThap_old,4. PL3 - danh muc cong .pdf,GATE_MASTER_2026-10-02,False
PL3-2384,Cống M. Sáu Niệm,,,,,UNKNOWN,False,Giữ trống tọa độ để tránh tạo điểm giả; cần GIS kỹ thuật/khảo sát hoặc nguồn công bố trực tiếp.,PL3_2025_DongThap_old,4. PL3 - danh muc cong .pdf,GATE_MASTER_2026-10-02,False
PL3-2385,Cống K. Tư Quanh,,,,,UNKNOWN,False,Giữ trống tọa độ để tránh tạo điểm giả; cần GIS kỹ thuật/khảo sát hoặc nguồn công bố trực tiếp.,PL3_2025_DongThap_old,4. PL3 - danh muc cong .pdf,GATE_MASTER_2026-10-02,False
PL3-2386,Cống K. Năm Mao,,,,,UNKNOWN,False,Giữ trống tọa độ để tránh tạo điểm giả; cần GIS kỹ thuật/khảo sát hoặc nguồn công bố trực tiếp.,PL3_2025_DongThap_old,4. PL3 - danh muc cong .pdf,GATE_MASTER_2026-10-02,False
PL3-2387,Cống K. Hai Hùng,,,,,UNKNOWN,False,Giữ trống tọa độ để tránh tạo điểm giả; cần GIS kỹ thuật/khảo sát hoặc nguồn công bố trực tiếp.,PL3_2025_DongThap_old,4. PL3 - danh muc cong .pdf,GATE_MASTER_2026-10-02,False
PL3-2388,Cống M. Ba Nghiệp,,,,,UNKNOWN,False,Giữ trống tọa độ để tránh tạo điểm giả; cần GIS kỹ thuật/khảo sát hoặc nguồn công bố trực tiếp.,PL3_2025_DongThap_old,4. PL3 - danh muc cong .pdf,GATE_MASTER_2026-10-02,False
PL3-2389,Cống M. Cây Dừa,,,,,UNKNOWN,False,Giữ trống tọa độ để tránh tạo điểm giả; cần GIS kỹ thuật/khảo sát hoặc nguồn công bố trực tiếp.,PL3_2025_DongThap_old,4. PL3 - danh muc cong .pdf,GATE_MASTER_2026-10-02,False
PL3-2390,Cống K. Chuồng Bò,,,,,UNKNOWN,False,Giữ trống tọa độ để tránh tạo điểm giả; cần GIS kỹ thuật/khảo sát hoặc nguồn công bố trực tiếp.,PL3_2025_DongThap_old,4. PL3 - danh muc cong .pdf,GATE_MASTER_2026-10-02,False
PL3-2391,Cống K. 10 Đực,,,,,UNKNOWN,False,Giữ trống tọa độ để tránh tạo điểm giả; cần GIS kỹ thuật/khảo sát hoặc nguồn công bố trực tiếp.,PL3_2025_DongThap_old,4. PL3 - danh muc cong .pdf,GATE_MASTER_2026-10-02,False
PL3-2392,Cống K. Tư Kịch,,,,,UNKNOWN,False,Giữ trống tọa độ để tránh tạo điểm giả; cần GIS kỹ thuật/khảo sát hoặc nguồn công bố trực tiếp.,PL3_2025_DongThap_old,4. PL3 - danh muc cong .pdf,GATE_MASTER_2026-10-02,False
PL3-2393,Cống Tư Mao,,,,,UNKNOWN,False,Giữ trống tọa độ để tránh tạo điểm giả; cần GIS kỹ thuật/khảo sát hoặc nguồn công bố trực tiếp.,PL3_2025_DongThap_old,4. PL3 - danh muc cong .pdf,GATE_MASTER_2026-10-02,False
PL3-2394,Cống Út Trí,,,,,UNKNOWN,False,Giữ trống tọa độ để tránh tạo điểm giả; cần GIS kỹ thuật/khảo sát hoặc nguồn công bố trực tiếp.,PL3_2025_DongThap_old,4. PL3 - danh muc cong .pdf,GATE_MASTER_2026-10-02,False
PL3-2395,Cống K. Tám Bàng,,,,,UNKNOWN,False,Giữ trống tọa độ để tránh tạo điểm giả; cần GIS kỹ thuật/khảo sát hoặc nguồn công bố trực tiếp.,PL3_2025_DongThap_old,4. PL3 - danh muc cong .pdf,GATE_MASTER_2026-10-02,False
PL3-2396,Cống M. Ngát,,,,,UNKNOWN,False,Giữ trống tọa độ để tránh tạo điểm giả; cần GIS kỹ thuật/khảo sát hoặc nguồn công bố trực tiếp.,PL3_2025_DongThap_old,4. PL3 - danh muc cong .pdf,GATE_MASTER_2026-10-02,False
PL3-2397,Cống K. Thuỷ lợi,,,,,UNKNOWN,False,Giữ trống tọa độ để tránh tạo điểm giả; cần GIS kỹ thuật/khảo sát hoặc nguồn công bố trực tiếp.,PL3_2025_DongThap_old,4. PL3 - danh muc cong .pdf,GATE_MASTER_2026-10-02,False
PL3-2398,Cống K. Thuỷ lợi (M. chuồng Bò),,,,,UNKNOWN,False,Giữ trống tọa độ để tránh tạo điểm giả; cần GIS kỹ thuật/khảo sát hoặc nguồn công bố trực tiếp.,PL3_2025_DongThap_old,4. PL3 - danh muc cong .pdf,GATE_MASTER_2026-10-02,False
PL3-2399,Cống Kênh Xã,,,,,UNKNOWN,False,Giữ trống tọa độ để tránh tạo điểm giả; cần GIS kỹ thuật/khảo sát hoặc nguồn công bố trực tiếp.,PL3_2025_DongThap_old,4. PL3 - danh muc cong .pdf,GATE_MASTER_2026-10-02,False
PL3-2400,Cống Kênh Anh Kiệt,,,,,UNKNOWN,False,Giữ trống tọa độ để tránh tạo điểm giả; cần GIS kỹ thuật/khảo sát hoặc nguồn công bố trực tiếp.,PL3_2025_DongThap_old,4. PL3 - danh muc cong .pdf,GATE_MASTER_2026-10-02,False
PL3-2401,Cống Kênh Sáu Đài,,,,,UNKNOWN,False,Giữ trống tọa độ để tránh tạo điểm giả; cần GIS kỹ thuật/khảo sát hoặc nguồn công bố trực tiếp.,PL3_2025_DongThap_old,4. PL3 - danh muc cong .pdf,GATE_MASTER_2026-10-02,False
PL3-2402,Cống Kênh Ba Triều,,,,,UNKNOWN,False,Giữ trống tọa độ để tránh tạo điểm giả; cần GIS kỹ thuật/khảo sát hoặc nguồn công bố trực tiếp.,PL3_2025_DongThap_old,4. PL3 - danh muc cong .pdf,GATE_MASTER_2026-10-02,False
PL3-2403,Cống Kênh Vành Đai,,,,,UNKNOWN,False,Giữ trống tọa độ để tránh tạo điểm giả; cần GIS kỹ thuật/khảo sát hoặc nguồn công bố trực tiếp.,PL3_2025_DongThap_old,4. PL3 - danh muc cong .pdf,GATE_MASTER_2026-10-02,False
PL3-2404,Cống Kênh Mương Lộ,,,,,UNKNOWN,False,Giữ trống tọa độ để tránh tạo điểm giả; cần GIS kỹ thuật/khảo sát hoặc nguồn công bố trực tiếp.,PL3_2025_DongThap_old,4. PL3 - danh muc cong .pdf,GATE_MASTER_2026-10-02,False
PL3-2405,Cống M. Hai Nhất,,,,,UNKNOWN,False,Giữ trống tọa độ để tránh tạo điểm giả; cần GIS kỹ thuật/khảo sát hoặc nguồn công bố trực tiếp.,PL3_2025_DongThap_old,4. PL3 - danh muc cong .pdf,GATE_MASTER_2026-10-02,False
PL3-2406,Cống M. Hai Lạc,,,,,UNKNOWN,False,Giữ trống tọa độ để tránh tạo điểm giả; cần GIS kỹ thuật/khảo sát hoặc nguồn công bố trực tiếp.,PL3_2025_DongThap_old,4. PL3 - danh muc cong .pdf,GATE_MASTER_2026-10-02,False
PL3-2407,Cống M. Tám Hằng,,,,,UNKNOWN,False,Giữ trống tọa độ để tránh tạo điểm giả; cần GIS kỹ thuật/khảo sát hoặc nguồn công bố trực tiếp.,PL3_2025_DongThap_old,4. PL3 - danh muc cong .pdf,GATE_MASTER_2026-10-02,False
PL3-2408,Cống M. Ông Lạc,,,,,UNKNOWN,False,Giữ trống tọa độ để tránh tạo điểm giả; cần GIS kỹ thuật/khảo sát hoặc nguồn công bố trực tiếp.,PL3_2025_DongThap_old,4. PL3 - danh muc cong .pdf,GATE_MASTER_2026-10-02,False
PL3-2409,Cống Mương Lộ,,,,,UNKNOWN,False,Giữ trống tọa độ để tránh tạo điểm giả; cần GIS kỹ thuật/khảo sát hoặc nguồn công bố trực tiếp.,PL3_2025_DongThap_old,4. PL3 - danh muc cong .pdf,GATE_MASTER_2026-10-02,False
PL3-2410,Cống M. Bà Xem,,,,,UNKNOWN,False,Giữ trống tọa độ để tránh tạo điểm giả; cần GIS kỹ thuật/khảo sát hoặc nguồn công bố trực tiếp.,PL3_2025_DongThap_old,4. PL3 - danh muc cong .pdf,GATE_MASTER_2026-10-02,False
PL3-2411,Cống M. Ông Cả,,,,,UNKNOWN,False,Giữ trống tọa độ để tránh tạo điểm giả; cần GIS kỹ thuật/khảo sát hoặc nguồn công bố trực tiếp.,PL3_2025_DongThap_old,4. PL3 - danh muc cong .pdf,GATE_MASTER_2026-10-02,False
PL3-2412,Cống Mương Ông Châu,,,,,UNKNOWN,False,Giữ trống tọa độ để tránh tạo điểm giả; cần GIS kỹ thuật/khảo sát hoặc nguồn công bố trực tiếp.,PL3_2025_DongThap_old,4. PL3 - danh muc cong .pdf,GATE_MASTER_2026-10-02,False
PL3-2413,Cống Mương 10 Chiều,,,,,UNKNOWN,False,Giữ trống tọa độ để tránh tạo điểm giả; cần GIS kỹ thuật/khảo sát hoặc nguồn công bố trực tiếp.,PL3_2025_DongThap_old,4. PL3 - danh muc cong .pdf,GATE_MASTER_2026-10-02,False
PL3-2414,Cống Mương 10 Đẹt,,,,,UNKNOWN,False,Giữ trống tọa độ để tránh tạo điểm giả; cần GIS kỹ thuật/khảo sát hoặc nguồn công bố trực tiếp.,PL3_2025_DongThap_old,4. PL3 - danh muc cong .pdf,GATE_MASTER_2026-10-02,False
PL3-2415,Cống kênh Sườn,,,,,UNKNOWN,False,Giữ trống tọa độ để tránh tạo điểm giả; cần GIS kỹ thuật/khảo sát hoặc nguồn công bố trực tiếp.,PL3_2025_DongThap_old,4. PL3 - danh muc cong .pdf,GATE_MASTER_2026-10-02,False
PL3-2416,Cống kênh 27/7 (Ngã Tháp),,,,,UNKNOWN,False,Giữ trống tọa độ để tránh tạo điểm giả; cần GIS kỹ thuật/khảo sát hoặc nguồn công bố trực tiếp.,PL3_2025_DongThap_old,4. PL3 - danh muc cong .pdf,GATE_MASTER_2026-10-02,False
PL3-2417,Cống K. TĐ 21-27 (Ngã Tháp),,,,,UNKNOWN,False,Giữ trống tọa độ để tránh tạo điểm giả; cần GIS kỹ thuật/khảo sát hoặc nguồn công bố trực tiếp.,PL3_2025_DongThap_old,4. PL3 - danh muc cong .pdf,GATE_MASTER_2026-10-02,False
PL3-2418,Cống K. TĐ 21-27 (M. Tư Để),,,,,UNKNOWN,False,Giữ trống tọa độ để tránh tạo điểm giả; cần GIS kỹ thuật/khảo sát hoặc nguồn công bố trực tiếp.,PL3_2025_DongThap_old,4. PL3 - danh muc cong .pdf,GATE_MASTER_2026-10-02,False
PL3-2419,Cống kênh Thái Thuận,,,,,UNKNOWN,False,Giữ trống tọa độ để tránh tạo điểm giả; cần GIS kỹ thuật/khảo sát hoặc nguồn công bố trực tiếp.,PL3_2025_DongThap_old,4. PL3 - danh muc cong .pdf,GATE_MASTER_2026-10-02,False
PL3-2420,Cống kênh TĐ 35,,,,,UNKNOWN,False,Giữ trống tọa độ để tránh tạo điểm giả; cần GIS kỹ thuật/khảo sát hoặc nguồn công bố trực tiếp.,PL3_2025_DongThap_old,4. PL3 - danh muc cong .pdf,GATE_MASTER_2026-10-02,False
PL3-2421,Cống Mương Thuỷ lợi,,,,,UNKNOWN,False,Giữ trống tọa độ để tránh tạo điểm giả; cần GIS kỹ thuật/khảo sát hoặc nguồn công bố trực tiếp.,PL3_2025_DongThap_old,4. PL3 - danh muc cong .pdf,GATE_MASTER_2026-10-02,False
PL3-2422,Cống Mương Tư Thọ,,,,,UNKNOWN,False,Giữ trống tọa độ để tránh tạo điểm giả; cần GIS kỹ thuật/khảo sát hoặc nguồn công bố trực tiếp.,PL3_2025_DongThap_old,4. PL3 - danh muc cong .pdf,GATE_MASTER_2026-10-02,False
PL3-2423,Cống Mương Tư Lành,,,,,UNKNOWN,False,Giữ trống tọa độ để tránh tạo điểm giả; cần GIS kỹ thuật/khảo sát hoặc nguồn công bố trực tiếp.,PL3_2025_DongThap_old,4. PL3 - danh muc cong .pdf,GATE_MASTER_2026-10-02,False
PL3-2424,Cống Mương Ông Tám,,,,,UNKNOWN,False,Giữ trống tọa độ để tránh tạo điểm giả; cần GIS kỹ thuật/khảo sát hoặc nguồn công bố trực tiếp.,PL3_2025_DongThap_old,4. PL3 - danh muc cong .pdf,GATE_MASTER_2026-10-02,False
PL3-2425,Cống Năm Phát,,,,,UNKNOWN,False,Giữ trống tọa độ để tránh tạo điểm giả; cần GIS kỹ thuật/khảo sát hoặc nguồn công bố trực tiếp.,PL3_2025_DongThap_old,4. PL3 - danh muc cong .pdf,GATE_MASTER_2026-10-02,False
PL3-2426,Cống Chín Chìa,,,,,UNKNOWN,False,Giữ trống tọa độ để tránh tạo điểm giả; cần GIS kỹ thuật/khảo sát hoặc nguồn công bố trực tiếp.,PL3_2025_DongThap_old,4. PL3 - danh muc cong .pdf,GATE_MASTER_2026-10-02,False
PL3-2427,Cống Mười Cưng,,,,,UNKNOWN,False,Giữ trống tọa độ để tránh tạo điểm giả; cần GIS kỹ thuật/khảo sát hoặc nguồn công bố trực tiếp.,PL3_2025_DongThap_old,4. PL3 - danh muc cong .pdf,GATE_MASTER_2026-10-02,False
PL3-2428,Cống Sáu Khê,,,,,UNKNOWN,False,Giữ trống tọa độ để tránh tạo điểm giả; cần GIS kỹ thuật/khảo sát hoặc nguồn công bố trực tiếp.,PL3_2025_DongThap_old,4. PL3 - danh muc cong .pdf,GATE_MASTER_2026-10-02,False
PL3-2429,Cống Hai Bồng,,,,,UNKNOWN,False,Giữ trống tọa độ để tránh tạo điểm giả; cần GIS kỹ thuật/khảo sát hoặc nguồn công bố trực tiếp.,PL3_2025_DongThap_old,4. PL3 - danh muc cong .pdf,GATE_MASTER_2026-10-02,False
PL3-2430,Cống Ba Uông,,,,,UNKNOWN,False,Giữ trống tọa độ để tránh tạo điểm giả; cần GIS kỹ thuật/khảo sát hoặc nguồn công bố trực tiếp.,PL3_2025_DongThap_old,4. PL3 - danh muc cong .pdf,GATE_MASTER_2026-10-02,False
PL3-2431,Cống Bé Trãi,,,,,UNKNOWN,False,Giữ trống tọa độ để tránh tạo điểm giả; cần GIS kỹ thuật/khảo sát hoặc nguồn công bố trực tiếp.,PL3_2025_DongThap_old,4. PL3 - danh muc cong .pdf,GATE_MASTER_2026-10-02,False
PL3-2432,Cống Tư Lem,,,,,UNKNOWN,False,Giữ trống tọa độ để tránh tạo điểm giả; cần GIS kỹ thuật/khảo sát hoặc nguồn công bố trực tiếp.,PL3_2025_DongThap_old,4. PL3 - danh muc cong .pdf,GATE_MASTER_2026-10-02,False
PL3-2433,Cống Ba Lớn,,,,,UNKNOWN,False,Giữ trống tọa độ để tránh tạo điểm giả; cần GIS kỹ thuật/khảo sát hoặc nguồn công bố trực tiếp.,PL3_2025_DongThap_old,4. PL3 - danh muc cong .pdf,GATE_MASTER_2026-10-02,False
PL3-2434,Cống Tám Bé,,,,,UNKNOWN,False,Giữ trống tọa độ để tránh tạo điểm giả; cần GIS kỹ thuật/khảo sát hoặc nguồn công bố trực tiếp.,PL3_2025_DongThap_old,4. PL3 - danh muc cong .pdf,GATE_MASTER_2026-10-02,False
PL3-2435,Cống kênh Mương Miễu,,,,,UNKNOWN,False,Giữ trống tọa độ để tránh tạo điểm giả; cần GIS kỹ thuật/khảo sát hoặc nguồn công bố trực tiếp.,PL3_2025_DongThap_old,4. PL3 - danh muc cong .pdf,GATE_MASTER_2026-10-02,False
PL3-2436,Cống kênh Cứu Đính,,,,,UNKNOWN,False,Giữ trống tọa độ để tránh tạo điểm giả; cần GIS kỹ thuật/khảo sát hoặc nguồn công bố trực tiếp.,PL3_2025_DongThap_old,4. PL3 - danh muc cong .pdf,GATE_MASTER_2026-10-02,False
PL3-2437,Cống kênh Thuỷ lợi 1,,,,,UNKNOWN,False,Giữ trống tọa độ để tránh tạo điểm giả; cần GIS kỹ thuật/khảo sát hoặc nguồn công bố trực tiếp.,PL3_2025_DongThap_old,4. PL3 - danh muc cong .pdf,GATE_MASTER_2026-10-02,False
PL3-2438,Cống Hai Tá,,,,,UNKNOWN,False,Giữ trống tọa độ để tránh tạo điểm giả; cần GIS kỹ thuật/khảo sát hoặc nguồn công bố trực tiếp.,PL3_2025_DongThap_old,4. PL3 - danh muc cong .pdf,GATE_MASTER_2026-10-02,False
PL3-2439,Cống kênh Thuỷ lợi 3,,,,,UNKNOWN,False,Giữ trống tọa độ để tránh tạo điểm giả; cần GIS kỹ thuật/khảo sát hoặc nguồn công bố trực tiếp.,PL3_2025_DongThap_old,4. PL3 - danh muc cong .pdf,GATE_MASTER_2026-10-02,False
PL3-2440,Cống kênh Thuỷ lợi 2,,,,,UNKNOWN,False,Giữ trống tọa độ để tránh tạo điểm giả; cần GIS kỹ thuật/khảo sát hoặc nguồn công bố trực tiếp.,PL3_2025_DongThap_old,4. PL3 - danh muc cong .pdf,GATE_MASTER_2026-10-02,False
PL3-2441,Cống kênh Thuỷ lợi 1,,,,,UNKNOWN,False,Giữ trống tọa độ để tránh tạo điểm giả; cần GIS kỹ thuật/khảo sát hoặc nguồn công bố trực tiếp.,PL3_2025_DongThap_old,4. PL3 - danh muc cong .pdf,GATE_MASTER_2026-10-02,False
PL3-2442,Cống kênh Thuỷ lợi TĐ9,,,,,UNKNOWN,False,Giữ trống tọa độ để tránh tạo điểm giả; cần GIS kỹ thuật/khảo sát hoặc nguồn công bố trực tiếp.,PL3_2025_DongThap_old,4. PL3 - danh muc cong .pdf,GATE_MASTER_2026-10-02,False
PL3-2443,Cống kênh Thuỷ lợi 1 TĐ9,,,,,UNKNOWN,False,Giữ trống tọa độ để tránh tạo điểm giả; cần GIS kỹ thuật/khảo sát hoặc nguồn công bố trực tiếp.,PL3_2025_DongThap_old,4. PL3 - danh muc cong .pdf,GATE_MASTER_2026-10-02,False
PL3-2444,Cống kênh Thuỷ lợi 1 TĐ40,,,,,UNKNOWN,False,Giữ trống tọa độ để tránh tạo điểm giả; cần GIS kỹ thuật/khảo sát hoặc nguồn công bố trực tiếp.,PL3_2025_DongThap_old,4. PL3 - danh muc cong .pdf,GATE_MASTER_2026-10-02,False
PL3-2445,Cống kênh Thuỷ lợi 1 TĐ41,,,,,UNKNOWN,False,Giữ trống tọa độ để tránh tạo điểm giả; cần GIS kỹ thuật/khảo sát hoặc nguồn công bố trực tiếp.,PL3_2025_DongThap_old,4. PL3 - danh muc cong .pdf,GATE_MASTER_2026-10-02,False
PL3-2446,Cống kênh Thuỷ lợi 1 TĐ42,,,,,UNKNOWN,False,Giữ trống tọa độ để tránh tạo điểm giả; cần GIS kỹ thuật/khảo sát hoặc nguồn công bố trực tiếp.,PL3_2025_DongThap_old,4. PL3 - danh muc cong .pdf,GATE_MASTER_2026-10-02,False
PL3-2447,Cống Ông Quận,,,,,UNKNOWN,False,Giữ trống tọa độ để tránh tạo điểm giả; cần GIS kỹ thuật/khảo sát hoặc nguồn công bố trực tiếp.,PL3_2025_DongThap_old,4. PL3 - danh muc cong .pdf,GATE_MASTER_2026-10-02,False
PL3-2448,Cống Cả Ván,,,,,UNKNOWN,False,Giữ trống tọa độ để tránh tạo điểm giả; cần GIS kỹ thuật/khảo sát hoặc nguồn công bố trực tiếp.,PL3_2025_DongThap_old,4. PL3 - danh muc cong .pdf,GATE_MASTER_2026-10-02,False
PL3-2449,Cống kênh Thuỷ lợi 1 TĐ13,,,,,UNKNOWN,False,Giữ trống tọa độ để tránh tạo điểm giả; cần GIS kỹ thuật/khảo sát hoặc nguồn công bố trực tiếp.,PL3_2025_DongThap_old,4. PL3 - danh muc cong .pdf,GATE_MASTER_2026-10-02,False
PL3-2450,Cống kênh Thuỷ lợi 1 TĐ14,,,,,UNKNOWN,False,Giữ trống tọa độ để tránh tạo điểm giả; cần GIS kỹ thuật/khảo sát hoặc nguồn công bố trực tiếp.,PL3_2025_DongThap_old,4. PL3 - danh muc cong .pdf,GATE_MASTER_2026-10-02,False
PL3-2451,Cống kênh Thuỷ lợi,,,,,UNKNOWN,False,Giữ trống tọa độ để tránh tạo điểm giả; cần GIS kỹ thuật/khảo sát hoặc nguồn công bố trực tiếp.,PL3_2025_DongThap_old,4. PL3 - danh muc cong .pdf,GATE_MASTER_2026-10-02,False
PL3-2452,Cống kênh Bảy Ly,,,,,UNKNOWN,False,Giữ trống tọa độ để tránh tạo điểm giả; cần GIS kỹ thuật/khảo sát hoặc nguồn công bố trực tiếp.,PL3_2025_DongThap_old,4. PL3 - danh muc cong .pdf,GATE_MASTER_2026-10-02,False
PL3-2453,Cống Mương Tư Nhũ,,,,,UNKNOWN,False,Giữ trống tọa độ để tránh tạo điểm giả; cần GIS kỹ thuật/khảo sát hoặc nguồn công bố trực tiếp.,PL3_2025_DongThap_old,4. PL3 - danh muc cong .pdf,GATE_MASTER_2026-10-02,False
PL3-2454,Cống Mương Ba Chệt,,,,,UNKNOWN,False,Giữ trống tọa độ để tránh tạo điểm giả; cần GIS kỹ thuật/khảo sát hoặc nguồn công bố trực tiếp.,PL3_2025_DongThap_old,4. PL3 - danh muc cong .pdf,GATE_MASTER_2026-10-02,False
PL3-2455,Cống Mương Tám Vẹt,,,,,UNKNOWN,False,Giữ trống tọa độ để tránh tạo điểm giả; cần GIS kỹ thuật/khảo sát hoặc nguồn công bố trực tiếp.,PL3_2025_DongThap_old,4. PL3 - danh muc cong .pdf,GATE_MASTER_2026-10-02,False
PL3-2456,Cống Mương Củ Xã,,,,,UNKNOWN,False,Giữ trống tọa độ để tránh tạo điểm giả; cần GIS kỹ thuật/khảo sát hoặc nguồn công bố trực tiếp.,PL3_2025_DongThap_old,4. PL3 - danh muc cong .pdf,GATE_MASTER_2026-10-02,False
PL3-2457,Cống kênh Bảy Ly,,,,,UNKNOWN,False,Giữ trống tọa độ để tránh tạo điểm giả; cần GIS kỹ thuật/khảo sát hoặc nguồn công bố trực tiếp.,PL3_2025_DongThap_old,4. PL3 - danh muc cong .pdf,GATE_MASTER_2026-10-02,False
PL3-2458,Cống kênh Thuỷ lợi,,,,,UNKNOWN,False,Giữ trống tọa độ để tránh tạo điểm giả; cần GIS kỹ thuật/khảo sát hoặc nguồn công bố trực tiếp.,PL3_2025_DongThap_old,4. PL3 - danh muc cong .pdf,GATE_MASTER_2026-10-02,False
PL3-2459,Cống kênh Sáu Hoà,,,,,UNKNOWN,False,Giữ trống tọa độ để tránh tạo điểm giả; cần GIS kỹ thuật/khảo sát hoặc nguồn công bố trực tiếp.,PL3_2025_DongThap_old,4. PL3 - danh muc cong .pdf,GATE_MASTER_2026-10-02,False
PL3-2460,Cống Mương Tắc,,,,,UNKNOWN,False,Giữ trống tọa độ để tránh tạo điểm giả; cần GIS kỹ thuật/khảo sát hoặc nguồn công bố trực tiếp.,PL3_2025_DongThap_old,4. PL3 - danh muc cong .pdf,GATE_MASTER_2026-10-02,False
PL3-2461,Cống kênh Hai Quắn,,,,,UNKNOWN,False,Giữ trống tọa độ để tránh tạo điểm giả; cần GIS kỹ thuật/khảo sát hoặc nguồn công bố trực tiếp.,PL3_2025_DongThap_old,4. PL3 - danh muc cong .pdf,GATE_MASTER_2026-10-02,False
PL3-2462,Cống trạm bơm điện,,,,,UNKNOWN,False,Giữ trống tọa độ để tránh tạo điểm giả; cần GIS kỹ thuật/khảo sát hoặc nguồn công bố trực tiếp.,PL3_2025_DongThap_old,4. PL3 - danh muc cong .pdf,GATE_MASTER_2026-10-02,False
PL3-2463,Cống kênh Thuỷ lợi,,,,,UNKNOWN,False,Giữ trống tọa độ để tránh tạo điểm giả; cần GIS kỹ thuật/khảo sát hoặc nguồn công bố trực tiếp.,PL3_2025_DongThap_old,4. PL3 - danh muc cong .pdf,GATE_MASTER_2026-10-02,False
PL3-2464,Cống kênh Sườn,,,,,UNKNOWN,False,Giữ trống tọa độ để tránh tạo điểm giả; cần GIS kỹ thuật/khảo sát hoặc nguồn công bố trực tiếp.,PL3_2025_DongThap_old,4. PL3 - danh muc cong .pdf,GATE_MASTER_2026-10-02,False
PL3-2465,Cống kênh Tập Đoàn,,,,,UNKNOWN,False,Giữ trống tọa độ để tránh tạo điểm giả; cần GIS kỹ thuật/khảo sát hoặc nguồn công bố trực tiếp.,PL3_2025_DongThap_old,4. PL3 - danh muc cong .pdf,GATE_MASTER_2026-10-02,False
PL3-2466,Cống kênh Thuỷ lợi,,,,,UNKNOWN,False,Giữ trống tọa độ để tránh tạo điểm giả; cần GIS kỹ thuật/khảo sát hoặc nguồn công bố trực tiếp.,PL3_2025_DongThap_old,4. PL3 - danh muc cong .pdf,GATE_MASTER_2026-10-02,False
PL3-2467,Cống kênh Thuỷ lợi 1,,,,,UNKNOWN,False,Giữ trống tọa độ để tránh tạo điểm giả; cần GIS kỹ thuật/khảo sát hoặc nguồn công bố trực tiếp.,PL3_2025_DongThap_old,4. PL3 - danh muc cong .pdf,GATE_MASTER_2026-10-02,False
PL3-2468,Cống kênh Thuỷ lợi 2,,,,,UNKNOWN,False,Giữ trống tọa độ để tránh tạo điểm giả; cần GIS kỹ thuật/khảo sát hoặc nguồn công bố trực tiếp.,PL3_2025_DongThap_old,4. PL3 - danh muc cong .pdf,GATE_MASTER_2026-10-02,False
PL3-2469,Cống kênh Sườn,,,,,UNKNOWN,False,Giữ trống tọa độ để tránh tạo điểm giả; cần GIS kỹ thuật/khảo sát hoặc nguồn công bố trực tiếp.,PL3_2025_DongThap_old,4. PL3 - danh muc cong .pdf,GATE_MASTER_2026-10-02,False
PL3-2470,Cống kênh Sáu Thôi,,,,,UNKNOWN,False,Giữ trống tọa độ để tránh tạo điểm giả; cần GIS kỹ thuật/khảo sát hoặc nguồn công bố trực tiếp.,PL3_2025_DongThap_old,4. PL3 - danh muc cong .pdf,GATE_MASTER_2026-10-02,False
PL3-2471,Cống K. Thuỷ lợi (Đầu R. Chùa),,,,,UNKNOWN,False,Giữ trống tọa độ để tránh tạo điểm giả; cần GIS kỹ thuật/khảo sát hoặc nguồn công bố trực tiếp.,PL3_2025_DongThap_old,4. PL3 - danh muc cong .pdf,GATE_MASTER_2026-10-02,False
PL3-2472,Cống K. Thuỷ lợi (Đầu R. Xưởng),,,,,UNKNOWN,False,Giữ trống tọa độ để tránh tạo điểm giả; cần GIS kỹ thuật/khảo sát hoặc nguồn công bố trực tiếp.,PL3_2025_DongThap_old,4. PL3 - danh muc cong .pdf,GATE_MASTER_2026-10-02,False
PL3-2473,Cống K. Thuỷ lợi (Đầu R. Mương khai),,,,,UNKNOWN,False,Giữ trống tọa độ để tránh tạo điểm giả; cần GIS kỹ thuật/khảo sát hoặc nguồn công bố trực tiếp.,PL3_2025_DongThap_old,4. PL3 - danh muc cong .pdf,GATE_MASTER_2026-10-02,False
PL3-2474,Cống Sáu Thôi (R. Gấm),,,,,UNKNOWN,False,Giữ trống tọa độ để tránh tạo điểm giả; cần GIS kỹ thuật/khảo sát hoặc nguồn công bố trực tiếp.,PL3_2025_DongThap_old,4. PL3 - danh muc cong .pdf,GATE_MASTER_2026-10-02,False
PL3-2475,Cống K. Thuỷ lợi (Đầu R. Mương Trâu),,,,,UNKNOWN,False,Giữ trống tọa độ để tránh tạo điểm giả; cần GIS kỹ thuật/khảo sát hoặc nguồn công bố trực tiếp.,PL3_2025_DongThap_old,4. PL3 - danh muc cong .pdf,GATE_MASTER_2026-10-02,False
PL3-2476,Cống K. Ông Từ,,,,,UNKNOWN,False,Giữ trống tọa độ để tránh tạo điểm giả; cần GIS kỹ thuật/khảo sát hoặc nguồn công bố trực tiếp.,PL3_2025_DongThap_old,4. PL3 - danh muc cong .pdf,GATE_MASTER_2026-10-02,False
PL3-2477,Cống kênh Sườn 2,,,,,UNKNOWN,False,Giữ trống tọa độ để tránh tạo điểm giả; cần GIS kỹ thuật/khảo sát hoặc nguồn công bố trực tiếp.,PL3_2025_DongThap_old,4. PL3 - danh muc cong .pdf,GATE_MASTER_2026-10-02,False
PL3-2478,Cống kênh Sườn 1,,,,,UNKNOWN,False,Giữ trống tọa độ để tránh tạo điểm giả; cần GIS kỹ thuật/khảo sát hoặc nguồn công bố trực tiếp.,PL3_2025_DongThap_old,4. PL3 - danh muc cong .pdf,GATE_MASTER_2026-10-02,False
PL3-2479,Cống K. Hoà Bình,,,,,UNKNOWN,False,Giữ trống tọa độ để tránh tạo điểm giả; cần GIS kỹ thuật/khảo sát hoặc nguồn công bố trực tiếp.,PL3_2025_DongThap_old,4. PL3 - danh muc cong .pdf,GATE_MASTER_2026-10-02,False
PL3-2480,Cống kênh Chùa,,,,,UNKNOWN,False,Giữ trống tọa độ để tránh tạo điểm giả; cần GIS kỹ thuật/khảo sát hoặc nguồn công bố trực tiếp.,PL3_2025_DongThap_old,4. PL3 - danh muc cong .pdf,GATE_MASTER_2026-10-02,False
PL3-2481,Cống kênh Thống Nhất,,,,,UNKNOWN,False,Giữ trống tọa độ để tránh tạo điểm giả; cần GIS kỹ thuật/khảo sát hoặc nguồn công bố trực tiếp.,PL3_2025_DongThap_old,4. PL3 - danh muc cong .pdf,GATE_MASTER_2026-10-02,False
PL3-2482,Cống Rạch Tràm,,,,,UNKNOWN,False,Giữ trống tọa độ để tránh tạo điểm giả; cần GIS kỹ thuật/khảo sát hoặc nguồn công bố trực tiếp.,PL3_2025_DongThap_old,4. PL3 - danh muc cong .pdf,GATE_MASTER_2026-10-02,False
PL3-2483,Cống kênh Thuỷ lợi (Đầu R. Bần),,,,,UNKNOWN,False,Giữ trống tọa độ để tránh tạo điểm giả; cần GIS kỹ thuật/khảo sát hoặc nguồn công bố trực tiếp.,PL3_2025_DongThap_old,4. PL3 - danh muc cong .pdf,GATE_MASTER_2026-10-02,False
PL3-2484,Cống Mương Tư Hoà,,,,,UNKNOWN,False,Giữ trống tọa độ để tránh tạo điểm giả; cần GIS kỹ thuật/khảo sát hoặc nguồn công bố trực tiếp.,PL3_2025_DongThap_old,4. PL3 - danh muc cong .pdf,GATE_MASTER_2026-10-02,False
PL3-2485,Cống Tư Hoà (Bờ Rào),,,,,UNKNOWN,False,Giữ trống tọa độ để tránh tạo điểm giả; cần GIS kỹ thuật/khảo sát hoặc nguồn công bố trực tiếp.,PL3_2025_DongThap_old,4. PL3 - danh muc cong .pdf,GATE_MASTER_2026-10-02,False
PL3-2486,Cống kênh Sườn,,,,,UNKNOWN,False,Giữ trống tọa độ để tránh tạo điểm giả; cần GIS kỹ thuật/khảo sát hoặc nguồn công bố trực tiếp.,PL3_2025_DongThap_old,4. PL3 - danh muc cong .pdf,GATE_MASTER_2026-10-02,False
PL3-2487,Cống Mương Tư Dệt,,,,,UNKNOWN,False,Giữ trống tọa độ để tránh tạo điểm giả; cần GIS kỹ thuật/khảo sát hoặc nguồn công bố trực tiếp.,PL3_2025_DongThap_old,4. PL3 - danh muc cong .pdf,GATE_MASTER_2026-10-02,False
PL3-2488,Cống đầu kênh Thuỷ lợi,,,,,UNKNOWN,False,Giữ trống tọa độ để tránh tạo điểm giả; cần GIS kỹ thuật/khảo sát hoặc nguồn công bố trực tiếp.,PL3_2025_DongThap_old,4. PL3 - danh muc cong .pdf,GATE_MASTER_2026-10-02,False
PL3-2489,Cống kênh Thuỷ lợi (Rau Cần),,,,,UNKNOWN,False,Giữ trống tọa độ để tránh tạo điểm giả; cần GIS kỹ thuật/khảo sát hoặc nguồn công bố trực tiếp.,PL3_2025_DongThap_old,4. PL3 - danh muc cong .pdf,GATE_MASTER_2026-10-02,False
PL3-2490,Cống kênh Thuỷ lợi (K. Hùng Nổi),,,,,UNKNOWN,False,Giữ trống tọa độ để tránh tạo điểm giả; cần GIS kỹ thuật/khảo sát hoặc nguồn công bố trực tiếp.,PL3_2025_DongThap_old,4. PL3 - danh muc cong .pdf,GATE_MASTER_2026-10-02,False
PL3-2491,Cống kênh Thuỷ lợi (K. Trà Bông),,,,,UNKNOWN,False,Giữ trống tọa độ để tránh tạo điểm giả; cần GIS kỹ thuật/khảo sát hoặc nguồn công bố trực tiếp.,PL3_2025_DongThap_old,4. PL3 - danh muc cong .pdf,GATE_MASTER_2026-10-02,False
PL3-2492,Cống Thuỷ lợi (đầu kênh Thầy Lâm),,,,,UNKNOWN,False,Giữ trống tọa độ để tránh tạo điểm giả; cần GIS kỹ thuật/khảo sát hoặc nguồn công bố trực tiếp.,PL3_2025_DongThap_old,4. PL3 - danh muc cong .pdf,GATE_MASTER_2026-10-02,False
PL3-2493,Cống Thuỷ lợi (đầu Rạch Ông Thắng),,,,,UNKNOWN,False,Giữ trống tọa độ để tránh tạo điểm giả; cần GIS kỹ thuật/khảo sát hoặc nguồn công bố trực tiếp.,PL3_2025_DongThap_old,4. PL3 - danh muc cong .pdf,GATE_MASTER_2026-10-02,False
PL3-2494,Cống Thuỷ lợi (Ông Tàu),,,,,UNKNOWN,False,Giữ trống tọa độ để tránh tạo điểm giả; cần GIS kỹ thuật/khảo sát hoặc nguồn công bố trực tiếp.,PL3_2025_DongThap_old,4. PL3 - danh muc cong .pdf,GATE_MASTER_2026-10-02,False
PL3-2495,Cống K. Thuỷ lợi (R. Bà Lan),,,,,UNKNOWN,False,Giữ trống tọa độ để tránh tạo điểm giả; cần GIS kỹ thuật/khảo sát hoặc nguồn công bố trực tiếp.,PL3_2025_DongThap_old,4. PL3 - danh muc cong .pdf,GATE_MASTER_2026-10-02,False
PL3-2496,Cống K. Thuỷ lợi (Ông Hải),,,,,UNKNOWN,False,Giữ trống tọa độ để tránh tạo điểm giả; cần GIS kỹ thuật/khảo sát hoặc nguồn công bố trực tiếp.,PL3_2025_DongThap_old,4. PL3 - danh muc cong .pdf,GATE_MASTER_2026-10-02,False
PL3-2497,Cống K. Thuỷ lợi (Xẻo Chuối),,,,,UNKNOWN,False,Giữ trống tọa độ để tránh tạo điểm giả; cần GIS kỹ thuật/khảo sát hoặc nguồn công bố trực tiếp.,PL3_2025_DongThap_old,4. PL3 - danh muc cong .pdf,GATE_MASTER_2026-10-02,False
PL3-2498,Cống K. Thuỷ lợi (R. Ông Chín),,,,,UNKNOWN,False,Giữ trống tọa độ để tránh tạo điểm giả; cần GIS kỹ thuật/khảo sát hoặc nguồn công bố trực tiếp.,PL3_2025_DongThap_old,4. PL3 - danh muc cong .pdf,GATE_MASTER_2026-10-02,False
PL3-2499,Cống Thuỷ lợi (đầu R.Chùa),,,,,UNKNOWN,False,Giữ trống tọa độ để tránh tạo điểm giả; cần GIS kỹ thuật/khảo sát hoặc nguồn công bố trực tiếp.,PL3_2025_DongThap_old,4. PL3 - danh muc cong .pdf,GATE_MASTER_2026-10-02,False
PL3-2500,Cống K. Thuỷ lợi (Bảy Sa),,,,,UNKNOWN,False,Giữ trống tọa độ để tránh tạo điểm giả; cần GIS kỹ thuật/khảo sát hoặc nguồn công bố trực tiếp.,PL3_2025_DongThap_old,4. PL3 - danh muc cong .pdf,GATE_MASTER_2026-10-02,False
PL3-2501,Cống Mương Trâu trên,,,,,UNKNOWN,False,Giữ trống tọa độ để tránh tạo điểm giả; cần GIS kỹ thuật/khảo sát hoặc nguồn công bố trực tiếp.,PL3_2025_DongThap_old,4. PL3 - danh muc cong .pdf,GATE_MASTER_2026-10-02,False
PL3-2502,Cống K. Thuỷ lợi (Bà Đai),,,,,UNKNOWN,False,Giữ trống tọa độ để tránh tạo điểm giả; cần GIS kỹ thuật/khảo sát hoặc nguồn công bố trực tiếp.,PL3_2025_DongThap_old,4. PL3 - danh muc cong .pdf,GATE_MASTER_2026-10-02,False
PL3-2503,Cống K. Thuỷ lợi (Lồ Ồ),,,,,UNKNOWN,False,Giữ trống tọa độ để tránh tạo điểm giả; cần GIS kỹ thuật/khảo sát hoặc nguồn công bố trực tiếp.,PL3_2025_DongThap_old,4. PL3 - danh muc cong .pdf,GATE_MASTER_2026-10-02,False
PL3-2504,Cống K. Thuỷ lợi (Mương Tắc dưới),,,,,UNKNOWN,False,Giữ trống tọa độ để tránh tạo điểm giả; cần GIS kỹ thuật/khảo sát hoặc nguồn công bố trực tiếp.,PL3_2025_DongThap_old,4. PL3 - danh muc cong .pdf,GATE_MASTER_2026-10-02,False
PL3-2505,Cống K. Thuỷ lợi (Bảy Lệnh),,,,,UNKNOWN,False,Giữ trống tọa độ để tránh tạo điểm giả; cần GIS kỹ thuật/khảo sát hoặc nguồn công bố trực tiếp.,PL3_2025_DongThap_old,4. PL3 - danh muc cong .pdf,GATE_MASTER_2026-10-02,False
PL3-2506,Cống kênh 200,,,,,UNKNOWN,False,Giữ trống tọa độ để tránh tạo điểm giả; cần GIS kỹ thuật/khảo sát hoặc nguồn công bố trực tiếp.,PL3_2025_DongThap_old,4. PL3 - danh muc cong .pdf,GATE_MASTER_2026-10-02,False
PL3-2507,Cống K. Thuỷ lợi 400,,,,,UNKNOWN,False,Giữ trống tọa độ để tránh tạo điểm giả; cần GIS kỹ thuật/khảo sát hoặc nguồn công bố trực tiếp.,PL3_2025_DongThap_old,4. PL3 - danh muc cong .pdf,GATE_MASTER_2026-10-02,False
PL3-2508,Cống K. Thuỷ lợi 600,,,,,UNKNOWN,False,Giữ trống tọa độ để tránh tạo điểm giả; cần GIS kỹ thuật/khảo sát hoặc nguồn công bố trực tiếp.,PL3_2025_DongThap_old,4. PL3 - danh muc cong .pdf,GATE_MASTER_2026-10-02,False
PL3-2509,Cống K. Thuỷ lợi 600,,,,,UNKNOWN,False,Giữ trống tọa độ để tránh tạo điểm giả; cần GIS kỹ thuật/khảo sát hoặc nguồn công bố trực tiếp.,PL3_2025_DongThap_old,4. PL3 - danh muc cong .pdf,GATE_MASTER_2026-10-02,False
PL3-2510,Cống K. Ông Nuôi,,,,,UNKNOWN,False,Giữ trống tọa độ để tránh tạo điểm giả; cần GIS kỹ thuật/khảo sát hoặc nguồn công bố trực tiếp.,PL3_2025_DongThap_old,4. PL3 - danh muc cong .pdf,GATE_MASTER_2026-10-02,False
PL3-2511,Cống K. Ông Mèn,,,,,UNKNOWN,False,Giữ trống tọa độ để tránh tạo điểm giả; cần GIS kỹ thuật/khảo sát hoặc nguồn công bố trực tiếp.,PL3_2025_DongThap_old,4. PL3 - danh muc cong .pdf,GATE_MASTER_2026-10-02,False
PL3-2512,Cống kênh Sườn,,,,,UNKNOWN,False,Giữ trống tọa độ để tránh tạo điểm giả; cần GIS kỹ thuật/khảo sát hoặc nguồn công bố trực tiếp.,PL3_2025_DongThap_old,4. PL3 - danh muc cong .pdf,GATE_MASTER_2026-10-02,False
PL3-2513,Cống K. Ông Dao,,,,,UNKNOWN,False,Giữ trống tọa độ để tránh tạo điểm giả; cần GIS kỹ thuật/khảo sát hoặc nguồn công bố trực tiếp.,PL3_2025_DongThap_old,4. PL3 - danh muc cong .pdf,GATE_MASTER_2026-10-02,False
PL3-2514,Cống K. Năm Đệ,,,,,UNKNOWN,False,Giữ trống tọa độ để tránh tạo điểm giả; cần GIS kỹ thuật/khảo sát hoặc nguồn công bố trực tiếp.,PL3_2025_DongThap_old,4. PL3 - danh muc cong .pdf,GATE_MASTER_2026-10-02,False
PL3-2515,Cống Kênh Sườn Ông Hùng,,,,,UNKNOWN,False,Giữ trống tọa độ để tránh tạo điểm giả; cần GIS kỹ thuật/khảo sát hoặc nguồn công bố trực tiếp.,PL3_2025_DongThap_old,4. PL3 - danh muc cong .pdf,GATE_MASTER_2026-10-02,False
PL3-2516,Cống Kênh Sườn Ông Thanh,,,,,UNKNOWN,False,Giữ trống tọa độ để tránh tạo điểm giả; cần GIS kỹ thuật/khảo sát hoặc nguồn công bố trực tiếp.,PL3_2025_DongThap_old,4. PL3 - danh muc cong .pdf,GATE_MASTER_2026-10-02,False
PL3-2517,Cống Kênh Tám Anh,,,,,UNKNOWN,False,Giữ trống tọa độ để tránh tạo điểm giả; cần GIS kỹ thuật/khảo sát hoặc nguồn công bố trực tiếp.,PL3_2025_DongThap_old,4. PL3 - danh muc cong .pdf,GATE_MASTER_2026-10-02,False
PL3-2518,Cống Kênh Ông Kha,,,,,UNKNOWN,False,Giữ trống tọa độ để tránh tạo điểm giả; cần GIS kỹ thuật/khảo sát hoặc nguồn công bố trực tiếp.,PL3_2025_DongThap_old,4. PL3 - danh muc cong .pdf,GATE_MASTER_2026-10-02,False
PL3-2519,Cống Rạch Bà Đồ,,,,,UNKNOWN,False,Giữ trống tọa độ để tránh tạo điểm giả; cần GIS kỹ thuật/khảo sát hoặc nguồn công bố trực tiếp.,PL3_2025_DongThap_old,4. PL3 - danh muc cong .pdf,GATE_MASTER_2026-10-02,False
PL3-2520,Cống Rạch Lồ Ồ,,,,,UNKNOWN,False,Giữ trống tọa độ để tránh tạo điểm giả; cần GIS kỹ thuật/khảo sát hoặc nguồn công bố trực tiếp.,PL3_2025_DongThap_old,4. PL3 - danh muc cong .pdf,GATE_MASTER_2026-10-02,False
PL3-2521,Cống Hai Đàn,,,,,UNKNOWN,False,Giữ trống tọa độ để tránh tạo điểm giả; cần GIS kỹ thuật/khảo sát hoặc nguồn công bố trực tiếp.,PL3_2025_DongThap_old,4. PL3 - danh muc cong .pdf,GATE_MASTER_2026-10-02,False
PL3-2522,Cống kênh Năm Nhị,,,,,UNKNOWN,False,Giữ trống tọa độ để tránh tạo điểm giả; cần GIS kỹ thuật/khảo sát hoặc nguồn công bố trực tiếp.,PL3_2025_DongThap_old,4. PL3 - danh muc cong .pdf,GATE_MASTER_2026-10-02,False
PL3-2523,Cống Út Bộn,,,,,UNKNOWN,False,Giữ trống tọa độ để tránh tạo điểm giả; cần GIS kỹ thuật/khảo sát hoặc nguồn công bố trực tiếp.,PL3_2025_DongThap_old,4. PL3 - danh muc cong .pdf,GATE_MASTER_2026-10-02,False
PL3-2524,Cống Út Hiếu,,,,,UNKNOWN,False,Giữ trống tọa độ để tránh tạo điểm giả; cần GIS kỹ thuật/khảo sát hoặc nguồn công bố trực tiếp.,PL3_2025_DongThap_old,4. PL3 - danh muc cong .pdf,GATE_MASTER_2026-10-02,False
PL3-2525,Cống Rạch Ông Dồi,,,,,UNKNOWN,False,Giữ trống tọa độ để tránh tạo điểm giả; cần GIS kỹ thuật/khảo sát hoặc nguồn công bố trực tiếp.,PL3_2025_DongThap_old,4. PL3 - danh muc cong .pdf,GATE_MASTER_2026-10-02,False
PL3-2526,Cống kênh Phước Lợi,,,,,UNKNOWN,False,Giữ trống tọa độ để tránh tạo điểm giả; cần GIS kỹ thuật/khảo sát hoặc nguồn công bố trực tiếp.,PL3_2025_DongThap_old,4. PL3 - danh muc cong .pdf,GATE_MASTER_2026-10-02,False
PL3-2527,Cống Mương Khai,,,,,UNKNOWN,False,Giữ trống tọa độ để tránh tạo điểm giả; cần GIS kỹ thuật/khảo sát hoặc nguồn công bố trực tiếp.,PL3_2025_DongThap_old,4. PL3 - danh muc cong .pdf,GATE_MASTER_2026-10-02,False
PL3-2528,Cống Mương Miễu,,,,,UNKNOWN,False,Giữ trống tọa độ để tránh tạo điểm giả; cần GIS kỹ thuật/khảo sát hoặc nguồn công bố trực tiếp.,PL3_2025_DongThap_old,4. PL3 - danh muc cong .pdf,GATE_MASTER_2026-10-02,False
PL3-2529,Cống kênh Bảy Hồng,,,,,UNKNOWN,False,Giữ trống tọa độ để tránh tạo điểm giả; cần GIS kỹ thuật/khảo sát hoặc nguồn công bố trực tiếp.,PL3_2025_DongThap_old,4. PL3 - danh muc cong .pdf,GATE_MASTER_2026-10-02,False
PL3-2530,Cống Ba Châu,,,,,UNKNOWN,False,Giữ trống tọa độ để tránh tạo điểm giả; cần GIS kỹ thuật/khảo sát hoặc nguồn công bố trực tiếp.,PL3_2025_DongThap_old,4. PL3 - danh muc cong .pdf,GATE_MASTER_2026-10-02,False
PL3-2531,Cống Rạch Miễu,,,,,UNKNOWN,False,Giữ trống tọa độ để tránh tạo điểm giả; cần GIS kỹ thuật/khảo sát hoặc nguồn công bố trực tiếp.,PL3_2025_DongThap_old,4. PL3 - danh muc cong .pdf,GATE_MASTER_2026-10-02,False
PL3-2532,Cống kênh Thuỷ lợi giữa,,,,,UNKNOWN,False,Giữ trống tọa độ để tránh tạo điểm giả; cần GIS kỹ thuật/khảo sát hoặc nguồn công bố trực tiếp.,PL3_2025_DongThap_old,4. PL3 - danh muc cong .pdf,GATE_MASTER_2026-10-02,False
PL3-2533,Cống Mương Tám Nghĩa,,,,,UNKNOWN,False,Giữ trống tọa độ để tránh tạo điểm giả; cần GIS kỹ thuật/khảo sát hoặc nguồn công bố trực tiếp.,PL3_2025_DongThap_old,4. PL3 - danh muc cong .pdf,GATE_MASTER_2026-10-02,False
PL3-2534,Cống Mương Nguồn,,,,,UNKNOWN,False,Giữ trống tọa độ để tránh tạo điểm giả; cần GIS kỹ thuật/khảo sát hoặc nguồn công bố trực tiếp.,PL3_2025_DongThap_old,4. PL3 - danh muc cong .pdf,GATE_MASTER_2026-10-02,False
PL3-2535,Cống Mương Miễu,,,,,UNKNOWN,False,Giữ trống tọa độ để tránh tạo điểm giả; cần GIS kỹ thuật/khảo sát hoặc nguồn công bố trực tiếp.,PL3_2025_DongThap_old,4. PL3 - danh muc cong .pdf,GATE_MASTER_2026-10-02,False
PL3-2536,Cống Rạch Cà Na,,,,,UNKNOWN,False,Giữ trống tọa độ để tránh tạo điểm giả; cần GIS kỹ thuật/khảo sát hoặc nguồn công bố trực tiếp.,PL3_2025_DongThap_old,4. PL3 - danh muc cong .pdf,GATE_MASTER_2026-10-02,False
PL3-2537,Cống kênh Thuỷ lợi (đầu R. Đất Sét),,,,,UNKNOWN,False,Giữ trống tọa độ để tránh tạo điểm giả; cần GIS kỹ thuật/khảo sát hoặc nguồn công bố trực tiếp.,PL3_2025_DongThap_old,4. PL3 - danh muc cong .pdf,GATE_MASTER_2026-10-02,False
PL3-2538,Cống kênh Thuỷ lợi (đầu R. Thủ Ô),,,,,UNKNOWN,False,Giữ trống tọa độ để tránh tạo điểm giả; cần GIS kỹ thuật/khảo sát hoặc nguồn công bố trực tiếp.,PL3_2025_DongThap_old,4. PL3 - danh muc cong .pdf,GATE_MASTER_2026-10-02,False
PL3-2539,Cống kênh Thuỷ lợi (đầu K. 30/4),,,,,UNKNOWN,False,Giữ trống tọa độ để tránh tạo điểm giả; cần GIS kỹ thuật/khảo sát hoặc nguồn công bố trực tiếp.,PL3_2025_DongThap_old,4. PL3 - danh muc cong .pdf,GATE_MASTER_2026-10-02,False
PL3-2540,Cống kênh Thuỷ lợi 1 (K. 30/4),,,,,UNKNOWN,False,Giữ trống tọa độ để tránh tạo điểm giả; cần GIS kỹ thuật/khảo sát hoặc nguồn công bố trực tiếp.,PL3_2025_DongThap_old,4. PL3 - danh muc cong .pdf,GATE_MASTER_2026-10-02,False
PL3-2541,Cống kênh Thuỷ lợi R. Thông Lưu,,,,,UNKNOWN,False,Giữ trống tọa độ để tránh tạo điểm giả; cần GIS kỹ thuật/khảo sát hoặc nguồn công bố trực tiếp.,PL3_2025_DongThap_old,4. PL3 - danh muc cong .pdf,GATE_MASTER_2026-10-02,False
PL3-2542,Cống R. Thông Lưu (K. 30/4),,,,,UNKNOWN,False,Giữ trống tọa độ để tránh tạo điểm giả; cần GIS kỹ thuật/khảo sát hoặc nguồn công bố trực tiếp.,PL3_2025_DongThap_old,4. PL3 - danh muc cong .pdf,GATE_MASTER_2026-10-02,False
PL3-2543,Cống kênh Thuỷ lợi (đầu R. Thủ Ô),,,,,UNKNOWN,False,Giữ trống tọa độ để tránh tạo điểm giả; cần GIS kỹ thuật/khảo sát hoặc nguồn công bố trực tiếp.,PL3_2025_DongThap_old,4. PL3 - danh muc cong .pdf,GATE_MASTER_2026-10-02,False
PL3-2544,Cống kênh Thuỷ lợi (rạch Xáng Nhỏ),,,,,UNKNOWN,False,Giữ trống tọa độ để tránh tạo điểm giả; cần GIS kỹ thuật/khảo sát hoặc nguồn công bố trực tiếp.,PL3_2025_DongThap_old,4. PL3 - danh muc cong .pdf,GATE_MASTER_2026-10-02,False
PL3-2545,Cống kênh Thuỷ lợi (Kênh Vĩnh Thạnh),,,,,UNKNOWN,False,Giữ trống tọa độ để tránh tạo điểm giả; cần GIS kỹ thuật/khảo sát hoặc nguồn công bố trực tiếp.,PL3_2025_DongThap_old,4. PL3 - danh muc cong .pdf,GATE_MASTER_2026-10-02,False
PL3-2546,Cống kênh Bảy Cò,,,,,UNKNOWN,False,Giữ trống tọa độ để tránh tạo điểm giả; cần GIS kỹ thuật/khảo sát hoặc nguồn công bố trực tiếp.,PL3_2025_DongThap_old,4. PL3 - danh muc cong .pdf,GATE_MASTER_2026-10-02,False
PL3-2547,Cống kênh Thuỷ lợi (đầu K. 30/4),,,,,UNKNOWN,False,Giữ trống tọa độ để tránh tạo điểm giả; cần GIS kỹ thuật/khảo sát hoặc nguồn công bố trực tiếp.,PL3_2025_DongThap_old,4. PL3 - danh muc cong .pdf,GATE_MASTER_2026-10-02,False
PL3-2548,Cống kênh Thuỷ lợi (đầu R. Thủ Ô),,,,,UNKNOWN,False,Giữ trống tọa độ để tránh tạo điểm giả; cần GIS kỹ thuật/khảo sát hoặc nguồn công bố trực tiếp.,PL3_2025_DongThap_old,4. PL3 - danh muc cong .pdf,GATE_MASTER_2026-10-02,False
PL3-2549,Cống kênh Thuỷ lợi (đầu K. Vĩnh Thuận),,,,,UNKNOWN,False,Giữ trống tọa độ để tránh tạo điểm giả; cần GIS kỹ thuật/khảo sát hoặc nguồn công bố trực tiếp.,PL3_2025_DongThap_old,4. PL3 - danh muc cong .pdf,GATE_MASTER_2026-10-02,False
PL3-2550,Cống kênh Thuỷ lợi (đầu K. Thủ Ô),,,,,UNKNOWN,False,Giữ trống tọa độ để tránh tạo điểm giả; cần GIS kỹ thuật/khảo sát hoặc nguồn công bố trực tiếp.,PL3_2025_DongThap_old,4. PL3 - danh muc cong .pdf,GATE_MASTER_2026-10-02,False
PL3-2551,Cống kênh Thuỷ lợi (đầu Rach Cái Dứa),,,,,UNKNOWN,False,Giữ trống tọa độ để tránh tạo điểm giả; cần GIS kỹ thuật/khảo sát hoặc nguồn công bố trực tiếp.,PL3_2025_DongThap_old,4. PL3 - danh muc cong .pdf,GATE_MASTER_2026-10-02,False
PL3-2552,Cống Sáu Bảo,,,,,UNKNOWN,False,Giữ trống tọa độ để tránh tạo điểm giả; cần GIS kỹ thuật/khảo sát hoặc nguồn công bố trực tiếp.,PL3_2025_DongThap_old,4. PL3 - danh muc cong .pdf,GATE_MASTER_2026-10-02,False
PL3-2553,Cống Lung Cái,,,,,UNKNOWN,False,Giữ trống tọa độ để tránh tạo điểm giả; cần GIS kỹ thuật/khảo sát hoặc nguồn công bố trực tiếp.,PL3_2025_DongThap_old,4. PL3 - danh muc cong .pdf,GATE_MASTER_2026-10-02,False
PL3-2554,Cống kênh Thuỷ lợi (đầu R. Thủ Ô),,,,,UNKNOWN,False,Giữ trống tọa độ để tránh tạo điểm giả; cần GIS kỹ thuật/khảo sát hoặc nguồn công bố trực tiếp.,PL3_2025_DongThap_old,4. PL3 - danh muc cong .pdf,GATE_MASTER_2026-10-02,False
PL3-2555,Cống Mương Kinh,,,,,UNKNOWN,False,Giữ trống tọa độ để tránh tạo điểm giả; cần GIS kỹ thuật/khảo sát hoặc nguồn công bố trực tiếp.,PL3_2025_DongThap_old,4. PL3 - danh muc cong .pdf,GATE_MASTER_2026-10-02,False
PL3-2556,Cống rạch Bờ Xoài,,,,,UNKNOWN,False,Giữ trống tọa độ để tránh tạo điểm giả; cần GIS kỹ thuật/khảo sát hoặc nguồn công bố trực tiếp.,PL3_2025_DongThap_old,4. PL3 - danh muc cong .pdf,GATE_MASTER_2026-10-02,False
PL3-2557,Cống kênh Thuỷ lợi 1,,,,,UNKNOWN,False,Giữ trống tọa độ để tránh tạo điểm giả; cần GIS kỹ thuật/khảo sát hoặc nguồn công bố trực tiếp.,PL3_2025_DongThap_old,4. PL3 - danh muc cong .pdf,GATE_MASTER_2026-10-02,False
PL3-2558,Cống kênh Thuỷ lợi,,,,,UNKNOWN,False,Giữ trống tọa độ để tránh tạo điểm giả; cần GIS kỹ thuật/khảo sát hoặc nguồn công bố trực tiếp.,PL3_2025_DongThap_old,4. PL3 - danh muc cong .pdf,GATE_MASTER_2026-10-02,False
PL3-2559,Cống Mương Ba Thích,,,,,UNKNOWN,False,Giữ trống tọa độ để tránh tạo điểm giả; cần GIS kỹ thuật/khảo sát hoặc nguồn công bố trực tiếp.,PL3_2025_DongThap_old,4. PL3 - danh muc cong .pdf,GATE_MASTER_2026-10-02,False
PL3-2560,Cống kênh Thuỷ lợi 4,,,,,UNKNOWN,False,Giữ trống tọa độ để tránh tạo điểm giả; cần GIS kỹ thuật/khảo sát hoặc nguồn công bố trực tiếp.,PL3_2025_DongThap_old,4. PL3 - danh muc cong .pdf,GATE_MASTER_2026-10-02,False
PL3-2561,Cống Mương Ông Cả,,,,,UNKNOWN,False,Giữ trống tọa độ để tránh tạo điểm giả; cần GIS kỹ thuật/khảo sát hoặc nguồn công bố trực tiếp.,PL3_2025_DongThap_old,4. PL3 - danh muc cong .pdf,GATE_MASTER_2026-10-02,False
PL3-2562,Cống K Bảy Ép giáp M Tư Để,,,,,UNKNOWN,False,Giữ trống tọa độ để tránh tạo điểm giả; cần GIS kỹ thuật/khảo sát hoặc nguồn công bố trực tiếp.,PL3_2025_DongThap_old,4. PL3 - danh muc cong .pdf,GATE_MASTER_2026-10-02,False
PL3-2563,Cống K Bảy Ép giáp M Giữa,,,,,UNKNOWN,False,Giữ trống tọa độ để tránh tạo điểm giả; cần GIS kỹ thuật/khảo sát hoặc nguồn công bố trực tiếp.,PL3_2025_DongThap_old,4. PL3 - danh muc cong .pdf,GATE_MASTER_2026-10-02,False
PL3-2564,Cống M Tám Hồ,,,,,UNKNOWN,False,Giữ trống tọa độ để tránh tạo điểm giả; cần GIS kỹ thuật/khảo sát hoặc nguồn công bố trực tiếp.,PL3_2025_DongThap_old,4. PL3 - danh muc cong .pdf,GATE_MASTER_2026-10-02,False
PL3-2565,Cống tròn kênh Út Minh,,,,,UNKNOWN,False,Giữ trống tọa độ để tránh tạo điểm giả; cần GIS kỹ thuật/khảo sát hoặc nguồn công bố trực tiếp.,PL3_2025_DongThap_old,4. PL3 - danh muc cong .pdf,GATE_MASTER_2026-10-02,False
PL3-2566,Cống tròn Mương Bảy Ly,,,,,UNKNOWN,False,Giữ trống tọa độ để tránh tạo điểm giả; cần GIS kỹ thuật/khảo sát hoặc nguồn công bố trực tiếp.,PL3_2025_DongThap_old,4. PL3 - danh muc cong .pdf,GATE_MASTER_2026-10-02,False
PL3-2567,Cống tròn Mương Ba Chệt,,,,,UNKNOWN,False,Giữ trống tọa độ để tránh tạo điểm giả; cần GIS kỹ thuật/khảo sát hoặc nguồn công bố trực tiếp.,PL3_2025_DongThap_old,4. PL3 - danh muc cong .pdf,GATE_MASTER_2026-10-02,False
PL3-2568,Cống tròn TL1 - TĐ 14,,,,,UNKNOWN,False,Giữ trống tọa độ để tránh tạo điểm giả; cần GIS kỹ thuật/khảo sát hoặc nguồn công bố trực tiếp.,PL3_2025_DongThap_old,4. PL3 - danh muc cong .pdf,GATE_MASTER_2026-10-02,False
PL3-2569,Cống tròn TL2 - TĐ 14,,,,,UNKNOWN,False,Giữ trống tọa độ để tránh tạo điểm giả; cần GIS kỹ thuật/khảo sát hoặc nguồn công bố trực tiếp.,PL3_2025_DongThap_old,4. PL3 - danh muc cong .pdf,GATE_MASTER_2026-10-02,False
PL3-2570,Cống tròn Mương Ba Bé,,,,,UNKNOWN,False,Giữ trống tọa độ để tránh tạo điểm giả; cần GIS kỹ thuật/khảo sát hoặc nguồn công bố trực tiếp.,PL3_2025_DongThap_old,4. PL3 - danh muc cong .pdf,GATE_MASTER_2026-10-02,False
PL3-2571,Cống tròn Hậu Quê,,,,,UNKNOWN,False,Giữ trống tọa độ để tránh tạo điểm giả; cần GIS kỹ thuật/khảo sát hoặc nguồn công bố trực tiếp.,PL3_2025_DongThap_old,4. PL3 - danh muc cong .pdf,GATE_MASTER_2026-10-02,False
PL3-2572,Cống tròn Tư Tấn,,,,,UNKNOWN,False,Giữ trống tọa độ để tránh tạo điểm giả; cần GIS kỹ thuật/khảo sát hoặc nguồn công bố trực tiếp.,PL3_2025_DongThap_old,4. PL3 - danh muc cong .pdf,GATE_MASTER_2026-10-02,False
PL3-2573,Cống tròn 310ha,,,,,UNKNOWN,False,Giữ trống tọa độ để tránh tạo điểm giả; cần GIS kỹ thuật/khảo sát hoặc nguồn công bố trực tiếp.,PL3_2025_DongThap_old,4. PL3 - danh muc cong .pdf,GATE_MASTER_2026-10-02,False
PL3-2574,Cống tròn Ông Can,,,,,UNKNOWN,False,Giữ trống tọa độ để tránh tạo điểm giả; cần GIS kỹ thuật/khảo sát hoặc nguồn công bố trực tiếp.,PL3_2025_DongThap_old,4. PL3 - danh muc cong .pdf,GATE_MASTER_2026-10-02,False
PL3-2575,Cống tròn Mù U,,,,,UNKNOWN,False,Giữ trống tọa độ để tránh tạo điểm giả; cần GIS kỹ thuật/khảo sát hoặc nguồn công bố trực tiếp.,PL3_2025_DongThap_old,4. PL3 - danh muc cong .pdf,GATE_MASTER_2026-10-02,False
PL3-2576,Cống tròn Xẻo Ét,,,,,UNKNOWN,False,Giữ trống tọa độ để tránh tạo điểm giả; cần GIS kỹ thuật/khảo sát hoặc nguồn công bố trực tiếp.,PL3_2025_DongThap_old,4. PL3 - danh muc cong .pdf,GATE_MASTER_2026-10-02,False
PL3-2577,Cống tròn Ba Bi,,,,,UNKNOWN,False,Giữ trống tọa độ để tránh tạo điểm giả; cần GIS kỹ thuật/khảo sát hoặc nguồn công bố trực tiếp.,PL3_2025_DongThap_old,4. PL3 - danh muc cong .pdf,GATE_MASTER_2026-10-02,False
PL3-2578,Cống Mương Chín Chứ,,,,,UNKNOWN,False,Giữ trống tọa độ để tránh tạo điểm giả; cần GIS kỹ thuật/khảo sát hoặc nguồn công bố trực tiếp.,PL3_2025_DongThap_old,4. PL3 - danh muc cong .pdf,GATE_MASTER_2026-10-02,False
PL3-2579,Cống Hai Tờ,,,,,UNKNOWN,False,Giữ trống tọa độ để tránh tạo điểm giả; cần GIS kỹ thuật/khảo sát hoặc nguồn công bố trực tiếp.,PL3_2025_DongThap_old,4. PL3 - danh muc cong .pdf,GATE_MASTER_2026-10-02,False
PL3-2580,Cống Năm Dũng,,,,,UNKNOWN,False,Giữ trống tọa độ để tránh tạo điểm giả; cần GIS kỹ thuật/khảo sát hoặc nguồn công bố trực tiếp.,PL3_2025_DongThap_old,4. PL3 - danh muc cong .pdf,GATE_MASTER_2026-10-02,False
PL3-2581,Cống Tám Thum,,,,,UNKNOWN,False,Giữ trống tọa độ để tránh tạo điểm giả; cần GIS kỹ thuật/khảo sát hoặc nguồn công bố trực tiếp.,PL3_2025_DongThap_old,4. PL3 - danh muc cong .pdf,GATE_MASTER_2026-10-02,False
PL3-2582,Cống tròn Cai huyện,,,,,UNKNOWN,False,Giữ trống tọa độ để tránh tạo điểm giả; cần GIS kỹ thuật/khảo sát hoặc nguồn công bố trực tiếp.,PL3_2025_DongThap_old,4. PL3 - danh muc cong .pdf,GATE_MASTER_2026-10-02,False
PL3-2583,Cống tròn Mương Tư Chiêu,,,,,UNKNOWN,False,Giữ trống tọa độ để tránh tạo điểm giả; cần GIS kỹ thuật/khảo sát hoặc nguồn công bố trực tiếp.,PL3_2025_DongThap_old,4. PL3 - danh muc cong .pdf,GATE_MASTER_2026-10-02,False
PL3-2584,Cống tròn Xẻo Gia (mương Ông Mười),,,,,UNKNOWN,False,Giữ trống tọa độ để tránh tạo điểm giả; cần GIS kỹ thuật/khảo sát hoặc nguồn công bố trực tiếp.,PL3_2025_DongThap_old,4. PL3 - danh muc cong .pdf,GATE_MASTER_2026-10-02,False
PL3-2585,Cống tròn mương Tám Đức,,,,,UNKNOWN,False,Giữ trống tọa độ để tránh tạo điểm giả; cần GIS kỹ thuật/khảo sát hoặc nguồn công bố trực tiếp.,PL3_2025_DongThap_old,4. PL3 - danh muc cong .pdf,GATE_MASTER_2026-10-02,False
PL3-2586,Cống tròn Xẻo Đào cũ (nhà 5 Mừng),,,,,UNKNOWN,False,Giữ trống tọa độ để tránh tạo điểm giả; cần GIS kỹ thuật/khảo sát hoặc nguồn công bố trực tiếp.,PL3_2025_DongThap_old,4. PL3 - danh muc cong .pdf,GATE_MASTER_2026-10-02,False
PL3-2587,Cống tròn phi 100 Ba Thân (giáp 849),,,,,UNKNOWN,False,Giữ trống tọa độ để tránh tạo điểm giả; cần GIS kỹ thuật/khảo sát hoặc nguồn công bố trực tiếp.,PL3_2025_DongThap_old,4. PL3 - danh muc cong .pdf,GATE_MASTER_2026-10-02,False
PL3-2588,Cống tròn Hai Sấm,,,,,UNKNOWN,False,Giữ trống tọa độ để tránh tạo điểm giả; cần GIS kỹ thuật/khảo sát hoặc nguồn công bố trực tiếp.,PL3_2025_DongThap_old,4. PL3 - danh muc cong .pdf,GATE_MASTER_2026-10-02,False
PL3-2589,Cống tròn Bảy Méo,,,,,UNKNOWN,False,Giữ trống tọa độ để tránh tạo điểm giả; cần GIS kỹ thuật/khảo sát hoặc nguồn công bố trực tiếp.,PL3_2025_DongThap_old,4. PL3 - danh muc cong .pdf,GATE_MASTER_2026-10-02,False
PL3-2590,16 cống tròn Tân Bình - Kênh Tư,,,,,UNKNOWN,False,Giữ trống tọa độ để tránh tạo điểm giả; cần GIS kỹ thuật/khảo sát hoặc nguồn công bố trực tiếp.,PL3_2025_DongThap_old,4. PL3 - danh muc cong .pdf,GATE_MASTER_2026-10-02,False
PL3-2591,Cống tròn Tầm Qươn (phi 100),,,,,UNKNOWN,False,Giữ trống tọa độ để tránh tạo điểm giả; cần GIS kỹ thuật/khảo sát hoặc nguồn công bố trực tiếp.,PL3_2025_DongThap_old,4. PL3 - danh muc cong .pdf,GATE_MASTER_2026-10-02,False
PL3-2592,Cống tròn Rạch Trà Bông (phi 60),,,,,UNKNOWN,False,Giữ trống tọa độ để tránh tạo điểm giả; cần GIS kỹ thuật/khảo sát hoặc nguồn công bố trực tiếp.,PL3_2025_DongThap_old,4. PL3 - danh muc cong .pdf,GATE_MASTER_2026-10-02,False
PL3-2593,Cống tròn Ba Thông (phi 100),,,,,UNKNOWN,False,Giữ trống tọa độ để tránh tạo điểm giả; cần GIS kỹ thuật/khảo sát hoặc nguồn công bố trực tiếp.,PL3_2025_DongThap_old,4. PL3 - danh muc cong .pdf,GATE_MASTER_2026-10-02,False
PL3-2594,Cống tròn Năm Tây (phi 100),,,,,UNKNOWN,False,Giữ trống tọa độ để tránh tạo điểm giả; cần GIS kỹ thuật/khảo sát hoặc nguồn công bố trực tiếp.,PL3_2025_DongThap_old,4. PL3 - danh muc cong .pdf,GATE_MASTER_2026-10-02,False
PL3-2595,Cống tròn Mương Chín Luận,,,,,UNKNOWN,False,Giữ trống tọa độ để tránh tạo điểm giả; cần GIS kỹ thuật/khảo sát hoặc nguồn công bố trực tiếp.,PL3_2025_DongThap_old,4. PL3 - danh muc cong .pdf,GATE_MASTER_2026-10-02,False
PL3-2596,Cống tròn Ba Đà (giáp Ba Quyên),,,,,UNKNOWN,False,Giữ trống tọa độ để tránh tạo điểm giả; cần GIS kỹ thuật/khảo sát hoặc nguồn công bố trực tiếp.,PL3_2025_DongThap_old,4. PL3 - danh muc cong .pdf,GATE_MASTER_2026-10-02,False
PL3-2597,Cống tròn Chùa Giồng (giáp Ba Quyên),,,,,UNKNOWN,False,Giữ trống tọa độ để tránh tạo điểm giả; cần GIS kỹ thuật/khảo sát hoặc nguồn công bố trực tiếp.,PL3_2025_DongThap_old,4. PL3 - danh muc cong .pdf,GATE_MASTER_2026-10-02,False
PL3-2598,Cống tròn Bầu Vên (giáp Chùa Giồng),,,,,UNKNOWN,False,Giữ trống tọa độ để tránh tạo điểm giả; cần GIS kỹ thuật/khảo sát hoặc nguồn công bố trực tiếp.,PL3_2025_DongThap_old,4. PL3 - danh muc cong .pdf,GATE_MASTER_2026-10-02,False
PL3-2599,Cống Ngầm Hai Long,,,,,UNKNOWN,False,Giữ trống tọa độ để tránh tạo điểm giả; cần GIS kỹ thuật/khảo sát hoặc nguồn công bố trực tiếp.,PL3_2025_DongThap_old,4. PL3 - danh muc cong .pdf,GATE_MASTER_2026-10-02,False
PL3-2600,Cống Ngầm Tư Lẫm,,,,,UNKNOWN,False,Giữ trống tọa độ để tránh tạo điểm giả; cần GIS kỹ thuật/khảo sát hoặc nguồn công bố trực tiếp.,PL3_2025_DongThap_old,4. PL3 - danh muc cong .pdf,GATE_MASTER_2026-10-02,False
PL3-2601,Cống Ngầm Gáo Dù,,,,,UNKNOWN,False,Giữ trống tọa độ để tránh tạo điểm giả; cần GIS kỹ thuật/khảo sát hoặc nguồn công bố trực tiếp.,PL3_2025_DongThap_old,4. PL3 - danh muc cong .pdf,GATE_MASTER_2026-10-02,False
PL3-2602,Cống tròn Mương Kênh,,,,,UNKNOWN,False,Giữ trống tọa độ để tránh tạo điểm giả; cần GIS kỹ thuật/khảo sát hoặc nguồn công bố trực tiếp.,PL3_2025_DongThap_old,4. PL3 - danh muc cong .pdf,GATE_MASTER_2026-10-02,False
PL3-2603,Cống tròn Ông Hành,,,,,UNKNOWN,False,Giữ trống tọa độ để tránh tạo điểm giả; cần GIS kỹ thuật/khảo sát hoặc nguồn công bố trực tiếp.,PL3_2025_DongThap_old,4. PL3 - danh muc cong .pdf,GATE_MASTER_2026-10-02,False
PL3-2604,Cống tròn kênh Trục 2,,,,,UNKNOWN,False,Giữ trống tọa độ để tránh tạo điểm giả; cần GIS kỹ thuật/khảo sát hoặc nguồn công bố trực tiếp.,PL3_2025_DongThap_old,4. PL3 - danh muc cong .pdf,GATE_MASTER_2026-10-02,False
PL3-2605,Cống tròn kênh Trục 1,,,,,UNKNOWN,False,Giữ trống tọa độ để tránh tạo điểm giả; cần GIS kỹ thuật/khảo sát hoặc nguồn công bố trực tiếp.,PL3_2025_DongThap_old,4. PL3 - danh muc cong .pdf,GATE_MASTER_2026-10-02,False
PL3-2606,Cống tròn Hai Phận,,,,,UNKNOWN,False,Giữ trống tọa độ để tránh tạo điểm giả; cần GIS kỹ thuật/khảo sát hoặc nguồn công bố trực tiếp.,PL3_2025_DongThap_old,4. PL3 - danh muc cong .pdf,GATE_MASTER_2026-10-02,False
PL3-2607,Cống tròn Cả Ngang,,,,,UNKNOWN,False,Giữ trống tọa độ để tránh tạo điểm giả; cần GIS kỹ thuật/khảo sát hoặc nguồn công bố trực tiếp.,PL3_2025_DongThap_old,4. PL3 - danh muc cong .pdf,GATE_MASTER_2026-10-02,False
PL3-2608,Cống tròn Bảy Vích,,,,,UNKNOWN,False,Giữ trống tọa độ để tránh tạo điểm giả; cần GIS kỹ thuật/khảo sát hoặc nguồn công bố trực tiếp.,PL3_2025_DongThap_old,4. PL3 - danh muc cong .pdf,GATE_MASTER_2026-10-02,False
PL3-2609,Cống tròn Sáu Quân,,,,,UNKNOWN,False,Giữ trống tọa độ để tránh tạo điểm giả; cần GIS kỹ thuật/khảo sát hoặc nguồn công bố trực tiếp.,PL3_2025_DongThap_old,4. PL3 - danh muc cong .pdf,GATE_MASTER_2026-10-02,False
PL3-2610,Cống tròn Năm Ngài,,,,,UNKNOWN,False,Giữ trống tọa độ để tránh tạo điểm giả; cần GIS kỹ thuật/khảo sát hoặc nguồn công bố trực tiếp.,PL3_2025_DongThap_old,4. PL3 - danh muc cong .pdf,GATE_MASTER_2026-10-02,False
PL3-2611,Cống tròn Ba Phan,,,,,UNKNOWN,False,Giữ trống tọa độ để tránh tạo điểm giả; cần GIS kỹ thuật/khảo sát hoặc nguồn công bố trực tiếp.,PL3_2025_DongThap_old,4. PL3 - danh muc cong .pdf,GATE_MASTER_2026-10-02,False
PL3-2612,Cống tròn Chín Trạng,,,,,UNKNOWN,False,Giữ trống tọa độ để tránh tạo điểm giả; cần GIS kỹ thuật/khảo sát hoặc nguồn công bố trực tiếp.,PL3_2025_DongThap_old,4. PL3 - danh muc cong .pdf,GATE_MASTER_2026-10-02,False
PL3-2613,Cống tròn Năm Khôi,,,,,UNKNOWN,False,Giữ trống tọa độ để tránh tạo điểm giả; cần GIS kỹ thuật/khảo sát hoặc nguồn công bố trực tiếp.,PL3_2025_DongThap_old,4. PL3 - danh muc cong .pdf,GATE_MASTER_2026-10-02,False
PL3-2614,Cống tròn Mương Nhỏ,,,,,UNKNOWN,False,Giữ trống tọa độ để tránh tạo điểm giả; cần GIS kỹ thuật/khảo sát hoặc nguồn công bố trực tiếp.,PL3_2025_DongThap_old,4. PL3 - danh muc cong .pdf,GATE_MASTER_2026-10-02,False
PL3-2615,Cống tròn kênh Trục 2,,,,,UNKNOWN,False,Giữ trống tọa độ để tránh tạo điểm giả; cần GIS kỹ thuật/khảo sát hoặc nguồn công bố trực tiếp.,PL3_2025_DongThap_old,4. PL3 - danh muc cong .pdf,GATE_MASTER_2026-10-02,False
PL3-2616,Cống tròn kênh 600,,,,,UNKNOWN,False,Giữ trống tọa độ để tránh tạo điểm giả; cần GIS kỹ thuật/khảo sát hoặc nguồn công bố trực tiếp.,PL3_2025_DongThap_old,4. PL3 - danh muc cong .pdf,GATE_MASTER_2026-10-02,False
PL3-2617,Cống tròn Sườn (giáp X. Mương Trâu),,,,,UNKNOWN,False,Giữ trống tọa độ để tránh tạo điểm giả; cần GIS kỹ thuật/khảo sát hoặc nguồn công bố trực tiếp.,PL3_2025_DongThap_old,4. PL3 - danh muc cong .pdf,GATE_MASTER_2026-10-02,False
PL3-2618,Cống tròn Sườn (giáp Tổng Điện),,,,,UNKNOWN,False,Giữ trống tọa độ để tránh tạo điểm giả; cần GIS kỹ thuật/khảo sát hoặc nguồn công bố trực tiếp.,PL3_2025_DongThap_old,4. PL3 - danh muc cong .pdf,GATE_MASTER_2026-10-02,False
PL3-2619,Cống tròn R. Ông Dồi,,,,,UNKNOWN,False,Giữ trống tọa độ để tránh tạo điểm giả; cần GIS kỹ thuật/khảo sát hoặc nguồn công bố trực tiếp.,PL3_2025_DongThap_old,4. PL3 - danh muc cong .pdf,GATE_MASTER_2026-10-02,False
PL3-2620,Cống tròn 7 Dô,,,,,UNKNOWN,False,Giữ trống tọa độ để tránh tạo điểm giả; cần GIS kỹ thuật/khảo sát hoặc nguồn công bố trực tiếp.,PL3_2025_DongThap_old,4. PL3 - danh muc cong .pdf,GATE_MASTER_2026-10-02,False
PL3-2621,Cống tròn 3 Văn,,,,,UNKNOWN,False,Giữ trống tọa độ để tránh tạo điểm giả; cần GIS kỹ thuật/khảo sát hoặc nguồn công bố trực tiếp.,PL3_2025_DongThap_old,4. PL3 - danh muc cong .pdf,GATE_MASTER_2026-10-02,False
PL3-2622,Cống tròn kênh 19 tháng 5,,,,,UNKNOWN,False,Giữ trống tọa độ để tránh tạo điểm giả; cần GIS kỹ thuật/khảo sát hoặc nguồn công bố trực tiếp.,PL3_2025_DongThap_old,4. PL3 - danh muc cong .pdf,GATE_MASTER_2026-10-02,False
PL3-2623,Cống tròn kênh Nhà Thờ,,,,,UNKNOWN,False,Giữ trống tọa độ để tránh tạo điểm giả; cần GIS kỹ thuật/khảo sát hoặc nguồn công bố trực tiếp.,PL3_2025_DongThap_old,4. PL3 - danh muc cong .pdf,GATE_MASTER_2026-10-02,False
PL3-2624,Cống tròn kênh Tám Thưa,,,,,UNKNOWN,False,Giữ trống tọa độ để tránh tạo điểm giả; cần GIS kỹ thuật/khảo sát hoặc nguồn công bố trực tiếp.,PL3_2025_DongThap_old,4. PL3 - danh muc cong .pdf,GATE_MASTER_2026-10-02,False
PL3-2625,Cống tròn Sẻo Lăng,,,,,UNKNOWN,False,Giữ trống tọa độ để tránh tạo điểm giả; cần GIS kỹ thuật/khảo sát hoặc nguồn công bố trực tiếp.,PL3_2025_DongThap_old,4. PL3 - danh muc cong .pdf,GATE_MASTER_2026-10-02,False
PL3-2626,Cống tròn Cô Liền,,,,,UNKNOWN,False,Giữ trống tọa độ để tránh tạo điểm giả; cần GIS kỹ thuật/khảo sát hoặc nguồn công bố trực tiếp.,PL3_2025_DongThap_old,4. PL3 - danh muc cong .pdf,GATE_MASTER_2026-10-02,False
PL3-2627,Cống tròn kênh Sườn,,,,,UNKNOWN,False,Giữ trống tọa độ để tránh tạo điểm giả; cần GIS kỹ thuật/khảo sát hoặc nguồn công bố trực tiếp.,PL3_2025_DongThap_old,4. PL3 - danh muc cong .pdf,GATE_MASTER_2026-10-02,False
PL3-2628,Cống Kênh TL TĐ 14 (giáp M Tiêu),,,,,UNKNOWN,False,Giữ trống tọa độ để tránh tạo điểm giả; cần GIS kỹ thuật/khảo sát hoặc nguồn công bố trực tiếp.,PL3_2025_DongThap_old,4. PL3 - danh muc cong .pdf,GATE_MASTER_2026-10-02,False
PL3-2629,Cống Kênh Sườn (giáp M Khai),,,,,UNKNOWN,False,Giữ trống tọa độ để tránh tạo điểm giả; cần GIS kỹ thuật/khảo sát hoặc nguồn công bố trực tiếp.,PL3_2025_DongThap_old,4. PL3 - danh muc cong .pdf,GATE_MASTER_2026-10-02,False
PL3-2630,Cống Kênh Sườn (giáp Ông Phủ),,,,,UNKNOWN,False,Giữ trống tọa độ để tránh tạo điểm giả; cần GIS kỹ thuật/khảo sát hoặc nguồn công bố trực tiếp.,PL3_2025_DongThap_old,4. PL3 - danh muc cong .pdf,GATE_MASTER_2026-10-02,False
PL3-2631,Cống tròn Sáu Be,,,,,UNKNOWN,False,Giữ trống tọa độ để tránh tạo điểm giả; cần GIS kỹ thuật/khảo sát hoặc nguồn công bố trực tiếp.,PL3_2025_DongThap_old,4. PL3 - danh muc cong .pdf,GATE_MASTER_2026-10-02,False
PL3-2632,Cống tròn Cả Ngang,,,,,UNKNOWN,False,Giữ trống tọa độ để tránh tạo điểm giả; cần GIS kỹ thuật/khảo sát hoặc nguồn công bố trực tiếp.,PL3_2025_DongThap_old,4. PL3 - danh muc cong .pdf,GATE_MASTER_2026-10-02,False
PL3-2633,Cống tròn Tư Tâm,,,,,UNKNOWN,False,Giữ trống tọa độ để tránh tạo điểm giả; cần GIS kỹ thuật/khảo sát hoặc nguồn công bố trực tiếp.,PL3_2025_DongThap_old,4. PL3 - danh muc cong .pdf,GATE_MASTER_2026-10-02,False
PL3-2634,Cống tròn Tham Thần,,,,,UNKNOWN,False,Giữ trống tọa độ để tránh tạo điểm giả; cần GIS kỹ thuật/khảo sát hoặc nguồn công bố trực tiếp.,PL3_2025_DongThap_old,4. PL3 - danh muc cong .pdf,GATE_MASTER_2026-10-02,False
PL3-2635,Cống tròn 80B (giáp Cai Bường),,,,,UNKNOWN,False,Giữ trống tọa độ để tránh tạo điểm giả; cần GIS kỹ thuật/khảo sát hoặc nguồn công bố trực tiếp.,PL3_2025_DongThap_old,4. PL3 - danh muc cong .pdf,GATE_MASTER_2026-10-02,False
PL3-2636,Cống tròn Thủy lợi 01,,,,,UNKNOWN,False,Giữ trống tọa độ để tránh tạo điểm giả; cần GIS kỹ thuật/khảo sát hoặc nguồn công bố trực tiếp.,PL3_2025_DongThap_old,4. PL3 - danh muc cong .pdf,GATE_MASTER_2026-10-02,False
PL3-2637,Cống tròn kênh 8 tháng 3,,,,,UNKNOWN,False,Giữ trống tọa độ để tránh tạo điểm giả; cần GIS kỹ thuật/khảo sát hoặc nguồn công bố trực tiếp.,PL3_2025_DongThap_old,4. PL3 - danh muc cong .pdf,GATE_MASTER_2026-10-02,False
PL3-2638,Cống tròn Xẻo Sắt,,,,,UNKNOWN,False,Giữ trống tọa độ để tránh tạo điểm giả; cần GIS kỹ thuật/khảo sát hoặc nguồn công bố trực tiếp.,PL3_2025_DongThap_old,4. PL3 - danh muc cong .pdf,GATE_MASTER_2026-10-02,False
PL3-2639,Cống tròn kênh TL 01 (Ranh LHA),,,,,UNKNOWN,False,Giữ trống tọa độ để tránh tạo điểm giả; cần GIS kỹ thuật/khảo sát hoặc nguồn công bố trực tiếp.,PL3_2025_DongThap_old,4. PL3 - danh muc cong .pdf,GATE_MASTER_2026-10-02,False
PL3-2640,Cống tròn kênh TL 02 (Ranh LHA),,,,,UNKNOWN,False,Giữ trống tọa độ để tránh tạo điểm giả; cần GIS kỹ thuật/khảo sát hoặc nguồn công bố trực tiếp.,PL3_2025_DongThap_old,4. PL3 - danh muc cong .pdf,GATE_MASTER_2026-10-02,False
PL3-2641,Cống tròn kênh TL1 310ha (Bầu Nẫm),,,,,UNKNOWN,False,Giữ trống tọa độ để tránh tạo điểm giả; cần GIS kỹ thuật/khảo sát hoặc nguồn công bố trực tiếp.,PL3_2025_DongThap_old,4. PL3 - danh muc cong .pdf,GATE_MASTER_2026-10-02,False
PL3-2642,Cống tròn kênh Bé Trãi (Ban Bìa),,,,,UNKNOWN,False,Giữ trống tọa độ để tránh tạo điểm giả; cần GIS kỹ thuật/khảo sát hoặc nguồn công bố trực tiếp.,PL3_2025_DongThap_old,4. PL3 - danh muc cong .pdf,GATE_MASTER_2026-10-02,False
PL3-2643,Cống tròn kênh Cụt (Bầu Nẫm),,,,,UNKNOWN,False,Giữ trống tọa độ để tránh tạo điểm giả; cần GIS kỹ thuật/khảo sát hoặc nguồn công bố trực tiếp.,PL3_2025_DongThap_old,4. PL3 - danh muc cong .pdf,GATE_MASTER_2026-10-02,False
PL3-2644,Cống tròn kênh Lồ Ồ (Tổng Điện),,,,,UNKNOWN,False,Giữ trống tọa độ để tránh tạo điểm giả; cần GIS kỹ thuật/khảo sát hoặc nguồn công bố trực tiếp.,PL3_2025_DongThap_old,4. PL3 - danh muc cong .pdf,GATE_MASTER_2026-10-02,False
PL3-2645,Cống tròn kênh Bầu Dừng (Đồn Điền),,,,,UNKNOWN,False,Giữ trống tọa độ để tránh tạo điểm giả; cần GIS kỹ thuật/khảo sát hoặc nguồn công bố trực tiếp.,PL3_2025_DongThap_old,4. PL3 - danh muc cong .pdf,GATE_MASTER_2026-10-02,False
PL3-2646,Cống tròn kênh Bảy Đời (Vĩnh Thuận),,,,,UNKNOWN,False,Giữ trống tọa độ để tránh tạo điểm giả; cần GIS kỹ thuật/khảo sát hoặc nguồn công bố trực tiếp.,PL3_2025_DongThap_old,4. PL3 - danh muc cong .pdf,GATE_MASTER_2026-10-02,False
PL3-2647,Cống tròn kênh Năm Bầu (Tân Bình),,,,,UNKNOWN,False,Giữ trống tọa độ để tránh tạo điểm giả; cần GIS kỹ thuật/khảo sát hoặc nguồn công bố trực tiếp.,PL3_2025_DongThap_old,4. PL3 - danh muc cong .pdf,GATE_MASTER_2026-10-02,False
PL3-2648,Cống tròn kênh Mương Nổi (Mương Tắt),,,,,UNKNOWN,False,Giữ trống tọa độ để tránh tạo điểm giả; cần GIS kỹ thuật/khảo sát hoặc nguồn công bố trực tiếp.,PL3_2025_DongThap_old,4. PL3 - danh muc cong .pdf,GATE_MASTER_2026-10-02,False
PL3-2649,Cống tròn mương Lò Tý (Đất Sét),,,,,UNKNOWN,False,Giữ trống tọa độ để tránh tạo điểm giả; cần GIS kỹ thuật/khảo sát hoặc nguồn công bố trực tiếp.,PL3_2025_DongThap_old,4. PL3 - danh muc cong .pdf,GATE_MASTER_2026-10-02,False
PL3-2650,Cống tròn Tam Tạng (Cao Đài),,,,,UNKNOWN,False,Giữ trống tọa độ để tránh tạo điểm giả; cần GIS kỹ thuật/khảo sát hoặc nguồn công bố trực tiếp.,PL3_2025_DongThap_old,4. PL3 - danh muc cong .pdf,GATE_MASTER_2026-10-02,False
PL3-2651,Cống tròn mương Ba Khách (Cao Đài),,,,,UNKNOWN,False,Giữ trống tọa độ để tránh tạo điểm giả; cần GIS kỹ thuật/khảo sát hoặc nguồn công bố trực tiếp.,PL3_2025_DongThap_old,4. PL3 - danh muc cong .pdf,GATE_MASTER_2026-10-02,False
PL3-2652,Cống tròn mương Xẻo Hùng (Cán Gáo),,,,,UNKNOWN,False,Giữ trống tọa độ để tránh tạo điểm giả; cần GIS kỹ thuật/khảo sát hoặc nguồn công bố trực tiếp.,PL3_2025_DongThap_old,4. PL3 - danh muc cong .pdf,GATE_MASTER_2026-10-02,False
PL3-2653,Cống tròn Mương Trâu Nhỏ (Sáu Bầu),,,,,UNKNOWN,False,Giữ trống tọa độ để tránh tạo điểm giả; cần GIS kỹ thuật/khảo sát hoặc nguồn công bố trực tiếp.,PL3_2025_DongThap_old,4. PL3 - danh muc cong .pdf,GATE_MASTER_2026-10-02,False
PL3-2654,Cống tròn mương Bảy Sa (Sáu Bầu),,,,,UNKNOWN,False,Giữ trống tọa độ để tránh tạo điểm giả; cần GIS kỹ thuật/khảo sát hoặc nguồn công bố trực tiếp.,PL3_2025_DongThap_old,4. PL3 - danh muc cong .pdf,GATE_MASTER_2026-10-02,False
PL3-2655,Cống tròn mương Gáo Dù (Rau Cần),,,,,UNKNOWN,False,Giữ trống tọa độ để tránh tạo điểm giả; cần GIS kỹ thuật/khảo sát hoặc nguồn công bố trực tiếp.,PL3_2025_DongThap_old,4. PL3 - danh muc cong .pdf,GATE_MASTER_2026-10-02,False
PL3-2656,Cống tròn mương Gáo Dù (ranh TM),,,,,UNKNOWN,False,Giữ trống tọa độ để tránh tạo điểm giả; cần GIS kỹ thuật/khảo sát hoặc nguồn công bố trực tiếp.,PL3_2025_DongThap_old,4. PL3 - danh muc cong .pdf,GATE_MASTER_2026-10-02,False
PL3-2657,Cống tròn mương Năm Thắng (Nước xoáy),,,,,UNKNOWN,False,Giữ trống tọa độ để tránh tạo điểm giả; cần GIS kỹ thuật/khảo sát hoặc nguồn công bố trực tiếp.,PL3_2025_DongThap_old,4. PL3 - danh muc cong .pdf,GATE_MASTER_2026-10-02,False
PL3-2658,Cống tròn mương Hai Đạt (Rạch Múc),,,,,UNKNOWN,False,Giữ trống tọa độ để tránh tạo điểm giả; cần GIS kỹ thuật/khảo sát hoặc nguồn công bố trực tiếp.,PL3_2025_DongThap_old,4. PL3 - danh muc cong .pdf,GATE_MASTER_2026-10-02,False
PL3-2659,Cống tròn kênh 3/2 (Cán Gáo),,,,,UNKNOWN,False,Giữ trống tọa độ để tránh tạo điểm giả; cần GIS kỹ thuật/khảo sát hoặc nguồn công bố trực tiếp.,PL3_2025_DongThap_old,4. PL3 - danh muc cong .pdf,GATE_MASTER_2026-10-02,False
PL3-2660,Cống tròn Út Sấm (Ngã Cũ),,,,,UNKNOWN,False,Giữ trống tọa độ để tránh tạo điểm giả; cần GIS kỹ thuật/khảo sát hoặc nguồn công bố trực tiếp.,PL3_2025_DongThap_old,4. PL3 - danh muc cong .pdf,GATE_MASTER_2026-10-02,False
PL3-2661,Cống tròn Kênh Sườn (Bàu Bùn),,,,,UNKNOWN,False,Giữ trống tọa độ để tránh tạo điểm giả; cần GIS kỹ thuật/khảo sát hoặc nguồn công bố trực tiếp.,PL3_2025_DongThap_old,4. PL3 - danh muc cong .pdf,GATE_MASTER_2026-10-02,False
PL3-2662,Cống tròn Bảy Bòn (Tân Bình),,,,,UNKNOWN,False,Giữ trống tọa độ để tránh tạo điểm giả; cần GIS kỹ thuật/khảo sát hoặc nguồn công bố trực tiếp.,PL3_2025_DongThap_old,4. PL3 - danh muc cong .pdf,GATE_MASTER_2026-10-02,False
PL3-2663,Cống tròn Sáu Niệm (Tân Bình),,,,,UNKNOWN,False,Giữ trống tọa độ để tránh tạo điểm giả; cần GIS kỹ thuật/khảo sát hoặc nguồn công bố trực tiếp.,PL3_2025_DongThap_old,4. PL3 - danh muc cong .pdf,GATE_MASTER_2026-10-02,False
PL3-2664,Cống tròn Mương Đào (Tân Bình),,,,,UNKNOWN,False,Giữ trống tọa độ để tránh tạo điểm giả; cần GIS kỹ thuật/khảo sát hoặc nguồn công bố trực tiếp.,PL3_2025_DongThap_old,4. PL3 - danh muc cong .pdf,GATE_MASTER_2026-10-02,False
PL3-2665,Cống tròn Bảy Cảnh (Tân Bình),,,,,UNKNOWN,False,Giữ trống tọa độ để tránh tạo điểm giả; cần GIS kỹ thuật/khảo sát hoặc nguồn công bố trực tiếp.,PL3_2025_DongThap_old,4. PL3 - danh muc cong .pdf,GATE_MASTER_2026-10-02,False
PL3-2666,Cống tròn Xẻo Tre (ranh HAĐ),,,,,UNKNOWN,False,Giữ trống tọa độ để tránh tạo điểm giả; cần GIS kỹ thuật/khảo sát hoặc nguồn công bố trực tiếp.,PL3_2025_DongThap_old,4. PL3 - danh muc cong .pdf,GATE_MASTER_2026-10-02,False
PL3-2667,Cống tròn Chín Tuấn giáp Tổng Điện,,,,,UNKNOWN,False,Giữ trống tọa độ để tránh tạo điểm giả; cần GIS kỹ thuật/khảo sát hoặc nguồn công bố trực tiếp.,PL3_2025_DongThap_old,4. PL3 - danh muc cong .pdf,GATE_MASTER_2026-10-02,False
PL3-2668,Cống tròn kênh Vành Đai (giáp Xẻo Đào),,,,,UNKNOWN,False,Giữ trống tọa độ để tránh tạo điểm giả; cần GIS kỹ thuật/khảo sát hoặc nguồn công bố trực tiếp.,PL3_2025_DongThap_old,4. PL3 - danh muc cong .pdf,GATE_MASTER_2026-10-02,False
PL3-2669,Cống tròn kênh TĐ 01 (giáp Xẻo Đào),,,,,UNKNOWN,False,Giữ trống tọa độ để tránh tạo điểm giả; cần GIS kỹ thuật/khảo sát hoặc nguồn công bố trực tiếp.,PL3_2025_DongThap_old,4. PL3 - danh muc cong .pdf,GATE_MASTER_2026-10-02,False
PL3-2670,Cống tròn Năm Việt (giáp kênh Ông Phủ),,,,,UNKNOWN,False,Giữ trống tọa độ để tránh tạo điểm giả; cần GIS kỹ thuật/khảo sát hoặc nguồn công bố trực tiếp.,PL3_2025_DongThap_old,4. PL3 - danh muc cong .pdf,GATE_MASTER_2026-10-02,False
PL3-2671,Cống tròn Cái Đôi (giáp ranh Lai Vung),,,,,UNKNOWN,False,Giữ trống tọa độ để tránh tạo điểm giả; cần GIS kỹ thuật/khảo sát hoặc nguồn công bố trực tiếp.,PL3_2025_DongThap_old,4. PL3 - danh muc cong .pdf,GATE_MASTER_2026-10-02,False
PL3-2672,Cống tròn Ông Lâm (giáp Đồn Điền),,,,,UNKNOWN,False,Giữ trống tọa độ để tránh tạo điểm giả; cần GIS kỹ thuật/khảo sát hoặc nguồn công bố trực tiếp.,PL3_2025_DongThap_old,4. PL3 - danh muc cong .pdf,GATE_MASTER_2026-10-02,False
PL3-2673,Cống ngầm Hai Kề (giáp Ba Cải),,,,,UNKNOWN,False,Giữ trống tọa độ để tránh tạo điểm giả; cần GIS kỹ thuật/khảo sát hoặc nguồn công bố trực tiếp.,PL3_2025_DongThap_old,4. PL3 - danh muc cong .pdf,GATE_MASTER_2026-10-02,False
PL3-2674,Cống ngầm Chín Tao (giáp Rạch Vượt),,,,,UNKNOWN,False,Giữ trống tọa độ để tránh tạo điểm giả; cần GIS kỹ thuật/khảo sát hoặc nguồn công bố trực tiếp.,PL3_2025_DongThap_old,4. PL3 - danh muc cong .pdf,GATE_MASTER_2026-10-02,False
PL3-2675,Cống ngầm Hai Nhát (giáp Tân Bình),,,,,UNKNOWN,False,Giữ trống tọa độ để tránh tạo điểm giả; cần GIS kỹ thuật/khảo sát hoặc nguồn công bố trực tiếp.,PL3_2025_DongThap_old,4. PL3 - danh muc cong .pdf,GATE_MASTER_2026-10-02,False
PL3-2676,Cống ngầm Sân Vận Động (giáp Sân Bóng),,,,,UNKNOWN,False,Giữ trống tọa độ để tránh tạo điểm giả; cần GIS kỹ thuật/khảo sát hoặc nguồn công bố trực tiếp.,PL3_2025_DongThap_old,4. PL3 - danh muc cong .pdf,GATE_MASTER_2026-10-02,False
PL3-2677,Cống M Ông Cả (giáp Đòn Dông),,,,,UNKNOWN,False,Giữ trống tọa độ để tránh tạo điểm giả; cần GIS kỹ thuật/khảo sát hoặc nguồn công bố trực tiếp.,PL3_2025_DongThap_old,4. PL3 - danh muc cong .pdf,GATE_MASTER_2026-10-02,False
PL3-2678,Cống M Bà Lang (giáp Đòn Dông),,,,,UNKNOWN,False,Giữ trống tọa độ để tránh tạo điểm giả; cần GIS kỹ thuật/khảo sát hoặc nguồn công bố trực tiếp.,PL3_2025_DongThap_old,4. PL3 - danh muc cong .pdf,GATE_MASTER_2026-10-02,False
PL3-2679,Cống M Ông Sàng (giáp K Ông Sĩ),,,,,UNKNOWN,False,Giữ trống tọa độ để tránh tạo điểm giả; cần GIS kỹ thuật/khảo sát hoặc nguồn công bố trực tiếp.,PL3_2025_DongThap_old,4. PL3 - danh muc cong .pdf,GATE_MASTER_2026-10-02,False
PL3-2680,Cống M Ông Sàng (giáp K Thủ Sự),,,,,UNKNOWN,False,Giữ trống tọa độ để tránh tạo điểm giả; cần GIS kỹ thuật/khảo sát hoặc nguồn công bố trực tiếp.,PL3_2025_DongThap_old,4. PL3 - danh muc cong .pdf,GATE_MASTER_2026-10-02,False
PL3-2681,Cống M Ông Cưởng (giáp K Bàu Bùn),,,,,UNKNOWN,False,Giữ trống tọa độ để tránh tạo điểm giả; cần GIS kỹ thuật/khảo sát hoặc nguồn công bố trực tiếp.,PL3_2025_DongThap_old,4. PL3 - danh muc cong .pdf,GATE_MASTER_2026-10-02,False
PL3-2682,Cống M Sáu Độ (giáp K Thủ Sự),,,,,UNKNOWN,False,Giữ trống tọa độ để tránh tạo điểm giả; cần GIS kỹ thuật/khảo sát hoặc nguồn công bố trực tiếp.,PL3_2025_DongThap_old,4. PL3 - danh muc cong .pdf,GATE_MASTER_2026-10-02,False
PL3-2683,Cống M Hai Kề (giáp K Ba Cải),,,,,UNKNOWN,False,Giữ trống tọa độ để tránh tạo điểm giả; cần GIS kỹ thuật/khảo sát hoặc nguồn công bố trực tiếp.,PL3_2025_DongThap_old,4. PL3 - danh muc cong .pdf,GATE_MASTER_2026-10-02,False
PL3-2684,Cống M Tám Nghĩa (giáp R Xẻo Đào),,,,,UNKNOWN,False,Giữ trống tọa độ để tránh tạo điểm giả; cần GIS kỹ thuật/khảo sát hoặc nguồn công bố trực tiếp.,PL3_2025_DongThap_old,4. PL3 - danh muc cong .pdf,GATE_MASTER_2026-10-02,False
PL3-2685,Cống M Chín Triều (giáp R Sâu),,,,,UNKNOWN,False,Giữ trống tọa độ để tránh tạo điểm giả; cần GIS kỹ thuật/khảo sát hoặc nguồn công bố trực tiếp.,PL3_2025_DongThap_old,4. PL3 - danh muc cong .pdf,GATE_MASTER_2026-10-02,False
PL3-2686,Cống M Năm Gần (giáp R Sâu),,,,,UNKNOWN,False,Giữ trống tọa độ để tránh tạo điểm giả; cần GIS kỹ thuật/khảo sát hoặc nguồn công bố trực tiếp.,PL3_2025_DongThap_old,4. PL3 - danh muc cong .pdf,GATE_MASTER_2026-10-02,False
PL3-2687,Cống M Năm Mềm (giáp R Sâu),,,,,UNKNOWN,False,Giữ trống tọa độ để tránh tạo điểm giả; cần GIS kỹ thuật/khảo sát hoặc nguồn công bố trực tiếp.,PL3_2025_DongThap_old,4. PL3 - danh muc cong .pdf,GATE_MASTER_2026-10-02,False
PL3-2688,Cống M Bà La (giáp R Ngã Cũ),,,,,UNKNOWN,False,Giữ trống tọa độ để tránh tạo điểm giả; cần GIS kỹ thuật/khảo sát hoặc nguồn công bố trực tiếp.,PL3_2025_DongThap_old,4. PL3 - danh muc cong .pdf,GATE_MASTER_2026-10-02,False
PL3-2689,Cống M 10 Đàn (giáp R Ngã Cạy),,,,,UNKNOWN,False,Giữ trống tọa độ để tránh tạo điểm giả; cần GIS kỹ thuật/khảo sát hoặc nguồn công bố trực tiếp.,PL3_2025_DongThap_old,4. PL3 - danh muc cong .pdf,GATE_MASTER_2026-10-02,False
PL3-2690,Cống M Ông Mai (giáp R Ngã Cạy),,,,,UNKNOWN,False,Giữ trống tọa độ để tránh tạo điểm giả; cần GIS kỹ thuật/khảo sát hoặc nguồn công bố trực tiếp.,PL3_2025_DongThap_old,4. PL3 - danh muc cong .pdf,GATE_MASTER_2026-10-02,False
PL3-2691,Cống ngầm số 8,,,,,UNKNOWN,False,Giữ trống tọa độ để tránh tạo điểm giả; cần GIS kỹ thuật/khảo sát hoặc nguồn công bố trực tiếp.,PL3_2025_DongThap_old,4. PL3 - danh muc cong .pdf,GATE_MASTER_2026-10-02,False
PL3-2692,Cống ngầm Hai Huấn,,,,,UNKNOWN,False,Giữ trống tọa độ để tránh tạo điểm giả; cần GIS kỹ thuật/khảo sát hoặc nguồn công bố trực tiếp.,PL3_2025_DongThap_old,4. PL3 - danh muc cong .pdf,GATE_MASTER_2026-10-02,False
PL3-2693,Cống ngầm Cà Na,,,,,UNKNOWN,False,Giữ trống tọa độ để tránh tạo điểm giả; cần GIS kỹ thuật/khảo sát hoặc nguồn công bố trực tiếp.,PL3_2025_DongThap_old,4. PL3 - danh muc cong .pdf,GATE_MASTER_2026-10-02,False
PL3-2694,Cống ngầm Mương Tư Thẹo,,,,,UNKNOWN,False,Giữ trống tọa độ để tránh tạo điểm giả; cần GIS kỹ thuật/khảo sát hoặc nguồn công bố trực tiếp.,PL3_2025_DongThap_old,4. PL3 - danh muc cong .pdf,GATE_MASTER_2026-10-02,False
PL3-2695,Cống ngầm Mương Vàm Kè,,,,,UNKNOWN,False,Giữ trống tọa độ để tránh tạo điểm giả; cần GIS kỹ thuật/khảo sát hoặc nguồn công bố trực tiếp.,PL3_2025_DongThap_old,4. PL3 - danh muc cong .pdf,GATE_MASTER_2026-10-02,False
PL3-2696,Cống ngầm Mương Sáu Đức,,,,,UNKNOWN,False,Giữ trống tọa độ để tránh tạo điểm giả; cần GIS kỹ thuật/khảo sát hoặc nguồn công bố trực tiếp.,PL3_2025_DongThap_old,4. PL3 - danh muc cong .pdf,GATE_MASTER_2026-10-02,False
PL3-2697,Cống ngầm Mương Nguồn,,,,,UNKNOWN,False,Giữ trống tọa độ để tránh tạo điểm giả; cần GIS kỹ thuật/khảo sát hoặc nguồn công bố trực tiếp.,PL3_2025_DongThap_old,4. PL3 - danh muc cong .pdf,GATE_MASTER_2026-10-02,False
PL3-2698,Cống ngầm Ba Trung,,,,,UNKNOWN,False,Giữ trống tọa độ để tránh tạo điểm giả; cần GIS kỹ thuật/khảo sát hoặc nguồn công bố trực tiếp.,PL3_2025_DongThap_old,4. PL3 - danh muc cong .pdf,GATE_MASTER_2026-10-02,False
PL3-2699,Cống ngầm Tư Trưởng,,,,,UNKNOWN,False,Giữ trống tọa độ để tránh tạo điểm giả; cần GIS kỹ thuật/khảo sát hoặc nguồn công bố trực tiếp.,PL3_2025_DongThap_old,4. PL3 - danh muc cong .pdf,GATE_MASTER_2026-10-02,False
PL3-2700,Cống ngầm Mương Năm Cư,,,,,UNKNOWN,False,Giữ trống tọa độ để tránh tạo điểm giả; cần GIS kỹ thuật/khảo sát hoặc nguồn công bố trực tiếp.,PL3_2025_DongThap_old,4. PL3 - danh muc cong .pdf,GATE_MASTER_2026-10-02,False
PL3-2701,Cống ngầm kênh Mười Trước,,,,,UNKNOWN,False,Giữ trống tọa độ để tránh tạo điểm giả; cần GIS kỹ thuật/khảo sát hoặc nguồn công bố trực tiếp.,PL3_2025_DongThap_old,4. PL3 - danh muc cong .pdf,GATE_MASTER_2026-10-02,False
PL3-2702,Cống ngầm Mương Phú,,,,,UNKNOWN,False,Giữ trống tọa độ để tránh tạo điểm giả; cần GIS kỹ thuật/khảo sát hoặc nguồn công bố trực tiếp.,PL3_2025_DongThap_old,4. PL3 - danh muc cong .pdf,GATE_MASTER_2026-10-02,False
PL3-2703,Cống ngầm Cai Quản,,,,,UNKNOWN,False,Giữ trống tọa độ để tránh tạo điểm giả; cần GIS kỹ thuật/khảo sát hoặc nguồn công bố trực tiếp.,PL3_2025_DongThap_old,4. PL3 - danh muc cong .pdf,GATE_MASTER_2026-10-02,False
PL3-2704,Cống ngầm kênh Sườn 7 Thô,,,,,UNKNOWN,False,Giữ trống tọa độ để tránh tạo điểm giả; cần GIS kỹ thuật/khảo sát hoặc nguồn công bố trực tiếp.,PL3_2025_DongThap_old,4. PL3 - danh muc cong .pdf,GATE_MASTER_2026-10-02,False
PL3-2705,Cống ngầm kênh Sườn 3 Giáo T,,,,,UNKNOWN,False,Giữ trống tọa độ để tránh tạo điểm giả; cần GIS kỹ thuật/khảo sát hoặc nguồn công bố trực tiếp.,PL3_2025_DongThap_old,4. PL3 - danh muc cong .pdf,GATE_MASTER_2026-10-02,False
PL3-2706,Cống ngầm Mười Triệu,,,,,UNKNOWN,False,Giữ trống tọa độ để tránh tạo điểm giả; cần GIS kỹ thuật/khảo sát hoặc nguồn công bố trực tiếp.,PL3_2025_DongThap_old,4. PL3 - danh muc cong .pdf,GATE_MASTER_2026-10-02,False
PL3-2707,Cống ngầm kênh Sáu Thoi,,,,,UNKNOWN,False,Giữ trống tọa độ để tránh tạo điểm giả; cần GIS kỹ thuật/khảo sát hoặc nguồn công bố trực tiếp.,PL3_2025_DongThap_old,4. PL3 - danh muc cong .pdf,GATE_MASTER_2026-10-02,False
PL3-2708,Cống ngầm kênh Chín Thèo Lèo,,,,,UNKNOWN,False,Giữ trống tọa độ để tránh tạo điểm giả; cần GIS kỹ thuật/khảo sát hoặc nguồn công bố trực tiếp.,PL3_2025_DongThap_old,4. PL3 - danh muc cong .pdf,GATE_MASTER_2026-10-02,False
PL3-2709,Cống ngầm Ba Bé,,,,,UNKNOWN,False,Giữ trống tọa độ để tránh tạo điểm giả; cần GIS kỹ thuật/khảo sát hoặc nguồn công bố trực tiếp.,PL3_2025_DongThap_old,4. PL3 - danh muc cong .pdf,GATE_MASTER_2026-10-02,False
PL3-2710,Cống ngầm Út Chiến,,,,,UNKNOWN,False,Giữ trống tọa độ để tránh tạo điểm giả; cần GIS kỹ thuật/khảo sát hoặc nguồn công bố trực tiếp.,PL3_2025_DongThap_old,4. PL3 - danh muc cong .pdf,GATE_MASTER_2026-10-02,False
PL3-2711,Cống ngầm 30/4,,,,,UNKNOWN,False,Giữ trống tọa độ để tránh tạo điểm giả; cần GIS kỹ thuật/khảo sát hoặc nguồn công bố trực tiếp.,PL3_2025_DongThap_old,4. PL3 - danh muc cong .pdf,GATE_MASTER_2026-10-02,False
PL3-2712,Cống ngầm Mương Miễu,,,,,UNKNOWN,False,Giữ trống tọa độ để tránh tạo điểm giả; cần GIS kỹ thuật/khảo sát hoặc nguồn công bố trực tiếp.,PL3_2025_DongThap_old,4. PL3 - danh muc cong .pdf,GATE_MASTER_2026-10-02,False
PL3-2713,Cống ngầm Rạch Lấp,,,,,UNKNOWN,False,Giữ trống tọa độ để tránh tạo điểm giả; cần GIS kỹ thuật/khảo sát hoặc nguồn công bố trực tiếp.,PL3_2025_DongThap_old,4. PL3 - danh muc cong .pdf,GATE_MASTER_2026-10-02,False
PL3-2714,Cống ngầm Thanh Bình Mương,,,,,UNKNOWN,False,Giữ trống tọa độ để tránh tạo điểm giả; cần GIS kỹ thuật/khảo sát hoặc nguồn công bố trực tiếp.,PL3_2025_DongThap_old,4. PL3 - danh muc cong .pdf,GATE_MASTER_2026-10-02,False
PL3-2715,Cống ngầm Thanh Bình Hùng C,,,,,UNKNOWN,False,Giữ trống tọa độ để tránh tạo điểm giả; cần GIS kỹ thuật/khảo sát hoặc nguồn công bố trực tiếp.,PL3_2025_DongThap_old,4. PL3 - danh muc cong .pdf,GATE_MASTER_2026-10-02,False
PL3-2716,Cống ngầm Mương Bà Phước,,,,,UNKNOWN,False,Giữ trống tọa độ để tránh tạo điểm giả; cần GIS kỹ thuật/khảo sát hoặc nguồn công bố trực tiếp.,PL3_2025_DongThap_old,4. PL3 - danh muc cong .pdf,GATE_MASTER_2026-10-02,False
PL3-2717,Cống ngầm Ông Hành,,,,,UNKNOWN,False,Giữ trống tọa độ để tránh tạo điểm giả; cần GIS kỹ thuật/khảo sát hoặc nguồn công bố trực tiếp.,PL3_2025_DongThap_old,4. PL3 - danh muc cong .pdf,GATE_MASTER_2026-10-02,False
PL3-2718,Cống ngầm Mương Đông,,,,,UNKNOWN,False,Giữ trống tọa độ để tránh tạo điểm giả; cần GIS kỹ thuật/khảo sát hoặc nguồn công bố trực tiếp.,PL3_2025_DongThap_old,4. PL3 - danh muc cong .pdf,GATE_MASTER_2026-10-02,False
PL3-2719,Cống ngầm kênh Cà Na,,,,,UNKNOWN,False,Giữ trống tọa độ để tránh tạo điểm giả; cần GIS kỹ thuật/khảo sát hoặc nguồn công bố trực tiếp.,PL3_2025_DongThap_old,4. PL3 - danh muc cong .pdf,GATE_MASTER_2026-10-02,False
PL3-2720,Cống ngầm Bảy Dền,,,,,UNKNOWN,False,Giữ trống tọa độ để tránh tạo điểm giả; cần GIS kỹ thuật/khảo sát hoặc nguồn công bố trực tiếp.,PL3_2025_DongThap_old,4. PL3 - danh muc cong .pdf,GATE_MASTER_2026-10-02,False
PL3-2721,Cống ngầm Ông Mừng,,,,,UNKNOWN,False,Giữ trống tọa độ để tránh tạo điểm giả; cần GIS kỹ thuật/khảo sát hoặc nguồn công bố trực tiếp.,PL3_2025_DongThap_old,4. PL3 - danh muc cong .pdf,GATE_MASTER_2026-10-02,False
PL3-2722,Cống ngầm Sáu Luốc,,,,,UNKNOWN,False,Giữ trống tọa độ để tránh tạo điểm giả; cần GIS kỹ thuật/khảo sát hoặc nguồn công bố trực tiếp.,PL3_2025_DongThap_old,4. PL3 - danh muc cong .pdf,GATE_MASTER_2026-10-02,False
PL3-2723,Cống ngầm k. Sườn 8 Giúp,,,,,UNKNOWN,False,Giữ trống tọa độ để tránh tạo điểm giả; cần GIS kỹ thuật/khảo sát hoặc nguồn công bố trực tiếp.,PL3_2025_DongThap_old,4. PL3 - danh muc cong .pdf,GATE_MASTER_2026-10-02,False
PL3-2724,Cống ngầm kênh 9 Nhẫn,,,,,UNKNOWN,False,Giữ trống tọa độ để tránh tạo điểm giả; cần GIS kỹ thuật/khảo sát hoặc nguồn công bố trực tiếp.,PL3_2025_DongThap_old,4. PL3 - danh muc cong .pdf,GATE_MASTER_2026-10-02,False
PL3-2725,Cống ngầm kênh Chòm Dừa,,,,,UNKNOWN,False,Giữ trống tọa độ để tránh tạo điểm giả; cần GIS kỹ thuật/khảo sát hoặc nguồn công bố trực tiếp.,PL3_2025_DongThap_old,4. PL3 - danh muc cong .pdf,GATE_MASTER_2026-10-02,False
PL3-2726,Cống ngầm kênh Dũng Sĩ,,,,,UNKNOWN,False,Giữ trống tọa độ để tránh tạo điểm giả; cần GIS kỹ thuật/khảo sát hoặc nguồn công bố trực tiếp.,PL3_2025_DongThap_old,4. PL3 - danh muc cong .pdf,GATE_MASTER_2026-10-02,False
PL3-2727,Cống ngầm kênh Sân Lúa,,,,,UNKNOWN,False,Giữ trống tọa độ để tránh tạo điểm giả; cần GIS kỹ thuật/khảo sát hoặc nguồn công bố trực tiếp.,PL3_2025_DongThap_old,4. PL3 - danh muc cong .pdf,GATE_MASTER_2026-10-02,False
PL3-2728,Cống ngầm kênh 1/6,,,,,UNKNOWN,False,Giữ trống tọa độ để tránh tạo điểm giả; cần GIS kỹ thuật/khảo sát hoặc nguồn công bố trực tiếp.,PL3_2025_DongThap_old,4. PL3 - danh muc cong .pdf,GATE_MASTER_2026-10-02,False
PL3-2729,Cống ngầm kênh TĐ7,,,,,UNKNOWN,False,Giữ trống tọa độ để tránh tạo điểm giả; cần GIS kỹ thuật/khảo sát hoặc nguồn công bố trực tiếp.,PL3_2025_DongThap_old,4. PL3 - danh muc cong .pdf,GATE_MASTER_2026-10-02,False
PL3-2730,Cống ngầm kênh 26/3,,,,,UNKNOWN,False,Giữ trống tọa độ để tránh tạo điểm giả; cần GIS kỹ thuật/khảo sát hoặc nguồn công bố trực tiếp.,PL3_2025_DongThap_old,4. PL3 - danh muc cong .pdf,GATE_MASTER_2026-10-02,False
PL3-2731,Cống ngầm Mương Công Điền,,,,,UNKNOWN,False,Giữ trống tọa độ để tránh tạo điểm giả; cần GIS kỹ thuật/khảo sát hoặc nguồn công bố trực tiếp.,PL3_2025_DongThap_old,4. PL3 - danh muc cong .pdf,GATE_MASTER_2026-10-02,False
PL3-2732,Cống hở Út Trà Vinh,,,,,UNKNOWN,False,Giữ trống tọa độ để tránh tạo điểm giả; cần GIS kỹ thuật/khảo sát hoặc nguồn công bố trực tiếp.,PL3_2025_DongThap_old,4. PL3 - danh muc cong .pdf,GATE_MASTER_2026-10-02,False
PL3-2733,Cống hở Tư Thuận,,,,,UNKNOWN,False,Giữ trống tọa độ để tránh tạo điểm giả; cần GIS kỹ thuật/khảo sát hoặc nguồn công bố trực tiếp.,PL3_2025_DongThap_old,4. PL3 - danh muc cong .pdf,GATE_MASTER_2026-10-02,False
PL3-2734,Cống hở Hai Ỏn,,,,,UNKNOWN,False,Giữ trống tọa độ để tránh tạo điểm giả; cần GIS kỹ thuật/khảo sát hoặc nguồn công bố trực tiếp.,PL3_2025_DongThap_old,4. PL3 - danh muc cong .pdf,GATE_MASTER_2026-10-02,False
PL3-2735,Cống hở Ông Dễ,,,,,UNKNOWN,False,Giữ trống tọa độ để tránh tạo điểm giả; cần GIS kỹ thuật/khảo sát hoặc nguồn công bố trực tiếp.,PL3_2025_DongThap_old,4. PL3 - danh muc cong .pdf,GATE_MASTER_2026-10-02,False
PL3-2736,Cống hở Hai Miên,,,,,UNKNOWN,False,Giữ trống tọa độ để tránh tạo điểm giả; cần GIS kỹ thuật/khảo sát hoặc nguồn công bố trực tiếp.,PL3_2025_DongThap_old,4. PL3 - danh muc cong .pdf,GATE_MASTER_2026-10-02,False
PL3-2737,Cống hở Vàm Bộ Thẩu,,,,,UNKNOWN,False,Giữ trống tọa độ để tránh tạo điểm giả; cần GIS kỹ thuật/khảo sát hoặc nguồn công bố trực tiếp.,PL3_2025_DongThap_old,4. PL3 - danh muc cong .pdf,GATE_MASTER_2026-10-02,False
PL3-2738,Cống hở Hai Đéc,,,,,UNKNOWN,False,Giữ trống tọa độ để tránh tạo điểm giả; cần GIS kỹ thuật/khảo sát hoặc nguồn công bố trực tiếp.,PL3_2025_DongThap_old,4. PL3 - danh muc cong .pdf,GATE_MASTER_2026-10-02,False
PL3-2739,Cống hở Ông Bót,,,,,UNKNOWN,False,Giữ trống tọa độ để tránh tạo điểm giả; cần GIS kỹ thuật/khảo sát hoặc nguồn công bố trực tiếp.,PL3_2025_DongThap_old,4. PL3 - danh muc cong .pdf,GATE_MASTER_2026-10-02,False
PL3-2740,Cống hở Năm Mét,,,,,UNKNOWN,False,Giữ trống tọa độ để tránh tạo điểm giả; cần GIS kỹ thuật/khảo sát hoặc nguồn công bố trực tiếp.,PL3_2025_DongThap_old,4. PL3 - danh muc cong .pdf,GATE_MASTER_2026-10-02,False
PL3-2741,Cống hở Ba Nghiệp,,,,,UNKNOWN,False,Giữ trống tọa độ để tránh tạo điểm giả; cần GIS kỹ thuật/khảo sát hoặc nguồn công bố trực tiếp.,PL3_2025_DongThap_old,4. PL3 - danh muc cong .pdf,GATE_MASTER_2026-10-02,False
PL3-2742,Cống hở Tư Cứ,,,,,UNKNOWN,False,Giữ trống tọa độ để tránh tạo điểm giả; cần GIS kỹ thuật/khảo sát hoặc nguồn công bố trực tiếp.,PL3_2025_DongThap_old,4. PL3 - danh muc cong .pdf,GATE_MASTER_2026-10-02,False
PL3-2743,Cống hở Cái Bàng,,,,,UNKNOWN,False,Giữ trống tọa độ để tránh tạo điểm giả; cần GIS kỹ thuật/khảo sát hoặc nguồn công bố trực tiếp.,PL3_2025_DongThap_old,4. PL3 - danh muc cong .pdf,GATE_MASTER_2026-10-02,False
PL3-2744,Cống hở Tư Tính,,,,,UNKNOWN,False,Giữ trống tọa độ để tránh tạo điểm giả; cần GIS kỹ thuật/khảo sát hoặc nguồn công bố trực tiếp.,PL3_2025_DongThap_old,4. PL3 - danh muc cong .pdf,GATE_MASTER_2026-10-02,False
PL3-2745,Cống hở Út Nuôi,,,,,UNKNOWN,False,Giữ trống tọa độ để tránh tạo điểm giả; cần GIS kỹ thuật/khảo sát hoặc nguồn công bố trực tiếp.,PL3_2025_DongThap_old,4. PL3 - danh muc cong .pdf,GATE_MASTER_2026-10-02,False
PL3-2746,Cống hở Bờ Tràm,,,,,UNKNOWN,False,Giữ trống tọa độ để tránh tạo điểm giả; cần GIS kỹ thuật/khảo sát hoặc nguồn công bố trực tiếp.,PL3_2025_DongThap_old,4. PL3 - danh muc cong .pdf,GATE_MASTER_2026-10-02,False
PL3-2747,Cống hở Ba Á,,,,,UNKNOWN,False,Giữ trống tọa độ để tránh tạo điểm giả; cần GIS kỹ thuật/khảo sát hoặc nguồn công bố trực tiếp.,PL3_2025_DongThap_old,4. PL3 - danh muc cong .pdf,GATE_MASTER_2026-10-02,False
PL3-2748,Cống hở Ông Thơi,,,,,UNKNOWN,False,Giữ trống tọa độ để tránh tạo điểm giả; cần GIS kỹ thuật/khảo sát hoặc nguồn công bố trực tiếp.,PL3_2025_DongThap_old,4. PL3 - danh muc cong .pdf,GATE_MASTER_2026-10-02,False
PL3-2749,Cống hở Ông Mười,,,,,UNKNOWN,False,Giữ trống tọa độ để tránh tạo điểm giả; cần GIS kỹ thuật/khảo sát hoặc nguồn công bố trực tiếp.,PL3_2025_DongThap_old,4. PL3 - danh muc cong .pdf,GATE_MASTER_2026-10-02,False
PL3-2750,Cống hở Bào Đại,,,,,UNKNOWN,False,Giữ trống tọa độ để tránh tạo điểm giả; cần GIS kỹ thuật/khảo sát hoặc nguồn công bố trực tiếp.,PL3_2025_DongThap_old,4. PL3 - danh muc cong .pdf,GATE_MASTER_2026-10-02,False
PL3-2751,Cống hở Ông Dũng,,,,,UNKNOWN,False,Giữ trống tọa độ để tránh tạo điểm giả; cần GIS kỹ thuật/khảo sát hoặc nguồn công bố trực tiếp.,PL3_2025_DongThap_old,4. PL3 - danh muc cong .pdf,GATE_MASTER_2026-10-02,False
PL3-2752,Cống hở Bà Hẹ,,,,,UNKNOWN,False,Giữ trống tọa độ để tránh tạo điểm giả; cần GIS kỹ thuật/khảo sát hoặc nguồn công bố trực tiếp.,PL3_2025_DongThap_old,4. PL3 - danh muc cong .pdf,GATE_MASTER_2026-10-02,False
PL3-2753,Cống hở Lung Lớn,,,,,UNKNOWN,False,Giữ trống tọa độ để tránh tạo điểm giả; cần GIS kỹ thuật/khảo sát hoặc nguồn công bố trực tiếp.,PL3_2025_DongThap_old,4. PL3 - danh muc cong .pdf,GATE_MASTER_2026-10-02,False
PL3-2754,Cống hở Ba Kiềm,,,,,UNKNOWN,False,Giữ trống tọa độ để tránh tạo điểm giả; cần GIS kỹ thuật/khảo sát hoặc nguồn công bố trực tiếp.,PL3_2025_DongThap_old,4. PL3 - danh muc cong .pdf,GATE_MASTER_2026-10-02,False
PL3-2755,Cống hở Ba Đơn Mương Dông,,,,,UNKNOWN,False,Giữ trống tọa độ để tránh tạo điểm giả; cần GIS kỹ thuật/khảo sát hoặc nguồn công bố trực tiếp.,PL3_2025_DongThap_old,4. PL3 - danh muc cong .pdf,GATE_MASTER_2026-10-02,False
PL3-2756,Cống hở Bằng Lăng 4.2,,,,,UNKNOWN,False,Giữ trống tọa độ để tránh tạo điểm giả; cần GIS kỹ thuật/khảo sát hoặc nguồn công bố trực tiếp.,PL3_2025_DongThap_old,4. PL3 - danh muc cong .pdf,GATE_MASTER_2026-10-02,False
PL3-2757,Cống hở Út Rôn,,,,,UNKNOWN,False,Giữ trống tọa độ để tránh tạo điểm giả; cần GIS kỹ thuật/khảo sát hoặc nguồn công bố trực tiếp.,PL3_2025_DongThap_old,4. PL3 - danh muc cong .pdf,GATE_MASTER_2026-10-02,False
PL3-2758,Cống hở Cây Tràm,,,,,UNKNOWN,False,Giữ trống tọa độ để tránh tạo điểm giả; cần GIS kỹ thuật/khảo sát hoặc nguồn công bố trực tiếp.,PL3_2025_DongThap_old,4. PL3 - danh muc cong .pdf,GATE_MASTER_2026-10-02,False
PL3-2759,Cống hở Tư Khá,,,,,UNKNOWN,False,Giữ trống tọa độ để tránh tạo điểm giả; cần GIS kỹ thuật/khảo sát hoặc nguồn công bố trực tiếp.,PL3_2025_DongThap_old,4. PL3 - danh muc cong .pdf,GATE_MASTER_2026-10-02,False
PL3-2760,Cống hở Ông Cui,,,,,UNKNOWN,False,Giữ trống tọa độ để tránh tạo điểm giả; cần GIS kỹ thuật/khảo sát hoặc nguồn công bố trực tiếp.,PL3_2025_DongThap_old,4. PL3 - danh muc cong .pdf,GATE_MASTER_2026-10-02,False
PL3-2761,Cống hở Ông Trâm,,,,,UNKNOWN,False,Giữ trống tọa độ để tránh tạo điểm giả; cần GIS kỹ thuật/khảo sát hoặc nguồn công bố trực tiếp.,PL3_2025_DongThap_old,4. PL3 - danh muc cong .pdf,GATE_MASTER_2026-10-02,False
PL3-2762,Cống hở Tám Thái,,,,,UNKNOWN,False,Giữ trống tọa độ để tránh tạo điểm giả; cần GIS kỹ thuật/khảo sát hoặc nguồn công bố trực tiếp.,PL3_2025_DongThap_old,4. PL3 - danh muc cong .pdf,GATE_MASTER_2026-10-02,False
PL3-2763,Cống hở Hai Dương,,,,,UNKNOWN,False,Giữ trống tọa độ để tránh tạo điểm giả; cần GIS kỹ thuật/khảo sát hoặc nguồn công bố trực tiếp.,PL3_2025_DongThap_old,4. PL3 - danh muc cong .pdf,GATE_MASTER_2026-10-02,False
PL3-2764,Cống hở Bờ Gáo,,,,,UNKNOWN,False,Giữ trống tọa độ để tránh tạo điểm giả; cần GIS kỹ thuật/khảo sát hoặc nguồn công bố trực tiếp.,PL3_2025_DongThap_old,4. PL3 - danh muc cong .pdf,GATE_MASTER_2026-10-02,False
PL3-2765,Cống hở Ba Cải Năm Thước,,,,,UNKNOWN,False,Giữ trống tọa độ để tránh tạo điểm giả; cần GIS kỹ thuật/khảo sát hoặc nguồn công bố trực tiếp.,PL3_2025_DongThap_old,4. PL3 - danh muc cong .pdf,GATE_MASTER_2026-10-02,False
PL3-2766,Cống hở Hai Vùng,,,,,UNKNOWN,False,Giữ trống tọa độ để tránh tạo điểm giả; cần GIS kỹ thuật/khảo sát hoặc nguồn công bố trực tiếp.,PL3_2025_DongThap_old,4. PL3 - danh muc cong .pdf,GATE_MASTER_2026-10-02,False
PL3-2767,Cống hở Hai Thái,,,,,UNKNOWN,False,Giữ trống tọa độ để tránh tạo điểm giả; cần GIS kỹ thuật/khảo sát hoặc nguồn công bố trực tiếp.,PL3_2025_DongThap_old,4. PL3 - danh muc cong .pdf,GATE_MASTER_2026-10-02,False
PL3-2768,Cống hở Ba Cựa,,,,,UNKNOWN,False,Giữ trống tọa độ để tránh tạo điểm giả; cần GIS kỹ thuật/khảo sát hoặc nguồn công bố trực tiếp.,PL3_2025_DongThap_old,4. PL3 - danh muc cong .pdf,GATE_MASTER_2026-10-02,False
PL3-2769,Cống hở Ba Vườn,,,,,UNKNOWN,False,Giữ trống tọa độ để tránh tạo điểm giả; cần GIS kỹ thuật/khảo sát hoặc nguồn công bố trực tiếp.,PL3_2025_DongThap_old,4. PL3 - danh muc cong .pdf,GATE_MASTER_2026-10-02,False
PL3-2770,Cống hở Ba Giang,,,,,UNKNOWN,False,Giữ trống tọa độ để tránh tạo điểm giả; cần GIS kỹ thuật/khảo sát hoặc nguồn công bố trực tiếp.,PL3_2025_DongThap_old,4. PL3 - danh muc cong .pdf,GATE_MASTER_2026-10-02,False
PL3-2771,Cống hở Ông Bảnh,,,,,UNKNOWN,False,Giữ trống tọa độ để tránh tạo điểm giả; cần GIS kỹ thuật/khảo sát hoặc nguồn công bố trực tiếp.,PL3_2025_DongThap_old,4. PL3 - danh muc cong .pdf,GATE_MASTER_2026-10-02,False
PL3-2772,Cống hở Cây Gòn,,,,,UNKNOWN,False,Giữ trống tọa độ để tránh tạo điểm giả; cần GIS kỹ thuật/khảo sát hoặc nguồn công bố trực tiếp.,PL3_2025_DongThap_old,4. PL3 - danh muc cong .pdf,GATE_MASTER_2026-10-02,False
PL3-2773,Cống Năm Cò,,,,,UNKNOWN,False,Giữ trống tọa độ để tránh tạo điểm giả; cần GIS kỹ thuật/khảo sát hoặc nguồn công bố trực tiếp.,PL3_2025_DongThap_old,4. PL3 - danh muc cong .pdf,GATE_MASTER_2026-10-02,False
PL3-2774,Cống hờ Mương Lầu,,,,,UNKNOWN,False,Giữ trống tọa độ để tránh tạo điểm giả; cần GIS kỹ thuật/khảo sát hoặc nguồn công bố trực tiếp.,PL3_2025_DongThap_old,4. PL3 - danh muc cong .pdf,GATE_MASTER_2026-10-02,False
PL3-2775,Cống hở Tư Ngầu,,,,,UNKNOWN,False,Giữ trống tọa độ để tránh tạo điểm giả; cần GIS kỹ thuật/khảo sát hoặc nguồn công bố trực tiếp.,PL3_2025_DongThap_old,4. PL3 - danh muc cong .pdf,GATE_MASTER_2026-10-02,False
PL3-2776,Cống hở Tư Tăng 1.,,,,,UNKNOWN,False,Giữ trống tọa độ để tránh tạo điểm giả; cần GIS kỹ thuật/khảo sát hoặc nguồn công bố trực tiếp.,PL3_2025_DongThap_old,4. PL3 - danh muc cong .pdf,GATE_MASTER_2026-10-02,False
PL3-2777,Cống hở Tư Tăng 2.,,,,,UNKNOWN,False,Giữ trống tọa độ để tránh tạo điểm giả; cần GIS kỹ thuật/khảo sát hoặc nguồn công bố trực tiếp.,PL3_2025_DongThap_old,4. PL3 - danh muc cong .pdf,GATE_MASTER_2026-10-02,False
PL3-2778,Cống hở Rạch Xộp.,,,,,UNKNOWN,False,Giữ trống tọa độ để tránh tạo điểm giả; cần GIS kỹ thuật/khảo sát hoặc nguồn công bố trực tiếp.,PL3_2025_DongThap_old,4. PL3 - danh muc cong .pdf,GATE_MASTER_2026-10-02,False
PL3-2779,Cống hở Út Chơn.,,,,,UNKNOWN,False,Giữ trống tọa độ để tránh tạo điểm giả; cần GIS kỹ thuật/khảo sát hoặc nguồn công bố trực tiếp.,PL3_2025_DongThap_old,4. PL3 - danh muc cong .pdf,GATE_MASTER_2026-10-02,False
PL3-2780,Cống hở Tây Bính Tý.,,,,,UNKNOWN,False,Giữ trống tọa độ để tránh tạo điểm giả; cần GIS kỹ thuật/khảo sát hoặc nguồn công bố trực tiếp.,PL3_2025_DongThap_old,4. PL3 - danh muc cong .pdf,GATE_MASTER_2026-10-02,False
PL3-2781,Cống hở Ba Trân.,,,,,UNKNOWN,False,Giữ trống tọa độ để tránh tạo điểm giả; cần GIS kỹ thuật/khảo sát hoặc nguồn công bố trực tiếp.,PL3_2025_DongThap_old,4. PL3 - danh muc cong .pdf,GATE_MASTER_2026-10-02,False
PL3-2782,Cống hở Bồ Đề,,,,,UNKNOWN,False,Giữ trống tọa độ để tránh tạo điểm giả; cần GIS kỹ thuật/khảo sát hoặc nguồn công bố trực tiếp.,PL3_2025_DongThap_old,4. PL3 - danh muc cong .pdf,GATE_MASTER_2026-10-02,False
PL3-2783,Cống hở Ranh Trên,,,,,UNKNOWN,False,Giữ trống tọa độ để tránh tạo điểm giả; cần GIS kỹ thuật/khảo sát hoặc nguồn công bố trực tiếp.,PL3_2025_DongThap_old,4. PL3 - danh muc cong .pdf,GATE_MASTER_2026-10-02,False
PL3-2784,Cống hở Chín Dũng,,,,,UNKNOWN,False,Giữ trống tọa độ để tránh tạo điểm giả; cần GIS kỹ thuật/khảo sát hoặc nguồn công bố trực tiếp.,PL3_2025_DongThap_old,4. PL3 - danh muc cong .pdf,GATE_MASTER_2026-10-02,False
PL3-2785,Cống hở Bà Phụng,,,,,UNKNOWN,False,Giữ trống tọa độ để tránh tạo điểm giả; cần GIS kỹ thuật/khảo sát hoặc nguồn công bố trực tiếp.,PL3_2025_DongThap_old,4. PL3 - danh muc cong .pdf,GATE_MASTER_2026-10-02,False
PL3-2786,Cống hở Bảy Lực,,,,,UNKNOWN,False,Giữ trống tọa độ để tránh tạo điểm giả; cần GIS kỹ thuật/khảo sát hoặc nguồn công bố trực tiếp.,PL3_2025_DongThap_old,4. PL3 - danh muc cong .pdf,GATE_MASTER_2026-10-02,False
PL3-2787,Cống hở Rạch Miễu,,,,,UNKNOWN,False,Giữ trống tọa độ để tránh tạo điểm giả; cần GIS kỹ thuật/khảo sát hoặc nguồn công bố trực tiếp.,PL3_2025_DongThap_old,4. PL3 - danh muc cong .pdf,GATE_MASTER_2026-10-02,False
PL3-2788,Cống hở Mương Dừng,,,,,UNKNOWN,False,Giữ trống tọa độ để tránh tạo điểm giả; cần GIS kỹ thuật/khảo sát hoặc nguồn công bố trực tiếp.,PL3_2025_DongThap_old,4. PL3 - danh muc cong .pdf,GATE_MASTER_2026-10-02,False
PL3-2789,Cống hở Tư Cầu,,,,,UNKNOWN,False,Giữ trống tọa độ để tránh tạo điểm giả; cần GIS kỹ thuật/khảo sát hoặc nguồn công bố trực tiếp.,PL3_2025_DongThap_old,4. PL3 - danh muc cong .pdf,GATE_MASTER_2026-10-02,False
PL3-2790,Cống hở Mương Khai,,,,,UNKNOWN,False,Giữ trống tọa độ để tránh tạo điểm giả; cần GIS kỹ thuật/khảo sát hoặc nguồn công bố trực tiếp.,PL3_2025_DongThap_old,4. PL3 - danh muc cong .pdf,GATE_MASTER_2026-10-02,False
PL3-2791,Cống hở Ba Đình Tạ,,,,,UNKNOWN,False,Giữ trống tọa độ để tránh tạo điểm giả; cần GIS kỹ thuật/khảo sát hoặc nguồn công bố trực tiếp.,PL3_2025_DongThap_old,4. PL3 - danh muc cong .pdf,GATE_MASTER_2026-10-02,False
PL3-2792,Cống hở Ông Cha,,,,,UNKNOWN,False,Giữ trống tọa độ để tránh tạo điểm giả; cần GIS kỹ thuật/khảo sát hoặc nguồn công bố trực tiếp.,PL3_2025_DongThap_old,4. PL3 - danh muc cong .pdf,GATE_MASTER_2026-10-02,False
PL3-2793,Cống hở Rạch Bần Trên,,,,,UNKNOWN,False,Giữ trống tọa độ để tránh tạo điểm giả; cần GIS kỹ thuật/khảo sát hoặc nguồn công bố trực tiếp.,PL3_2025_DongThap_old,4. PL3 - danh muc cong .pdf,GATE_MASTER_2026-10-02,False
PL3-2794,Cống hở Mương Khai Kênh 27/7,,,,,UNKNOWN,False,Giữ trống tọa độ để tránh tạo điểm giả; cần GIS kỹ thuật/khảo sát hoặc nguồn công bố trực tiếp.,PL3_2025_DongThap_old,4. PL3 - danh muc cong .pdf,GATE_MASTER_2026-10-02,False
PL3-2795,Cống hở Hai Na,,,,,UNKNOWN,False,Giữ trống tọa độ để tránh tạo điểm giả; cần GIS kỹ thuật/khảo sát hoặc nguồn công bố trực tiếp.,PL3_2025_DongThap_old,4. PL3 - danh muc cong .pdf,GATE_MASTER_2026-10-02,False
PL3-2796,Cống hở Tư Tòng,,,,,UNKNOWN,False,Giữ trống tọa độ để tránh tạo điểm giả; cần GIS kỹ thuật/khảo sát hoặc nguồn công bố trực tiếp.,PL3_2025_DongThap_old,4. PL3 - danh muc cong .pdf,GATE_MASTER_2026-10-02,False
PL3-2797,Cống hở Ngánh Cả Cao,,,,,UNKNOWN,False,Giữ trống tọa độ để tránh tạo điểm giả; cần GIS kỹ thuật/khảo sát hoặc nguồn công bố trực tiếp.,PL3_2025_DongThap_old,4. PL3 - danh muc cong .pdf,GATE_MASTER_2026-10-02,False
PL3-2798,Cống hở Sáu Lộc,,,,,UNKNOWN,False,Giữ trống tọa độ để tránh tạo điểm giả; cần GIS kỹ thuật/khảo sát hoặc nguồn công bố trực tiếp.,PL3_2025_DongThap_old,4. PL3 - danh muc cong .pdf,GATE_MASTER_2026-10-02,False
PL3-2799,Cống hở Sáu Bảo,,,,,UNKNOWN,False,Giữ trống tọa độ để tránh tạo điểm giả; cần GIS kỹ thuật/khảo sát hoặc nguồn công bố trực tiếp.,PL3_2025_DongThap_old,4. PL3 - danh muc cong .pdf,GATE_MASTER_2026-10-02,False
PL3-2800,Duy tu sửa chữa Cống hở Năm Khởi,,,,,UNKNOWN,False,Giữ trống tọa độ để tránh tạo điểm giả; cần GIS kỹ thuật/khảo sát hoặc nguồn công bố trực tiếp.,PL3_2025_DongThap_old,4. PL3 - danh muc cong .pdf,GATE_MASTER_2026-10-02,False
PL3-2801,Duy tu sửa chữa Cống hở Diện Hổ,,,,,UNKNOWN,False,Giữ trống tọa độ để tránh tạo điểm giả; cần GIS kỹ thuật/khảo sát hoặc nguồn công bố trực tiếp.,PL3_2025_DongThap_old,4. PL3 - danh muc cong .pdf,GATE_MASTER_2026-10-02,False
PL3-2802,Duy tu sửa chữa Cống hở Phán Cân,,,,,UNKNOWN,False,Giữ trống tọa độ để tránh tạo điểm giả; cần GIS kỹ thuật/khảo sát hoặc nguồn công bố trực tiếp.,PL3_2025_DongThap_old,4. PL3 - danh muc cong .pdf,GATE_MASTER_2026-10-02,False
PL3-2803,Duy tu sửa chữa Cống hở Năm Đáng,,,,,UNKNOWN,False,Giữ trống tọa độ để tránh tạo điểm giả; cần GIS kỹ thuật/khảo sát hoặc nguồn công bố trực tiếp.,PL3_2025_DongThap_old,4. PL3 - danh muc cong .pdf,GATE_MASTER_2026-10-02,False
PL3-2804,Duy tu sửa chữa cống hở Mương Tre,,,,,UNKNOWN,False,Giữ trống tọa độ để tránh tạo điểm giả; cần GIS kỹ thuật/khảo sát hoặc nguồn công bố trực tiếp.,PL3_2025_DongThap_old,4. PL3 - danh muc cong .pdf,GATE_MASTER_2026-10-02,False
PL3-2805,Duy tu sửa chữa cống hở Bà Bóng,,,,,UNKNOWN,False,Giữ trống tọa độ để tránh tạo điểm giả; cần GIS kỹ thuật/khảo sát hoặc nguồn công bố trực tiếp.,PL3_2025_DongThap_old,4. PL3 - danh muc cong .pdf,GATE_MASTER_2026-10-02,False
PL3-2806,Duy tu sửa chữa cống hở Năm Chiếm,,,,,UNKNOWN,False,Giữ trống tọa độ để tránh tạo điểm giả; cần GIS kỹ thuật/khảo sát hoặc nguồn công bố trực tiếp.,PL3_2025_DongThap_old,4. PL3 - danh muc cong .pdf,GATE_MASTER_2026-10-02,False
PL3-2807,Duy tu sửa chữa cống hở Tư Cò,,,,,UNKNOWN,False,Giữ trống tọa độ để tránh tạo điểm giả; cần GIS kỹ thuật/khảo sát hoặc nguồn công bố trực tiếp.,PL3_2025_DongThap_old,4. PL3 - danh muc cong .pdf,GATE_MASTER_2026-10-02,False
PL3-2808,Duy tu sửa chữa cống hở Bà Bóng 2,,,,,UNKNOWN,False,Giữ trống tọa độ để tránh tạo điểm giả; cần GIS kỹ thuật/khảo sát hoặc nguồn công bố trực tiếp.,PL3_2025_DongThap_old,4. PL3 - danh muc cong .pdf,GATE_MASTER_2026-10-02,False
PL3-2809,Duy tu sửa chữa cống hở Năm Bò,,,,,UNKNOWN,False,Giữ trống tọa độ để tránh tạo điểm giả; cần GIS kỹ thuật/khảo sát hoặc nguồn công bố trực tiếp.,PL3_2025_DongThap_old,4. PL3 - danh muc cong .pdf,GATE_MASTER_2026-10-02,False
PL3-2810,Duy tu sửa chữa cống hở Võ Đại Lan,,,,,UNKNOWN,False,Giữ trống tọa độ để tránh tạo điểm giả; cần GIS kỹ thuật/khảo sát hoặc nguồn công bố trực tiếp.,PL3_2025_DongThap_old,4. PL3 - danh muc cong .pdf,GATE_MASTER_2026-10-02,False
PL3-2811,Duy tu sửa chữa cống hở Mười Đen,,,,,UNKNOWN,False,Giữ trống tọa độ để tránh tạo điểm giả; cần GIS kỹ thuật/khảo sát hoặc nguồn công bố trực tiếp.,PL3_2025_DongThap_old,4. PL3 - danh muc cong .pdf,GATE_MASTER_2026-10-02,False
PL3-2812,Duy tu sửa chữa cống hở Miếu Thần,,,,,UNKNOWN,False,Giữ trống tọa độ để tránh tạo điểm giả; cần GIS kỹ thuật/khảo sát hoặc nguồn công bố trực tiếp.,PL3_2025_DongThap_old,4. PL3 - danh muc cong .pdf,GATE_MASTER_2026-10-02,False
PL3-2813,Nông,,,,,UNKNOWN,False,Giữ trống tọa độ để tránh tạo điểm giả; cần GIS kỹ thuật/khảo sát hoặc nguồn công bố trực tiếp.,PL3_2025_DongThap_old,4. PL3 - danh muc cong .pdf,GATE_MASTER_2026-10-02,False
PL3-2814,Duy tu sửa chữa cống hở Rạch Cát,,,,,UNKNOWN,False,Giữ trống tọa độ để tránh tạo điểm giả; cần GIS kỹ thuật/khảo sát hoặc nguồn công bố trực tiếp.,PL3_2025_DongThap_old,4. PL3 - danh muc cong .pdf,GATE_MASTER_2026-10-02,False
PL3-2815,Duy tu sửa chữa cống hở Ba Bi,,,,,UNKNOWN,False,Giữ trống tọa độ để tránh tạo điểm giả; cần GIS kỹ thuật/khảo sát hoặc nguồn công bố trực tiếp.,PL3_2025_DongThap_old,4. PL3 - danh muc cong .pdf,GATE_MASTER_2026-10-02,False
PL3-2816,Duy tu sửa chữa cống hở Mương Trâu,,,,,UNKNOWN,False,Giữ trống tọa độ để tránh tạo điểm giả; cần GIS kỹ thuật/khảo sát hoặc nguồn công bố trực tiếp.,PL3_2025_DongThap_old,4. PL3 - danh muc cong .pdf,GATE_MASTER_2026-10-02,False
PL3-2817,Duy tu sửa chữa cống hở Ông Cả,,,,,UNKNOWN,False,Giữ trống tọa độ để tránh tạo điểm giả; cần GIS kỹ thuật/khảo sát hoặc nguồn công bố trực tiếp.,PL3_2025_DongThap_old,4. PL3 - danh muc cong .pdf,GATE_MASTER_2026-10-02,False
PL3-2818,Duy tu sửa chữa cống hở Rừng Vũ,,,,,UNKNOWN,False,Giữ trống tọa độ để tránh tạo điểm giả; cần GIS kỹ thuật/khảo sát hoặc nguồn công bố trực tiếp.,PL3_2025_DongThap_old,4. PL3 - danh muc cong .pdf,GATE_MASTER_2026-10-02,False
PL3-2819,Duy tu sửa chữa cống hở Hai Vinh,,,,,UNKNOWN,False,Giữ trống tọa độ để tránh tạo điểm giả; cần GIS kỹ thuật/khảo sát hoặc nguồn công bố trực tiếp.,PL3_2025_DongThap_old,4. PL3 - danh muc cong .pdf,GATE_MASTER_2026-10-02,False
PL3-2820,Duy tu sửa chữa cống hở Ông Tùng,,,,,UNKNOWN,False,Giữ trống tọa độ để tránh tạo điểm giả; cần GIS kỹ thuật/khảo sát hoặc nguồn công bố trực tiếp.,PL3_2025_DongThap_old,4. PL3 - danh muc cong .pdf,GATE_MASTER_2026-10-02,False
PL3-2821,Duy tu sửa chữa cống hở Tư Teo,,,,,UNKNOWN,False,Giữ trống tọa độ để tránh tạo điểm giả; cần GIS kỹ thuật/khảo sát hoặc nguồn công bố trực tiếp.,PL3_2025_DongThap_old,4. PL3 - danh muc cong .pdf,GATE_MASTER_2026-10-02,False
PL3-2822,Duy tu sửa chữa cống hở Tư Long,,,,,UNKNOWN,False,Giữ trống tọa độ để tránh tạo điểm giả; cần GIS kỹ thuật/khảo sát hoặc nguồn công bố trực tiếp.,PL3_2025_DongThap_old,4. PL3 - danh muc cong .pdf,GATE_MASTER_2026-10-02,False
PL3-2823,Duy tu sửa chữa cống hở Hai Mắn,,,,,UNKNOWN,False,Giữ trống tọa độ để tránh tạo điểm giả; cần GIS kỹ thuật/khảo sát hoặc nguồn công bố trực tiếp.,PL3_2025_DongThap_old,4. PL3 - danh muc cong .pdf,GATE_MASTER_2026-10-02,False
PL3-2824,Duy tu sửa chữa cống hở Xẽo Xây,,,,,UNKNOWN,False,Giữ trống tọa độ để tránh tạo điểm giả; cần GIS kỹ thuật/khảo sát hoặc nguồn công bố trực tiếp.,PL3_2025_DongThap_old,4. PL3 - danh muc cong .pdf,GATE_MASTER_2026-10-02,False
PL3-2825,Duy tu sửa chữa cống hở Chín Bẹ,,,,,UNKNOWN,False,Giữ trống tọa độ để tránh tạo điểm giả; cần GIS kỹ thuật/khảo sát hoặc nguồn công bố trực tiếp.,PL3_2025_DongThap_old,4. PL3 - danh muc cong .pdf,GATE_MASTER_2026-10-02,False
PL3-2826,Duy tu sửa chữa cống hở Hội Trụ,,,,,UNKNOWN,False,Giữ trống tọa độ để tránh tạo điểm giả; cần GIS kỹ thuật/khảo sát hoặc nguồn công bố trực tiếp.,PL3_2025_DongThap_old,4. PL3 - danh muc cong .pdf,GATE_MASTER_2026-10-02,False
PL3-2827,Duy tu sửa chữa cống hở kênh Sáu Mập,,,,,UNKNOWN,False,Giữ trống tọa độ để tránh tạo điểm giả; cần GIS kỹ thuật/khảo sát hoặc nguồn công bố trực tiếp.,PL3_2025_DongThap_old,4. PL3 - danh muc cong .pdf,GATE_MASTER_2026-10-02,False
PL3-2828,Duy tu sửa chữa cống hở Rạch Cầu Dừa,,,,,UNKNOWN,False,Giữ trống tọa độ để tránh tạo điểm giả; cần GIS kỹ thuật/khảo sát hoặc nguồn công bố trực tiếp.,PL3_2025_DongThap_old,4. PL3 - danh muc cong .pdf,GATE_MASTER_2026-10-02,False
PL3-2829,Duy tu sửa chữa cống hở Tư Chình,,,,,UNKNOWN,False,Giữ trống tọa độ để tránh tạo điểm giả; cần GIS kỹ thuật/khảo sát hoặc nguồn công bố trực tiếp.,PL3_2025_DongThap_old,4. PL3 - danh muc cong .pdf,GATE_MASTER_2026-10-02,False
PL3-2830,Duy tu sửa chữa cống hở Năm Sạch,,,,,UNKNOWN,False,Giữ trống tọa độ để tránh tạo điểm giả; cần GIS kỹ thuật/khảo sát hoặc nguồn công bố trực tiếp.,PL3_2025_DongThap_old,4. PL3 - danh muc cong .pdf,GATE_MASTER_2026-10-02,False
PL3-2831,Duy tu sửa chữa cống hở Rạch Ông Đình,,,,,UNKNOWN,False,Giữ trống tọa độ để tránh tạo điểm giả; cần GIS kỹ thuật/khảo sát hoặc nguồn công bố trực tiếp.,PL3_2025_DongThap_old,4. PL3 - danh muc cong .pdf,GATE_MASTER_2026-10-02,False
PL3-2832,Duy tu sửa chữa cống hở kênh nhánh Cả Cao,,,,,UNKNOWN,False,Giữ trống tọa độ để tránh tạo điểm giả; cần GIS kỹ thuật/khảo sát hoặc nguồn công bố trực tiếp.,PL3_2025_DongThap_old,4. PL3 - danh muc cong .pdf,GATE_MASTER_2026-10-02,False
PL3-2833,Duy tu sửa chữa cống hở Rạch Cái Sâu,,,,,UNKNOWN,False,Giữ trống tọa độ để tránh tạo điểm giả; cần GIS kỹ thuật/khảo sát hoặc nguồn công bố trực tiếp.,PL3_2025_DongThap_old,4. PL3 - danh muc cong .pdf,GATE_MASTER_2026-10-02,False
PL3-2834,Duy tu sửa chữa cống hở Tư Phàn,,,,,UNKNOWN,False,Giữ trống tọa độ để tránh tạo điểm giả; cần GIS kỹ thuật/khảo sát hoặc nguồn công bố trực tiếp.,PL3_2025_DongThap_old,4. PL3 - danh muc cong .pdf,GATE_MASTER_2026-10-02,False
PL3-2835,Duy tu sửa chữa cống hở Năm Sạch,,,,,UNKNOWN,False,Giữ trống tọa độ để tránh tạo điểm giả; cần GIS kỹ thuật/khảo sát hoặc nguồn công bố trực tiếp.,PL3_2025_DongThap_old,4. PL3 - danh muc cong .pdf,GATE_MASTER_2026-10-02,False
PL3-2836,Duy tu sửa chữa cống hở Rạch Ông Đình,,,,,UNKNOWN,False,Giữ trống tọa độ để tránh tạo điểm giả; cần GIS kỹ thuật/khảo sát hoặc nguồn công bố trực tiếp.,PL3_2025_DongThap_old,4. PL3 - danh muc cong .pdf,GATE_MASTER_2026-10-02,False
PL3-2837,Duy tu sửa chữa cống hở kênh nhánh Cả Cao,,,,,UNKNOWN,False,Giữ trống tọa độ để tránh tạo điểm giả; cần GIS kỹ thuật/khảo sát hoặc nguồn công bố trực tiếp.,PL3_2025_DongThap_old,4. PL3 - danh muc cong .pdf,GATE_MASTER_2026-10-02,False
PL3-2838,Duy tu sửa chữa cống hở Rạch Cái Sâu,,,,,UNKNOWN,False,Giữ trống tọa độ để tránh tạo điểm giả; cần GIS kỹ thuật/khảo sát hoặc nguồn công bố trực tiếp.,PL3_2025_DongThap_old,4. PL3 - danh muc cong .pdf,GATE_MASTER_2026-10-02,False
PL3-2839,Duy tu sửa chữa cống hở Mương Trâu,,,,,UNKNOWN,False,Giữ trống tọa độ để tránh tạo điểm giả; cần GIS kỹ thuật/khảo sát hoặc nguồn công bố trực tiếp.,PL3_2025_DongThap_old,4. PL3 - danh muc cong .pdf,GATE_MASTER_2026-10-02,False
PL3-2840,Duy tu sửa chữa cống hở Ba Cảnh,,,,,UNKNOWN,False,Giữ trống tọa độ để tránh tạo điểm giả; cần GIS kỹ thuật/khảo sát hoặc nguồn công bố trực tiếp.,PL3_2025_DongThap_old,4. PL3 - danh muc cong .pdf,GATE_MASTER_2026-10-02,False
PL3-2841,Duy tu sửa chữa cống hở Rạch Ông Tô,,,,,UNKNOWN,False,Giữ trống tọa độ để tránh tạo điểm giả; cần GIS kỹ thuật/khảo sát hoặc nguồn công bố trực tiếp.,PL3_2025_DongThap_old,4. PL3 - danh muc cong .pdf,GATE_MASTER_2026-10-02,False
PL3-2842,Duy tu sửa chữa cống hở Kênh Mương Ranh Trên,,,,,UNKNOWN,False,Giữ trống tọa độ để tránh tạo điểm giả; cần GIS kỹ thuật/khảo sát hoặc nguồn công bố trực tiếp.,PL3_2025_DongThap_old,4. PL3 - danh muc cong .pdf,GATE_MASTER_2026-10-02,False
PL3-2843,Duy tu sửa chữa cống hở 3/86,,,,,UNKNOWN,False,Giữ trống tọa độ để tránh tạo điểm giả; cần GIS kỹ thuật/khảo sát hoặc nguồn công bố trực tiếp.,PL3_2025_DongThap_old,4. PL3 - danh muc cong .pdf,GATE_MASTER_2026-10-02,False
PL3-2844,Duy tu sửa chữa cống hở Trù Trụ,,,,,UNKNOWN,False,Giữ trống tọa độ để tránh tạo điểm giả; cần GIS kỹ thuật/khảo sát hoặc nguồn công bố trực tiếp.,PL3_2025_DongThap_old,4. PL3 - danh muc cong .pdf,GATE_MASTER_2026-10-02,False
PL3-2845,Duy tu sửa chữa cống hở Năm Thanh,,,,,UNKNOWN,False,Giữ trống tọa độ để tránh tạo điểm giả; cần GIS kỹ thuật/khảo sát hoặc nguồn công bố trực tiếp.,PL3_2025_DongThap_old,4. PL3 - danh muc cong .pdf,GATE_MASTER_2026-10-02,False
PL3-2846,Duy tu sửa chữa cống hở Rạch Chanh,,,,,UNKNOWN,False,Giữ trống tọa độ để tránh tạo điểm giả; cần GIS kỹ thuật/khảo sát hoặc nguồn công bố trực tiếp.,PL3_2025_DongThap_old,4. PL3 - danh muc cong .pdf,GATE_MASTER_2026-10-02,False
PL3-2847,Duy tu sửa chữa cống hở Đu Đủ,,,,,UNKNOWN,False,Giữ trống tọa độ để tránh tạo điểm giả; cần GIS kỹ thuật/khảo sát hoặc nguồn công bố trực tiếp.,PL3_2025_DongThap_old,4. PL3 - danh muc cong .pdf,GATE_MASTER_2026-10-02,False
PL3-2848,Duy tu sửa chữa cống hở Rạch Lớn,,,,,UNKNOWN,False,Giữ trống tọa độ để tránh tạo điểm giả; cần GIS kỹ thuật/khảo sát hoặc nguồn công bố trực tiếp.,PL3_2025_DongThap_old,4. PL3 - danh muc cong .pdf,GATE_MASTER_2026-10-02,False
PL3-2849,Duy tu sửa chữa cống hở Giáp Nước,,,,,UNKNOWN,False,Giữ trống tọa độ để tránh tạo điểm giả; cần GIS kỹ thuật/khảo sát hoặc nguồn công bố trực tiếp.,PL3_2025_DongThap_old,4. PL3 - danh muc cong .pdf,GATE_MASTER_2026-10-02,False
PL3-2850,Duy tu sửa chữa cống hở Hai Điền,,,,,UNKNOWN,False,Giữ trống tọa độ để tránh tạo điểm giả; cần GIS kỹ thuật/khảo sát hoặc nguồn công bố trực tiếp.,PL3_2025_DongThap_old,4. PL3 - danh muc cong .pdf,GATE_MASTER_2026-10-02,False
PL3-2851,Duy tu sửa chữa cống hở Cái Bàng,,,,,UNKNOWN,False,Giữ trống tọa độ để tránh tạo điểm giả; cần GIS kỹ thuật/khảo sát hoặc nguồn công bố trực tiếp.,PL3_2025_DongThap_old,4. PL3 - danh muc cong .pdf,GATE_MASTER_2026-10-02,False
PL3-2852,Duy tu sửa chữa cống hở Bé Hai,,,,,UNKNOWN,False,Giữ trống tọa độ để tránh tạo điểm giả; cần GIS kỹ thuật/khảo sát hoặc nguồn công bố trực tiếp.,PL3_2025_DongThap_old,4. PL3 - danh muc cong .pdf,GATE_MASTER_2026-10-02,False
PL3-2853,Duy tu sửa chữa cống hở Tám Chằng,,,,,UNKNOWN,False,Giữ trống tọa độ để tránh tạo điểm giả; cần GIS kỹ thuật/khảo sát hoặc nguồn công bố trực tiếp.,PL3_2025_DongThap_old,4. PL3 - danh muc cong .pdf,GATE_MASTER_2026-10-02,False
PL3-2854,Duy tu sửa chữa cống hở Ông Túc,,,,,UNKNOWN,False,Giữ trống tọa độ để tránh tạo điểm giả; cần GIS kỹ thuật/khảo sát hoặc nguồn công bố trực tiếp.,PL3_2025_DongThap_old,4. PL3 - danh muc cong .pdf,GATE_MASTER_2026-10-02,False
PL3-2855,Duy tu sửa chữa cống hở Chữ T,,,,,UNKNOWN,False,Giữ trống tọa độ để tránh tạo điểm giả; cần GIS kỹ thuật/khảo sát hoặc nguồn công bố trực tiếp.,PL3_2025_DongThap_old,4. PL3 - danh muc cong .pdf,GATE_MASTER_2026-10-02,False
PL3-2856,Duy tu sửa chữa cống hở Tư Tiến,,,,,UNKNOWN,False,Giữ trống tọa độ để tránh tạo điểm giả; cần GIS kỹ thuật/khảo sát hoặc nguồn công bố trực tiếp.,PL3_2025_DongThap_old,4. PL3 - danh muc cong .pdf,GATE_MASTER_2026-10-02,False
PL3-2857,Duy tu sửa chữa cống hở Ông Tô 2,,,,,UNKNOWN,False,Giữ trống tọa độ để tránh tạo điểm giả; cần GIS kỹ thuật/khảo sát hoặc nguồn công bố trực tiếp.,PL3_2025_DongThap_old,4. PL3 - danh muc cong .pdf,GATE_MASTER_2026-10-02,False
PL3-2858,Duy tu sửa chữa cống hở Chín Thương,,,,,UNKNOWN,False,Giữ trống tọa độ để tránh tạo điểm giả; cần GIS kỹ thuật/khảo sát hoặc nguồn công bố trực tiếp.,PL3_2025_DongThap_old,4. PL3 - danh muc cong .pdf,GATE_MASTER_2026-10-02,False
PL3-2859,Duy tu sửa chữa Cống hở Rạch Dầu,,,,,UNKNOWN,False,Giữ trống tọa độ để tránh tạo điểm giả; cần GIS kỹ thuật/khảo sát hoặc nguồn công bố trực tiếp.,PL3_2025_DongThap_old,4. PL3 - danh muc cong .pdf,GATE_MASTER_2026-10-02,False
PL3-2860,Duy tu sửa chữa Cống hở Hai Đượm,,,,,UNKNOWN,False,Giữ trống tọa độ để tránh tạo điểm giả; cần GIS kỹ thuật/khảo sát hoặc nguồn công bố trực tiếp.,PL3_2025_DongThap_old,4. PL3 - danh muc cong .pdf,GATE_MASTER_2026-10-02,False
PL3-2861,Cống hở Chín Ngàn,,,,,UNKNOWN,False,Giữ trống tọa độ để tránh tạo điểm giả; cần GIS kỹ thuật/khảo sát hoặc nguồn công bố trực tiếp.,PL3_2025_DongThap_old,4. PL3 - danh muc cong .pdf,GATE_MASTER_2026-10-02,False
PL3-2862,Cống hở Út Dài,,,,,UNKNOWN,False,Giữ trống tọa độ để tránh tạo điểm giả; cần GIS kỹ thuật/khảo sát hoặc nguồn công bố trực tiếp.,PL3_2025_DongThap_old,4. PL3 - danh muc cong .pdf,GATE_MASTER_2026-10-02,False
PL3-2863,Cống hở Bà Nhồng,,,,,UNKNOWN,False,Giữ trống tọa độ để tránh tạo điểm giả; cần GIS kỹ thuật/khảo sát hoặc nguồn công bố trực tiếp.,PL3_2025_DongThap_old,4. PL3 - danh muc cong .pdf,GATE_MASTER_2026-10-02,False
PL3-2864,Cống hở Tám Chằng,,,,,UNKNOWN,False,Giữ trống tọa độ để tránh tạo điểm giả; cần GIS kỹ thuật/khảo sát hoặc nguồn công bố trực tiếp.,PL3_2025_DongThap_old,4. PL3 - danh muc cong .pdf,GATE_MASTER_2026-10-02,False
PL3-2865,Cống hở Năm Hổ,,,,,UNKNOWN,False,Giữ trống tọa độ để tránh tạo điểm giả; cần GIS kỹ thuật/khảo sát hoặc nguồn công bố trực tiếp.,PL3_2025_DongThap_old,4. PL3 - danh muc cong .pdf,GATE_MASTER_2026-10-02,False
PL3-2866,Cống hở út Xiếu,,,,,UNKNOWN,False,Giữ trống tọa độ để tránh tạo điểm giả; cần GIS kỹ thuật/khảo sát hoặc nguồn công bố trực tiếp.,PL3_2025_DongThap_old,4. PL3 - danh muc cong .pdf,GATE_MASTER_2026-10-02,False
PL3-2867,Cống hở Bà Bóng,,,,,UNKNOWN,False,Giữ trống tọa độ để tránh tạo điểm giả; cần GIS kỹ thuật/khảo sát hoặc nguồn công bố trực tiếp.,PL3_2025_DongThap_old,4. PL3 - danh muc cong .pdf,GATE_MASTER_2026-10-02,False
PL3-2868,Cống hở Ông Đội,,,,,UNKNOWN,False,Giữ trống tọa độ để tránh tạo điểm giả; cần GIS kỹ thuật/khảo sát hoặc nguồn công bố trực tiếp.,PL3_2025_DongThap_old,4. PL3 - danh muc cong .pdf,GATE_MASTER_2026-10-02,False
PL3-2869,Cống hở Ba Kim,,,,,UNKNOWN,False,Giữ trống tọa độ để tránh tạo điểm giả; cần GIS kỹ thuật/khảo sát hoặc nguồn công bố trực tiếp.,PL3_2025_DongThap_old,4. PL3 - danh muc cong .pdf,GATE_MASTER_2026-10-02,False
PL3-2870,Cống hở Mương Lớn Điền Tây,,,,,UNKNOWN,False,Giữ trống tọa độ để tránh tạo điểm giả; cần GIS kỹ thuật/khảo sát hoặc nguồn công bố trực tiếp.,PL3_2025_DongThap_old,4. PL3 - danh muc cong .pdf,GATE_MASTER_2026-10-02,False
PL3-2871,Cống hở Mương Chùa,,,,,UNKNOWN,False,Giữ trống tọa độ để tránh tạo điểm giả; cần GIS kỹ thuật/khảo sát hoặc nguồn công bố trực tiếp.,PL3_2025_DongThap_old,4. PL3 - danh muc cong .pdf,GATE_MASTER_2026-10-02,False
PL3-2872,Cống hở Thầy Xuân,,,,,UNKNOWN,False,Giữ trống tọa độ để tránh tạo điểm giả; cần GIS kỹ thuật/khảo sát hoặc nguồn công bố trực tiếp.,PL3_2025_DongThap_old,4. PL3 - danh muc cong .pdf,GATE_MASTER_2026-10-02,False
PL3-2873,Cống hở Cua Đinh Dưới,,,,,UNKNOWN,False,Giữ trống tọa độ để tránh tạo điểm giả; cần GIS kỹ thuật/khảo sát hoặc nguồn công bố trực tiếp.,PL3_2025_DongThap_old,4. PL3 - danh muc cong .pdf,GATE_MASTER_2026-10-02,False
PL3-2874,Cống hở Thầy Thượng,,,,,UNKNOWN,False,Giữ trống tọa độ để tránh tạo điểm giả; cần GIS kỹ thuật/khảo sát hoặc nguồn công bố trực tiếp.,PL3_2025_DongThap_old,4. PL3 - danh muc cong .pdf,GATE_MASTER_2026-10-02,False
PL3-2875,Cống hở Naăm Nút,,,,,UNKNOWN,False,Giữ trống tọa độ để tránh tạo điểm giả; cần GIS kỹ thuật/khảo sát hoặc nguồn công bố trực tiếp.,PL3_2025_DongThap_old,4. PL3 - danh muc cong .pdf,GATE_MASTER_2026-10-02,False
PL3-2876,Cống hở Bụi Tre Rừng,,,,,UNKNOWN,False,Giữ trống tọa độ để tránh tạo điểm giả; cần GIS kỹ thuật/khảo sát hoặc nguồn công bố trực tiếp.,PL3_2025_DongThap_old,4. PL3 - danh muc cong .pdf,GATE_MASTER_2026-10-02,False
PL3-2877,Cống hở Tư Phàn,,,,,UNKNOWN,False,Giữ trống tọa độ để tránh tạo điểm giả; cần GIS kỹ thuật/khảo sát hoặc nguồn công bố trực tiếp.,PL3_2025_DongThap_old,4. PL3 - danh muc cong .pdf,GATE_MASTER_2026-10-02,False
PL3-2878,Cống hở Bé Hai,,,,,UNKNOWN,False,Giữ trống tọa độ để tránh tạo điểm giả; cần GIS kỹ thuật/khảo sát hoặc nguồn công bố trực tiếp.,PL3_2025_DongThap_old,4. PL3 - danh muc cong .pdf,GATE_MASTER_2026-10-02,False
PL3-2879,Cống hở Tư Long,,,,,UNKNOWN,False,Giữ trống tọa độ để tránh tạo điểm giả; cần GIS kỹ thuật/khảo sát hoặc nguồn công bố trực tiếp.,PL3_2025_DongThap_old,4. PL3 - danh muc cong .pdf,GATE_MASTER_2026-10-02,False
PL3-2880,Cống hở Tư Đức,,,,,UNKNOWN,False,Giữ trống tọa độ để tránh tạo điểm giả; cần GIS kỹ thuật/khảo sát hoặc nguồn công bố trực tiếp.,PL3_2025_DongThap_old,4. PL3 - danh muc cong .pdf,GATE_MASTER_2026-10-02,False
PL3-2881,Cống hở Năm Thảo,,,,,UNKNOWN,False,Giữ trống tọa độ để tránh tạo điểm giả; cần GIS kỹ thuật/khảo sát hoặc nguồn công bố trực tiếp.,PL3_2025_DongThap_old,4. PL3 - danh muc cong .pdf,GATE_MASTER_2026-10-02,False
PL3-2882,Cống hở Chín Lực,,,,,UNKNOWN,False,Giữ trống tọa độ để tránh tạo điểm giả; cần GIS kỹ thuật/khảo sát hoặc nguồn công bố trực tiếp.,PL3_2025_DongThap_old,4. PL3 - danh muc cong .pdf,GATE_MASTER_2026-10-02,False
PL3-2883,Cống hở Mương Lớn,,,,,UNKNOWN,False,Giữ trống tọa độ để tránh tạo điểm giả; cần GIS kỹ thuật/khảo sát hoặc nguồn công bố trực tiếp.,PL3_2025_DongThap_old,4. PL3 - danh muc cong .pdf,GATE_MASTER_2026-10-02,False
PL3-2884,Cống hở Ba Lang,,,,,UNKNOWN,False,Giữ trống tọa độ để tránh tạo điểm giả; cần GIS kỹ thuật/khảo sát hoặc nguồn công bố trực tiếp.,PL3_2025_DongThap_old,4. PL3 - danh muc cong .pdf,GATE_MASTER_2026-10-02,False
PL3-2885,Cống hở Ba Độ,,,,,UNKNOWN,False,Giữ trống tọa độ để tránh tạo điểm giả; cần GIS kỹ thuật/khảo sát hoặc nguồn công bố trực tiếp.,PL3_2025_DongThap_old,4. PL3 - danh muc cong .pdf,GATE_MASTER_2026-10-02,False
PL3-2886,Cống hở Hai Đượm,,,,,UNKNOWN,False,Giữ trống tọa độ để tránh tạo điểm giả; cần GIS kỹ thuật/khảo sát hoặc nguồn công bố trực tiếp.,PL3_2025_DongThap_old,4. PL3 - danh muc cong .pdf,GATE_MASTER_2026-10-02,False
PL3-2887,Cống hở Bảy Trượng,,,,,UNKNOWN,False,Giữ trống tọa độ để tránh tạo điểm giả; cần GIS kỹ thuật/khảo sát hoặc nguồn công bố trực tiếp.,PL3_2025_DongThap_old,4. PL3 - danh muc cong .pdf,GATE_MASTER_2026-10-02,False
PL3-2888,Cống hở Bà Sáu Ốm,,,,,UNKNOWN,False,Giữ trống tọa độ để tránh tạo điểm giả; cần GIS kỹ thuật/khảo sát hoặc nguồn công bố trực tiếp.,PL3_2025_DongThap_old,4. PL3 - danh muc cong .pdf,GATE_MASTER_2026-10-02,False
PL3-2889,Cống hở Út Mo,,,,,UNKNOWN,False,Giữ trống tọa độ để tránh tạo điểm giả; cần GIS kỹ thuật/khảo sát hoặc nguồn công bố trực tiếp.,PL3_2025_DongThap_old,4. PL3 - danh muc cong .pdf,GATE_MASTER_2026-10-02,False
PL3-2890,Cống hở Năm Lương,,,,,UNKNOWN,False,Giữ trống tọa độ để tránh tạo điểm giả; cần GIS kỹ thuật/khảo sát hoặc nguồn công bố trực tiếp.,PL3_2025_DongThap_old,4. PL3 - danh muc cong .pdf,GATE_MASTER_2026-10-02,False
PL3-2891,Cống hở Sáu Cụ,,,,,UNKNOWN,False,Giữ trống tọa độ để tránh tạo điểm giả; cần GIS kỹ thuật/khảo sát hoặc nguồn công bố trực tiếp.,PL3_2025_DongThap_old,4. PL3 - danh muc cong .pdf,GATE_MASTER_2026-10-02,False
PL3-2892,Cống hở Hai Nhung,,,,,UNKNOWN,False,Giữ trống tọa độ để tránh tạo điểm giả; cần GIS kỹ thuật/khảo sát hoặc nguồn công bố trực tiếp.,PL3_2025_DongThap_old,4. PL3 - danh muc cong .pdf,GATE_MASTER_2026-10-02,False
PL3-2893,Cống hở Cây Tràm,,,,,UNKNOWN,False,Giữ trống tọa độ để tránh tạo điểm giả; cần GIS kỹ thuật/khảo sát hoặc nguồn công bố trực tiếp.,PL3_2025_DongThap_old,4. PL3 - danh muc cong .pdf,GATE_MASTER_2026-10-02,False
PL3-2894,Cống hở Rạch Chanh,,,,,UNKNOWN,False,Giữ trống tọa độ để tránh tạo điểm giả; cần GIS kỹ thuật/khảo sát hoặc nguồn công bố trực tiếp.,PL3_2025_DongThap_old,4. PL3 - danh muc cong .pdf,GATE_MASTER_2026-10-02,False
PL3-2895,Cống hở Rạch Cống,,,,,UNKNOWN,False,Giữ trống tọa độ để tránh tạo điểm giả; cần GIS kỹ thuật/khảo sát hoặc nguồn công bố trực tiếp.,PL3_2025_DongThap_old,4. PL3 - danh muc cong .pdf,GATE_MASTER_2026-10-02,False
PL3-2896,Cống hở Ngọn Bộ Thẩu,,,,,UNKNOWN,False,Giữ trống tọa độ để tránh tạo điểm giả; cần GIS kỹ thuật/khảo sát hoặc nguồn công bố trực tiếp.,PL3_2025_DongThap_old,4. PL3 - danh muc cong .pdf,GATE_MASTER_2026-10-02,False
PL3-2897,Cống hở Năm Cồ,,,,,UNKNOWN,False,Giữ trống tọa độ để tránh tạo điểm giả; cần GIS kỹ thuật/khảo sát hoặc nguồn công bố trực tiếp.,PL3_2025_DongThap_old,4. PL3 - danh muc cong .pdf,GATE_MASTER_2026-10-02,False
PL3-2898,Cống hở Tám Teo,,,,,UNKNOWN,False,Giữ trống tọa độ để tránh tạo điểm giả; cần GIS kỹ thuật/khảo sát hoặc nguồn công bố trực tiếp.,PL3_2025_DongThap_old,4. PL3 - danh muc cong .pdf,GATE_MASTER_2026-10-02,False
PL3-2899,Cống hở Tám Lọ,,,,,UNKNOWN,False,Giữ trống tọa độ để tránh tạo điểm giả; cần GIS kỹ thuật/khảo sát hoặc nguồn công bố trực tiếp.,PL3_2025_DongThap_old,4. PL3 - danh muc cong .pdf,GATE_MASTER_2026-10-02,False
PL3-2900,Cống Tám Teo,,,,,UNKNOWN,False,Giữ trống tọa độ để tránh tạo điểm giả; cần GIS kỹ thuật/khảo sát hoặc nguồn công bố trực tiếp.,PL3_2025_DongThap_old,4. PL3 - danh muc cong .pdf,GATE_MASTER_2026-10-02,False
PL3-2901,Cống Tám Lọ,,,,,UNKNOWN,False,Giữ trống tọa độ để tránh tạo điểm giả; cần GIS kỹ thuật/khảo sát hoặc nguồn công bố trực tiếp.,PL3_2025_DongThap_old,4. PL3 - danh muc cong .pdf,GATE_MASTER_2026-10-02,False
PL3-2902,Cống hở Sóng Rắn,,,,,UNKNOWN,False,Giữ trống tọa độ để tránh tạo điểm giả; cần GIS kỹ thuật/khảo sát hoặc nguồn công bố trực tiếp.,PL3_2025_DongThap_old,4. PL3 - danh muc cong .pdf,GATE_MASTER_2026-10-02,False
PL3-2903,Cống hở Bồng Bồng 2,,,,,UNKNOWN,False,Giữ trống tọa độ để tránh tạo điểm giả; cần GIS kỹ thuật/khảo sát hoặc nguồn công bố trực tiếp.,PL3_2025_DongThap_old,4. PL3 - danh muc cong .pdf,GATE_MASTER_2026-10-02,False
PL3-2904,Cống hở Ông Thầy,,,,,UNKNOWN,False,Giữ trống tọa độ để tránh tạo điểm giả; cần GIS kỹ thuật/khảo sát hoặc nguồn công bố trực tiếp.,PL3_2025_DongThap_old,4. PL3 - danh muc cong .pdf,GATE_MASTER_2026-10-02,False
PL3-2905,Cống hổ kênh Phèn,,,,,UNKNOWN,False,Giữ trống tọa độ để tránh tạo điểm giả; cần GIS kỹ thuật/khảo sát hoặc nguồn công bố trực tiếp.,PL3_2025_DongThap_old,4. PL3 - danh muc cong .pdf,GATE_MASTER_2026-10-02,False
PL3-2906,Cống rạch Ruộng,,,,,UNKNOWN,False,Giữ trống tọa độ để tránh tạo điểm giả; cần GIS kỹ thuật/khảo sát hoặc nguồn công bố trực tiếp.,PL3_2025_DongThap_old,4. PL3 - danh muc cong .pdf,GATE_MASTER_2026-10-02,False
PL3-2907,Cống rạch Gốc,,,,,UNKNOWN,False,Giữ trống tọa độ để tránh tạo điểm giả; cần GIS kỹ thuật/khảo sát hoặc nguồn công bố trực tiếp.,PL3_2025_DongThap_old,4. PL3 - danh muc cong .pdf,GATE_MASTER_2026-10-02,False
PL3-2908,Cống hở Mương Điệu,,,,,UNKNOWN,False,Giữ trống tọa độ để tránh tạo điểm giả; cần GIS kỹ thuật/khảo sát hoặc nguồn công bố trực tiếp.,PL3_2025_DongThap_old,4. PL3 - danh muc cong .pdf,GATE_MASTER_2026-10-02,False
PL3-2909,Cống hở cây Trâm trên,,,,,UNKNOWN,False,Giữ trống tọa độ để tránh tạo điểm giả; cần GIS kỹ thuật/khảo sát hoặc nguồn công bố trực tiếp.,PL3_2025_DongThap_old,4. PL3 - danh muc cong .pdf,GATE_MASTER_2026-10-02,False
PL3-2910,Cống hở cây Trâm dưới,,,,,UNKNOWN,False,Giữ trống tọa độ để tránh tạo điểm giả; cần GIS kỹ thuật/khảo sát hoặc nguồn công bố trực tiếp.,PL3_2025_DongThap_old,4. PL3 - danh muc cong .pdf,GATE_MASTER_2026-10-02,False
PL3-2911,Cống hở Bà Tiếu Cống hở Tư Còi,,,,,UNKNOWN,False,Giữ trống tọa độ để tránh tạo điểm giả; cần GIS kỹ thuật/khảo sát hoặc nguồn công bố trực tiếp.,PL3_2025_DongThap_old,4. PL3 - danh muc cong .pdf,GATE_MASTER_2026-10-02,False
PL3-2912,(Ngã ba Ông Quới),,,,,UNKNOWN,False,Giữ trống tọa độ để tránh tạo điểm giả; cần GIS kỹ thuật/khảo sát hoặc nguồn công bố trực tiếp.,PL3_2025_DongThap_old,4. PL3 - danh muc cong .pdf,GATE_MASTER_2026-10-02,False
PL3-2913,Cống ngã ba tập đoàn 5,,,,,UNKNOWN,False,Giữ trống tọa độ để tránh tạo điểm giả; cần GIS kỹ thuật/khảo sát hoặc nguồn công bố trực tiếp.,PL3_2025_DongThap_old,4. PL3 - danh muc cong .pdf,GATE_MASTER_2026-10-02,False
PL3-2914,Cống hở Ba Quốc 1,,,,,UNKNOWN,False,Giữ trống tọa độ để tránh tạo điểm giả; cần GIS kỹ thuật/khảo sát hoặc nguồn công bố trực tiếp.,PL3_2025_DongThap_old,4. PL3 - danh muc cong .pdf,GATE_MASTER_2026-10-02,False
PL3-2915,Cống hở Mương Chài,,,,,UNKNOWN,False,Giữ trống tọa độ để tránh tạo điểm giả; cần GIS kỹ thuật/khảo sát hoặc nguồn công bố trực tiếp.,PL3_2025_DongThap_old,4. PL3 - danh muc cong .pdf,GATE_MASTER_2026-10-02,False
PL3-2916,Cống hở Phan Văn Trầm,,,,,UNKNOWN,False,Giữ trống tọa độ để tránh tạo điểm giả; cần GIS kỹ thuật/khảo sát hoặc nguồn công bố trực tiếp.,PL3_2025_DongThap_old,4. PL3 - danh muc cong .pdf,GATE_MASTER_2026-10-02,False
PL3-2917,Cống hở Cái Đôi,,,,,UNKNOWN,False,Giữ trống tọa độ để tránh tạo điểm giả; cần GIS kỹ thuật/khảo sát hoặc nguồn công bố trực tiếp.,PL3_2025_DongThap_old,4. PL3 - danh muc cong .pdf,GATE_MASTER_2026-10-02,False
PL3-2918,Cống hở Ba Quốc 2,,,,,UNKNOWN,False,Giữ trống tọa độ để tránh tạo điểm giả; cần GIS kỹ thuật/khảo sát hoặc nguồn công bố trực tiếp.,PL3_2025_DongThap_old,4. PL3 - danh muc cong .pdf,GATE_MASTER_2026-10-02,False
PL3-2919,Cống hở kênh 26/3,,,,,UNKNOWN,False,Giữ trống tọa độ để tránh tạo điểm giả; cần GIS kỹ thuật/khảo sát hoặc nguồn công bố trực tiếp.,PL3_2025_DongThap_old,4. PL3 - danh muc cong .pdf,GATE_MASTER_2026-10-02,False
PL3-2920,Cống hở Chín Trò,,,,,UNKNOWN,False,Giữ trống tọa độ để tránh tạo điểm giả; cần GIS kỹ thuật/khảo sát hoặc nguồn công bố trực tiếp.,PL3_2025_DongThap_old,4. PL3 - danh muc cong .pdf,GATE_MASTER_2026-10-02,False
PL3-2921,Cống hở Ông Hiếu,,,,,UNKNOWN,False,Giữ trống tọa độ để tránh tạo điểm giả; cần GIS kỹ thuật/khảo sát hoặc nguồn công bố trực tiếp.,PL3_2025_DongThap_old,4. PL3 - danh muc cong .pdf,GATE_MASTER_2026-10-02,False
PL3-2922,Cống hở Út Giỏi,,,,,UNKNOWN,False,Giữ trống tọa độ để tránh tạo điểm giả; cần GIS kỹ thuật/khảo sát hoặc nguồn công bố trực tiếp.,PL3_2025_DongThap_old,4. PL3 - danh muc cong .pdf,GATE_MASTER_2026-10-02,False
PL3-2923,Cống hở Lòng Lai Nhỏ,,,,,UNKNOWN,False,Giữ trống tọa độ để tránh tạo điểm giả; cần GIS kỹ thuật/khảo sát hoặc nguồn công bố trực tiếp.,PL3_2025_DongThap_old,4. PL3 - danh muc cong .pdf,GATE_MASTER_2026-10-02,False
PL3-2924,Cống hở Sáu Bi,,,,,UNKNOWN,False,Giữ trống tọa độ để tránh tạo điểm giả; cần GIS kỹ thuật/khảo sát hoặc nguồn công bố trực tiếp.,PL3_2025_DongThap_old,4. PL3 - danh muc cong .pdf,GATE_MASTER_2026-10-02,False
PL3-2925,Cống hở Cây Gáo,,,,,UNKNOWN,False,Giữ trống tọa độ để tránh tạo điểm giả; cần GIS kỹ thuật/khảo sát hoặc nguồn công bố trực tiếp.,PL3_2025_DongThap_old,4. PL3 - danh muc cong .pdf,GATE_MASTER_2026-10-02,False
PL3-2926,Cống hở rạch Xẻo,,,,,UNKNOWN,False,Giữ trống tọa độ để tránh tạo điểm giả; cần GIS kỹ thuật/khảo sát hoặc nguồn công bố trực tiếp.,PL3_2025_DongThap_old,4. PL3 - danh muc cong .pdf,GATE_MASTER_2026-10-02,False
PL3-2927,Coống hở Ông Hội,,,,,UNKNOWN,False,Giữ trống tọa độ để tránh tạo điểm giả; cần GIS kỹ thuật/khảo sát hoặc nguồn công bố trực tiếp.,PL3_2025_DongThap_old,4. PL3 - danh muc cong .pdf,GATE_MASTER_2026-10-02,False
PL3-2928,Cống hở Xéo Cái Sơn,,,,,UNKNOWN,False,Giữ trống tọa độ để tránh tạo điểm giả; cần GIS kỹ thuật/khảo sát hoặc nguồn công bố trực tiếp.,PL3_2025_DongThap_old,4. PL3 - danh muc cong .pdf,GATE_MASTER_2026-10-02,False
PL3-2929,Cống hở Hồ Văn Tấn,,,,,UNKNOWN,False,Giữ trống tọa độ để tránh tạo điểm giả; cần GIS kỹ thuật/khảo sát hoặc nguồn công bố trực tiếp.,PL3_2025_DongThap_old,4. PL3 - danh muc cong .pdf,GATE_MASTER_2026-10-02,False
PL3-2930,Cống hở Mai Hoàng Bi,,,,,UNKNOWN,False,Giữ trống tọa độ để tránh tạo điểm giả; cần GIS kỹ thuật/khảo sát hoặc nguồn công bố trực tiếp.,PL3_2025_DongThap_old,4. PL3 - danh muc cong .pdf,GATE_MASTER_2026-10-02,False
PL3-2931,Cống hở Mười The,,,,,UNKNOWN,False,Giữ trống tọa độ để tránh tạo điểm giả; cần GIS kỹ thuật/khảo sát hoặc nguồn công bố trực tiếp.,PL3_2025_DongThap_old,4. PL3 - danh muc cong .pdf,GATE_MASTER_2026-10-02,False
PL3-2932,Cống hở Năm Phương,,,,,UNKNOWN,False,Giữ trống tọa độ để tránh tạo điểm giả; cần GIS kỹ thuật/khảo sát hoặc nguồn công bố trực tiếp.,PL3_2025_DongThap_old,4. PL3 - danh muc cong .pdf,GATE_MASTER_2026-10-02,False
PL3-2933,Cống hở Miễu Cai Dao,,,,,UNKNOWN,False,Giữ trống tọa độ để tránh tạo điểm giả; cần GIS kỹ thuật/khảo sát hoặc nguồn công bố trực tiếp.,PL3_2025_DongThap_old,4. PL3 - danh muc cong .pdf,GATE_MASTER_2026-10-02,False
PL3-2934,Cống hở Hai Cậy,,,,,UNKNOWN,False,Giữ trống tọa độ để tránh tạo điểm giả; cần GIS kỹ thuật/khảo sát hoặc nguồn công bố trực tiếp.,PL3_2025_DongThap_old,4. PL3 - danh muc cong .pdf,GATE_MASTER_2026-10-02,False
PL3-2935,Cống hở Ông Tà Cống hở Năm Mối,,,,,UNKNOWN,False,Giữ trống tọa độ để tránh tạo điểm giả; cần GIS kỹ thuật/khảo sát hoặc nguồn công bố trực tiếp.,PL3_2025_DongThap_old,4. PL3 - danh muc cong .pdf,GATE_MASTER_2026-10-02,False
PL3-2936,(Tư Miều),,,,,UNKNOWN,False,Giữ trống tọa độ để tránh tạo điểm giả; cần GIS kỹ thuật/khảo sát hoặc nguồn công bố trực tiếp.,PL3_2025_DongThap_old,4. PL3 - danh muc cong .pdf,GATE_MASTER_2026-10-02,False
PL3-2937,Cống hở Thổ Thần,,,,,UNKNOWN,False,Giữ trống tọa độ để tránh tạo điểm giả; cần GIS kỹ thuật/khảo sát hoặc nguồn công bố trực tiếp.,PL3_2025_DongThap_old,4. PL3 - danh muc cong .pdf,GATE_MASTER_2026-10-02,False
PL3-2938,Cống hở Ngã Am,,,,,UNKNOWN,False,Giữ trống tọa độ để tránh tạo điểm giả; cần GIS kỹ thuật/khảo sát hoặc nguồn công bố trực tiếp.,PL3_2025_DongThap_old,4. PL3 - danh muc cong .pdf,GATE_MASTER_2026-10-02,False
PL3-2939,Cống hở Tư Bội,,,,,UNKNOWN,False,Giữ trống tọa độ để tránh tạo điểm giả; cần GIS kỹ thuật/khảo sát hoặc nguồn công bố trực tiếp.,PL3_2025_DongThap_old,4. PL3 - danh muc cong .pdf,GATE_MASTER_2026-10-02,False
PL3-2940,Cống hở Sáu Vẹn,,,,,UNKNOWN,False,Giữ trống tọa độ để tránh tạo điểm giả; cần GIS kỹ thuật/khảo sát hoặc nguồn công bố trực tiếp.,PL3_2025_DongThap_old,4. PL3 - danh muc cong .pdf,GATE_MASTER_2026-10-02,False
PL3-2941,Cống hở Sáu Tòng,,,,,UNKNOWN,False,Giữ trống tọa độ để tránh tạo điểm giả; cần GIS kỹ thuật/khảo sát hoặc nguồn công bố trực tiếp.,PL3_2025_DongThap_old,4. PL3 - danh muc cong .pdf,GATE_MASTER_2026-10-02,False
PL3-2942,Cống hở BB số 2 Phú Hòa,,,,,UNKNOWN,False,Giữ trống tọa độ để tránh tạo điểm giả; cần GIS kỹ thuật/khảo sát hoặc nguồn công bố trực tiếp.,PL3_2025_DongThap_old,4. PL3 - danh muc cong .pdf,GATE_MASTER_2026-10-02,False
PL3-2943,Cống hở Hai Gia,,,,,UNKNOWN,False,Giữ trống tọa độ để tránh tạo điểm giả; cần GIS kỹ thuật/khảo sát hoặc nguồn công bố trực tiếp.,PL3_2025_DongThap_old,4. PL3 - danh muc cong .pdf,GATE_MASTER_2026-10-02,False
PL3-2944,Cống hở Ông Cả,,,,,UNKNOWN,False,Giữ trống tọa độ để tránh tạo điểm giả; cần GIS kỹ thuật/khảo sát hoặc nguồn công bố trực tiếp.,PL3_2025_DongThap_old,4. PL3 - danh muc cong .pdf,GATE_MASTER_2026-10-02,False
PL3-2945,Cống hở Ba dấu Ó,,,,,UNKNOWN,False,Giữ trống tọa độ để tránh tạo điểm giả; cần GIS kỹ thuật/khảo sát hoặc nguồn công bố trực tiếp.,PL3_2025_DongThap_old,4. PL3 - danh muc cong .pdf,GATE_MASTER_2026-10-02,False
PL3-2946,Cống hở Mương Trâu,,,,,UNKNOWN,False,Giữ trống tọa độ để tránh tạo điểm giả; cần GIS kỹ thuật/khảo sát hoặc nguồn công bố trực tiếp.,PL3_2025_DongThap_old,4. PL3 - danh muc cong .pdf,GATE_MASTER_2026-10-02,False
PL3-2947,Cống hở 5 Tá,,,,,UNKNOWN,False,Giữ trống tọa độ để tránh tạo điểm giả; cần GIS kỹ thuật/khảo sát hoặc nguồn công bố trực tiếp.,PL3_2025_DongThap_old,4. PL3 - danh muc cong .pdf,GATE_MASTER_2026-10-02,False
PL3-2948,Cống hở kênh Sườn Giữa,,,,,UNKNOWN,False,Giữ trống tọa độ để tránh tạo điểm giả; cần GIS kỹ thuật/khảo sát hoặc nguồn công bố trực tiếp.,PL3_2025_DongThap_old,4. PL3 - danh muc cong .pdf,GATE_MASTER_2026-10-02,False
PL3-2949,Cống hở kênh sườn Bệ,,,,,UNKNOWN,False,Giữ trống tọa độ để tránh tạo điểm giả; cần GIS kỹ thuật/khảo sát hoặc nguồn công bố trực tiếp.,PL3_2025_DongThap_old,4. PL3 - danh muc cong .pdf,GATE_MASTER_2026-10-02,False
PL3-2950,Cống hở Bảy Hòa,,,,,UNKNOWN,False,Giữ trống tọa độ để tránh tạo điểm giả; cần GIS kỹ thuật/khảo sát hoặc nguồn công bố trực tiếp.,PL3_2025_DongThap_old,4. PL3 - danh muc cong .pdf,GATE_MASTER_2026-10-02,False
PL3-2951,Cống hở Tư Bình,,,,,UNKNOWN,False,Giữ trống tọa độ để tránh tạo điểm giả; cần GIS kỹ thuật/khảo sát hoặc nguồn công bố trực tiếp.,PL3_2025_DongThap_old,4. PL3 - danh muc cong .pdf,GATE_MASTER_2026-10-02,False
PL3-2952,Cống hở Bé Đào,,,,,UNKNOWN,False,Giữ trống tọa độ để tránh tạo điểm giả; cần GIS kỹ thuật/khảo sát hoặc nguồn công bố trực tiếp.,PL3_2025_DongThap_old,4. PL3 - danh muc cong .pdf,GATE_MASTER_2026-10-02,False
PL3-2953,Cống hở Sáu Cúc,,,,,UNKNOWN,False,Giữ trống tọa độ để tránh tạo điểm giả; cần GIS kỹ thuật/khảo sát hoặc nguồn công bố trực tiếp.,PL3_2025_DongThap_old,4. PL3 - danh muc cong .pdf,GATE_MASTER_2026-10-02,False
PL3-2954,Cống hở 5 Của 1,,,,,UNKNOWN,False,Giữ trống tọa độ để tránh tạo điểm giả; cần GIS kỹ thuật/khảo sát hoặc nguồn công bố trực tiếp.,PL3_2025_DongThap_old,4. PL3 - danh muc cong .pdf,GATE_MASTER_2026-10-02,False
PL3-2955,Cống hở 5 Của 2,,,,,UNKNOWN,False,Giữ trống tọa độ để tránh tạo điểm giả; cần GIS kỹ thuật/khảo sát hoặc nguồn công bố trực tiếp.,PL3_2025_DongThap_old,4. PL3 - danh muc cong .pdf,GATE_MASTER_2026-10-02,False
PL3-2956,Cống hở Hai Vân,,,,,UNKNOWN,False,Giữ trống tọa độ để tránh tạo điểm giả; cần GIS kỹ thuật/khảo sát hoặc nguồn công bố trực tiếp.,PL3_2025_DongThap_old,4. PL3 - danh muc cong .pdf,GATE_MASTER_2026-10-02,False
PL3-2957,Cống hở Rạch Miễu,,,,,UNKNOWN,False,Giữ trống tọa độ để tránh tạo điểm giả; cần GIS kỹ thuật/khảo sát hoặc nguồn công bố trực tiếp.,PL3_2025_DongThap_old,4. PL3 - danh muc cong .pdf,GATE_MASTER_2026-10-02,False
PL3-2958,Cống hở Tư Phước,,,,,UNKNOWN,False,Giữ trống tọa độ để tránh tạo điểm giả; cần GIS kỹ thuật/khảo sát hoặc nguồn công bố trực tiếp.,PL3_2025_DongThap_old,4. PL3 - danh muc cong .pdf,GATE_MASTER_2026-10-02,False
PL3-2959,Cống hở Ba Cho,,,,,UNKNOWN,False,Giữ trống tọa độ để tránh tạo điểm giả; cần GIS kỹ thuật/khảo sát hoặc nguồn công bố trực tiếp.,PL3_2025_DongThap_old,4. PL3 - danh muc cong .pdf,GATE_MASTER_2026-10-02,False
PL3-2960,Cống ngầm Sáu Phó,,,,,UNKNOWN,False,Giữ trống tọa độ để tránh tạo điểm giả; cần GIS kỹ thuật/khảo sát hoặc nguồn công bố trực tiếp.,PL3_2025_DongThap_old,4. PL3 - danh muc cong .pdf,GATE_MASTER_2026-10-02,False
PL3-2961,Cống ngầm Bảy Ứng,,,,,UNKNOWN,False,Giữ trống tọa độ để tránh tạo điểm giả; cần GIS kỹ thuật/khảo sát hoặc nguồn công bố trực tiếp.,PL3_2025_DongThap_old,4. PL3 - danh muc cong .pdf,GATE_MASTER_2026-10-02,False
PL3-2962,Cống ngầm Ông Minh,,,,,UNKNOWN,False,Giữ trống tọa độ để tránh tạo điểm giả; cần GIS kỹ thuật/khảo sát hoặc nguồn công bố trực tiếp.,PL3_2025_DongThap_old,4. PL3 - danh muc cong .pdf,GATE_MASTER_2026-10-02,False
PL3-2963,Cống ngầm Bảy Kim,,,,,UNKNOWN,False,Giữ trống tọa độ để tránh tạo điểm giả; cần GIS kỹ thuật/khảo sát hoặc nguồn công bố trực tiếp.,PL3_2025_DongThap_old,4. PL3 - danh muc cong .pdf,GATE_MASTER_2026-10-02,False
PL3-2964,Cống ngầm Năm An,,,,,UNKNOWN,False,Giữ trống tọa độ để tránh tạo điểm giả; cần GIS kỹ thuật/khảo sát hoặc nguồn công bố trực tiếp.,PL3_2025_DongThap_old,4. PL3 - danh muc cong .pdf,GATE_MASTER_2026-10-02,False
PL3-2965,Cống ngầm rạch Nhum,,,,,UNKNOWN,False,Giữ trống tọa độ để tránh tạo điểm giả; cần GIS kỹ thuật/khảo sát hoặc nguồn công bố trực tiếp.,PL3_2025_DongThap_old,4. PL3 - danh muc cong .pdf,GATE_MASTER_2026-10-02,False
PL3-2966,Cống ngầm Tám Dợt,,,,,UNKNOWN,False,Giữ trống tọa độ để tránh tạo điểm giả; cần GIS kỹ thuật/khảo sát hoặc nguồn công bố trực tiếp.,PL3_2025_DongThap_old,4. PL3 - danh muc cong .pdf,GATE_MASTER_2026-10-02,False
PL3-2967,Cống ngầm Năm Cọc,,,,,UNKNOWN,False,Giữ trống tọa độ để tránh tạo điểm giả; cần GIS kỹ thuật/khảo sát hoặc nguồn công bố trực tiếp.,PL3_2025_DongThap_old,4. PL3 - danh muc cong .pdf,GATE_MASTER_2026-10-02,False
PL3-2968,Cống ngầm Ba Lớn,,,,,UNKNOWN,False,Giữ trống tọa độ để tránh tạo điểm giả; cần GIS kỹ thuật/khảo sát hoặc nguồn công bố trực tiếp.,PL3_2025_DongThap_old,4. PL3 - danh muc cong .pdf,GATE_MASTER_2026-10-02,False
PL3-2969,Cống ngầm Tư Quắn,,,,,UNKNOWN,False,Giữ trống tọa độ để tránh tạo điểm giả; cần GIS kỹ thuật/khảo sát hoặc nguồn công bố trực tiếp.,PL3_2025_DongThap_old,4. PL3 - danh muc cong .pdf,GATE_MASTER_2026-10-02,False
PL3-2970,Cống ngầm Tư Cọp (Ô.Hộ),,,,,UNKNOWN,False,Giữ trống tọa độ để tránh tạo điểm giả; cần GIS kỹ thuật/khảo sát hoặc nguồn công bố trực tiếp.,PL3_2025_DongThap_old,4. PL3 - danh muc cong .pdf,GATE_MASTER_2026-10-02,False
PL3-2971,Cống ngầm Hai Ánh,,,,,UNKNOWN,False,Giữ trống tọa độ để tránh tạo điểm giả; cần GIS kỹ thuật/khảo sát hoặc nguồn công bố trực tiếp.,PL3_2025_DongThap_old,4. PL3 - danh muc cong .pdf,GATE_MASTER_2026-10-02,False
PL3-2972,Cống ngầm Bảy Hạnh,,,,,UNKNOWN,False,Giữ trống tọa độ để tránh tạo điểm giả; cần GIS kỹ thuật/khảo sát hoặc nguồn công bố trực tiếp.,PL3_2025_DongThap_old,4. PL3 - danh muc cong .pdf,GATE_MASTER_2026-10-02,False
PL3-2973,Cống ngầm Bé Dê,,,,,UNKNOWN,False,Giữ trống tọa độ để tránh tạo điểm giả; cần GIS kỹ thuật/khảo sát hoặc nguồn công bố trực tiếp.,PL3_2025_DongThap_old,4. PL3 - danh muc cong .pdf,GATE_MASTER_2026-10-02,False
PL3-2974,Cống ngầm Bà Cả,,,,,UNKNOWN,False,Giữ trống tọa độ để tránh tạo điểm giả; cần GIS kỹ thuật/khảo sát hoặc nguồn công bố trực tiếp.,PL3_2025_DongThap_old,4. PL3 - danh muc cong .pdf,GATE_MASTER_2026-10-02,False
PL3-2975,Cống ngầm Bảy Phện,,,,,UNKNOWN,False,Giữ trống tọa độ để tránh tạo điểm giả; cần GIS kỹ thuật/khảo sát hoặc nguồn công bố trực tiếp.,PL3_2025_DongThap_old,4. PL3 - danh muc cong .pdf,GATE_MASTER_2026-10-02,False
PL3-2976,Cống ngầm Ba Ngôi,,,,,UNKNOWN,False,Giữ trống tọa độ để tránh tạo điểm giả; cần GIS kỹ thuật/khảo sát hoặc nguồn công bố trực tiếp.,PL3_2025_DongThap_old,4. PL3 - danh muc cong .pdf,GATE_MASTER_2026-10-02,False
PL3-2977,Cống ngầm Tám Nô,,,,,UNKNOWN,False,Giữ trống tọa độ để tránh tạo điểm giả; cần GIS kỹ thuật/khảo sát hoặc nguồn công bố trực tiếp.,PL3_2025_DongThap_old,4. PL3 - danh muc cong .pdf,GATE_MASTER_2026-10-02,False
PL3-2978,Cống ngầm Tư Chẹt,,,,,UNKNOWN,False,Giữ trống tọa độ để tránh tạo điểm giả; cần GIS kỹ thuật/khảo sát hoặc nguồn công bố trực tiếp.,PL3_2025_DongThap_old,4. PL3 - danh muc cong .pdf,GATE_MASTER_2026-10-02,False
PL3-2979,Cống ngầm Bảy Thế,,,,,UNKNOWN,False,Giữ trống tọa độ để tránh tạo điểm giả; cần GIS kỹ thuật/khảo sát hoặc nguồn công bố trực tiếp.,PL3_2025_DongThap_old,4. PL3 - danh muc cong .pdf,GATE_MASTER_2026-10-02,False
PL3-2980,Cống ngầm Ba Y,,,,,UNKNOWN,False,Giữ trống tọa độ để tránh tạo điểm giả; cần GIS kỹ thuật/khảo sát hoặc nguồn công bố trực tiếp.,PL3_2025_DongThap_old,4. PL3 - danh muc cong .pdf,GATE_MASTER_2026-10-02,False
PL3-2981,Cống ngầm Sáu Đỏ,,,,,UNKNOWN,False,Giữ trống tọa độ để tránh tạo điểm giả; cần GIS kỹ thuật/khảo sát hoặc nguồn công bố trực tiếp.,PL3_2025_DongThap_old,4. PL3 - danh muc cong .pdf,GATE_MASTER_2026-10-02,False
PL3-2982,Cống ngầm Bảy Ván,,,,,UNKNOWN,False,Giữ trống tọa độ để tránh tạo điểm giả; cần GIS kỹ thuật/khảo sát hoặc nguồn công bố trực tiếp.,PL3_2025_DongThap_old,4. PL3 - danh muc cong .pdf,GATE_MASTER_2026-10-02,False
PL3-2983,Cống ngầm Ba Chuột,,,,,UNKNOWN,False,Giữ trống tọa độ để tránh tạo điểm giả; cần GIS kỹ thuật/khảo sát hoặc nguồn công bố trực tiếp.,PL3_2025_DongThap_old,4. PL3 - danh muc cong .pdf,GATE_MASTER_2026-10-02,False
PL3-2984,Cống ngầm Sáu Bình,,,,,UNKNOWN,False,Giữ trống tọa độ để tránh tạo điểm giả; cần GIS kỹ thuật/khảo sát hoặc nguồn công bố trực tiếp.,PL3_2025_DongThap_old,4. PL3 - danh muc cong .pdf,GATE_MASTER_2026-10-02,False
PL3-2985,Cống ngầm Tư Khê,,,,,UNKNOWN,False,Giữ trống tọa độ để tránh tạo điểm giả; cần GIS kỹ thuật/khảo sát hoặc nguồn công bố trực tiếp.,PL3_2025_DongThap_old,4. PL3 - danh muc cong .pdf,GATE_MASTER_2026-10-02,False
PL3-2986,Cống ngầm Sáu Hiếu,,,,,UNKNOWN,False,Giữ trống tọa độ để tránh tạo điểm giả; cần GIS kỹ thuật/khảo sát hoặc nguồn công bố trực tiếp.,PL3_2025_DongThap_old,4. PL3 - danh muc cong .pdf,GATE_MASTER_2026-10-02,False
PL3-2987,Cống ngầm Sáu Tốt,,,,,UNKNOWN,False,Giữ trống tọa độ để tránh tạo điểm giả; cần GIS kỹ thuật/khảo sát hoặc nguồn công bố trực tiếp.,PL3_2025_DongThap_old,4. PL3 - danh muc cong .pdf,GATE_MASTER_2026-10-02,False
PL3-2988,Cống ngầm Ba Nhàn,,,,,UNKNOWN,False,Giữ trống tọa độ để tránh tạo điểm giả; cần GIS kỹ thuật/khảo sát hoặc nguồn công bố trực tiếp.,PL3_2025_DongThap_old,4. PL3 - danh muc cong .pdf,GATE_MASTER_2026-10-02,False
PL3-2989,Cống ngầm Ông Phụng,,,,,UNKNOWN,False,Giữ trống tọa độ để tránh tạo điểm giả; cần GIS kỹ thuật/khảo sát hoặc nguồn công bố trực tiếp.,PL3_2025_DongThap_old,4. PL3 - danh muc cong .pdf,GATE_MASTER_2026-10-02,False
PL3-2990,Cống ngầm Ba Lý 1,,,,,UNKNOWN,False,Giữ trống tọa độ để tránh tạo điểm giả; cần GIS kỹ thuật/khảo sát hoặc nguồn công bố trực tiếp.,PL3_2025_DongThap_old,4. PL3 - danh muc cong .pdf,GATE_MASTER_2026-10-02,False
PL3-2991,Cống ngầm Sáu Ca,,,,,UNKNOWN,False,Giữ trống tọa độ để tránh tạo điểm giả; cần GIS kỹ thuật/khảo sát hoặc nguồn công bố trực tiếp.,PL3_2025_DongThap_old,4. PL3 - danh muc cong .pdf,GATE_MASTER_2026-10-02,False
PL3-2992,Cống ngầm Bé Cư,,,,,UNKNOWN,False,Giữ trống tọa độ để tránh tạo điểm giả; cần GIS kỹ thuật/khảo sát hoặc nguồn công bố trực tiếp.,PL3_2025_DongThap_old,4. PL3 - danh muc cong .pdf,GATE_MASTER_2026-10-02,False
PL3-2993,Cống ngầm Hai Tưởng,,,,,UNKNOWN,False,Giữ trống tọa độ để tránh tạo điểm giả; cần GIS kỹ thuật/khảo sát hoặc nguồn công bố trực tiếp.,PL3_2025_DongThap_old,4. PL3 - danh muc cong .pdf,GATE_MASTER_2026-10-02,False
PL3-2994,Cống Tư Thưởng,,,,,UNKNOWN,False,Giữ trống tọa độ để tránh tạo điểm giả; cần GIS kỹ thuật/khảo sát hoặc nguồn công bố trực tiếp.,PL3_2025_DongThap_old,4. PL3 - danh muc cong .pdf,GATE_MASTER_2026-10-02,False
PL3-2995,Cống Hai Hên,,,,,UNKNOWN,False,Giữ trống tọa độ để tránh tạo điểm giả; cần GIS kỹ thuật/khảo sát hoặc nguồn công bố trực tiếp.,PL3_2025_DongThap_old,4. PL3 - danh muc cong .pdf,GATE_MASTER_2026-10-02,False
PL3-2996,Cống ngầm rạch Bà Nhị,,,,,UNKNOWN,False,Giữ trống tọa độ để tránh tạo điểm giả; cần GIS kỹ thuật/khảo sát hoặc nguồn công bố trực tiếp.,PL3_2025_DongThap_old,4. PL3 - danh muc cong .pdf,GATE_MASTER_2026-10-02,False
PL3-2997,Cống ngầm rạch Trâm Bầu,,,,,UNKNOWN,False,Giữ trống tọa độ để tránh tạo điểm giả; cần GIS kỹ thuật/khảo sát hoặc nguồn công bố trực tiếp.,PL3_2025_DongThap_old,4. PL3 - danh muc cong .pdf,GATE_MASTER_2026-10-02,False
PL3-2998,Cống ngầm Đực Kỳ,,,,,UNKNOWN,False,Giữ trống tọa độ để tránh tạo điểm giả; cần GIS kỹ thuật/khảo sát hoặc nguồn công bố trực tiếp.,PL3_2025_DongThap_old,4. PL3 - danh muc cong .pdf,GATE_MASTER_2026-10-02,False
PL3-2999,Cống ngầm Mương Chùa,,,,,UNKNOWN,False,Giữ trống tọa độ để tránh tạo điểm giả; cần GIS kỹ thuật/khảo sát hoặc nguồn công bố trực tiếp.,PL3_2025_DongThap_old,4. PL3 - danh muc cong .pdf,GATE_MASTER_2026-10-02,False
PL3-3000,Coống ngầm Chín Ẩn,,,,,UNKNOWN,False,Giữ trống tọa độ để tránh tạo điểm giả; cần GIS kỹ thuật/khảo sát hoặc nguồn công bố trực tiếp.,PL3_2025_DongThap_old,4. PL3 - danh muc cong .pdf,GATE_MASTER_2026-10-02,False
PL3-3001,Cống ngầm Tư Diệp,,,,,UNKNOWN,False,Giữ trống tọa độ để tránh tạo điểm giả; cần GIS kỹ thuật/khảo sát hoặc nguồn công bố trực tiếp.,PL3_2025_DongThap_old,4. PL3 - danh muc cong .pdf,GATE_MASTER_2026-10-02,False
PL3-3002,Cống ngầm Cái Bé,,,,,UNKNOWN,False,Giữ trống tọa độ để tránh tạo điểm giả; cần GIS kỹ thuật/khảo sát hoặc nguồn công bố trực tiếp.,PL3_2025_DongThap_old,4. PL3 - danh muc cong .pdf,GATE_MASTER_2026-10-02,False
PL3-3003,Cống ngầm Xẻo Mương Chùa,,,,,UNKNOWN,False,Giữ trống tọa độ để tránh tạo điểm giả; cần GIS kỹ thuật/khảo sát hoặc nguồn công bố trực tiếp.,PL3_2025_DongThap_old,4. PL3 - danh muc cong .pdf,GATE_MASTER_2026-10-02,False
PL3-3004,Cống ĐB số 3 P.Thuận,,,,,UNKNOWN,False,Giữ trống tọa độ để tránh tạo điểm giả; cần GIS kỹ thuật/khảo sát hoặc nguồn công bố trực tiếp.,PL3_2025_DongThap_old,4. PL3 - danh muc cong .pdf,GATE_MASTER_2026-10-02,False
PL3-3005,Cống ĐB số 4 P.Thuận,,,,,UNKNOWN,False,Giữ trống tọa độ để tránh tạo điểm giả; cần GIS kỹ thuật/khảo sát hoặc nguồn công bố trực tiếp.,PL3_2025_DongThap_old,4. PL3 - danh muc cong .pdf,GATE_MASTER_2026-10-02,False
PL3-3006,Cống Ba Chương P.Hòa,,,,,UNKNOWN,False,Giữ trống tọa độ để tránh tạo điểm giả; cần GIS kỹ thuật/khảo sát hoặc nguồn công bố trực tiếp.,PL3_2025_DongThap_old,4. PL3 - danh muc cong .pdf,GATE_MASTER_2026-10-02,False
PL3-3007,Cống Giáo Sơn P.Hòa,,,,,UNKNOWN,False,Giữ trống tọa độ để tránh tạo điểm giả; cần GIS kỹ thuật/khảo sát hoặc nguồn công bố trực tiếp.,PL3_2025_DongThap_old,4. PL3 - danh muc cong .pdf,GATE_MASTER_2026-10-02,False
PL3-3008,Cống ngầm Ba Lù P.Hòa,,,,,UNKNOWN,False,Giữ trống tọa độ để tránh tạo điểm giả; cần GIS kỹ thuật/khảo sát hoặc nguồn công bố trực tiếp.,PL3_2025_DongThap_old,4. PL3 - danh muc cong .pdf,GATE_MASTER_2026-10-02,False
PL3-3009,Cống ngầm Hai liêm,,,,,UNKNOWN,False,Giữ trống tọa độ để tránh tạo điểm giả; cần GIS kỹ thuật/khảo sát hoặc nguồn công bố trực tiếp.,PL3_2025_DongThap_old,4. PL3 - danh muc cong .pdf,GATE_MASTER_2026-10-02,False
PL3-3010,Cống ngầm Tư Cừ (Ba Căn),,,,,UNKNOWN,False,Giữ trống tọa độ để tránh tạo điểm giả; cần GIS kỹ thuật/khảo sát hoặc nguồn công bố trực tiếp.,PL3_2025_DongThap_old,4. PL3 - danh muc cong .pdf,GATE_MASTER_2026-10-02,False
PL3-3011,Cống ngầm Tư Ú,,,,,UNKNOWN,False,Giữ trống tọa độ để tránh tạo điểm giả; cần GIS kỹ thuật/khảo sát hoặc nguồn công bố trực tiếp.,PL3_2025_DongThap_old,4. PL3 - danh muc cong .pdf,GATE_MASTER_2026-10-02,False
PL3-3012,Cống ngầm Cây Dông,,,,,UNKNOWN,False,Giữ trống tọa độ để tránh tạo điểm giả; cần GIS kỹ thuật/khảo sát hoặc nguồn công bố trực tiếp.,PL3_2025_DongThap_old,4. PL3 - danh muc cong .pdf,GATE_MASTER_2026-10-02,False
PL3-3013,Cống ngầm Tư Cóc,,,,,UNKNOWN,False,Giữ trống tọa độ để tránh tạo điểm giả; cần GIS kỹ thuật/khảo sát hoặc nguồn công bố trực tiếp.,PL3_2025_DongThap_old,4. PL3 - danh muc cong .pdf,GATE_MASTER_2026-10-02,False
PL3-3014,Cống ngầm Tư Tòng,,,,,UNKNOWN,False,Giữ trống tọa độ để tránh tạo điểm giả; cần GIS kỹ thuật/khảo sát hoặc nguồn công bố trực tiếp.,PL3_2025_DongThap_old,4. PL3 - danh muc cong .pdf,GATE_MASTER_2026-10-02,False
PL3-3015,Cống ngầm Cây Gáo,,,,,UNKNOWN,False,Giữ trống tọa độ để tránh tạo điểm giả; cần GIS kỹ thuật/khảo sát hoặc nguồn công bố trực tiếp.,PL3_2025_DongThap_old,4. PL3 - danh muc cong .pdf,GATE_MASTER_2026-10-02,False
PL3-3016,Cống ngầm Út Hỷ,,,,,UNKNOWN,False,Giữ trống tọa độ để tránh tạo điểm giả; cần GIS kỹ thuật/khảo sát hoặc nguồn công bố trực tiếp.,PL3_2025_DongThap_old,4. PL3 - danh muc cong .pdf,GATE_MASTER_2026-10-02,False
PL3-3017,Cống ngầm Bảy Phới,,,,,UNKNOWN,False,Giữ trống tọa độ để tránh tạo điểm giả; cần GIS kỹ thuật/khảo sát hoặc nguồn công bố trực tiếp.,PL3_2025_DongThap_old,4. PL3 - danh muc cong .pdf,GATE_MASTER_2026-10-02,False
PL3-3018,Cống ngầm kênh Sườn Bệ (K.Ba Dấu Ó),,,,,UNKNOWN,False,Giữ trống tọa độ để tránh tạo điểm giả; cần GIS kỹ thuật/khảo sát hoặc nguồn công bố trực tiếp.,PL3_2025_DongThap_old,4. PL3 - danh muc cong .pdf,GATE_MASTER_2026-10-02,False
PL3-3019,Cống ngầm Ba Làng,,,,,UNKNOWN,False,Giữ trống tọa độ để tránh tạo điểm giả; cần GIS kỹ thuật/khảo sát hoặc nguồn công bố trực tiếp.,PL3_2025_DongThap_old,4. PL3 - danh muc cong .pdf,GATE_MASTER_2026-10-02,False
PL3-3020,Cống ngầm Mười Đơn,,,,,UNKNOWN,False,Giữ trống tọa độ để tránh tạo điểm giả; cần GIS kỹ thuật/khảo sát hoặc nguồn công bố trực tiếp.,PL3_2025_DongThap_old,4. PL3 - danh muc cong .pdf,GATE_MASTER_2026-10-02,False
PL3-3021,Cống ngầm Ba Xoài,,,,,UNKNOWN,False,Giữ trống tọa độ để tránh tạo điểm giả; cần GIS kỹ thuật/khảo sát hoặc nguồn công bố trực tiếp.,PL3_2025_DongThap_old,4. PL3 - danh muc cong .pdf,GATE_MASTER_2026-10-02,False
PL3-3022,Cống ngầm Hai Tiết,,,,,UNKNOWN,False,Giữ trống tọa độ để tránh tạo điểm giả; cần GIS kỹ thuật/khảo sát hoặc nguồn công bố trực tiếp.,PL3_2025_DongThap_old,4. PL3 - danh muc cong .pdf,GATE_MASTER_2026-10-02,False
PL3-3023,Cống ngầm BB số 4 (TĐ 3),,,,,UNKNOWN,False,Giữ trống tọa độ để tránh tạo điểm giả; cần GIS kỹ thuật/khảo sát hoặc nguồn công bố trực tiếp.,PL3_2025_DongThap_old,4. PL3 - danh muc cong .pdf,GATE_MASTER_2026-10-02,False
PL3-3024,Cống ngầm Sáu Hiếu,,,,,UNKNOWN,False,Giữ trống tọa độ để tránh tạo điểm giả; cần GIS kỹ thuật/khảo sát hoặc nguồn công bố trực tiếp.,PL3_2025_DongThap_old,4. PL3 - danh muc cong .pdf,GATE_MASTER_2026-10-02,False
PL3-3025,Cống ngầm Tư Rô (Ô bao số 15),,,,,UNKNOWN,False,Giữ trống tọa độ để tránh tạo điểm giả; cần GIS kỹ thuật/khảo sát hoặc nguồn công bố trực tiếp.,PL3_2025_DongThap_old,4. PL3 - danh muc cong .pdf,GATE_MASTER_2026-10-02,False
PL3-3026,Cống ngầm Năm Thuận (ô bao số 4),,,,,UNKNOWN,False,Giữ trống tọa độ để tránh tạo điểm giả; cần GIS kỹ thuật/khảo sát hoặc nguồn công bố trực tiếp.,PL3_2025_DongThap_old,4. PL3 - danh muc cong .pdf,GATE_MASTER_2026-10-02,False
PL3-3027,Cống ngầm mương Bờ Dồi,,,,,UNKNOWN,False,Giữ trống tọa độ để tránh tạo điểm giả; cần GIS kỹ thuật/khảo sát hoặc nguồn công bố trực tiếp.,PL3_2025_DongThap_old,4. PL3 - danh muc cong .pdf,GATE_MASTER_2026-10-02,False
PL3-3028,Cống ngầm mương Ông Tà (thay thế cống hở Ông Tà),,,,,UNKNOWN,False,Giữ trống tọa độ để tránh tạo điểm giả; cần GIS kỹ thuật/khảo sát hoặc nguồn công bố trực tiếp.,PL3_2025_DongThap_old,4. PL3 - danh muc cong .pdf,GATE_MASTER_2026-10-02,False
PL3-3029,Cống ngầmTrần Văn Đầy,,,,,UNKNOWN,False,Giữ trống tọa độ để tránh tạo điểm giả; cần GIS kỹ thuật/khảo sát hoặc nguồn công bố trực tiếp.,PL3_2025_DongThap_old,4. PL3 - danh muc cong .pdf,GATE_MASTER_2026-10-02,False
PL3-3030,Cống hộp ngang đường (ranh phường Tân Quy Đông và xã Tân Khánh Đông),,,,,UNKNOWN,False,Giữ trống tọa độ để tránh tạo điểm giả; cần GIS kỹ thuật/khảo sát hoặc nguồn công bố trực tiếp.,PL3_2025_DongThap_old,4. PL3 - danh muc cong .pdf,GATE_MASTER_2026-10-02,False
PL3-3031,"Cống hộp ngang đường (đoạn cuối tuyến) thuộc dự án Đường kênh 19 tháng 5; hạng mục: nền, mặt đường, cầu và cống ngang đường",,,,,UNKNOWN,False,Giữ trống tọa độ để tránh tạo điểm giả; cần GIS kỹ thuật/khảo sát hoặc nguồn công bố trực tiếp.,PL3_2025_DongThap_old,4. PL3 - danh muc cong .pdf,GATE_MASTER_2026-10-02,False
PL3-3032,Cống ngầm Bảy Tính,,,,,UNKNOWN,False,Giữ trống tọa độ để tránh tạo điểm giả; cần GIS kỹ thuật/khảo sát hoặc nguồn công bố trực tiếp.,PL3_2025_DongThap_old,4. PL3 - danh muc cong .pdf,GATE_MASTER_2026-10-02,False
PL3-3033,Cống ngần kênh Sườn,,,,,UNKNOWN,False,Giữ trống tọa độ để tránh tạo điểm giả; cần GIS kỹ thuật/khảo sát hoặc nguồn công bố trực tiếp.,PL3_2025_DongThap_old,4. PL3 - danh muc cong .pdf,GATE_MASTER_2026-10-02,False
PL3-3034,Cống Chín Sa - Tầm Vu,,,,,UNKNOWN,False,Giữ trống tọa độ để tránh tạo điểm giả; cần GIS kỹ thuật/khảo sát hoặc nguồn công bố trực tiếp.,PL3_2025_DongThap_old,4. PL3 - danh muc cong .pdf,GATE_MASTER_2026-10-02,False
PL3-3035,Cống 1 - Xẻo Mát,,,,,UNKNOWN,False,Giữ trống tọa độ để tránh tạo điểm giả; cần GIS kỹ thuật/khảo sát hoặc nguồn công bố trực tiếp.,PL3_2025_DongThap_old,4. PL3 - danh muc cong .pdf,GATE_MASTER_2026-10-02,False
PL3-3036,Cống Thủy Lợi,,,,,UNKNOWN,False,Giữ trống tọa độ để tránh tạo điểm giả; cần GIS kỹ thuật/khảo sát hoặc nguồn công bố trực tiếp.,PL3_2025_DongThap_old,4. PL3 - danh muc cong .pdf,GATE_MASTER_2026-10-02,False
PL3-3037,Cống Thủy Lợi,,,,,UNKNOWN,False,Giữ trống tọa độ để tránh tạo điểm giả; cần GIS kỹ thuật/khảo sát hoặc nguồn công bố trực tiếp.,PL3_2025_DongThap_old,4. PL3 - danh muc cong .pdf,GATE_MASTER_2026-10-02,False
PL3-3038,Cống Minh Nhựt,,,,,UNKNOWN,False,Giữ trống tọa độ để tránh tạo điểm giả; cần GIS kỹ thuật/khảo sát hoặc nguồn công bố trực tiếp.,PL3_2025_DongThap_old,4. PL3 - danh muc cong .pdf,GATE_MASTER_2026-10-02,False
PL3-3039,Cống Tàu Thơ - Tầm Vu,,,,,UNKNOWN,False,Giữ trống tọa độ để tránh tạo điểm giả; cần GIS kỹ thuật/khảo sát hoặc nguồn công bố trực tiếp.,PL3_2025_DongThap_old,4. PL3 - danh muc cong .pdf,GATE_MASTER_2026-10-02,False
PL3-3040,Cống TĐ 5,,,,,UNKNOWN,False,Giữ trống tọa độ để tránh tạo điểm giả; cần GIS kỹ thuật/khảo sát hoặc nguồn công bố trực tiếp.,PL3_2025_DongThap_old,4. PL3 - danh muc cong .pdf,GATE_MASTER_2026-10-02,False
PL3-3041,Cống Tàu Thơ,,,,,UNKNOWN,False,Giữ trống tọa độ để tránh tạo điểm giả; cần GIS kỹ thuật/khảo sát hoặc nguồn công bố trực tiếp.,PL3_2025_DongThap_old,4. PL3 - danh muc cong .pdf,GATE_MASTER_2026-10-02,False
PL3-3042,Cống chín Sa - Ranh VL,,,,,UNKNOWN,False,Giữ trống tọa độ để tránh tạo điểm giả; cần GIS kỹ thuật/khảo sát hoặc nguồn công bố trực tiếp.,PL3_2025_DongThap_old,4. PL3 - danh muc cong .pdf,GATE_MASTER_2026-10-02,False
PL3-3043,Cống Sáu Mập,,,,,UNKNOWN,False,Giữ trống tọa độ để tránh tạo điểm giả; cần GIS kỹ thuật/khảo sát hoặc nguồn công bố trực tiếp.,PL3_2025_DongThap_old,4. PL3 - danh muc cong .pdf,GATE_MASTER_2026-10-02,False
PL3-3044,Cống Trâm Bầu,,,,,UNKNOWN,False,Giữ trống tọa độ để tránh tạo điểm giả; cần GIS kỹ thuật/khảo sát hoặc nguồn công bố trực tiếp.,PL3_2025_DongThap_old,4. PL3 - danh muc cong .pdf,GATE_MASTER_2026-10-02,False
PL3-3045,Cống Hai On,,,,,UNKNOWN,False,Giữ trống tọa độ để tránh tạo điểm giả; cần GIS kỹ thuật/khảo sát hoặc nguồn công bố trực tiếp.,PL3_2025_DongThap_old,4. PL3 - danh muc cong .pdf,GATE_MASTER_2026-10-02,False
PL3-3046,Cống Kênh Chà - Tầm Vu,,,,,UNKNOWN,False,Giữ trống tọa độ để tránh tạo điểm giả; cần GIS kỹ thuật/khảo sát hoặc nguồn công bố trực tiếp.,PL3_2025_DongThap_old,4. PL3 - danh muc cong .pdf,GATE_MASTER_2026-10-02,False
PL3-3047,Cống TL Bé Ông Tà - Bà Thậm,,,,,UNKNOWN,False,Giữ trống tọa độ để tránh tạo điểm giả; cần GIS kỹ thuật/khảo sát hoặc nguồn công bố trực tiếp.,PL3_2025_DongThap_old,4. PL3 - danh muc cong .pdf,GATE_MASTER_2026-10-02,False
PL3-3048,Cống rạch Gốc,,,,,UNKNOWN,False,Giữ trống tọa độ để tránh tạo điểm giả; cần GIS kỹ thuật/khảo sát hoặc nguồn công bố trực tiếp.,PL3_2025_DongThap_old,4. PL3 - danh muc cong .pdf,GATE_MASTER_2026-10-02,False
PL3-3049,Cống kênh 82 - Xã Hời,,,,,UNKNOWN,False,Giữ trống tọa độ để tránh tạo điểm giả; cần GIS kỹ thuật/khảo sát hoặc nguồn công bố trực tiếp.,PL3_2025_DongThap_old,4. PL3 - danh muc cong .pdf,GATE_MASTER_2026-10-02,False
PL3-3050,Cống Út Bê,,,,,UNKNOWN,False,Giữ trống tọa độ để tránh tạo điểm giả; cần GIS kỹ thuật/khảo sát hoặc nguồn công bố trực tiếp.,PL3_2025_DongThap_old,4. PL3 - danh muc cong .pdf,GATE_MASTER_2026-10-02,False
PL3-3051,Cống 81 - Bà Thậm,,,,,UNKNOWN,False,Giữ trống tọa độ để tránh tạo điểm giả; cần GIS kỹ thuật/khảo sát hoặc nguồn công bố trực tiếp.,PL3_2025_DongThap_old,4. PL3 - danh muc cong .pdf,GATE_MASTER_2026-10-02,False
PL3-3052,Cống Bờ Bưởi - Nha Mân,,,,,UNKNOWN,False,Giữ trống tọa độ để tránh tạo điểm giả; cần GIS kỹ thuật/khảo sát hoặc nguồn công bố trực tiếp.,PL3_2025_DongThap_old,4. PL3 - danh muc cong .pdf,GATE_MASTER_2026-10-02,False
PL3-3053,Cống Cây Dung,,,,,UNKNOWN,False,Giữ trống tọa độ để tránh tạo điểm giả; cần GIS kỹ thuật/khảo sát hoặc nguồn công bố trực tiếp.,PL3_2025_DongThap_old,4. PL3 - danh muc cong .pdf,GATE_MASTER_2026-10-02,False
PL3-3054,Cống Rạch Chùa - Cái Xếp,,,,,UNKNOWN,False,Giữ trống tọa độ để tránh tạo điểm giả; cần GIS kỹ thuật/khảo sát hoặc nguồn công bố trực tiếp.,PL3_2025_DongThap_old,4. PL3 - danh muc cong .pdf,GATE_MASTER_2026-10-02,False
PL3-3055,Cống Lục Sự,,,,,UNKNOWN,False,Giữ trống tọa độ để tránh tạo điểm giả; cần GIS kỹ thuật/khảo sát hoặc nguồn công bố trực tiếp.,PL3_2025_DongThap_old,4. PL3 - danh muc cong .pdf,GATE_MASTER_2026-10-02,False
PL3-3056,Cống Ông Mười C4,,,,,UNKNOWN,False,Giữ trống tọa độ để tránh tạo điểm giả; cần GIS kỹ thuật/khảo sát hoặc nguồn công bố trực tiếp.,PL3_2025_DongThap_old,4. PL3 - danh muc cong .pdf,GATE_MASTER_2026-10-02,False
PL3-3057,Cống Ba Nhạc,,,,,UNKNOWN,False,Giữ trống tọa độ để tránh tạo điểm giả; cần GIS kỹ thuật/khảo sát hoặc nguồn công bố trực tiếp.,PL3_2025_DongThap_old,4. PL3 - danh muc cong .pdf,GATE_MASTER_2026-10-02,False
PL3-3058,Cống Củi Nhỏ,,,,,UNKNOWN,False,Giữ trống tọa độ để tránh tạo điểm giả; cần GIS kỹ thuật/khảo sát hoặc nguồn công bố trực tiếp.,PL3_2025_DongThap_old,4. PL3 - danh muc cong .pdf,GATE_MASTER_2026-10-02,False
PL3-3059,Cống Thủy Lợi,,,,,UNKNOWN,False,Giữ trống tọa độ để tránh tạo điểm giả; cần GIS kỹ thuật/khảo sát hoặc nguồn công bố trực tiếp.,PL3_2025_DongThap_old,4. PL3 - danh muc cong .pdf,GATE_MASTER_2026-10-02,False
PL3-3060,Cống Tám Tầm,,,,,UNKNOWN,False,Giữ trống tọa độ để tránh tạo điểm giả; cần GIS kỹ thuật/khảo sát hoặc nguồn công bố trực tiếp.,PL3_2025_DongThap_old,4. PL3 - danh muc cong .pdf,GATE_MASTER_2026-10-02,False
PL3-3061,Cống Thủy Lợi,,,,,UNKNOWN,False,Giữ trống tọa độ để tránh tạo điểm giả; cần GIS kỹ thuật/khảo sát hoặc nguồn công bố trực tiếp.,PL3_2025_DongThap_old,4. PL3 - danh muc cong .pdf,GATE_MASTER_2026-10-02,False
PL3-3062,Cống Bảy Tạc,,,,,UNKNOWN,False,Giữ trống tọa độ để tránh tạo điểm giả; cần GIS kỹ thuật/khảo sát hoặc nguồn công bố trực tiếp.,PL3_2025_DongThap_old,4. PL3 - danh muc cong .pdf,GATE_MASTER_2026-10-02,False
PL3-3063,Cống hở Nhánh Bà Hiết,,,,,UNKNOWN,False,Giữ trống tọa độ để tránh tạo điểm giả; cần GIS kỹ thuật/khảo sát hoặc nguồn công bố trực tiếp.,PL3_2025_DongThap_old,4. PL3 - danh muc cong .pdf,GATE_MASTER_2026-10-02,False
PL3-3064,Cống hở Xẻo Bồng Bông,,,,,UNKNOWN,False,Giữ trống tọa độ để tránh tạo điểm giả; cần GIS kỹ thuật/khảo sát hoặc nguồn công bố trực tiếp.,PL3_2025_DongThap_old,4. PL3 - danh muc cong .pdf,GATE_MASTER_2026-10-02,False
PL3-3065,Cống Thủy Lợi - Rạch Miễu,,,,,UNKNOWN,False,Giữ trống tọa độ để tránh tạo điểm giả; cần GIS kỹ thuật/khảo sát hoặc nguồn công bố trực tiếp.,PL3_2025_DongThap_old,4. PL3 - danh muc cong .pdf,GATE_MASTER_2026-10-02,False
PL3-3066,Cống Xẻo Nhỏ,,,,,UNKNOWN,False,Giữ trống tọa độ để tránh tạo điểm giả; cần GIS kỹ thuật/khảo sát hoặc nguồn công bố trực tiếp.,PL3_2025_DongThap_old,4. PL3 - danh muc cong .pdf,GATE_MASTER_2026-10-02,False
PL3-3067,Cống Hở Ba Thưng,,,,,UNKNOWN,False,Giữ trống tọa độ để tránh tạo điểm giả; cần GIS kỹ thuật/khảo sát hoặc nguồn công bố trực tiếp.,PL3_2025_DongThap_old,4. PL3 - danh muc cong .pdf,GATE_MASTER_2026-10-02,False
PL3-3068,Cống Hở Cây Chôm,,,,,UNKNOWN,False,Giữ trống tọa độ để tránh tạo điểm giả; cần GIS kỹ thuật/khảo sát hoặc nguồn công bố trực tiếp.,PL3_2025_DongThap_old,4. PL3 - danh muc cong .pdf,GATE_MASTER_2026-10-02,False
PL3-3069,Cống hở thủy lợi,,,,,UNKNOWN,False,Giữ trống tọa độ để tránh tạo điểm giả; cần GIS kỹ thuật/khảo sát hoặc nguồn công bố trực tiếp.,PL3_2025_DongThap_old,4. PL3 - danh muc cong .pdf,GATE_MASTER_2026-10-02,False
PL3-3070,Cống hở Cây Sanh Lớn,,,,,UNKNOWN,False,Giữ trống tọa độ để tránh tạo điểm giả; cần GIS kỹ thuật/khảo sát hoặc nguồn công bố trực tiếp.,PL3_2025_DongThap_old,4. PL3 - danh muc cong .pdf,GATE_MASTER_2026-10-02,False
PL3-3071,Cống Hở 10 Tảng,,,,,UNKNOWN,False,Giữ trống tọa độ để tránh tạo điểm giả; cần GIS kỹ thuật/khảo sát hoặc nguồn công bố trực tiếp.,PL3_2025_DongThap_old,4. PL3 - danh muc cong .pdf,GATE_MASTER_2026-10-02,False
PL3-3072,Cống An Dưỡng (Cống thủy lợi),,,,,UNKNOWN,False,Giữ trống tọa độ để tránh tạo điểm giả; cần GIS kỹ thuật/khảo sát hoặc nguồn công bố trực tiếp.,PL3_2025_DongThap_old,4. PL3 - danh muc cong .pdf,GATE_MASTER_2026-10-02,False
PL3-3073,Cống hở Sáu Tiết (Cống 5 Mần),,,,,UNKNOWN,False,Giữ trống tọa độ để tránh tạo điểm giả; cần GIS kỹ thuật/khảo sát hoặc nguồn công bố trực tiếp.,PL3_2025_DongThap_old,4. PL3 - danh muc cong .pdf,GATE_MASTER_2026-10-02,False
PL3-3074,Cống Bảy Thanh (Thủy sản),,,,,UNKNOWN,False,Giữ trống tọa độ để tránh tạo điểm giả; cần GIS kỹ thuật/khảo sát hoặc nguồn công bố trực tiếp.,PL3_2025_DongThap_old,4. PL3 - danh muc cong .pdf,GATE_MASTER_2026-10-02,False
PL3-3075,Cống hở Lung Cái,,,,,UNKNOWN,False,Giữ trống tọa độ để tránh tạo điểm giả; cần GIS kỹ thuật/khảo sát hoặc nguồn công bố trực tiếp.,PL3_2025_DongThap_old,4. PL3 - danh muc cong .pdf,GATE_MASTER_2026-10-02,False
PL3-3076,Cống 1,,,,,UNKNOWN,False,Giữ trống tọa độ để tránh tạo điểm giả; cần GIS kỹ thuật/khảo sát hoặc nguồn công bố trực tiếp.,PL3_2025_DongThap_old,4. PL3 - danh muc cong .pdf,GATE_MASTER_2026-10-02,False
PL3-3077,Cống hở Rạch Miễu,,,,,UNKNOWN,False,Giữ trống tọa độ để tránh tạo điểm giả; cần GIS kỹ thuật/khảo sát hoặc nguồn công bố trực tiếp.,PL3_2025_DongThap_old,4. PL3 - danh muc cong .pdf,GATE_MASTER_2026-10-02,False
PL3-3078,Cống hở Sáu Xứng,,,,,UNKNOWN,False,Giữ trống tọa độ để tránh tạo điểm giả; cần GIS kỹ thuật/khảo sát hoặc nguồn công bố trực tiếp.,PL3_2025_DongThap_old,4. PL3 - danh muc cong .pdf,GATE_MASTER_2026-10-02,False
PL3-3079,Cống hở Đạo Năm,,,,,UNKNOWN,False,Giữ trống tọa độ để tránh tạo điểm giả; cần GIS kỹ thuật/khảo sát hoặc nguồn công bố trực tiếp.,PL3_2025_DongThap_old,4. PL3 - danh muc cong .pdf,GATE_MASTER_2026-10-02,False
PL3-3080,Cống hở Bà Khạo,,,,,UNKNOWN,False,Giữ trống tọa độ để tránh tạo điểm giả; cần GIS kỹ thuật/khảo sát hoặc nguồn công bố trực tiếp.,PL3_2025_DongThap_old,4. PL3 - danh muc cong .pdf,GATE_MASTER_2026-10-02,False
PL3-3081,Cống hở Năm Tài (Hai Tốt),,,,,UNKNOWN,False,Giữ trống tọa độ để tránh tạo điểm giả; cần GIS kỹ thuật/khảo sát hoặc nguồn công bố trực tiếp.,PL3_2025_DongThap_old,4. PL3 - danh muc cong .pdf,GATE_MASTER_2026-10-02,False
PL3-3082,Cống Xẻo Điều 2,,,,,UNKNOWN,False,Giữ trống tọa độ để tránh tạo điểm giả; cần GIS kỹ thuật/khảo sát hoặc nguồn công bố trực tiếp.,PL3_2025_DongThap_old,4. PL3 - danh muc cong .pdf,GATE_MASTER_2026-10-02,False
PL3-3083,Cống hở Út Chuột (Ba Nam),,,,,UNKNOWN,False,Giữ trống tọa độ để tránh tạo điểm giả; cần GIS kỹ thuật/khảo sát hoặc nguồn công bố trực tiếp.,PL3_2025_DongThap_old,4. PL3 - danh muc cong .pdf,GATE_MASTER_2026-10-02,False
PL3-3084,Cống hở Khém Nò,,,,,UNKNOWN,False,Giữ trống tọa độ để tránh tạo điểm giả; cần GIS kỹ thuật/khảo sát hoặc nguồn công bố trực tiếp.,PL3_2025_DongThap_old,4. PL3 - danh muc cong .pdf,GATE_MASTER_2026-10-02,False
PL3-3085,Cống hở Khém Nò,,,,,UNKNOWN,False,Giữ trống tọa độ để tránh tạo điểm giả; cần GIS kỹ thuật/khảo sát hoặc nguồn công bố trực tiếp.,PL3_2025_DongThap_old,4. PL3 - danh muc cong .pdf,GATE_MASTER_2026-10-02,False
PL3-3086,Công Tám Ấu,,,,,UNKNOWN,False,Giữ trống tọa độ để tránh tạo điểm giả; cần GIS kỹ thuật/khảo sát hoặc nguồn công bố trực tiếp.,PL3_2025_DongThap_old,4. PL3 - danh muc cong .pdf,GATE_MASTER_2026-10-02,False
PL3-3087,Cống Chín Bá,,,,,UNKNOWN,False,Giữ trống tọa độ để tránh tạo điểm giả; cần GIS kỹ thuật/khảo sát hoặc nguồn công bố trực tiếp.,PL3_2025_DongThap_old,4. PL3 - danh muc cong .pdf,GATE_MASTER_2026-10-02,False
PL3-3088,Cống Bần Kiến,,,,,UNKNOWN,False,Giữ trống tọa độ để tránh tạo điểm giả; cần GIS kỹ thuật/khảo sát hoặc nguồn công bố trực tiếp.,PL3_2025_DongThap_old,4. PL3 - danh muc cong .pdf,GATE_MASTER_2026-10-02,False
PL3-3089,Cống Khém Đồn,,,,,UNKNOWN,False,Giữ trống tọa độ để tránh tạo điểm giả; cần GIS kỹ thuật/khảo sát hoặc nguồn công bố trực tiếp.,PL3_2025_DongThap_old,4. PL3 - danh muc cong .pdf,GATE_MASTER_2026-10-02,False
PL3-3090,Cống Chà,,,,,UNKNOWN,False,Giữ trống tọa độ để tránh tạo điểm giả; cần GIS kỹ thuật/khảo sát hoặc nguồn công bố trực tiếp.,PL3_2025_DongThap_old,4. PL3 - danh muc cong .pdf,GATE_MASTER_2026-10-02,False
PL3-3091,Cống Cầu Tre,,,,,UNKNOWN,False,Giữ trống tọa độ để tránh tạo điểm giả; cần GIS kỹ thuật/khảo sát hoặc nguồn công bố trực tiếp.,PL3_2025_DongThap_old,4. PL3 - danh muc cong .pdf,GATE_MASTER_2026-10-02,False
PL3-3092,Cống Xóm Cưởi Nhỏ,,,,,UNKNOWN,False,Giữ trống tọa độ để tránh tạo điểm giả; cần GIS kỹ thuật/khảo sát hoặc nguồn công bố trực tiếp.,PL3_2025_DongThap_old,4. PL3 - danh muc cong .pdf,GATE_MASTER_2026-10-02,False
PL3-3093,Cống Xẻo Kè,,,,,UNKNOWN,False,Giữ trống tọa độ để tránh tạo điểm giả; cần GIS kỹ thuật/khảo sát hoặc nguồn công bố trực tiếp.,PL3_2025_DongThap_old,4. PL3 - danh muc cong .pdf,GATE_MASTER_2026-10-02,False
PL3-3094,Cống Tưư Cốc,,,,,UNKNOWN,False,Giữ trống tọa độ để tránh tạo điểm giả; cần GIS kỹ thuật/khảo sát hoặc nguồn công bố trực tiếp.,PL3_2025_DongThap_old,4. PL3 - danh muc cong .pdf,GATE_MASTER_2026-10-02,False
PL3-3095,Cống Lung Sơn,,,,,UNKNOWN,False,Giữ trống tọa độ để tránh tạo điểm giả; cần GIS kỹ thuật/khảo sát hoặc nguồn công bố trực tiếp.,PL3_2025_DongThap_old,4. PL3 - danh muc cong .pdf,GATE_MASTER_2026-10-02,False
PL3-3096,Cống Nông trường HU 1,,,,,UNKNOWN,False,Giữ trống tọa độ để tránh tạo điểm giả; cần GIS kỹ thuật/khảo sát hoặc nguồn công bố trực tiếp.,PL3_2025_DongThap_old,4. PL3 - danh muc cong .pdf,GATE_MASTER_2026-10-02,False
PL3-3097,Cống Cây Trôm,,,,,UNKNOWN,False,Giữ trống tọa độ để tránh tạo điểm giả; cần GIS kỹ thuật/khảo sát hoặc nguồn công bố trực tiếp.,PL3_2025_DongThap_old,4. PL3 - danh muc cong .pdf,GATE_MASTER_2026-10-02,False
PL3-3098,Cống ranh Vĩnh Long,,,,,UNKNOWN,False,Giữ trống tọa độ để tránh tạo điểm giả; cần GIS kỹ thuật/khảo sát hoặc nguồn công bố trực tiếp.,PL3_2025_DongThap_old,4. PL3 - danh muc cong .pdf,GATE_MASTER_2026-10-02,False
PL3-3099,Cống Cây Trám,,,,,UNKNOWN,False,Giữ trống tọa độ để tránh tạo điểm giả; cần GIS kỹ thuật/khảo sát hoặc nguồn công bố trực tiếp.,PL3_2025_DongThap_old,4. PL3 - danh muc cong .pdf,GATE_MASTER_2026-10-02,False
PL3-3100,Cống Thủy Lợi (Chính Chiến),,,,,UNKNOWN,False,Giữ trống tọa độ để tránh tạo điểm giả; cần GIS kỹ thuật/khảo sát hoặc nguồn công bố trực tiếp.,PL3_2025_DongThap_old,4. PL3 - danh muc cong .pdf,GATE_MASTER_2026-10-02,False
PL3-3101,Cống hở Mương Chùa,,,,,UNKNOWN,False,Giữ trống tọa độ để tránh tạo điểm giả; cần GIS kỹ thuật/khảo sát hoặc nguồn công bố trực tiếp.,PL3_2025_DongThap_old,4. PL3 - danh muc cong .pdf,GATE_MASTER_2026-10-02,False
PL3-3102,Kênh ranh,,,,,UNKNOWN,False,Giữ trống tọa độ để tránh tạo điểm giả; cần GIS kỹ thuật/khảo sát hoặc nguồn công bố trực tiếp.,PL3_2025_DongThap_old,4. PL3 - danh muc cong .pdf,GATE_MASTER_2026-10-02,False
PL3-3103,Cống hở TL TĐ 28,,,,,UNKNOWN,False,Giữ trống tọa độ để tránh tạo điểm giả; cần GIS kỹ thuật/khảo sát hoặc nguồn công bố trực tiếp.,PL3_2025_DongThap_old,4. PL3 - danh muc cong .pdf,GATE_MASTER_2026-10-02,False
PL3-3104,Cống Hở Năm Nổi,,,,,UNKNOWN,False,Giữ trống tọa độ để tránh tạo điểm giả; cần GIS kỹ thuật/khảo sát hoặc nguồn công bố trực tiếp.,PL3_2025_DongThap_old,4. PL3 - danh muc cong .pdf,GATE_MASTER_2026-10-02,False
PL3-3105,Cống Năm Răng C1,,,,,UNKNOWN,False,Giữ trống tọa độ để tránh tạo điểm giả; cần GIS kỹ thuật/khảo sát hoặc nguồn công bố trực tiếp.,PL3_2025_DongThap_old,4. PL3 - danh muc cong .pdf,GATE_MASTER_2026-10-02,False
PL3-3106,Cống C2,,,,,UNKNOWN,False,Giữ trống tọa độ để tránh tạo điểm giả; cần GIS kỹ thuật/khảo sát hoặc nguồn công bố trực tiếp.,PL3_2025_DongThap_old,4. PL3 - danh muc cong .pdf,GATE_MASTER_2026-10-02,False
PL3-3107,Cống Hai Hiệu - 26/3,,,,,UNKNOWN,False,Giữ trống tọa độ để tránh tạo điểm giả; cần GIS kỹ thuật/khảo sát hoặc nguồn công bố trực tiếp.,PL3_2025_DongThap_old,4. PL3 - danh muc cong .pdf,GATE_MASTER_2026-10-02,False
PL3-3108,Cống Cái Sâu,,,,,UNKNOWN,False,Giữ trống tọa độ để tránh tạo điểm giả; cần GIS kỹ thuật/khảo sát hoặc nguồn công bố trực tiếp.,PL3_2025_DongThap_old,4. PL3 - danh muc cong .pdf,GATE_MASTER_2026-10-02,False
PL3-3109,Cống Ông Tê,,,,,UNKNOWN,False,Giữ trống tọa độ để tránh tạo điểm giả; cần GIS kỹ thuật/khảo sát hoặc nguồn công bố trực tiếp.,PL3_2025_DongThap_old,4. PL3 - danh muc cong .pdf,GATE_MASTER_2026-10-02,False
PL3-3110,Cống Hai Trình,,,,,UNKNOWN,False,Giữ trống tọa độ để tránh tạo điểm giả; cần GIS kỹ thuật/khảo sát hoặc nguồn công bố trực tiếp.,PL3_2025_DongThap_old,4. PL3 - danh muc cong .pdf,GATE_MASTER_2026-10-02,False
PL3-3111,Cống Thầy Đội,,,,,UNKNOWN,False,Giữ trống tọa độ để tránh tạo điểm giả; cần GIS kỹ thuật/khảo sát hoặc nguồn công bố trực tiếp.,PL3_2025_DongThap_old,4. PL3 - danh muc cong .pdf,GATE_MASTER_2026-10-02,False
PL3-3112,Cống Hai Lát,,,,,UNKNOWN,False,Giữ trống tọa độ để tránh tạo điểm giả; cần GIS kỹ thuật/khảo sát hoặc nguồn công bố trực tiếp.,PL3_2025_DongThap_old,4. PL3 - danh muc cong .pdf,GATE_MASTER_2026-10-02,False
PL3-3113,Cống Ông Giáp,,,,,UNKNOWN,False,Giữ trống tọa độ để tránh tạo điểm giả; cần GIS kỹ thuật/khảo sát hoặc nguồn công bố trực tiếp.,PL3_2025_DongThap_old,4. PL3 - danh muc cong .pdf,GATE_MASTER_2026-10-02,False
PL3-3114,Cống Ba Búng,,,,,UNKNOWN,False,Giữ trống tọa độ để tránh tạo điểm giả; cần GIS kỹ thuật/khảo sát hoặc nguồn công bố trực tiếp.,PL3_2025_DongThap_old,4. PL3 - danh muc cong .pdf,GATE_MASTER_2026-10-02,False
PL3-3115,Cống Rạch Cò,,,,,UNKNOWN,False,Giữ trống tọa độ để tránh tạo điểm giả; cần GIS kỹ thuật/khảo sát hoặc nguồn công bố trực tiếp.,PL3_2025_DongThap_old,4. PL3 - danh muc cong .pdf,GATE_MASTER_2026-10-02,False
PL3-3116,Cống Rạch Ông,,,,,UNKNOWN,False,Giữ trống tọa độ để tránh tạo điểm giả; cần GIS kỹ thuật/khảo sát hoặc nguồn công bố trực tiếp.,PL3_2025_DongThap_old,4. PL3 - danh muc cong .pdf,GATE_MASTER_2026-10-02,False
PL3-3117,Cống Rạch Lá,,,,,UNKNOWN,False,Giữ trống tọa độ để tránh tạo điểm giả; cần GIS kỹ thuật/khảo sát hoặc nguồn công bố trực tiếp.,PL3_2025_DongThap_old,4. PL3 - danh muc cong .pdf,GATE_MASTER_2026-10-02,False
PL3-3118,Cống Ông Hiếu,,,,,UNKNOWN,False,Giữ trống tọa độ để tránh tạo điểm giả; cần GIS kỹ thuật/khảo sát hoặc nguồn công bố trực tiếp.,PL3_2025_DongThap_old,4. PL3 - danh muc cong .pdf,GATE_MASTER_2026-10-02,False
PL3-3119,Cống Xã Như,,,,,UNKNOWN,False,Giữ trống tọa độ để tránh tạo điểm giả; cần GIS kỹ thuật/khảo sát hoặc nguồn công bố trực tiếp.,PL3_2025_DongThap_old,4. PL3 - danh muc cong .pdf,GATE_MASTER_2026-10-02,False
PL3-3120,Cống Tám Hoành,,,,,UNKNOWN,False,Giữ trống tọa độ để tránh tạo điểm giả; cần GIS kỹ thuật/khảo sát hoặc nguồn công bố trực tiếp.,PL3_2025_DongThap_old,4. PL3 - danh muc cong .pdf,GATE_MASTER_2026-10-02,False
PL3-3121,Cống Tư Dê,,,,,UNKNOWN,False,Giữ trống tọa độ để tránh tạo điểm giả; cần GIS kỹ thuật/khảo sát hoặc nguồn công bố trực tiếp.,PL3_2025_DongThap_old,4. PL3 - danh muc cong .pdf,GATE_MASTER_2026-10-02,False
PL3-3122,Cống Tắt Te,,,,,UNKNOWN,False,Giữ trống tọa độ để tránh tạo điểm giả; cần GIS kỹ thuật/khảo sát hoặc nguồn công bố trực tiếp.,PL3_2025_DongThap_old,4. PL3 - danh muc cong .pdf,GATE_MASTER_2026-10-02,False
PL3-3123,Cống Hai Be,,,,,UNKNOWN,False,Giữ trống tọa độ để tránh tạo điểm giả; cần GIS kỹ thuật/khảo sát hoặc nguồn công bố trực tiếp.,PL3_2025_DongThap_old,4. PL3 - danh muc cong .pdf,GATE_MASTER_2026-10-02,False
PL3-3124,Cống Rạch Đập,,,,,UNKNOWN,False,Giữ trống tọa độ để tránh tạo điểm giả; cần GIS kỹ thuật/khảo sát hoặc nguồn công bố trực tiếp.,PL3_2025_DongThap_old,4. PL3 - danh muc cong .pdf,GATE_MASTER_2026-10-02,False
PL3-3125,Cống Ông Dình,,,,,UNKNOWN,False,Giữ trống tọa độ để tránh tạo điểm giả; cần GIS kỹ thuật/khảo sát hoặc nguồn công bố trực tiếp.,PL3_2025_DongThap_old,4. PL3 - danh muc cong .pdf,GATE_MASTER_2026-10-02,False
PL3-3126,Cống Lò Rèn,,,,,UNKNOWN,False,Giữ trống tọa độ để tránh tạo điểm giả; cần GIS kỹ thuật/khảo sát hoặc nguồn công bố trực tiếp.,PL3_2025_DongThap_old,4. PL3 - danh muc cong .pdf,GATE_MASTER_2026-10-02,False
PL3-3127,Cống Rạch Dinh,,,,,UNKNOWN,False,Giữ trống tọa độ để tránh tạo điểm giả; cần GIS kỹ thuật/khảo sát hoặc nguồn công bố trực tiếp.,PL3_2025_DongThap_old,4. PL3 - danh muc cong .pdf,GATE_MASTER_2026-10-02,False
PL3-3128,Cống Hàng Bần,,,,,UNKNOWN,False,Giữ trống tọa độ để tránh tạo điểm giả; cần GIS kỹ thuật/khảo sát hoặc nguồn công bố trực tiếp.,PL3_2025_DongThap_old,4. PL3 - danh muc cong .pdf,GATE_MASTER_2026-10-02,False
PL3-3129,Cống Hàng Bản,,,,,UNKNOWN,False,Giữ trống tọa độ để tránh tạo điểm giả; cần GIS kỹ thuật/khảo sát hoặc nguồn công bố trực tiếp.,PL3_2025_DongThap_old,4. PL3 - danh muc cong .pdf,GATE_MASTER_2026-10-02,False
PL3-3130,Cống Dinh Ông Tà,,,,,UNKNOWN,False,Giữ trống tọa độ để tránh tạo điểm giả; cần GIS kỹ thuật/khảo sát hoặc nguồn công bố trực tiếp.,PL3_2025_DongThap_old,4. PL3 - danh muc cong .pdf,GATE_MASTER_2026-10-02,False
PL3-3131,Cống Dương Lễ Trong,,,,,UNKNOWN,False,Giữ trống tọa độ để tránh tạo điểm giả; cần GIS kỹ thuật/khảo sát hoặc nguồn công bố trực tiếp.,PL3_2025_DongThap_old,4. PL3 - danh muc cong .pdf,GATE_MASTER_2026-10-02,False
PL3-3132,Cống Dinh Ông Tà 2,,,,,UNKNOWN,False,Giữ trống tọa độ để tránh tạo điểm giả; cần GIS kỹ thuật/khảo sát hoặc nguồn công bố trực tiếp.,PL3_2025_DongThap_old,4. PL3 - danh muc cong .pdf,GATE_MASTER_2026-10-02,False
PL3-3133,Cống Dương Lễ Ngoài,,,,,UNKNOWN,False,Giữ trống tọa độ để tránh tạo điểm giả; cần GIS kỹ thuật/khảo sát hoặc nguồn công bố trực tiếp.,PL3_2025_DongThap_old,4. PL3 - danh muc cong .pdf,GATE_MASTER_2026-10-02,False
PL3-3134,Cống Sáu Lặc,,,,,UNKNOWN,False,Giữ trống tọa độ để tránh tạo điểm giả; cần GIS kỹ thuật/khảo sát hoặc nguồn công bố trực tiếp.,PL3_2025_DongThap_old,4. PL3 - danh muc cong .pdf,GATE_MASTER_2026-10-02,False
PL3-3135,Cống Ông Công,,,,,UNKNOWN,False,Giữ trống tọa độ để tránh tạo điểm giả; cần GIS kỹ thuật/khảo sát hoặc nguồn công bố trực tiếp.,PL3_2025_DongThap_old,4. PL3 - danh muc cong .pdf,GATE_MASTER_2026-10-02,False
PL3-3136,Cống Xẻo Điều,,,,,UNKNOWN,False,Giữ trống tọa độ để tránh tạo điểm giả; cần GIS kỹ thuật/khảo sát hoặc nguồn công bố trực tiếp.,PL3_2025_DongThap_old,4. PL3 - danh muc cong .pdf,GATE_MASTER_2026-10-02,False
PL3-3137,Cống Bảy Khâm,,,,,UNKNOWN,False,Giữ trống tọa độ để tránh tạo điểm giả; cần GIS kỹ thuật/khảo sát hoặc nguồn công bố trực tiếp.,PL3_2025_DongThap_old,4. PL3 - danh muc cong .pdf,GATE_MASTER_2026-10-02,False
PL3-3138,Cống Thủy Lợi - 9 Mum,,,,,UNKNOWN,False,Giữ trống tọa độ để tránh tạo điểm giả; cần GIS kỹ thuật/khảo sát hoặc nguồn công bố trực tiếp.,PL3_2025_DongThap_old,4. PL3 - danh muc cong .pdf,GATE_MASTER_2026-10-02,False
PL3-3139,Cống Thủy Lợi Giữa,,,,,UNKNOWN,False,Giữ trống tọa độ để tránh tạo điểm giả; cần GIS kỹ thuật/khảo sát hoặc nguồn công bố trực tiếp.,PL3_2025_DongThap_old,4. PL3 - danh muc cong .pdf,GATE_MASTER_2026-10-02,False
PL3-3140,Cống Bảy Xiếu,,,,,UNKNOWN,False,Giữ trống tọa độ để tránh tạo điểm giả; cần GIS kỹ thuật/khảo sát hoặc nguồn công bố trực tiếp.,PL3_2025_DongThap_old,4. PL3 - danh muc cong .pdf,GATE_MASTER_2026-10-02,False
PL3-3141,Cống Lung Giữa,,,,,UNKNOWN,False,Giữ trống tọa độ để tránh tạo điểm giả; cần GIS kỹ thuật/khảo sát hoặc nguồn công bố trực tiếp.,PL3_2025_DongThap_old,4. PL3 - danh muc cong .pdf,GATE_MASTER_2026-10-02,False
PL3-3142,Cống Ranh Vĩnh Long,,,,,UNKNOWN,False,Giữ trống tọa độ để tránh tạo điểm giả; cần GIS kỹ thuật/khảo sát hoặc nguồn công bố trực tiếp.,PL3_2025_DongThap_old,4. PL3 - danh muc cong .pdf,GATE_MASTER_2026-10-02,False
PL3-3143,Cống Ông Sữu,,,,,UNKNOWN,False,Giữ trống tọa độ để tránh tạo điểm giả; cần GIS kỹ thuật/khảo sát hoặc nguồn công bố trực tiếp.,PL3_2025_DongThap_old,4. PL3 - danh muc cong .pdf,GATE_MASTER_2026-10-02,False
PL3-3144,Cống Ba Ngôn,,,,,UNKNOWN,False,Giữ trống tọa độ để tránh tạo điểm giả; cần GIS kỹ thuật/khảo sát hoặc nguồn công bố trực tiếp.,PL3_2025_DongThap_old,4. PL3 - danh muc cong .pdf,GATE_MASTER_2026-10-02,False
PL3-3145,Cống Bà Khạo,,,,,UNKNOWN,False,Giữ trống tọa độ để tránh tạo điểm giả; cần GIS kỹ thuật/khảo sát hoặc nguồn công bố trực tiếp.,PL3_2025_DongThap_old,4. PL3 - danh muc cong .pdf,GATE_MASTER_2026-10-02,False
PL3-3146,Cống Tư Lự,,,,,UNKNOWN,False,Giữ trống tọa độ để tránh tạo điểm giả; cần GIS kỹ thuật/khảo sát hoặc nguồn công bố trực tiếp.,PL3_2025_DongThap_old,4. PL3 - danh muc cong .pdf,GATE_MASTER_2026-10-02,False
PL3-3147,Cống Năm Hồng,,,,,UNKNOWN,False,Giữ trống tọa độ để tránh tạo điểm giả; cần GIS kỹ thuật/khảo sát hoặc nguồn công bố trực tiếp.,PL3_2025_DongThap_old,4. PL3 - danh muc cong .pdf,GATE_MASTER_2026-10-02,False
PL3-3148,Cống Anh Thi - Mưương Trâu,,,,,UNKNOWN,False,Giữ trống tọa độ để tránh tạo điểm giả; cần GIS kỹ thuật/khảo sát hoặc nguồn công bố trực tiếp.,PL3_2025_DongThap_old,4. PL3 - danh muc cong .pdf,GATE_MASTER_2026-10-02,False
PL3-3149,Cống Anh Thi,,,,,UNKNOWN,False,Giữ trống tọa độ để tránh tạo điểm giả; cần GIS kỹ thuật/khảo sát hoặc nguồn công bố trực tiếp.,PL3_2025_DongThap_old,4. PL3 - danh muc cong .pdf,GATE_MASTER_2026-10-02,False
PL3-3150,Cống Ba Sơn,,,,,UNKNOWN,False,Giữ trống tọa độ để tránh tạo điểm giả; cần GIS kỹ thuật/khảo sát hoặc nguồn công bố trực tiếp.,PL3_2025_DongThap_old,4. PL3 - danh muc cong .pdf,GATE_MASTER_2026-10-02,False
PL3-3151,Cống Đường Cày - Xẻo Nổ,,,,,UNKNOWN,False,Giữ trống tọa độ để tránh tạo điểm giả; cần GIS kỹ thuật/khảo sát hoặc nguồn công bố trực tiếp.,PL3_2025_DongThap_old,4. PL3 - danh muc cong .pdf,GATE_MASTER_2026-10-02,False
PL3-3152,Cống Ba Sơn - Kênh Mới,,,,,UNKNOWN,False,Giữ trống tọa độ để tránh tạo điểm giả; cần GIS kỹ thuật/khảo sát hoặc nguồn công bố trực tiếp.,PL3_2025_DongThap_old,4. PL3 - danh muc cong .pdf,GATE_MASTER_2026-10-02,False
PL3-3153,Cống Đường Cày,,,,,UNKNOWN,False,Giữ trống tọa độ để tránh tạo điểm giả; cần GIS kỹ thuật/khảo sát hoặc nguồn công bố trực tiếp.,PL3_2025_DongThap_old,4. PL3 - danh muc cong .pdf,GATE_MASTER_2026-10-02,False
PL3-3154,Cống Tư Mạnh,,,,,UNKNOWN,False,Giữ trống tọa độ để tránh tạo điểm giả; cần GIS kỹ thuật/khảo sát hoặc nguồn công bố trực tiếp.,PL3_2025_DongThap_old,4. PL3 - danh muc cong .pdf,GATE_MASTER_2026-10-02,False
PL3-3155,Cống Tư Tú,,,,,UNKNOWN,False,Giữ trống tọa độ để tránh tạo điểm giả; cần GIS kỹ thuật/khảo sát hoặc nguồn công bố trực tiếp.,PL3_2025_DongThap_old,4. PL3 - danh muc cong .pdf,GATE_MASTER_2026-10-02,False
PL3-3156,Cống Giáo Chỉ,,,,,UNKNOWN,False,Giữ trống tọa độ để tránh tạo điểm giả; cần GIS kỹ thuật/khảo sát hoặc nguồn công bố trực tiếp.,PL3_2025_DongThap_old,4. PL3 - danh muc cong .pdf,GATE_MASTER_2026-10-02,False
PL3-3157,Cống Ông Nhu,,,,,UNKNOWN,False,Giữ trống tọa độ để tránh tạo điểm giả; cần GIS kỹ thuật/khảo sát hoặc nguồn công bố trực tiếp.,PL3_2025_DongThap_old,4. PL3 - danh muc cong .pdf,GATE_MASTER_2026-10-02,False
PL3-3158,Cống Ông Xê,,,,,UNKNOWN,False,Giữ trống tọa độ để tránh tạo điểm giả; cần GIS kỹ thuật/khảo sát hoặc nguồn công bố trực tiếp.,PL3_2025_DongThap_old,4. PL3 - danh muc cong .pdf,GATE_MASTER_2026-10-02,False
PL3-3159,Cống Hai Chuối,,,,,UNKNOWN,False,Giữ trống tọa độ để tránh tạo điểm giả; cần GIS kỹ thuật/khảo sát hoặc nguồn công bố trực tiếp.,PL3_2025_DongThap_old,4. PL3 - danh muc cong .pdf,GATE_MASTER_2026-10-02,False
PL3-3160,Cống N.Trường HU 2,,,,,UNKNOWN,False,Giữ trống tọa độ để tránh tạo điểm giả; cần GIS kỹ thuật/khảo sát hoặc nguồn công bố trực tiếp.,PL3_2025_DongThap_old,4. PL3 - danh muc cong .pdf,GATE_MASTER_2026-10-02,False
PL3-3161,Cống rạch Bần Kiến,,,,,UNKNOWN,False,Giữ trống tọa độ để tránh tạo điểm giả; cần GIS kỹ thuật/khảo sát hoặc nguồn công bố trực tiếp.,PL3_2025_DongThap_old,4. PL3 - danh muc cong .pdf,GATE_MASTER_2026-10-02,False
PL3-3162,Cống Thủy Lợi,,,,,UNKNOWN,False,Giữ trống tọa độ để tránh tạo điểm giả; cần GIS kỹ thuật/khảo sát hoặc nguồn công bố trực tiếp.,PL3_2025_DongThap_old,4. PL3 - danh muc cong .pdf,GATE_MASTER_2026-10-02,False
PL3-3163,Cống Đại Hàng,,,,,UNKNOWN,False,Giữ trống tọa độ để tránh tạo điểm giả; cần GIS kỹ thuật/khảo sát hoặc nguồn công bố trực tiếp.,PL3_2025_DongThap_old,4. PL3 - danh muc cong .pdf,GATE_MASTER_2026-10-02,False
PL3-3164,Cống Hai Thành,,,,,UNKNOWN,False,Giữ trống tọa độ để tránh tạo điểm giả; cần GIS kỹ thuật/khảo sát hoặc nguồn công bố trực tiếp.,PL3_2025_DongThap_old,4. PL3 - danh muc cong .pdf,GATE_MASTER_2026-10-02,False
PL3-3165,Cống Hai Thính,,,,,UNKNOWN,False,Giữ trống tọa độ để tránh tạo điểm giả; cần GIS kỹ thuật/khảo sát hoặc nguồn công bố trực tiếp.,PL3_2025_DongThap_old,4. PL3 - danh muc cong .pdf,GATE_MASTER_2026-10-02,False
PL3-3166,Cống Tư Rô,,,,,UNKNOWN,False,Giữ trống tọa độ để tránh tạo điểm giả; cần GIS kỹ thuật/khảo sát hoặc nguồn công bố trực tiếp.,PL3_2025_DongThap_old,4. PL3 - danh muc cong .pdf,GATE_MASTER_2026-10-02,False
PL3-3167,Cống Bầu Hiền,,,,,UNKNOWN,False,Giữ trống tọa độ để tránh tạo điểm giả; cần GIS kỹ thuật/khảo sát hoặc nguồn công bố trực tiếp.,PL3_2025_DongThap_old,4. PL3 - danh muc cong .pdf,GATE_MASTER_2026-10-02,False
PL3-3168,Cống Tư Lùng,,,,,UNKNOWN,False,Giữ trống tọa độ để tránh tạo điểm giả; cần GIS kỹ thuật/khảo sát hoặc nguồn công bố trực tiếp.,PL3_2025_DongThap_old,4. PL3 - danh muc cong .pdf,GATE_MASTER_2026-10-02,False
PL3-3169,Cống Thủy Lợi,,,,,UNKNOWN,False,Giữ trống tọa độ để tránh tạo điểm giả; cần GIS kỹ thuật/khảo sát hoặc nguồn công bố trực tiếp.,PL3_2025_DongThap_old,4. PL3 - danh muc cong .pdf,GATE_MASTER_2026-10-02,False
PL3-3170,Cống Sáu Gà Gáy,,,,,UNKNOWN,False,Giữ trống tọa độ để tránh tạo điểm giả; cần GIS kỹ thuật/khảo sát hoặc nguồn công bố trực tiếp.,PL3_2025_DongThap_old,4. PL3 - danh muc cong .pdf,GATE_MASTER_2026-10-02,False
PL3-3171,Cống Bảy Chòi,,,,,UNKNOWN,False,Giữ trống tọa độ để tránh tạo điểm giả; cần GIS kỹ thuật/khảo sát hoặc nguồn công bố trực tiếp.,PL3_2025_DongThap_old,4. PL3 - danh muc cong .pdf,GATE_MASTER_2026-10-02,False
PL3-3172,Cống Hai Sửu,,,,,UNKNOWN,False,Giữ trống tọa độ để tránh tạo điểm giả; cần GIS kỹ thuật/khảo sát hoặc nguồn công bố trực tiếp.,PL3_2025_DongThap_old,4. PL3 - danh muc cong .pdf,GATE_MASTER_2026-10-02,False
PL3-3173,Cống Bà Nhưng,,,,,UNKNOWN,False,Giữ trống tọa độ để tránh tạo điểm giả; cần GIS kỹ thuật/khảo sát hoặc nguồn công bố trực tiếp.,PL3_2025_DongThap_old,4. PL3 - danh muc cong .pdf,GATE_MASTER_2026-10-02,False
PL3-3174,Cống Bà Phương,,,,,UNKNOWN,False,Giữ trống tọa độ để tránh tạo điểm giả; cần GIS kỹ thuật/khảo sát hoặc nguồn công bố trực tiếp.,PL3_2025_DongThap_old,4. PL3 - danh muc cong .pdf,GATE_MASTER_2026-10-02,False
PL3-3175,Cống 10 Tè 2,,,,,UNKNOWN,False,Giữ trống tọa độ để tránh tạo điểm giả; cần GIS kỹ thuật/khảo sát hoặc nguồn công bố trực tiếp.,PL3_2025_DongThap_old,4. PL3 - danh muc cong .pdf,GATE_MASTER_2026-10-02,False
PL3-3176,Cống 10 Tè 1,,,,,UNKNOWN,False,Giữ trống tọa độ để tránh tạo điểm giả; cần GIS kỹ thuật/khảo sát hoặc nguồn công bố trực tiếp.,PL3_2025_DongThap_old,4. PL3 - danh muc cong .pdf,GATE_MASTER_2026-10-02,False
PL3-3177,Cống Minh Châu,,,,,UNKNOWN,False,Giữ trống tọa độ để tránh tạo điểm giả; cần GIS kỹ thuật/khảo sát hoặc nguồn công bố trực tiếp.,PL3_2025_DongThap_old,4. PL3 - danh muc cong .pdf,GATE_MASTER_2026-10-02,False
PL3-3178,Cống Hai Cẩn,,,,,UNKNOWN,False,Giữ trống tọa độ để tránh tạo điểm giả; cần GIS kỹ thuật/khảo sát hoặc nguồn công bố trực tiếp.,PL3_2025_DongThap_old,4. PL3 - danh muc cong .pdf,GATE_MASTER_2026-10-02,False
PL3-3179,Cống Út Cu,,,,,UNKNOWN,False,Giữ trống tọa độ để tránh tạo điểm giả; cần GIS kỹ thuật/khảo sát hoặc nguồn công bố trực tiếp.,PL3_2025_DongThap_old,4. PL3 - danh muc cong .pdf,GATE_MASTER_2026-10-02,False
PL3-3180,Cống Tư A,,,,,UNKNOWN,False,Giữ trống tọa độ để tránh tạo điểm giả; cần GIS kỹ thuật/khảo sát hoặc nguồn công bố trực tiếp.,PL3_2025_DongThap_old,4. PL3 - danh muc cong .pdf,GATE_MASTER_2026-10-02,False
PL3-3181,Cống Hai Kiên,,,,,UNKNOWN,False,Giữ trống tọa độ để tránh tạo điểm giả; cần GIS kỹ thuật/khảo sát hoặc nguồn công bố trực tiếp.,PL3_2025_DongThap_old,4. PL3 - danh muc cong .pdf,GATE_MASTER_2026-10-02,False
PL3-3182,Cống Năm Ngãi,,,,,UNKNOWN,False,Giữ trống tọa độ để tránh tạo điểm giả; cần GIS kỹ thuật/khảo sát hoặc nguồn công bố trực tiếp.,PL3_2025_DongThap_old,4. PL3 - danh muc cong .pdf,GATE_MASTER_2026-10-02,False
PL3-3183,Cống Sáu Điểm,,,,,UNKNOWN,False,Giữ trống tọa độ để tránh tạo điểm giả; cần GIS kỹ thuật/khảo sát hoặc nguồn công bố trực tiếp.,PL3_2025_DongThap_old,4. PL3 - danh muc cong .pdf,GATE_MASTER_2026-10-02,False
PL3-3184,Cống Năm Tấn,,,,,UNKNOWN,False,Giữ trống tọa độ để tránh tạo điểm giả; cần GIS kỹ thuật/khảo sát hoặc nguồn công bố trực tiếp.,PL3_2025_DongThap_old,4. PL3 - danh muc cong .pdf,GATE_MASTER_2026-10-02,False
PL3-3185,Cống Bảy Hùng,,,,,UNKNOWN,False,Giữ trống tọa độ để tránh tạo điểm giả; cần GIS kỹ thuật/khảo sát hoặc nguồn công bố trực tiếp.,PL3_2025_DongThap_old,4. PL3 - danh muc cong .pdf,GATE_MASTER_2026-10-02,False
PL3-3186,Cống Năm Tích,,,,,UNKNOWN,False,Giữ trống tọa độ để tránh tạo điểm giả; cần GIS kỹ thuật/khảo sát hoặc nguồn công bố trực tiếp.,PL3_2025_DongThap_old,4. PL3 - danh muc cong .pdf,GATE_MASTER_2026-10-02,False
PL3-3187,Cống Tư Bụng,,,,,UNKNOWN,False,Giữ trống tọa độ để tránh tạo điểm giả; cần GIS kỹ thuật/khảo sát hoặc nguồn công bố trực tiếp.,PL3_2025_DongThap_old,4. PL3 - danh muc cong .pdf,GATE_MASTER_2026-10-02,False
PL3-3188,Cống Ông Rạng,,,,,UNKNOWN,False,Giữ trống tọa độ để tránh tạo điểm giả; cần GIS kỹ thuật/khảo sát hoặc nguồn công bố trực tiếp.,PL3_2025_DongThap_old,4. PL3 - danh muc cong .pdf,GATE_MASTER_2026-10-02,False
PL3-3189,Cống Ba Nhỏ,,,,,UNKNOWN,False,Giữ trống tọa độ để tránh tạo điểm giả; cần GIS kỹ thuật/khảo sát hoặc nguồn công bố trực tiếp.,PL3_2025_DongThap_old,4. PL3 - danh muc cong .pdf,GATE_MASTER_2026-10-02,False
PL3-3190,Cống Sáu Nguyện,,,,,UNKNOWN,False,Giữ trống tọa độ để tránh tạo điểm giả; cần GIS kỹ thuật/khảo sát hoặc nguồn công bố trực tiếp.,PL3_2025_DongThap_old,4. PL3 - danh muc cong .pdf,GATE_MASTER_2026-10-02,False
PL3-3191,Cống Chính Hỷ,,,,,UNKNOWN,False,Giữ trống tọa độ để tránh tạo điểm giả; cần GIS kỹ thuật/khảo sát hoặc nguồn công bố trực tiếp.,PL3_2025_DongThap_old,4. PL3 - danh muc cong .pdf,GATE_MASTER_2026-10-02,False
PL3-3192,Cống Ba Nai,,,,,UNKNOWN,False,Giữ trống tọa độ để tránh tạo điểm giả; cần GIS kỹ thuật/khảo sát hoặc nguồn công bố trực tiếp.,PL3_2025_DongThap_old,4. PL3 - danh muc cong .pdf,GATE_MASTER_2026-10-02,False
PL3-3193,Cống Út Cò,,,,,UNKNOWN,False,Giữ trống tọa độ để tránh tạo điểm giả; cần GIS kỹ thuật/khảo sát hoặc nguồn công bố trực tiếp.,PL3_2025_DongThap_old,4. PL3 - danh muc cong .pdf,GATE_MASTER_2026-10-02,False
PL3-3194,Cống Mười Thụ,,,,,UNKNOWN,False,Giữ trống tọa độ để tránh tạo điểm giả; cần GIS kỹ thuật/khảo sát hoặc nguồn công bố trực tiếp.,PL3_2025_DongThap_old,4. PL3 - danh muc cong .pdf,GATE_MASTER_2026-10-02,False
PL3-3195,Cống Nhánh Đìa Tràm,,,,,UNKNOWN,False,Giữ trống tọa độ để tránh tạo điểm giả; cần GIS kỹ thuật/khảo sát hoặc nguồn công bố trực tiếp.,PL3_2025_DongThap_old,4. PL3 - danh muc cong .pdf,GATE_MASTER_2026-10-02,False
PL3-3196,Cống Củi Nhỏ,,,,,UNKNOWN,False,Giữ trống tọa độ để tránh tạo điểm giả; cần GIS kỹ thuật/khảo sát hoặc nguồn công bố trực tiếp.,PL3_2025_DongThap_old,4. PL3 - danh muc cong .pdf,GATE_MASTER_2026-10-02,False
PL3-3197,Cống 512 - Bần Kiến,,,,,UNKNOWN,False,Giữ trống tọa độ để tránh tạo điểm giả; cần GIS kỹ thuật/khảo sát hoặc nguồn công bố trực tiếp.,PL3_2025_DongThap_old,4. PL3 - danh muc cong .pdf,GATE_MASTER_2026-10-02,False
PL3-3198,Cống 7 Phụng,,,,,UNKNOWN,False,Giữ trống tọa độ để tránh tạo điểm giả; cần GIS kỹ thuật/khảo sát hoặc nguồn công bố trực tiếp.,PL3_2025_DongThap_old,4. PL3 - danh muc cong .pdf,GATE_MASTER_2026-10-02,False
PL3-3199,Cống Cầu Dầu,,,,,UNKNOWN,False,Giữ trống tọa độ để tránh tạo điểm giả; cần GIS kỹ thuật/khảo sát hoặc nguồn công bố trực tiếp.,PL3_2025_DongThap_old,4. PL3 - danh muc cong .pdf,GATE_MASTER_2026-10-02,False
PL3-3200,Cống Năm Địa,,,,,UNKNOWN,False,Giữ trống tọa độ để tránh tạo điểm giả; cần GIS kỹ thuật/khảo sát hoặc nguồn công bố trực tiếp.,PL3_2025_DongThap_old,4. PL3 - danh muc cong .pdf,GATE_MASTER_2026-10-02,False
PL3-3201,Cống Cây Da,,,,,UNKNOWN,False,Giữ trống tọa độ để tránh tạo điểm giả; cần GIS kỹ thuật/khảo sát hoặc nguồn công bố trực tiếp.,PL3_2025_DongThap_old,4. PL3 - danh muc cong .pdf,GATE_MASTER_2026-10-02,False
PL3-3202,Cống Hai Thủ,,,,,UNKNOWN,False,Giữ trống tọa độ để tránh tạo điểm giả; cần GIS kỹ thuật/khảo sát hoặc nguồn công bố trực tiếp.,PL3_2025_DongThap_old,4. PL3 - danh muc cong .pdf,GATE_MASTER_2026-10-02,False
PL3-3203,Cống Kênh Chà,,,,,UNKNOWN,False,Giữ trống tọa độ để tránh tạo điểm giả; cần GIS kỹ thuật/khảo sát hoặc nguồn công bố trực tiếp.,PL3_2025_DongThap_old,4. PL3 - danh muc cong .pdf,GATE_MASTER_2026-10-02,False
PL3-3204,Cống Bờ Dứa,,,,,UNKNOWN,False,Giữ trống tọa độ để tránh tạo điểm giả; cần GIS kỹ thuật/khảo sát hoặc nguồn công bố trực tiếp.,PL3_2025_DongThap_old,4. PL3 - danh muc cong .pdf,GATE_MASTER_2026-10-02,False
PL3-3205,Cống cuối tuyến Thầy Dược,,,,,UNKNOWN,False,Giữ trống tọa độ để tránh tạo điểm giả; cần GIS kỹ thuật/khảo sát hoặc nguồn công bố trực tiếp.,PL3_2025_DongThap_old,4. PL3 - danh muc cong .pdf,GATE_MASTER_2026-10-02,False
PL3-3206,Cống Ông Phương,,,,,UNKNOWN,False,Giữ trống tọa độ để tránh tạo điểm giả; cần GIS kỹ thuật/khảo sát hoặc nguồn công bố trực tiếp.,PL3_2025_DongThap_old,4. PL3 - danh muc cong .pdf,GATE_MASTER_2026-10-02,False
PL3-3207,Cống Bà Đồ số 1,,,,,UNKNOWN,False,Giữ trống tọa độ để tránh tạo điểm giả; cần GIS kỹ thuật/khảo sát hoặc nguồn công bố trực tiếp.,PL3_2025_DongThap_old,4. PL3 - danh muc cong .pdf,GATE_MASTER_2026-10-02,False
PL3-3208,Cống Bà Đồ số 2,,,,,UNKNOWN,False,Giữ trống tọa độ để tránh tạo điểm giả; cần GIS kỹ thuật/khảo sát hoặc nguồn công bố trực tiếp.,PL3_2025_DongThap_old,4. PL3 - danh muc cong .pdf,GATE_MASTER_2026-10-02,False
PL3-3209,Cống Bà Đồ số 3,,,,,UNKNOWN,False,Giữ trống tọa độ để tránh tạo điểm giả; cần GIS kỹ thuật/khảo sát hoặc nguồn công bố trực tiếp.,PL3_2025_DongThap_old,4. PL3 - danh muc cong .pdf,GATE_MASTER_2026-10-02,False
PL3-3210,Cống Bà Đồ số 4,,,,,UNKNOWN,False,Giữ trống tọa độ để tránh tạo điểm giả; cần GIS kỹ thuật/khảo sát hoặc nguồn công bố trực tiếp.,PL3_2025_DongThap_old,4. PL3 - danh muc cong .pdf,GATE_MASTER_2026-10-02,False
PL3-3211,Cống Bà Đồ số 5,,,,,UNKNOWN,False,Giữ trống tọa độ để tránh tạo điểm giả; cần GIS kỹ thuật/khảo sát hoặc nguồn công bố trực tiếp.,PL3_2025_DongThap_old,4. PL3 - danh muc cong .pdf,GATE_MASTER_2026-10-02,False
PL3-3212,Cống Bảy Be,,,,,UNKNOWN,False,Giữ trống tọa độ để tránh tạo điểm giả; cần GIS kỹ thuật/khảo sát hoặc nguồn công bố trực tiếp.,PL3_2025_DongThap_old,4. PL3 - danh muc cong .pdf,GATE_MASTER_2026-10-02,False
PL3-3213,Cống Tám Trứ,,,,,UNKNOWN,False,Giữ trống tọa độ để tránh tạo điểm giả; cần GIS kỹ thuật/khảo sát hoặc nguồn công bố trực tiếp.,PL3_2025_DongThap_old,4. PL3 - danh muc cong .pdf,GATE_MASTER_2026-10-02,False
PL3-3214,Cống Sáu Bồng,,,,,UNKNOWN,False,Giữ trống tọa độ để tránh tạo điểm giả; cần GIS kỹ thuật/khảo sát hoặc nguồn công bố trực tiếp.,PL3_2025_DongThap_old,4. PL3 - danh muc cong .pdf,GATE_MASTER_2026-10-02,False
PL3-3215,Cống Cả Cùng 1,,,,,UNKNOWN,False,Giữ trống tọa độ để tránh tạo điểm giả; cần GIS kỹ thuật/khảo sát hoặc nguồn công bố trực tiếp.,PL3_2025_DongThap_old,4. PL3 - danh muc cong .pdf,GATE_MASTER_2026-10-02,False
PL3-3216,Cống Ba Tại,,,,,UNKNOWN,False,Giữ trống tọa độ để tránh tạo điểm giả; cần GIS kỹ thuật/khảo sát hoặc nguồn công bố trực tiếp.,PL3_2025_DongThap_old,4. PL3 - danh muc cong .pdf,GATE_MASTER_2026-10-02,False
PL3-3217,Cống Thủy Lợi,,,,,UNKNOWN,False,Giữ trống tọa độ để tránh tạo điểm giả; cần GIS kỹ thuật/khảo sát hoặc nguồn công bố trực tiếp.,PL3_2025_DongThap_old,4. PL3 - danh muc cong .pdf,GATE_MASTER_2026-10-02,False
PL3-3218,Cống Ba Hưng,,,,,UNKNOWN,False,Giữ trống tọa độ để tránh tạo điểm giả; cần GIS kỹ thuật/khảo sát hoặc nguồn công bố trực tiếp.,PL3_2025_DongThap_old,4. PL3 - danh muc cong .pdf,GATE_MASTER_2026-10-02,False
PL3-3219,Cống Bảy Đời,,,,,UNKNOWN,False,Giữ trống tọa độ để tránh tạo điểm giả; cần GIS kỹ thuật/khảo sát hoặc nguồn công bố trực tiếp.,PL3_2025_DongThap_old,4. PL3 - danh muc cong .pdf,GATE_MASTER_2026-10-02,False
PL3-3220,Cống Đòn Dông,,,,,UNKNOWN,False,Giữ trống tọa độ để tránh tạo điểm giả; cần GIS kỹ thuật/khảo sát hoặc nguồn công bố trực tiếp.,PL3_2025_DongThap_old,4. PL3 - danh muc cong .pdf,GATE_MASTER_2026-10-02,False
PL3-3221,Cống Mương Trâu,,,,,UNKNOWN,False,Giữ trống tọa độ để tránh tạo điểm giả; cần GIS kỹ thuật/khảo sát hoặc nguồn công bố trực tiếp.,PL3_2025_DongThap_old,4. PL3 - danh muc cong .pdf,GATE_MASTER_2026-10-02,False
PL3-3222,Cống Hai Thăng,,,,,UNKNOWN,False,Giữ trống tọa độ để tránh tạo điểm giả; cần GIS kỹ thuật/khảo sát hoặc nguồn công bố trực tiếp.,PL3_2025_DongThap_old,4. PL3 - danh muc cong .pdf,GATE_MASTER_2026-10-02,False
PL3-3223,Cống Ba Ngân,,,,,UNKNOWN,False,Giữ trống tọa độ để tránh tạo điểm giả; cần GIS kỹ thuật/khảo sát hoặc nguồn công bố trực tiếp.,PL3_2025_DongThap_old,4. PL3 - danh muc cong .pdf,GATE_MASTER_2026-10-02,False
PL3-3224,Cống Xã như,,,,,UNKNOWN,False,Giữ trống tọa độ để tránh tạo điểm giả; cần GIS kỹ thuật/khảo sát hoặc nguồn công bố trực tiếp.,PL3_2025_DongThap_old,4. PL3 - danh muc cong .pdf,GATE_MASTER_2026-10-02,False
PL3-3225,Cống Cây Gáo,,,,,UNKNOWN,False,Giữ trống tọa độ để tránh tạo điểm giả; cần GIS kỹ thuật/khảo sát hoặc nguồn công bố trực tiếp.,PL3_2025_DongThap_old,4. PL3 - danh muc cong .pdf,GATE_MASTER_2026-10-02,False
PL3-3226,Cống Bờ Chà,,,,,UNKNOWN,False,Giữ trống tọa độ để tránh tạo điểm giả; cần GIS kỹ thuật/khảo sát hoặc nguồn công bố trực tiếp.,PL3_2025_DongThap_old,4. PL3 - danh muc cong .pdf,GATE_MASTER_2026-10-02,False
PL3-3227,Cống Hai Ai,,,,,UNKNOWN,False,Giữ trống tọa độ để tránh tạo điểm giả; cần GIS kỹ thuật/khảo sát hoặc nguồn công bố trực tiếp.,PL3_2025_DongThap_old,4. PL3 - danh muc cong .pdf,GATE_MASTER_2026-10-02,False
PL3-3228,Cống xã Chiến đấu,,,,,UNKNOWN,False,Giữ trống tọa độ để tránh tạo điểm giả; cần GIS kỹ thuật/khảo sát hoặc nguồn công bố trực tiếp.,PL3_2025_DongThap_old,4. PL3 - danh muc cong .pdf,GATE_MASTER_2026-10-02,False
PL3-3229,Cống Tư Lí,,,,,UNKNOWN,False,Giữ trống tọa độ để tránh tạo điểm giả; cần GIS kỹ thuật/khảo sát hoặc nguồn công bố trực tiếp.,PL3_2025_DongThap_old,4. PL3 - danh muc cong .pdf,GATE_MASTER_2026-10-02,False
PL3-3230,Cống Lưu Văn Tạng,,,,,UNKNOWN,False,Giữ trống tọa độ để tránh tạo điểm giả; cần GIS kỹ thuật/khảo sát hoặc nguồn công bố trực tiếp.,PL3_2025_DongThap_old,4. PL3 - danh muc cong .pdf,GATE_MASTER_2026-10-02,False
PL3-3231,Cống Văn Năm,,,,,UNKNOWN,False,Giữ trống tọa độ để tránh tạo điểm giả; cần GIS kỹ thuật/khảo sát hoặc nguồn công bố trực tiếp.,PL3_2025_DongThap_old,4. PL3 - danh muc cong .pdf,GATE_MASTER_2026-10-02,False
PL3-3232,Cống Út Cu,,,,,UNKNOWN,False,Giữ trống tọa độ để tránh tạo điểm giả; cần GIS kỹ thuật/khảo sát hoặc nguồn công bố trực tiếp.,PL3_2025_DongThap_old,4. PL3 - danh muc cong .pdf,GATE_MASTER_2026-10-02,False
PL3-3233,Cống Hai Nhỏ,,,,,UNKNOWN,False,Giữ trống tọa độ để tránh tạo điểm giả; cần GIS kỹ thuật/khảo sát hoặc nguồn công bố trực tiếp.,PL3_2025_DongThap_old,4. PL3 - danh muc cong .pdf,GATE_MASTER_2026-10-02,False
PL3-3234,Cống Bảy Tèo,,,,,UNKNOWN,False,Giữ trống tọa độ để tránh tạo điểm giả; cần GIS kỹ thuật/khảo sát hoặc nguồn công bố trực tiếp.,PL3_2025_DongThap_old,4. PL3 - danh muc cong .pdf,GATE_MASTER_2026-10-02,False
PL3-3235,Cống Đập Đình,,,,,UNKNOWN,False,Giữ trống tọa độ để tránh tạo điểm giả; cần GIS kỹ thuật/khảo sát hoặc nguồn công bố trực tiếp.,PL3_2025_DongThap_old,4. PL3 - danh muc cong .pdf,GATE_MASTER_2026-10-02,False
PL3-3236,Cống Xẻo Lá,,,,,UNKNOWN,False,Giữ trống tọa độ để tránh tạo điểm giả; cần GIS kỹ thuật/khảo sát hoặc nguồn công bố trực tiếp.,PL3_2025_DongThap_old,4. PL3 - danh muc cong .pdf,GATE_MASTER_2026-10-02,False
PL3-3237,Cống Xẻo Mướp,,,,,UNKNOWN,False,Giữ trống tọa độ để tránh tạo điểm giả; cần GIS kỹ thuật/khảo sát hoặc nguồn công bố trực tiếp.,PL3_2025_DongThap_old,4. PL3 - danh muc cong .pdf,GATE_MASTER_2026-10-02,False
PL3-3238,Cống Ông Sư,,,,,UNKNOWN,False,Giữ trống tọa độ để tránh tạo điểm giả; cần GIS kỹ thuật/khảo sát hoặc nguồn công bố trực tiếp.,PL3_2025_DongThap_old,4. PL3 - danh muc cong .pdf,GATE_MASTER_2026-10-02,False
PL3-3239,Cống Chủ Hào,,,,,UNKNOWN,False,Giữ trống tọa độ để tránh tạo điểm giả; cần GIS kỹ thuật/khảo sát hoặc nguồn công bố trực tiếp.,PL3_2025_DongThap_old,4. PL3 - danh muc cong .pdf,GATE_MASTER_2026-10-02,False
PL3-3240,Cống Sáu Tèo,,,,,UNKNOWN,False,Giữ trống tọa độ để tránh tạo điểm giả; cần GIS kỹ thuật/khảo sát hoặc nguồn công bố trực tiếp.,PL3_2025_DongThap_old,4. PL3 - danh muc cong .pdf,GATE_MASTER_2026-10-02,False
PL3-3241,Cống Ba Thuần,,,,,UNKNOWN,False,Giữ trống tọa độ để tránh tạo điểm giả; cần GIS kỹ thuật/khảo sát hoặc nguồn công bố trực tiếp.,PL3_2025_DongThap_old,4. PL3 - danh muc cong .pdf,GATE_MASTER_2026-10-02,False
PL3-3242,Cống Hai Cẩm,,,,,UNKNOWN,False,Giữ trống tọa độ để tránh tạo điểm giả; cần GIS kỹ thuật/khảo sát hoặc nguồn công bố trực tiếp.,PL3_2025_DongThap_old,4. PL3 - danh muc cong .pdf,GATE_MASTER_2026-10-02,False
PL3-3243,Cống Bảy Ngọn,,,,,UNKNOWN,False,Giữ trống tọa độ để tránh tạo điểm giả; cần GIS kỹ thuật/khảo sát hoặc nguồn công bố trực tiếp.,PL3_2025_DongThap_old,4. PL3 - danh muc cong .pdf,GATE_MASTER_2026-10-02,False
PL3-3244,Cống Hai Lí,,,,,UNKNOWN,False,Giữ trống tọa độ để tránh tạo điểm giả; cần GIS kỹ thuật/khảo sát hoặc nguồn công bố trực tiếp.,PL3_2025_DongThap_old,4. PL3 - danh muc cong .pdf,GATE_MASTER_2026-10-02,False
PL3-3245,Cống Tư Xuyên,,,,,UNKNOWN,False,Giữ trống tọa độ để tránh tạo điểm giả; cần GIS kỹ thuật/khảo sát hoặc nguồn công bố trực tiếp.,PL3_2025_DongThap_old,4. PL3 - danh muc cong .pdf,GATE_MASTER_2026-10-02,False
PL3-3246,Cống Năm Khỉ,,,,,UNKNOWN,False,Giữ trống tọa độ để tránh tạo điểm giả; cần GIS kỹ thuật/khảo sát hoặc nguồn công bố trực tiếp.,PL3_2025_DongThap_old,4. PL3 - danh muc cong .pdf,GATE_MASTER_2026-10-02,False
PL3-3247,Cống Bảy Đường,,,,,UNKNOWN,False,Giữ trống tọa độ để tránh tạo điểm giả; cần GIS kỹ thuật/khảo sát hoặc nguồn công bố trực tiếp.,PL3_2025_DongThap_old,4. PL3 - danh muc cong .pdf,GATE_MASTER_2026-10-02,False
PL3-3248,Cống Hai Cầu,,,,,UNKNOWN,False,Giữ trống tọa độ để tránh tạo điểm giả; cần GIS kỹ thuật/khảo sát hoặc nguồn công bố trực tiếp.,PL3_2025_DongThap_old,4. PL3 - danh muc cong .pdf,GATE_MASTER_2026-10-02,False
PL3-3249,Cống Tư Khò Khè,,,,,UNKNOWN,False,Giữ trống tọa độ để tránh tạo điểm giả; cần GIS kỹ thuật/khảo sát hoặc nguồn công bố trực tiếp.,PL3_2025_DongThap_old,4. PL3 - danh muc cong .pdf,GATE_MASTER_2026-10-02,False
PL3-3250,Cống Tư Cù,,,,,UNKNOWN,False,Giữ trống tọa độ để tránh tạo điểm giả; cần GIS kỹ thuật/khảo sát hoặc nguồn công bố trực tiếp.,PL3_2025_DongThap_old,4. PL3 - danh muc cong .pdf,GATE_MASTER_2026-10-02,False
PL3-3251,Cống số 4 - Út Trí,,,,,UNKNOWN,False,Giữ trống tọa độ để tránh tạo điểm giả; cần GIS kỹ thuật/khảo sát hoặc nguồn công bố trực tiếp.,PL3_2025_DongThap_old,4. PL3 - danh muc cong .pdf,GATE_MASTER_2026-10-02,False
PL3-3252,Cống Bảy Kiềm,,,,,UNKNOWN,False,Giữ trống tọa độ để tránh tạo điểm giả; cần GIS kỹ thuật/khảo sát hoặc nguồn công bố trực tiếp.,PL3_2025_DongThap_old,4. PL3 - danh muc cong .pdf,GATE_MASTER_2026-10-02,False
PL3-3253,Cống Út Em,,,,,UNKNOWN,False,Giữ trống tọa độ để tránh tạo điểm giả; cần GIS kỹ thuật/khảo sát hoặc nguồn công bố trực tiếp.,PL3_2025_DongThap_old,4. PL3 - danh muc cong .pdf,GATE_MASTER_2026-10-02,False
PL3-3254,Cống Số 2 - Xẻo Lát,,,,,UNKNOWN,False,Giữ trống tọa độ để tránh tạo điểm giả; cần GIS kỹ thuật/khảo sát hoặc nguồn công bố trực tiếp.,PL3_2025_DongThap_old,4. PL3 - danh muc cong .pdf,GATE_MASTER_2026-10-02,False
PL3-3255,Cống Ông Hội,,,,,UNKNOWN,False,Giữ trống tọa độ để tránh tạo điểm giả; cần GIS kỹ thuật/khảo sát hoặc nguồn công bố trực tiếp.,PL3_2025_DongThap_old,4. PL3 - danh muc cong .pdf,GATE_MASTER_2026-10-02,False
PL3-3256,Cống Út Đực,,,,,UNKNOWN,False,Giữ trống tọa độ để tránh tạo điểm giả; cần GIS kỹ thuật/khảo sát hoặc nguồn công bố trực tiếp.,PL3_2025_DongThap_old,4. PL3 - danh muc cong .pdf,GATE_MASTER_2026-10-02,False
PL3-3257,Cống Đổi,,,,,UNKNOWN,False,Giữ trống tọa độ để tránh tạo điểm giả; cần GIS kỹ thuật/khảo sát hoặc nguồn công bố trực tiếp.,PL3_2025_DongThap_old,4. PL3 - danh muc cong .pdf,GATE_MASTER_2026-10-02,False
PL3-3258,Cống Thủy Lợi 1,,,,,UNKNOWN,False,Giữ trống tọa độ để tránh tạo điểm giả; cần GIS kỹ thuật/khảo sát hoặc nguồn công bố trực tiếp.,PL3_2025_DongThap_old,4. PL3 - danh muc cong .pdf,GATE_MASTER_2026-10-02,False
PL3-3259,Cống Thủy Lợi 2,,,,,UNKNOWN,False,Giữ trống tọa độ để tránh tạo điểm giả; cần GIS kỹ thuật/khảo sát hoặc nguồn công bố trực tiếp.,PL3_2025_DongThap_old,4. PL3 - danh muc cong .pdf,GATE_MASTER_2026-10-02,False
PL3-3260,Cống Hai Minh,,,,,UNKNOWN,False,Giữ trống tọa độ để tránh tạo điểm giả; cần GIS kỹ thuật/khảo sát hoặc nguồn công bố trực tiếp.,PL3_2025_DongThap_old,4. PL3 - danh muc cong .pdf,GATE_MASTER_2026-10-02,False
PL3-3261,Cống Tư Húc,,,,,UNKNOWN,False,Giữ trống tọa độ để tránh tạo điểm giả; cần GIS kỹ thuật/khảo sát hoặc nguồn công bố trực tiếp.,PL3_2025_DongThap_old,4. PL3 - danh muc cong .pdf,GATE_MASTER_2026-10-02,False
PL3-3262,Cống Minh Một,,,,,UNKNOWN,False,Giữ trống tọa độ để tránh tạo điểm giả; cần GIS kỹ thuật/khảo sát hoặc nguồn công bố trực tiếp.,PL3_2025_DongThap_old,4. PL3 - danh muc cong .pdf,GATE_MASTER_2026-10-02,False
PL3-3263,Cống Tư Thành,,,,,UNKNOWN,False,Giữ trống tọa độ để tránh tạo điểm giả; cần GIS kỹ thuật/khảo sát hoặc nguồn công bố trực tiếp.,PL3_2025_DongThap_old,4. PL3 - danh muc cong .pdf,GATE_MASTER_2026-10-02,False
PL3-3264,Cống Năm Lựu,,,,,UNKNOWN,False,Giữ trống tọa độ để tránh tạo điểm giả; cần GIS kỹ thuật/khảo sát hoặc nguồn công bố trực tiếp.,PL3_2025_DongThap_old,4. PL3 - danh muc cong .pdf,GATE_MASTER_2026-10-02,False
PL3-3265,Cống Tám Châu,,,,,UNKNOWN,False,Giữ trống tọa độ để tránh tạo điểm giả; cần GIS kỹ thuật/khảo sát hoặc nguồn công bố trực tiếp.,PL3_2025_DongThap_old,4. PL3 - danh muc cong .pdf,GATE_MASTER_2026-10-02,False
PL3-3266,Cống Sáu Chọn,,,,,UNKNOWN,False,Giữ trống tọa độ để tránh tạo điểm giả; cần GIS kỹ thuật/khảo sát hoặc nguồn công bố trực tiếp.,PL3_2025_DongThap_old,4. PL3 - danh muc cong .pdf,GATE_MASTER_2026-10-02,False
PL3-3267,Cống Cây Trâm,,,,,UNKNOWN,False,Giữ trống tọa độ để tránh tạo điểm giả; cần GIS kỹ thuật/khảo sát hoặc nguồn công bố trực tiếp.,PL3_2025_DongThap_old,4. PL3 - danh muc cong .pdf,GATE_MASTER_2026-10-02,False
PL3-3268,Cống Bà Cả,,,,,UNKNOWN,False,Giữ trống tọa độ để tránh tạo điểm giả; cần GIS kỹ thuật/khảo sát hoặc nguồn công bố trực tiếp.,PL3_2025_DongThap_old,4. PL3 - danh muc cong .pdf,GATE_MASTER_2026-10-02,False
PL3-3269,Cống Ba Vừ,,,,,UNKNOWN,False,Giữ trống tọa độ để tránh tạo điểm giả; cần GIS kỹ thuật/khảo sát hoặc nguồn công bố trực tiếp.,PL3_2025_DongThap_old,4. PL3 - danh muc cong .pdf,GATE_MASTER_2026-10-02,False
PL3-3270,Cống Chín Bộ,,,,,UNKNOWN,False,Giữ trống tọa độ để tránh tạo điểm giả; cần GIS kỹ thuật/khảo sát hoặc nguồn công bố trực tiếp.,PL3_2025_DongThap_old,4. PL3 - danh muc cong .pdf,GATE_MASTER_2026-10-02,False
PL3-3271,Cống Sáu ốm,,,,,UNKNOWN,False,Giữ trống tọa độ để tránh tạo điểm giả; cần GIS kỹ thuật/khảo sát hoặc nguồn công bố trực tiếp.,PL3_2025_DongThap_old,4. PL3 - danh muc cong .pdf,GATE_MASTER_2026-10-02,False
PL3-3272,Cống Ba Ga,,,,,UNKNOWN,False,Giữ trống tọa độ để tránh tạo điểm giả; cần GIS kỹ thuật/khảo sát hoặc nguồn công bố trực tiếp.,PL3_2025_DongThap_old,4. PL3 - danh muc cong .pdf,GATE_MASTER_2026-10-02,False
PL3-3273,Cống Tư Tổng,,,,,UNKNOWN,False,Giữ trống tọa độ để tránh tạo điểm giả; cần GIS kỹ thuật/khảo sát hoặc nguồn công bố trực tiếp.,PL3_2025_DongThap_old,4. PL3 - danh muc cong .pdf,GATE_MASTER_2026-10-02,False
PL3-3274,Cống Cây Tràm 2,,,,,UNKNOWN,False,Giữ trống tọa độ để tránh tạo điểm giả; cần GIS kỹ thuật/khảo sát hoặc nguồn công bố trực tiếp.,PL3_2025_DongThap_old,4. PL3 - danh muc cong .pdf,GATE_MASTER_2026-10-02,False
PL3-3275,Cống Cây Tràm 1,,,,,UNKNOWN,False,Giữ trống tọa độ để tránh tạo điểm giả; cần GIS kỹ thuật/khảo sát hoặc nguồn công bố trực tiếp.,PL3_2025_DongThap_old,4. PL3 - danh muc cong .pdf,GATE_MASTER_2026-10-02,False
PL3-3276,Cống Sáu Sương,,,,,UNKNOWN,False,Giữ trống tọa độ để tránh tạo điểm giả; cần GIS kỹ thuật/khảo sát hoặc nguồn công bố trực tiếp.,PL3_2025_DongThap_old,4. PL3 - danh muc cong .pdf,GATE_MASTER_2026-10-02,False
PL3-3277,Cống Ông Mỹ,,,,,UNKNOWN,False,Giữ trống tọa độ để tránh tạo điểm giả; cần GIS kỹ thuật/khảo sát hoặc nguồn công bố trực tiếp.,PL3_2025_DongThap_old,4. PL3 - danh muc cong .pdf,GATE_MASTER_2026-10-02,False
PL3-3278,Cống Hai Dần,,,,,UNKNOWN,False,Giữ trống tọa độ để tránh tạo điểm giả; cần GIS kỹ thuật/khảo sát hoặc nguồn công bố trực tiếp.,PL3_2025_DongThap_old,4. PL3 - danh muc cong .pdf,GATE_MASTER_2026-10-02,False
PL3-3279,Cống Bảy Cầu,,,,,UNKNOWN,False,Giữ trống tọa độ để tránh tạo điểm giả; cần GIS kỹ thuật/khảo sát hoặc nguồn công bố trực tiếp.,PL3_2025_DongThap_old,4. PL3 - danh muc cong .pdf,GATE_MASTER_2026-10-02,False
PL3-3280,Cống Sáu Nén,,,,,UNKNOWN,False,Giữ trống tọa độ để tránh tạo điểm giả; cần GIS kỹ thuật/khảo sát hoặc nguồn công bố trực tiếp.,PL3_2025_DongThap_old,4. PL3 - danh muc cong .pdf,GATE_MASTER_2026-10-02,False
PL3-3281,Cống Tư Nghính,,,,,UNKNOWN,False,Giữ trống tọa độ để tránh tạo điểm giả; cần GIS kỹ thuật/khảo sát hoặc nguồn công bố trực tiếp.,PL3_2025_DongThap_old,4. PL3 - danh muc cong .pdf,GATE_MASTER_2026-10-02,False
PL3-3282,Cống Chính Hiền,,,,,UNKNOWN,False,Giữ trống tọa độ để tránh tạo điểm giả; cần GIS kỹ thuật/khảo sát hoặc nguồn công bố trực tiếp.,PL3_2025_DongThap_old,4. PL3 - danh muc cong .pdf,GATE_MASTER_2026-10-02,False
PL3-3283,Cống Ba Nghị,,,,,UNKNOWN,False,Giữ trống tọa độ để tránh tạo điểm giả; cần GIS kỹ thuật/khảo sát hoặc nguồn công bố trực tiếp.,PL3_2025_DongThap_old,4. PL3 - danh muc cong .pdf,GATE_MASTER_2026-10-02,False
PL3-3284,Cống Út Thành,,,,,UNKNOWN,False,Giữ trống tọa độ để tránh tạo điểm giả; cần GIS kỹ thuật/khảo sát hoặc nguồn công bố trực tiếp.,PL3_2025_DongThap_old,4. PL3 - danh muc cong .pdf,GATE_MASTER_2026-10-02,False
PL3-3285,Cống Thân Lê,,,,,UNKNOWN,False,Giữ trống tọa độ để tránh tạo điểm giả; cần GIS kỹ thuật/khảo sát hoặc nguồn công bố trực tiếp.,PL3_2025_DongThap_old,4. PL3 - danh muc cong .pdf,GATE_MASTER_2026-10-02,False
PL3-3286,Cống Chính Sang,,,,,UNKNOWN,False,Giữ trống tọa độ để tránh tạo điểm giả; cần GIS kỹ thuật/khảo sát hoặc nguồn công bố trực tiếp.,PL3_2025_DongThap_old,4. PL3 - danh muc cong .pdf,GATE_MASTER_2026-10-02,False
PL3-3287,Cống 271,,,,,UNKNOWN,False,Giữ trống tọa độ để tránh tạo điểm giả; cần GIS kỹ thuật/khảo sát hoặc nguồn công bố trực tiếp.,PL3_2025_DongThap_old,4. PL3 - danh muc cong .pdf,GATE_MASTER_2026-10-02,False
PL3-3288,Cống Bảy Nhỏ,,,,,UNKNOWN,False,Giữ trống tọa độ để tránh tạo điểm giả; cần GIS kỹ thuật/khảo sát hoặc nguồn công bố trực tiếp.,PL3_2025_DongThap_old,4. PL3 - danh muc cong .pdf,GATE_MASTER_2026-10-02,False
PL3-3289,Cống Thủy Lợi,,,,,UNKNOWN,False,Giữ trống tọa độ để tránh tạo điểm giả; cần GIS kỹ thuật/khảo sát hoặc nguồn công bố trực tiếp.,PL3_2025_DongThap_old,4. PL3 - danh muc cong .pdf,GATE_MASTER_2026-10-02,False
PL3-3290,Cống Đập Chùa,,,,,UNKNOWN,False,Giữ trống tọa độ để tránh tạo điểm giả; cần GIS kỹ thuật/khảo sát hoặc nguồn công bố trực tiếp.,PL3_2025_DongThap_old,4. PL3 - danh muc cong .pdf,GATE_MASTER_2026-10-02,False
PL3-3291,Cống tỉnh lộ 854 1,,,,,UNKNOWN,False,Giữ trống tọa độ để tránh tạo điểm giả; cần GIS kỹ thuật/khảo sát hoặc nguồn công bố trực tiếp.,PL3_2025_DongThap_old,4. PL3 - danh muc cong .pdf,GATE_MASTER_2026-10-02,False
PL3-3292,Cống tỉnh lộ 854 2,,,,,UNKNOWN,False,Giữ trống tọa độ để tránh tạo điểm giả; cần GIS kỹ thuật/khảo sát hoặc nguồn công bố trực tiếp.,PL3_2025_DongThap_old,4. PL3 - danh muc cong .pdf,GATE_MASTER_2026-10-02,False
PL3-3293,Cống Tư Nâng,,,,,UNKNOWN,False,Giữ trống tọa độ để tránh tạo điểm giả; cần GIS kỹ thuật/khảo sát hoặc nguồn công bố trực tiếp.,PL3_2025_DongThap_old,4. PL3 - danh muc cong .pdf,GATE_MASTER_2026-10-02,False
PL3-3294,Cống Bảy Đáng,,,,,UNKNOWN,False,Giữ trống tọa độ để tránh tạo điểm giả; cần GIS kỹ thuật/khảo sát hoặc nguồn công bố trực tiếp.,PL3_2025_DongThap_old,4. PL3 - danh muc cong .pdf,GATE_MASTER_2026-10-02,False
PL3-3295,Cống Ba Nghệ,,,,,UNKNOWN,False,Giữ trống tọa độ để tránh tạo điểm giả; cần GIS kỹ thuật/khảo sát hoặc nguồn công bố trực tiếp.,PL3_2025_DongThap_old,4. PL3 - danh muc cong .pdf,GATE_MASTER_2026-10-02,False
PL3-3296,Cống Ba Cảnh,,,,,UNKNOWN,False,Giữ trống tọa độ để tránh tạo điểm giả; cần GIS kỹ thuật/khảo sát hoặc nguồn công bố trực tiếp.,PL3_2025_DongThap_old,4. PL3 - danh muc cong .pdf,GATE_MASTER_2026-10-02,False
PL3-3297,Cống Hai Vinh,,,,,UNKNOWN,False,Giữ trống tọa độ để tránh tạo điểm giả; cần GIS kỹ thuật/khảo sát hoặc nguồn công bố trực tiếp.,PL3_2025_DongThap_old,4. PL3 - danh muc cong .pdf,GATE_MASTER_2026-10-02,False
PL3-3298,Cống Tư Lự,,,,,UNKNOWN,False,Giữ trống tọa độ để tránh tạo điểm giả; cần GIS kỹ thuật/khảo sát hoặc nguồn công bố trực tiếp.,PL3_2025_DongThap_old,4. PL3 - danh muc cong .pdf,GATE_MASTER_2026-10-02,False
PL3-3299,Cống Điên Điển,,,,,UNKNOWN,False,Giữ trống tọa độ để tránh tạo điểm giả; cần GIS kỹ thuật/khảo sát hoặc nguồn công bố trực tiếp.,PL3_2025_DongThap_old,4. PL3 - danh muc cong .pdf,GATE_MASTER_2026-10-02,False
PL3-3300,Cống Ba Quyền,,,,,UNKNOWN,False,Giữ trống tọa độ để tránh tạo điểm giả; cần GIS kỹ thuật/khảo sát hoặc nguồn công bố trực tiếp.,PL3_2025_DongThap_old,4. PL3 - danh muc cong .pdf,GATE_MASTER_2026-10-02,False
PL3-3301,Cống Ranh PL - HT,,,,,UNKNOWN,False,Giữ trống tọa độ để tránh tạo điểm giả; cần GIS kỹ thuật/khảo sát hoặc nguồn công bố trực tiếp.,PL3_2025_DongThap_old,4. PL3 - danh muc cong .pdf,GATE_MASTER_2026-10-02,False
PL3-3302,Cống Ông Đỡ,,,,,UNKNOWN,False,Giữ trống tọa độ để tránh tạo điểm giả; cần GIS kỹ thuật/khảo sát hoặc nguồn công bố trực tiếp.,PL3_2025_DongThap_old,4. PL3 - danh muc cong .pdf,GATE_MASTER_2026-10-02,False
PL3-3303,Cống Huỳnh Thanh Hùng,,,,,UNKNOWN,False,Giữ trống tọa độ để tránh tạo điểm giả; cần GIS kỹ thuật/khảo sát hoặc nguồn công bố trực tiếp.,PL3_2025_DongThap_old,4. PL3 - danh muc cong .pdf,GATE_MASTER_2026-10-02,False
PL3-3304,Cống TL rạch Sậy,,,,,UNKNOWN,False,Giữ trống tọa độ để tránh tạo điểm giả; cần GIS kỹ thuật/khảo sát hoặc nguồn công bố trực tiếp.,PL3_2025_DongThap_old,4. PL3 - danh muc cong .pdf,GATE_MASTER_2026-10-02,False
PL3-3305,Cống Ba Ngoan,,,,,UNKNOWN,False,Giữ trống tọa độ để tránh tạo điểm giả; cần GIS kỹ thuật/khảo sát hoặc nguồn công bố trực tiếp.,PL3_2025_DongThap_old,4. PL3 - danh muc cong .pdf,GATE_MASTER_2026-10-02,False
PL3-3306,Cống Hai Hoe,,,,,UNKNOWN,False,Giữ trống tọa độ để tránh tạo điểm giả; cần GIS kỹ thuật/khảo sát hoặc nguồn công bố trực tiếp.,PL3_2025_DongThap_old,4. PL3 - danh muc cong .pdf,GATE_MASTER_2026-10-02,False
PL3-3307,Cống Sáu Khai,,,,,UNKNOWN,False,Giữ trống tọa độ để tránh tạo điểm giả; cần GIS kỹ thuật/khảo sát hoặc nguồn công bố trực tiếp.,PL3_2025_DongThap_old,4. PL3 - danh muc cong .pdf,GATE_MASTER_2026-10-02,False
PL3-3308,Cống Ranh AK - PH,,,,,UNKNOWN,False,Giữ trống tọa độ để tránh tạo điểm giả; cần GIS kỹ thuật/khảo sát hoặc nguồn công bố trực tiếp.,PL3_2025_DongThap_old,4. PL3 - danh muc cong .pdf,GATE_MASTER_2026-10-02,False
PL3-3309,Cống Bà Te,,,,,UNKNOWN,False,Giữ trống tọa độ để tránh tạo điểm giả; cần GIS kỹ thuật/khảo sát hoặc nguồn công bố trực tiếp.,PL3_2025_DongThap_old,4. PL3 - danh muc cong .pdf,GATE_MASTER_2026-10-02,False
PL3-3310,Cống Mương Giữa,,,,,UNKNOWN,False,Giữ trống tọa độ để tránh tạo điểm giả; cần GIS kỹ thuật/khảo sát hoặc nguồn công bố trực tiếp.,PL3_2025_DongThap_old,4. PL3 - danh muc cong .pdf,GATE_MASTER_2026-10-02,False
PL3-3311,Cống Hai Dân,,,,,UNKNOWN,False,Giữ trống tọa độ để tránh tạo điểm giả; cần GIS kỹ thuật/khảo sát hoặc nguồn công bố trực tiếp.,PL3_2025_DongThap_old,4. PL3 - danh muc cong .pdf,GATE_MASTER_2026-10-02,False
PL3-3312,Cống Cả Cùng 3,,,,,UNKNOWN,False,Giữ trống tọa độ để tránh tạo điểm giả; cần GIS kỹ thuật/khảo sát hoặc nguồn công bố trực tiếp.,PL3_2025_DongThap_old,4. PL3 - danh muc cong .pdf,GATE_MASTER_2026-10-02,False
PL3-3313,Cống Cả Cùng 2,,,,,UNKNOWN,False,Giữ trống tọa độ để tránh tạo điểm giả; cần GIS kỹ thuật/khảo sát hoặc nguồn công bố trực tiếp.,PL3_2025_DongThap_old,4. PL3 - danh muc cong .pdf,GATE_MASTER_2026-10-02,False
PL3-3314,Cống Đìa Sen,,,,,UNKNOWN,False,Giữ trống tọa độ để tránh tạo điểm giả; cần GIS kỹ thuật/khảo sát hoặc nguồn công bố trực tiếp.,PL3_2025_DongThap_old,4. PL3 - danh muc cong .pdf,GATE_MASTER_2026-10-02,False
PL3-3315,Cống Sáu Nho,,,,,UNKNOWN,False,Giữ trống tọa độ để tránh tạo điểm giả; cần GIS kỹ thuật/khảo sát hoặc nguồn công bố trực tiếp.,PL3_2025_DongThap_old,4. PL3 - danh muc cong .pdf,GATE_MASTER_2026-10-02,False
PL3-3316,Cống kênh 81,,,,,UNKNOWN,False,Giữ trống tọa độ để tránh tạo điểm giả; cần GIS kỹ thuật/khảo sát hoặc nguồn công bố trực tiếp.,PL3_2025_DongThap_old,4. PL3 - danh muc cong .pdf,GATE_MASTER_2026-10-02,False
PL3-3317,Cống Kênh Bà Thậm,,,,,UNKNOWN,False,Giữ trống tọa độ để tránh tạo điểm giả; cần GIS kỹ thuật/khảo sát hoặc nguồn công bố trực tiếp.,PL3_2025_DongThap_old,4. PL3 - danh muc cong .pdf,GATE_MASTER_2026-10-02,False
PL3-3318,Cống Thủy Lợi,,,,,UNKNOWN,False,Giữ trống tọa độ để tránh tạo điểm giả; cần GIS kỹ thuật/khảo sát hoặc nguồn công bố trực tiếp.,PL3_2025_DongThap_old,4. PL3 - danh muc cong .pdf,GATE_MASTER_2026-10-02,False
PL3-3319,Cống Tám Thép,,,,,UNKNOWN,False,Giữ trống tọa độ để tránh tạo điểm giả; cần GIS kỹ thuật/khảo sát hoặc nguồn công bố trực tiếp.,PL3_2025_DongThap_old,4. PL3 - danh muc cong .pdf,GATE_MASTER_2026-10-02,False
PL3-3320,Cống Chín Vinh,,,,,UNKNOWN,False,Giữ trống tọa độ để tránh tạo điểm giả; cần GIS kỹ thuật/khảo sát hoặc nguồn công bố trực tiếp.,PL3_2025_DongThap_old,4. PL3 - danh muc cong .pdf,GATE_MASTER_2026-10-02,False
PL3-3321,Cống Bờ Bưởi,,,,,UNKNOWN,False,Giữ trống tọa độ để tránh tạo điểm giả; cần GIS kỹ thuật/khảo sát hoặc nguồn công bố trực tiếp.,PL3_2025_DongThap_old,4. PL3 - danh muc cong .pdf,GATE_MASTER_2026-10-02,False
PL3-3322,Cống Kiến Hùng,,,,,UNKNOWN,False,Giữ trống tọa độ để tránh tạo điểm giả; cần GIS kỹ thuật/khảo sát hoặc nguồn công bố trực tiếp.,PL3_2025_DongThap_old,4. PL3 - danh muc cong .pdf,GATE_MASTER_2026-10-02,False
PL3-3323,Cống số 1,,,,,UNKNOWN,False,Giữ trống tọa độ để tránh tạo điểm giả; cần GIS kỹ thuật/khảo sát hoặc nguồn công bố trực tiếp.,PL3_2025_DongThap_old,4. PL3 - danh muc cong .pdf,GATE_MASTER_2026-10-02,False
PL3-3324,Cống Kênh Lấp,,,,,UNKNOWN,False,Giữ trống tọa độ để tránh tạo điểm giả; cần GIS kỹ thuật/khảo sát hoặc nguồn công bố trực tiếp.,PL3_2025_DongThap_old,4. PL3 - danh muc cong .pdf,GATE_MASTER_2026-10-02,False
PL3-3325,Cống Ông Mười - Nha Mân,,,,,UNKNOWN,False,Giữ trống tọa độ để tránh tạo điểm giả; cần GIS kỹ thuật/khảo sát hoặc nguồn công bố trực tiếp.,PL3_2025_DongThap_old,4. PL3 - danh muc cong .pdf,GATE_MASTER_2026-10-02,False
PL3-3326,Cống Thủy Lợi,,,,,UNKNOWN,False,Giữ trống tọa độ để tránh tạo điểm giả; cần GIS kỹ thuật/khảo sát hoặc nguồn công bố trực tiếp.,PL3_2025_DongThap_old,4. PL3 - danh muc cong .pdf,GATE_MASTER_2026-10-02,False
PL3-3327,Cống ngầm D100 Kênh Nha Mân - Tư Tải,,,,,UNKNOWN,False,Giữ trống tọa độ để tránh tạo điểm giả; cần GIS kỹ thuật/khảo sát hoặc nguồn công bố trực tiếp.,PL3_2025_DongThap_old,4. PL3 - danh muc cong .pdf,GATE_MASTER_2026-10-02,False
PL3-3328,Cống Số 2,,,,,UNKNOWN,False,Giữ trống tọa độ để tránh tạo điểm giả; cần GIS kỹ thuật/khảo sát hoặc nguồn công bố trực tiếp.,PL3_2025_DongThap_old,4. PL3 - danh muc cong .pdf,GATE_MASTER_2026-10-02,False
PL3-3329,Cống Hàng Gáo,,,,,UNKNOWN,False,Giữ trống tọa độ để tránh tạo điểm giả; cần GIS kỹ thuật/khảo sát hoặc nguồn công bố trực tiếp.,PL3_2025_DongThap_old,4. PL3 - danh muc cong .pdf,GATE_MASTER_2026-10-02,False
PL3-3330,Cống Năm Gấm,,,,,UNKNOWN,False,Giữ trống tọa độ để tránh tạo điểm giả; cần GIS kỹ thuật/khảo sát hoặc nguồn công bố trực tiếp.,PL3_2025_DongThap_old,4. PL3 - danh muc cong .pdf,GATE_MASTER_2026-10-02,False
PL3-3331,Cống TL Rạch Sậy,,,,,UNKNOWN,False,Giữ trống tọa độ để tránh tạo điểm giả; cần GIS kỹ thuật/khảo sát hoặc nguồn công bố trực tiếp.,PL3_2025_DongThap_old,4. PL3 - danh muc cong .pdf,GATE_MASTER_2026-10-02,False
PL3-3332,Cống Út Đực,,,,,UNKNOWN,False,Giữ trống tọa độ để tránh tạo điểm giả; cần GIS kỹ thuật/khảo sát hoặc nguồn công bố trực tiếp.,PL3_2025_DongThap_old,4. PL3 - danh muc cong .pdf,GATE_MASTER_2026-10-02,False
PL3-3333,Cống Sáu Hoành,,,,,UNKNOWN,False,Giữ trống tọa độ để tránh tạo điểm giả; cần GIS kỹ thuật/khảo sát hoặc nguồn công bố trực tiếp.,PL3_2025_DongThap_old,4. PL3 - danh muc cong .pdf,GATE_MASTER_2026-10-02,False
PL3-3334,Cống Phạm Văn Ba,,,,,UNKNOWN,False,Giữ trống tọa độ để tránh tạo điểm giả; cần GIS kỹ thuật/khảo sát hoặc nguồn công bố trực tiếp.,PL3_2025_DongThap_old,4. PL3 - danh muc cong .pdf,GATE_MASTER_2026-10-02,False
PL3-3335,Cống Trần Kim Ngọc,,,,,UNKNOWN,False,Giữ trống tọa độ để tránh tạo điểm giả; cần GIS kỹ thuật/khảo sát hoặc nguồn công bố trực tiếp.,PL3_2025_DongThap_old,4. PL3 - danh muc cong .pdf,GATE_MASTER_2026-10-02,False
PL3-3336,Cống Phan Văn Thành,,,,,UNKNOWN,False,Giữ trống tọa độ để tránh tạo điểm giả; cần GIS kỹ thuật/khảo sát hoặc nguồn công bố trực tiếp.,PL3_2025_DongThap_old,4. PL3 - danh muc cong .pdf,GATE_MASTER_2026-10-02,False
PL3-3337,Cống Lê Thị Hoa,,,,,UNKNOWN,False,Giữ trống tọa độ để tránh tạo điểm giả; cần GIS kỹ thuật/khảo sát hoặc nguồn công bố trực tiếp.,PL3_2025_DongThap_old,4. PL3 - danh muc cong .pdf,GATE_MASTER_2026-10-02,False
PL3-3338,Cống Sáu Thanh,,,,,UNKNOWN,False,Giữ trống tọa độ để tránh tạo điểm giả; cần GIS kỹ thuật/khảo sát hoặc nguồn công bố trực tiếp.,PL3_2025_DongThap_old,4. PL3 - danh muc cong .pdf,GATE_MASTER_2026-10-02,False
PL3-3339,Cống Thủy Lợi,,,,,UNKNOWN,False,Giữ trống tọa độ để tránh tạo điểm giả; cần GIS kỹ thuật/khảo sát hoặc nguồn công bố trực tiếp.,PL3_2025_DongThap_old,4. PL3 - danh muc cong .pdf,GATE_MASTER_2026-10-02,False
PL3-3340,Cống Cây Rừng,,,,,UNKNOWN,False,Giữ trống tọa độ để tránh tạo điểm giả; cần GIS kỹ thuật/khảo sát hoặc nguồn công bố trực tiếp.,PL3_2025_DongThap_old,4. PL3 - danh muc cong .pdf,GATE_MASTER_2026-10-02,False
PL3-3341,Cống Kênh Thủy Lợi,,,,,UNKNOWN,False,Giữ trống tọa độ để tránh tạo điểm giả; cần GIS kỹ thuật/khảo sát hoặc nguồn công bố trực tiếp.,PL3_2025_DongThap_old,4. PL3 - danh muc cong .pdf,GATE_MASTER_2026-10-02,False
PL3-3342,Nguyễn Văn Hùng,,,,,UNKNOWN,False,Giữ trống tọa độ để tránh tạo điểm giả; cần GIS kỹ thuật/khảo sát hoặc nguồn công bố trực tiếp.,PL3_2025_DongThap_old,4. PL3 - danh muc cong .pdf,GATE_MASTER_2026-10-02,False
PL3-3343,Cống Hai Nhất,,,,,UNKNOWN,False,Giữ trống tọa độ để tránh tạo điểm giả; cần GIS kỹ thuật/khảo sát hoặc nguồn công bố trực tiếp.,PL3_2025_DongThap_old,4. PL3 - danh muc cong .pdf,GATE_MASTER_2026-10-02,False
PL3-3344,Cống Năm Môn,,,,,UNKNOWN,False,Giữ trống tọa độ để tránh tạo điểm giả; cần GIS kỹ thuật/khảo sát hoặc nguồn công bố trực tiếp.,PL3_2025_DongThap_old,4. PL3 - danh muc cong .pdf,GATE_MASTER_2026-10-02,False
PL3-3345,Cống Cũ,,,,,UNKNOWN,False,Giữ trống tọa độ để tránh tạo điểm giả; cần GIS kỹ thuật/khảo sát hoặc nguồn công bố trực tiếp.,PL3_2025_DongThap_old,4. PL3 - danh muc cong .pdf,GATE_MASTER_2026-10-02,False
PL3-3346,Cống 3 Que,,,,,UNKNOWN,False,Giữ trống tọa độ để tránh tạo điểm giả; cần GIS kỹ thuật/khảo sát hoặc nguồn công bố trực tiếp.,PL3_2025_DongThap_old,4. PL3 - danh muc cong .pdf,GATE_MASTER_2026-10-02,False
PL3-3347,Cống 5 Xì,,,,,UNKNOWN,False,Giữ trống tọa độ để tránh tạo điểm giả; cần GIS kỹ thuật/khảo sát hoặc nguồn công bố trực tiếp.,PL3_2025_DongThap_old,4. PL3 - danh muc cong .pdf,GATE_MASTER_2026-10-02,False
PL3-3348,Cống Thạch Em,,,,,UNKNOWN,False,Giữ trống tọa độ để tránh tạo điểm giả; cần GIS kỹ thuật/khảo sát hoặc nguồn công bố trực tiếp.,PL3_2025_DongThap_old,4. PL3 - danh muc cong .pdf,GATE_MASTER_2026-10-02,False
PL3-3349,Cống Gò Me,,,,,UNKNOWN,False,Giữ trống tọa độ để tránh tạo điểm giả; cần GIS kỹ thuật/khảo sát hoặc nguồn công bố trực tiếp.,PL3_2025_DongThap_old,4. PL3 - danh muc cong .pdf,GATE_MASTER_2026-10-02,False
PL3-3350,Cống 5 Kinh,,,,,UNKNOWN,False,Giữ trống tọa độ để tránh tạo điểm giả; cần GIS kỹ thuật/khảo sát hoặc nguồn công bố trực tiếp.,PL3_2025_DongThap_old,4. PL3 - danh muc cong .pdf,GATE_MASTER_2026-10-02,False
PL3-3351,Cống Hai Xua,,,,,UNKNOWN,False,Giữ trống tọa độ để tránh tạo điểm giả; cần GIS kỹ thuật/khảo sát hoặc nguồn công bố trực tiếp.,PL3_2025_DongThap_old,4. PL3 - danh muc cong .pdf,GATE_MASTER_2026-10-02,False
PL3-3352,Cống Sáu Ất,,,,,UNKNOWN,False,Giữ trống tọa độ để tránh tạo điểm giả; cần GIS kỹ thuật/khảo sát hoặc nguồn công bố trực tiếp.,PL3_2025_DongThap_old,4. PL3 - danh muc cong .pdf,GATE_MASTER_2026-10-02,False
PL3-3353,Cống Kênh Ranh,,,,,UNKNOWN,False,Giữ trống tọa độ để tránh tạo điểm giả; cần GIS kỹ thuật/khảo sát hoặc nguồn công bố trực tiếp.,PL3_2025_DongThap_old,4. PL3 - danh muc cong .pdf,GATE_MASTER_2026-10-02,False
PL3-3354,Cống Hai Nhược,,,,,UNKNOWN,False,Giữ trống tọa độ để tránh tạo điểm giả; cần GIS kỹ thuật/khảo sát hoặc nguồn công bố trực tiếp.,PL3_2025_DongThap_old,4. PL3 - danh muc cong .pdf,GATE_MASTER_2026-10-02,False
PL3-3355,Cống 7 Sơn,,,,,UNKNOWN,False,Giữ trống tọa độ để tránh tạo điểm giả; cần GIS kỹ thuật/khảo sát hoặc nguồn công bố trực tiếp.,PL3_2025_DongThap_old,4. PL3 - danh muc cong .pdf,GATE_MASTER_2026-10-02,False
PL3-3356,Cống Ngã Nhỏ,,,,,UNKNOWN,False,Giữ trống tọa độ để tránh tạo điểm giả; cần GIS kỹ thuật/khảo sát hoặc nguồn công bố trực tiếp.,PL3_2025_DongThap_old,4. PL3 - danh muc cong .pdf,GATE_MASTER_2026-10-02,False
PL3-3357,Cống Mương Chùa,,,,,UNKNOWN,False,Giữ trống tọa độ để tránh tạo điểm giả; cần GIS kỹ thuật/khảo sát hoặc nguồn công bố trực tiếp.,PL3_2025_DongThap_old,4. PL3 - danh muc cong .pdf,GATE_MASTER_2026-10-02,False
PL3-3358,Cống Năm Hùng,,,,,UNKNOWN,False,Giữ trống tọa độ để tránh tạo điểm giả; cần GIS kỹ thuật/khảo sát hoặc nguồn công bố trực tiếp.,PL3_2025_DongThap_old,4. PL3 - danh muc cong .pdf,GATE_MASTER_2026-10-02,False
PL3-3359,Cống Trần Văn Năm,,,,,UNKNOWN,False,Giữ trống tọa độ để tránh tạo điểm giả; cần GIS kỹ thuật/khảo sát hoặc nguồn công bố trực tiếp.,PL3_2025_DongThap_old,4. PL3 - danh muc cong .pdf,GATE_MASTER_2026-10-02,False
PL3-3360,Cống Ông Phương,,,,,UNKNOWN,False,Giữ trống tọa độ để tránh tạo điểm giả; cần GIS kỹ thuật/khảo sát hoặc nguồn công bố trực tiếp.,PL3_2025_DongThap_old,4. PL3 - danh muc cong .pdf,GATE_MASTER_2026-10-02,False
PL3-3361,Cống Nguyễn Thị Lan,,,,,UNKNOWN,False,Giữ trống tọa độ để tránh tạo điểm giả; cần GIS kỹ thuật/khảo sát hoặc nguồn công bố trực tiếp.,PL3_2025_DongThap_old,4. PL3 - danh muc cong .pdf,GATE_MASTER_2026-10-02,False
PL3-3362,Cống Ông Đức,,,,,UNKNOWN,False,Giữ trống tọa độ để tránh tạo điểm giả; cần GIS kỹ thuật/khảo sát hoặc nguồn công bố trực tiếp.,PL3_2025_DongThap_old,4. PL3 - danh muc cong .pdf,GATE_MASTER_2026-10-02,False
PL3-3363,Cống Ông Thum,,,,,UNKNOWN,False,Giữ trống tọa độ để tránh tạo điểm giả; cần GIS kỹ thuật/khảo sát hoặc nguồn công bố trực tiếp.,PL3_2025_DongThap_old,4. PL3 - danh muc cong .pdf,GATE_MASTER_2026-10-02,False
PL3-3364,Cống Tư Bon,,,,,UNKNOWN,False,Giữ trống tọa độ để tránh tạo điểm giả; cần GIS kỹ thuật/khảo sát hoặc nguồn công bố trực tiếp.,PL3_2025_DongThap_old,4. PL3 - danh muc cong .pdf,GATE_MASTER_2026-10-02,False
PL3-3365,Cống Ông Thum,,,,,UNKNOWN,False,Giữ trống tọa độ để tránh tạo điểm giả; cần GIS kỹ thuật/khảo sát hoặc nguồn công bố trực tiếp.,PL3_2025_DongThap_old,4. PL3 - danh muc cong .pdf,GATE_MASTER_2026-10-02,False
PL3-3366,Cống Cây Trâm,,,,,UNKNOWN,False,Giữ trống tọa độ để tránh tạo điểm giả; cần GIS kỹ thuật/khảo sát hoặc nguồn công bố trực tiếp.,PL3_2025_DongThap_old,4. PL3 - danh muc cong .pdf,GATE_MASTER_2026-10-02,False
PL3-3367,Cống Ông Hổ,,,,,UNKNOWN,False,Giữ trống tọa độ để tránh tạo điểm giả; cần GIS kỹ thuật/khảo sát hoặc nguồn công bố trực tiếp.,PL3_2025_DongThap_old,4. PL3 - danh muc cong .pdf,GATE_MASTER_2026-10-02,False
PL3-3368,Cống Ba Ngôn,,,,,UNKNOWN,False,Giữ trống tọa độ để tránh tạo điểm giả; cần GIS kỹ thuật/khảo sát hoặc nguồn công bố trực tiếp.,PL3_2025_DongThap_old,4. PL3 - danh muc cong .pdf,GATE_MASTER_2026-10-02,False
PL3-3369,Cống Cây Tràm,,,,,UNKNOWN,False,Giữ trống tọa độ để tránh tạo điểm giả; cần GIS kỹ thuật/khảo sát hoặc nguồn công bố trực tiếp.,PL3_2025_DongThap_old,4. PL3 - danh muc cong .pdf,GATE_MASTER_2026-10-02,False
PL3-3370,Cống Cây Xoài,,,,,UNKNOWN,False,Giữ trống tọa độ để tránh tạo điểm giả; cần GIS kỹ thuật/khảo sát hoặc nguồn công bố trực tiếp.,PL3_2025_DongThap_old,4. PL3 - danh muc cong .pdf,GATE_MASTER_2026-10-02,False
PL3-3371,Cống Út Hiền,,,,,UNKNOWN,False,Giữ trống tọa độ để tránh tạo điểm giả; cần GIS kỹ thuật/khảo sát hoặc nguồn công bố trực tiếp.,PL3_2025_DongThap_old,4. PL3 - danh muc cong .pdf,GATE_MASTER_2026-10-02,False
PL3-3372,Cống 2 Cu,,,,,UNKNOWN,False,Giữ trống tọa độ để tránh tạo điểm giả; cần GIS kỹ thuật/khảo sát hoặc nguồn công bố trực tiếp.,PL3_2025_DongThap_old,4. PL3 - danh muc cong .pdf,GATE_MASTER_2026-10-02,False
PL3-3373,Cống Tám Kích,,,,,UNKNOWN,False,Giữ trống tọa độ để tránh tạo điểm giả; cần GIS kỹ thuật/khảo sát hoặc nguồn công bố trực tiếp.,PL3_2025_DongThap_old,4. PL3 - danh muc cong .pdf,GATE_MASTER_2026-10-02,False
PL3-3374,Cống 2 Phe,,,,,UNKNOWN,False,Giữ trống tọa độ để tránh tạo điểm giả; cần GIS kỹ thuật/khảo sát hoặc nguồn công bố trực tiếp.,PL3_2025_DongThap_old,4. PL3 - danh muc cong .pdf,GATE_MASTER_2026-10-02,False
PL3-3375,Cống Tư Bàng,,,,,UNKNOWN,False,Giữ trống tọa độ để tránh tạo điểm giả; cần GIS kỹ thuật/khảo sát hoặc nguồn công bố trực tiếp.,PL3_2025_DongThap_old,4. PL3 - danh muc cong .pdf,GATE_MASTER_2026-10-02,False
PL3-3376,Cống 6 Mễn,,,,,UNKNOWN,False,Giữ trống tọa độ để tránh tạo điểm giả; cần GIS kỹ thuật/khảo sát hoặc nguồn công bố trực tiếp.,PL3_2025_DongThap_old,4. PL3 - danh muc cong .pdf,GATE_MASTER_2026-10-02,False
PL3-3377,Cống Thủy Lợi,,,,,UNKNOWN,False,Giữ trống tọa độ để tránh tạo điểm giả; cần GIS kỹ thuật/khảo sát hoặc nguồn công bố trực tiếp.,PL3_2025_DongThap_old,4. PL3 - danh muc cong .pdf,GATE_MASTER_2026-10-02,False
PL3-3378,Cống Đoàn Chương,,,,,UNKNOWN,False,Giữ trống tọa độ để tránh tạo điểm giả; cần GIS kỹ thuật/khảo sát hoặc nguồn công bố trực tiếp.,PL3_2025_DongThap_old,4. PL3 - danh muc cong .pdf,GATE_MASTER_2026-10-02,False
PL3-3379,Cống 3 Liêm,,,,,UNKNOWN,False,Giữ trống tọa độ để tránh tạo điểm giả; cần GIS kỹ thuật/khảo sát hoặc nguồn công bố trực tiếp.,PL3_2025_DongThap_old,4. PL3 - danh muc cong .pdf,GATE_MASTER_2026-10-02,False
PL3-3380,Cống Út O,,,,,UNKNOWN,False,Giữ trống tọa độ để tránh tạo điểm giả; cần GIS kỹ thuật/khảo sát hoặc nguồn công bố trực tiếp.,PL3_2025_DongThap_old,4. PL3 - danh muc cong .pdf,GATE_MASTER_2026-10-02,False
PL3-3381,Cống Bồng_Chí Công,,,,,UNKNOWN,False,Giữ trống tọa độ để tránh tạo điểm giả; cần GIS kỹ thuật/khảo sát hoặc nguồn công bố trực tiếp.,PL3_2025_DongThap_old,4. PL3 - danh muc cong .pdf,GATE_MASTER_2026-10-02,False
PL3-3382,Cống 2 Nên,,,,,UNKNOWN,False,Giữ trống tọa độ để tránh tạo điểm giả; cần GIS kỹ thuật/khảo sát hoặc nguồn công bố trực tiếp.,PL3_2025_DongThap_old,4. PL3 - danh muc cong .pdf,GATE_MASTER_2026-10-02,False
PL3-3383,Cống Ký Lùn,,,,,UNKNOWN,False,Giữ trống tọa độ để tránh tạo điểm giả; cần GIS kỹ thuật/khảo sát hoặc nguồn công bố trực tiếp.,PL3_2025_DongThap_old,4. PL3 - danh muc cong .pdf,GATE_MASTER_2026-10-02,False
PL3-3384,Cống Ba Tình,,,,,UNKNOWN,False,Giữ trống tọa độ để tránh tạo điểm giả; cần GIS kỹ thuật/khảo sát hoặc nguồn công bố trực tiếp.,PL3_2025_DongThap_old,4. PL3 - danh muc cong .pdf,GATE_MASTER_2026-10-02,False
PL3-3385,Cống Lông Công - Kênh Chà,,,,,UNKNOWN,False,Giữ trống tọa độ để tránh tạo điểm giả; cần GIS kỹ thuật/khảo sát hoặc nguồn công bố trực tiếp.,PL3_2025_DongThap_old,4. PL3 - danh muc cong .pdf,GATE_MASTER_2026-10-02,False
PL3-3386,Cống Lông Công - K. Mới,,,,,UNKNOWN,False,Giữ trống tọa độ để tránh tạo điểm giả; cần GIS kỹ thuật/khảo sát hoặc nguồn công bố trực tiếp.,PL3_2025_DongThap_old,4. PL3 - danh muc cong .pdf,GATE_MASTER_2026-10-02,False
PL3-3387,Cống Đường Trâu - Kênh Mới,,,,,UNKNOWN,False,Giữ trống tọa độ để tránh tạo điểm giả; cần GIS kỹ thuật/khảo sát hoặc nguồn công bố trực tiếp.,PL3_2025_DongThap_old,4. PL3 - danh muc cong .pdf,GATE_MASTER_2026-10-02,False
PL3-3388,Cống Đường Trâu - K. Chà,,,,,UNKNOWN,False,Giữ trống tọa độ để tránh tạo điểm giả; cần GIS kỹ thuật/khảo sát hoặc nguồn công bố trực tiếp.,PL3_2025_DongThap_old,4. PL3 - danh muc cong .pdf,GATE_MASTER_2026-10-02,False
PL3-3389,Cống 3 Tành,,,,,UNKNOWN,False,Giữ trống tọa độ để tránh tạo điểm giả; cần GIS kỹ thuật/khảo sát hoặc nguồn công bố trực tiếp.,PL3_2025_DongThap_old,4. PL3 - danh muc cong .pdf,GATE_MASTER_2026-10-02,False
PL3-3390,Cống Hai Chuối,,,,,UNKNOWN,False,Giữ trống tọa độ để tránh tạo điểm giả; cần GIS kỹ thuật/khảo sát hoặc nguồn công bố trực tiếp.,PL3_2025_DongThap_old,4. PL3 - danh muc cong .pdf,GATE_MASTER_2026-10-02,False
PL3-3391,Cống 8 Cọp,,,,,UNKNOWN,False,Giữ trống tọa độ để tránh tạo điểm giả; cần GIS kỹ thuật/khảo sát hoặc nguồn công bố trực tiếp.,PL3_2025_DongThap_old,4. PL3 - danh muc cong .pdf,GATE_MASTER_2026-10-02,False
PL3-3392,Cống Thủy Lợi_Xẻo Mát - Cái Vồn,,,,,UNKNOWN,False,Giữ trống tọa độ để tránh tạo điểm giả; cần GIS kỹ thuật/khảo sát hoặc nguồn công bố trực tiếp.,PL3_2025_DongThap_old,4. PL3 - danh muc cong .pdf,GATE_MASTER_2026-10-02,False
PL3-3393,Cống Út Mum,,,,,UNKNOWN,False,Giữ trống tọa độ để tránh tạo điểm giả; cần GIS kỹ thuật/khảo sát hoặc nguồn công bố trực tiếp.,PL3_2025_DongThap_old,4. PL3 - danh muc cong .pdf,GATE_MASTER_2026-10-02,False
PL3-3394,Cống Ông Hổ C5,,,,,UNKNOWN,False,Giữ trống tọa độ để tránh tạo điểm giả; cần GIS kỹ thuật/khảo sát hoặc nguồn công bố trực tiếp.,PL3_2025_DongThap_old,4. PL3 - danh muc cong .pdf,GATE_MASTER_2026-10-02,False
PL3-3395,Cống Cây Trâm C3,,,,,UNKNOWN,False,Giữ trống tọa độ để tránh tạo điểm giả; cần GIS kỹ thuật/khảo sát hoặc nguồn công bố trực tiếp.,PL3_2025_DongThap_old,4. PL3 - danh muc cong .pdf,GATE_MASTER_2026-10-02,False
PL3-3396,Cống Năm Già,,,,,UNKNOWN,False,Giữ trống tọa độ để tránh tạo điểm giả; cần GIS kỹ thuật/khảo sát hoặc nguồn công bố trực tiếp.,PL3_2025_DongThap_old,4. PL3 - danh muc cong .pdf,GATE_MASTER_2026-10-02,False
PL3-3397,Cống Chín Thủ,,,,,UNKNOWN,False,Giữ trống tọa độ để tránh tạo điểm giả; cần GIS kỹ thuật/khảo sát hoặc nguồn công bố trực tiếp.,PL3_2025_DongThap_old,4. PL3 - danh muc cong .pdf,GATE_MASTER_2026-10-02,False
PL3-3398,Cống Chín Cùi,,,,,UNKNOWN,False,Giữ trống tọa độ để tránh tạo điểm giả; cần GIS kỹ thuật/khảo sát hoặc nguồn công bố trực tiếp.,PL3_2025_DongThap_old,4. PL3 - danh muc cong .pdf,GATE_MASTER_2026-10-02,False
PL3-3399,Cống Cây Vông,,,,,UNKNOWN,False,Giữ trống tọa độ để tránh tạo điểm giả; cần GIS kỹ thuật/khảo sát hoặc nguồn công bố trực tiếp.,PL3_2025_DongThap_old,4. PL3 - danh muc cong .pdf,GATE_MASTER_2026-10-02,False
PL3-3400,Cống Anh Tâm,,,,,UNKNOWN,False,Giữ trống tọa độ để tránh tạo điểm giả; cần GIS kỹ thuật/khảo sát hoặc nguồn công bố trực tiếp.,PL3_2025_DongThap_old,4. PL3 - danh muc cong .pdf,GATE_MASTER_2026-10-02,False
PL3-3401,Cống Đường Trâu,,,,,UNKNOWN,False,Giữ trống tọa độ để tránh tạo điểm giả; cần GIS kỹ thuật/khảo sát hoặc nguồn công bố trực tiếp.,PL3_2025_DongThap_old,4. PL3 - danh muc cong .pdf,GATE_MASTER_2026-10-02,False
PL3-3402,Cống 7 Hồng,,,,,UNKNOWN,False,Giữ trống tọa độ để tránh tạo điểm giả; cần GIS kỹ thuật/khảo sát hoặc nguồn công bố trực tiếp.,PL3_2025_DongThap_old,4. PL3 - danh muc cong .pdf,GATE_MASTER_2026-10-02,False
PL3-3403,Cống Bà Tư,,,,,UNKNOWN,False,Giữ trống tọa độ để tránh tạo điểm giả; cần GIS kỹ thuật/khảo sát hoặc nguồn công bố trực tiếp.,PL3_2025_DongThap_old,4. PL3 - danh muc cong .pdf,GATE_MASTER_2026-10-02,False
PL3-3404,Cống rạch Chùa,,,,,UNKNOWN,False,Giữ trống tọa độ để tránh tạo điểm giả; cần GIS kỹ thuật/khảo sát hoặc nguồn công bố trực tiếp.,PL3_2025_DongThap_old,4. PL3 - danh muc cong .pdf,GATE_MASTER_2026-10-02,False
PL3-3405,Cống Rạch Gáo,,,,,UNKNOWN,False,Giữ trống tọa độ để tránh tạo điểm giả; cần GIS kỹ thuật/khảo sát hoặc nguồn công bố trực tiếp.,PL3_2025_DongThap_old,4. PL3 - danh muc cong .pdf,GATE_MASTER_2026-10-02,False
PL3-3406,Cống Bà Non,,,,,UNKNOWN,False,Giữ trống tọa độ để tránh tạo điểm giả; cần GIS kỹ thuật/khảo sát hoặc nguồn công bố trực tiếp.,PL3_2025_DongThap_old,4. PL3 - danh muc cong .pdf,GATE_MASTER_2026-10-02,False
PL3-3407,Cống Ông Thọ,,,,,UNKNOWN,False,Giữ trống tọa độ để tránh tạo điểm giả; cần GIS kỹ thuật/khảo sát hoặc nguồn công bố trực tiếp.,PL3_2025_DongThap_old,4. PL3 - danh muc cong .pdf,GATE_MASTER_2026-10-02,False
PL3-3408,Cống Hai Tuần,,,,,UNKNOWN,False,Giữ trống tọa độ để tránh tạo điểm giả; cần GIS kỹ thuật/khảo sát hoặc nguồn công bố trực tiếp.,PL3_2025_DongThap_old,4. PL3 - danh muc cong .pdf,GATE_MASTER_2026-10-02,False
PL3-3409,Kênh Hai Bình,,,,,UNKNOWN,False,Giữ trống tọa độ để tránh tạo điểm giả; cần GIS kỹ thuật/khảo sát hoặc nguồn công bố trực tiếp.,PL3_2025_DongThap_old,4. PL3 - danh muc cong .pdf,GATE_MASTER_2026-10-02,False
PL3-3410,TL An Khánh,,,,,UNKNOWN,False,Giữ trống tọa độ để tránh tạo điểm giả; cần GIS kỹ thuật/khảo sát hoặc nguồn công bố trực tiếp.,PL3_2025_DongThap_old,4. PL3 - danh muc cong .pdf,GATE_MASTER_2026-10-02,False
PL3-3411,Ranh HT-TNĐ,,,,,UNKNOWN,False,Giữ trống tọa độ để tránh tạo điểm giả; cần GIS kỹ thuật/khảo sát hoặc nguồn công bố trực tiếp.,PL3_2025_DongThap_old,4. PL3 - danh muc cong .pdf,GATE_MASTER_2026-10-02,False
PL3-3412,Cống Cây Dông,,,,,UNKNOWN,False,Giữ trống tọa độ để tránh tạo điểm giả; cần GIS kỹ thuật/khảo sát hoặc nguồn công bố trực tiếp.,PL3_2025_DongThap_old,4. PL3 - danh muc cong .pdf,GATE_MASTER_2026-10-02,False
PL3-3413,Cống Bà Nguyệt,,,,,UNKNOWN,False,Giữ trống tọa độ để tránh tạo điểm giả; cần GIS kỹ thuật/khảo sát hoặc nguồn công bố trực tiếp.,PL3_2025_DongThap_old,4. PL3 - danh muc cong .pdf,GATE_MASTER_2026-10-02,False
PL3-3414,Cống Bồn Bồn,,,,,UNKNOWN,False,Giữ trống tọa độ để tránh tạo điểm giả; cần GIS kỹ thuật/khảo sát hoặc nguồn công bố trực tiếp.,PL3_2025_DongThap_old,4. PL3 - danh muc cong .pdf,GATE_MASTER_2026-10-02,False
PL3-3415,Cống Hai Vùng,,,,,UNKNOWN,False,Giữ trống tọa độ để tránh tạo điểm giả; cần GIS kỹ thuật/khảo sát hoặc nguồn công bố trực tiếp.,PL3_2025_DongThap_old,4. PL3 - danh muc cong .pdf,GATE_MASTER_2026-10-02,False
PL3-3416,Cống 10 Kích,,,,,UNKNOWN,False,Giữ trống tọa độ để tránh tạo điểm giả; cần GIS kỹ thuật/khảo sát hoặc nguồn công bố trực tiếp.,PL3_2025_DongThap_old,4. PL3 - danh muc cong .pdf,GATE_MASTER_2026-10-02,False
PL3-3417,Cống Rạch Cò Nhỏ,,,,,UNKNOWN,False,Giữ trống tọa độ để tránh tạo điểm giả; cần GIS kỹ thuật/khảo sát hoặc nguồn công bố trực tiếp.,PL3_2025_DongThap_old,4. PL3 - danh muc cong .pdf,GATE_MASTER_2026-10-02,False
PL3-3418,Cống Ranh An Hiệp - An Nhơn,,,,,UNKNOWN,False,Giữ trống tọa độ để tránh tạo điểm giả; cần GIS kỹ thuật/khảo sát hoặc nguồn công bố trực tiếp.,PL3_2025_DongThap_old,4. PL3 - danh muc cong .pdf,GATE_MASTER_2026-10-02,False
PL3-3419,Cống TL TĐ 25 - Kim Ba,,,,,UNKNOWN,False,Giữ trống tọa độ để tránh tạo điểm giả; cần GIS kỹ thuật/khảo sát hoặc nguồn công bố trực tiếp.,PL3_2025_DongThap_old,4. PL3 - danh muc cong .pdf,GATE_MASTER_2026-10-02,False
PL3-3420,Cống Xẻo Le,,,,,UNKNOWN,False,Giữ trống tọa độ để tránh tạo điểm giả; cần GIS kỹ thuật/khảo sát hoặc nguồn công bố trực tiếp.,PL3_2025_DongThap_old,4. PL3 - danh muc cong .pdf,GATE_MASTER_2026-10-02,False
PL3-3421,Cống Bảy Thẹo - Đòn Dông,,,,,UNKNOWN,False,Giữ trống tọa độ để tránh tạo điểm giả; cần GIS kỹ thuật/khảo sát hoặc nguồn công bố trực tiếp.,PL3_2025_DongThap_old,4. PL3 - danh muc cong .pdf,GATE_MASTER_2026-10-02,False
PL3-3422,Cống Bảy Tầng,,,,,UNKNOWN,False,Giữ trống tọa độ để tránh tạo điểm giả; cần GIS kỹ thuật/khảo sát hoặc nguồn công bố trực tiếp.,PL3_2025_DongThap_old,4. PL3 - danh muc cong .pdf,GATE_MASTER_2026-10-02,False
PL3-3423,Cống Cây Me - Xẻo Mát,,,,,UNKNOWN,False,Giữ trống tọa độ để tránh tạo điểm giả; cần GIS kỹ thuật/khảo sát hoặc nguồn công bố trực tiếp.,PL3_2025_DongThap_old,4. PL3 - danh muc cong .pdf,GATE_MASTER_2026-10-02,False
PL3-3424,Cống Lung 30,,,,,UNKNOWN,False,Giữ trống tọa độ để tránh tạo điểm giả; cần GIS kỹ thuật/khảo sát hoặc nguồn công bố trực tiếp.,PL3_2025_DongThap_old,4. PL3 - danh muc cong .pdf,GATE_MASTER_2026-10-02,False
PL3-3425,Cống kênh Tư,,,,,UNKNOWN,False,Giữ trống tọa độ để tránh tạo điểm giả; cần GIS kỹ thuật/khảo sát hoặc nguồn công bố trực tiếp.,PL3_2025_DongThap_old,4. PL3 - danh muc cong .pdf,GATE_MASTER_2026-10-02,False
PL3-3426,Cống Thủy Lợi,,,,,UNKNOWN,False,Giữ trống tọa độ để tránh tạo điểm giả; cần GIS kỹ thuật/khảo sát hoặc nguồn công bố trực tiếp.,PL3_2025_DongThap_old,4. PL3 - danh muc cong .pdf,GATE_MASTER_2026-10-02,False
PL3-3427,Cống Thủy Lợi,,,,,UNKNOWN,False,Giữ trống tọa độ để tránh tạo điểm giả; cần GIS kỹ thuật/khảo sát hoặc nguồn công bố trực tiếp.,PL3_2025_DongThap_old,4. PL3 - danh muc cong .pdf,GATE_MASTER_2026-10-02,False
PL3-3428,Cống Tư Thành,,,,,UNKNOWN,False,Giữ trống tọa độ để tránh tạo điểm giả; cần GIS kỹ thuật/khảo sát hoặc nguồn công bố trực tiếp.,PL3_2025_DongThap_old,4. PL3 - danh muc cong .pdf,GATE_MASTER_2026-10-02,False
PL3-3429,Cống Lung Đìa Mười,,,,,UNKNOWN,False,Giữ trống tọa độ để tránh tạo điểm giả; cần GIS kỹ thuật/khảo sát hoặc nguồn công bố trực tiếp.,PL3_2025_DongThap_old,4. PL3 - danh muc cong .pdf,GATE_MASTER_2026-10-02,False
PL3-3430,Cống 10 Hơi,,,,,UNKNOWN,False,Giữ trống tọa độ để tránh tạo điểm giả; cần GIS kỹ thuật/khảo sát hoặc nguồn công bố trực tiếp.,PL3_2025_DongThap_old,4. PL3 - danh muc cong .pdf,GATE_MASTER_2026-10-02,False
PL3-3431,Cống TĐ 4,,,,,UNKNOWN,False,Giữ trống tọa độ để tránh tạo điểm giả; cần GIS kỹ thuật/khảo sát hoặc nguồn công bố trực tiếp.,PL3_2025_DongThap_old,4. PL3 - danh muc cong .pdf,GATE_MASTER_2026-10-02,False
PL3-3432,Cống TĐ4,,,,,UNKNOWN,False,Giữ trống tọa độ để tránh tạo điểm giả; cần GIS kỹ thuật/khảo sát hoặc nguồn công bố trực tiếp.,PL3_2025_DongThap_old,4. PL3 - danh muc cong .pdf,GATE_MASTER_2026-10-02,False
PL3-3433,Công ranh Tân Phú Đông,,,,,UNKNOWN,False,Giữ trống tọa độ để tránh tạo điểm giả; cần GIS kỹ thuật/khảo sát hoặc nguồn công bố trực tiếp.,PL3_2025_DongThap_old,4. PL3 - danh muc cong .pdf,GATE_MASTER_2026-10-02,False
PL3-3434,Cống TĐ 2_Kênh Chà,,,,,UNKNOWN,False,Giữ trống tọa độ để tránh tạo điểm giả; cần GIS kỹ thuật/khảo sát hoặc nguồn công bố trực tiếp.,PL3_2025_DongThap_old,4. PL3 - danh muc cong .pdf,GATE_MASTER_2026-10-02,False
PL3-3435,Cống Thủy Lợi_kênh 19/5,,,,,UNKNOWN,False,Giữ trống tọa độ để tránh tạo điểm giả; cần GIS kỹ thuật/khảo sát hoặc nguồn công bố trực tiếp.,PL3_2025_DongThap_old,4. PL3 - danh muc cong .pdf,GATE_MASTER_2026-10-02,False
PL3-3436,Cống TĐ 27 _Kênh Mới,,,,,UNKNOWN,False,Giữ trống tọa độ để tránh tạo điểm giả; cần GIS kỹ thuật/khảo sát hoặc nguồn công bố trực tiếp.,PL3_2025_DongThap_old,4. PL3 - danh muc cong .pdf,GATE_MASTER_2026-10-02,False
PL3-3437,Cống Sáu Đáo,,,,,UNKNOWN,False,Giữ trống tọa độ để tránh tạo điểm giả; cần GIS kỹ thuật/khảo sát hoặc nguồn công bố trực tiếp.,PL3_2025_DongThap_old,4. PL3 - danh muc cong .pdf,GATE_MASTER_2026-10-02,False
PL3-3438,Cống Anh Giang,,,,,UNKNOWN,False,Giữ trống tọa độ để tránh tạo điểm giả; cần GIS kỹ thuật/khảo sát hoặc nguồn công bố trực tiếp.,PL3_2025_DongThap_old,4. PL3 - danh muc cong .pdf,GATE_MASTER_2026-10-02,False
PL3-3439,Trường Học,,,,,UNKNOWN,False,Giữ trống tọa độ để tránh tạo điểm giả; cần GIS kỹ thuật/khảo sát hoặc nguồn công bố trực tiếp.,PL3_2025_DongThap_old,4. PL3 - danh muc cong .pdf,GATE_MASTER_2026-10-02,False
PL3-3440,Cống Hai Be,,,,,UNKNOWN,False,Giữ trống tọa độ để tránh tạo điểm giả; cần GIS kỹ thuật/khảo sát hoặc nguồn công bố trực tiếp.,PL3_2025_DongThap_old,4. PL3 - danh muc cong .pdf,GATE_MASTER_2026-10-02,False
PL3-3441,Cống Bà Lựu,,,,,UNKNOWN,False,Giữ trống tọa độ để tránh tạo điểm giả; cần GIS kỹ thuật/khảo sát hoặc nguồn công bố trực tiếp.,PL3_2025_DongThap_old,4. PL3 - danh muc cong .pdf,GATE_MASTER_2026-10-02,False
PL3-3442,Cống Chùa,,,,,UNKNOWN,False,Giữ trống tọa độ để tránh tạo điểm giả; cần GIS kỹ thuật/khảo sát hoặc nguồn công bố trực tiếp.,PL3_2025_DongThap_old,4. PL3 - danh muc cong .pdf,GATE_MASTER_2026-10-02,False
PL3-3443,Cống Tư Hon,,,,,UNKNOWN,False,Giữ trống tọa độ để tránh tạo điểm giả; cần GIS kỹ thuật/khảo sát hoặc nguồn công bố trực tiếp.,PL3_2025_DongThap_old,4. PL3 - danh muc cong .pdf,GATE_MASTER_2026-10-02,False
PL3-3444,Cống Hai Phu,,,,,UNKNOWN,False,Giữ trống tọa độ để tránh tạo điểm giả; cần GIS kỹ thuật/khảo sát hoặc nguồn công bố trực tiếp.,PL3_2025_DongThap_old,4. PL3 - danh muc cong .pdf,GATE_MASTER_2026-10-02,False
PL3-3445,Cống Bảy Sách,,,,,UNKNOWN,False,Giữ trống tọa độ để tránh tạo điểm giả; cần GIS kỹ thuật/khảo sát hoặc nguồn công bố trực tiếp.,PL3_2025_DongThap_old,4. PL3 - danh muc cong .pdf,GATE_MASTER_2026-10-02,False
PL3-3446,Cống Tư Địa,,,,,UNKNOWN,False,Giữ trống tọa độ để tránh tạo điểm giả; cần GIS kỹ thuật/khảo sát hoặc nguồn công bố trực tiếp.,PL3_2025_DongThap_old,4. PL3 - danh muc cong .pdf,GATE_MASTER_2026-10-02,False
PL3-3447,Cống Thủy Lợi,,,,,UNKNOWN,False,Giữ trống tọa độ để tránh tạo điểm giả; cần GIS kỹ thuật/khảo sát hoặc nguồn công bố trực tiếp.,PL3_2025_DongThap_old,4. PL3 - danh muc cong .pdf,GATE_MASTER_2026-10-02,False
PL3-3448,Cống Kênh xã Chiến Đấu,,,,,UNKNOWN,False,Giữ trống tọa độ để tránh tạo điểm giả; cần GIS kỹ thuật/khảo sát hoặc nguồn công bố trực tiếp.,PL3_2025_DongThap_old,4. PL3 - danh muc cong .pdf,GATE_MASTER_2026-10-02,False
PL3-3449,Cống Ông Nghị 1,,,,,UNKNOWN,False,Giữ trống tọa độ để tránh tạo điểm giả; cần GIS kỹ thuật/khảo sát hoặc nguồn công bố trực tiếp.,PL3_2025_DongThap_old,4. PL3 - danh muc cong .pdf,GATE_MASTER_2026-10-02,False
PL3-3450,Cống rạch Miễu,,,,,UNKNOWN,False,Giữ trống tọa độ để tránh tạo điểm giả; cần GIS kỹ thuật/khảo sát hoặc nguồn công bố trực tiếp.,PL3_2025_DongThap_old,4. PL3 - danh muc cong .pdf,GATE_MASTER_2026-10-02,False
PL3-3451,Cống Thủy Lợi,,,,,UNKNOWN,False,Giữ trống tọa độ để tránh tạo điểm giả; cần GIS kỹ thuật/khảo sát hoặc nguồn công bố trực tiếp.,PL3_2025_DongThap_old,4. PL3 - danh muc cong .pdf,GATE_MASTER_2026-10-02,False
PL3-3452,Cống rạch Nhỏ,,,,,UNKNOWN,False,Giữ trống tọa độ để tránh tạo điểm giả; cần GIS kỹ thuật/khảo sát hoặc nguồn công bố trực tiếp.,PL3_2025_DongThap_old,4. PL3 - danh muc cong .pdf,GATE_MASTER_2026-10-02,False
PL3-3453,Cống 3 Mánh - 6 Nhì,,,,,UNKNOWN,False,Giữ trống tọa độ để tránh tạo điểm giả; cần GIS kỹ thuật/khảo sát hoặc nguồn công bố trực tiếp.,PL3_2025_DongThap_old,4. PL3 - danh muc cong .pdf,GATE_MASTER_2026-10-02,False
PL3-3454,Cống Hai Nê - 6 Nhì,,,,,UNKNOWN,False,Giữ trống tọa độ để tránh tạo điểm giả; cần GIS kỹ thuật/khảo sát hoặc nguồn công bố trực tiếp.,PL3_2025_DongThap_old,4. PL3 - danh muc cong .pdf,GATE_MASTER_2026-10-02,False
PL3-3455,Cống 3 Cò - 6 Nhì,,,,,UNKNOWN,False,Giữ trống tọa độ để tránh tạo điểm giả; cần GIS kỹ thuật/khảo sát hoặc nguồn công bố trực tiếp.,PL3_2025_DongThap_old,4. PL3 - danh muc cong .pdf,GATE_MASTER_2026-10-02,False
PL3-3456,Cống 6 Rớt - 6 Nhì,,,,,UNKNOWN,False,Giữ trống tọa độ để tránh tạo điểm giả; cần GIS kỹ thuật/khảo sát hoặc nguồn công bố trực tiếp.,PL3_2025_DongThap_old,4. PL3 - danh muc cong .pdf,GATE_MASTER_2026-10-02,False
PL3-3457,Cống Cơ 6,,,,,UNKNOWN,False,Giữ trống tọa độ để tránh tạo điểm giả; cần GIS kỹ thuật/khảo sát hoặc nguồn công bố trực tiếp.,PL3_2025_DongThap_old,4. PL3 - danh muc cong .pdf,GATE_MASTER_2026-10-02,False
PL3-3458,Cống Số 1_Kênh Thầy Năm,,,,,UNKNOWN,False,Giữ trống tọa độ để tránh tạo điểm giả; cần GIS kỹ thuật/khảo sát hoặc nguồn công bố trực tiếp.,PL3_2025_DongThap_old,4. PL3 - danh muc cong .pdf,GATE_MASTER_2026-10-02,False
PL3-3459,Cống Số 2_Kênh Thầy Năm,,,,,UNKNOWN,False,Giữ trống tọa độ để tránh tạo điểm giả; cần GIS kỹ thuật/khảo sát hoặc nguồn công bố trực tiếp.,PL3_2025_DongThap_old,4. PL3 - danh muc cong .pdf,GATE_MASTER_2026-10-02,False
PL3-3460,Cống Bà Nhưng - Xẻo Trầu,,,,,UNKNOWN,False,Giữ trống tọa độ để tránh tạo điểm giả; cần GIS kỹ thuật/khảo sát hoặc nguồn công bố trực tiếp.,PL3_2025_DongThap_old,4. PL3 - danh muc cong .pdf,GATE_MASTER_2026-10-02,False
PL3-3461,Cống Mương Khai,,,,,UNKNOWN,False,Giữ trống tọa độ để tránh tạo điểm giả; cần GIS kỹ thuật/khảo sát hoặc nguồn công bố trực tiếp.,PL3_2025_DongThap_old,4. PL3 - danh muc cong .pdf,GATE_MASTER_2026-10-02,False
PL3-3462,Cống ngầm Tám Dũng,,,,,UNKNOWN,False,Giữ trống tọa độ để tránh tạo điểm giả; cần GIS kỹ thuật/khảo sát hoặc nguồn công bố trực tiếp.,PL3_2025_DongThap_old,4. PL3 - danh muc cong .pdf,GATE_MASTER_2026-10-02,False
PL3-3463,Sáu Ấn,,,,,UNKNOWN,False,Giữ trống tọa độ để tránh tạo điểm giả; cần GIS kỹ thuật/khảo sát hoặc nguồn công bố trực tiếp.,PL3_2025_DongThap_old,4. PL3 - danh muc cong .pdf,GATE_MASTER_2026-10-02,False
PL3-3464,Cống HL Rạch Chùa,,,,,UNKNOWN,False,Giữ trống tọa độ để tránh tạo điểm giả; cần GIS kỹ thuật/khảo sát hoặc nguồn công bố trực tiếp.,PL3_2025_DongThap_old,4. PL3 - danh muc cong .pdf,GATE_MASTER_2026-10-02,False
PL3-3465,Thủy Lợi - Bà Hiết,,,,,UNKNOWN,False,Giữ trống tọa độ để tránh tạo điểm giả; cần GIS kỹ thuật/khảo sát hoặc nguồn công bố trực tiếp.,PL3_2025_DongThap_old,4. PL3 - danh muc cong .pdf,GATE_MASTER_2026-10-02,False
PL3-3466,Cống Thủy Lợi - Thủ Điềm,,,,,UNKNOWN,False,Giữ trống tọa độ để tránh tạo điểm giả; cần GIS kỹ thuật/khảo sát hoặc nguồn công bố trực tiếp.,PL3_2025_DongThap_old,4. PL3 - danh muc cong .pdf,GATE_MASTER_2026-10-02,False
PL3-3467,Cống đường HL,,,,,UNKNOWN,False,Giữ trống tọa độ để tránh tạo điểm giả; cần GIS kỹ thuật/khảo sát hoặc nguồn công bố trực tiếp.,PL3_2025_DongThap_old,4. PL3 - danh muc cong .pdf,GATE_MASTER_2026-10-02,False
PL3-3468,Cống Thủy Lợi,,,,,UNKNOWN,False,Giữ trống tọa độ để tránh tạo điểm giả; cần GIS kỹ thuật/khảo sát hoặc nguồn công bố trực tiếp.,PL3_2025_DongThap_old,4. PL3 - danh muc cong .pdf,GATE_MASTER_2026-10-02,False
PL3-3469,Cống HL,,,,,UNKNOWN,False,Giữ trống tọa độ để tránh tạo điểm giả; cần GIS kỹ thuật/khảo sát hoặc nguồn công bố trực tiếp.,PL3_2025_DongThap_old,4. PL3 - danh muc cong .pdf,GATE_MASTER_2026-10-02,False
PL3-3470,Cống Hai Lác,,,,,UNKNOWN,False,Giữ trống tọa độ để tránh tạo điểm giả; cần GIS kỹ thuật/khảo sát hoặc nguồn công bố trực tiếp.,PL3_2025_DongThap_old,4. PL3 - danh muc cong .pdf,GATE_MASTER_2026-10-02,False
PL3-3471,Mười Đém,,,,,UNKNOWN,False,Giữ trống tọa độ để tránh tạo điểm giả; cần GIS kỹ thuật/khảo sát hoặc nguồn công bố trực tiếp.,PL3_2025_DongThap_old,4. PL3 - danh muc cong .pdf,GATE_MASTER_2026-10-02,False
PL3-3472,Cống TL1,,,,,UNKNOWN,False,Giữ trống tọa độ để tránh tạo điểm giả; cần GIS kỹ thuật/khảo sát hoặc nguồn công bố trực tiếp.,PL3_2025_DongThap_old,4. PL3 - danh muc cong .pdf,GATE_MASTER_2026-10-02,False
PL3-3473,Cống Hai Hí,,,,,UNKNOWN,False,Giữ trống tọa độ để tránh tạo điểm giả; cần GIS kỹ thuật/khảo sát hoặc nguồn công bố trực tiếp.,PL3_2025_DongThap_old,4. PL3 - danh muc cong .pdf,GATE_MASTER_2026-10-02,False
PL3-3474,Cống ngầm,,,,,UNKNOWN,False,Giữ trống tọa độ để tránh tạo điểm giả; cần GIS kỹ thuật/khảo sát hoặc nguồn công bố trực tiếp.,PL3_2025_DongThap_old,4. PL3 - danh muc cong .pdf,GATE_MASTER_2026-10-02,False
PL3-3475,Cống ngầm Bà Tiên,,,,,UNKNOWN,False,Giữ trống tọa độ để tránh tạo điểm giả; cần GIS kỹ thuật/khảo sát hoặc nguồn công bố trực tiếp.,PL3_2025_DongThap_old,4. PL3 - danh muc cong .pdf,GATE_MASTER_2026-10-02,False
PL3-3476,Cống ngầm Hai Gà Lôi,,,,,UNKNOWN,False,Giữ trống tọa độ để tránh tạo điểm giả; cần GIS kỹ thuật/khảo sát hoặc nguồn công bố trực tiếp.,PL3_2025_DongThap_old,4. PL3 - danh muc cong .pdf,GATE_MASTER_2026-10-02,False
PL3-3477,Cống ngầm Ông Núc,,,,,UNKNOWN,False,Giữ trống tọa độ để tránh tạo điểm giả; cần GIS kỹ thuật/khảo sát hoặc nguồn công bố trực tiếp.,PL3_2025_DongThap_old,4. PL3 - danh muc cong .pdf,GATE_MASTER_2026-10-02,False
PL3-3478,Cống ngầm Mương ranh Trong,,,,,UNKNOWN,False,Giữ trống tọa độ để tránh tạo điểm giả; cần GIS kỹ thuật/khảo sát hoặc nguồn công bố trực tiếp.,PL3_2025_DongThap_old,4. PL3 - danh muc cong .pdf,GATE_MASTER_2026-10-02,False
PL3-3479,Cống Ông Hồng,,,,,UNKNOWN,False,Giữ trống tọa độ để tránh tạo điểm giả; cần GIS kỹ thuật/khảo sát hoặc nguồn công bố trực tiếp.,PL3_2025_DongThap_old,4. PL3 - danh muc cong .pdf,GATE_MASTER_2026-10-02,False
PL3-3480,Cống Sáu Nón,,,,,UNKNOWN,False,Giữ trống tọa độ để tránh tạo điểm giả; cần GIS kỹ thuật/khảo sát hoặc nguồn công bố trực tiếp.,PL3_2025_DongThap_old,4. PL3 - danh muc cong .pdf,GATE_MASTER_2026-10-02,False
PL3-3481,Anh Thơm,,,,,UNKNOWN,False,Giữ trống tọa độ để tránh tạo điểm giả; cần GIS kỹ thuật/khảo sát hoặc nguồn công bố trực tiếp.,PL3_2025_DongThap_old,4. PL3 - danh muc cong .pdf,GATE_MASTER_2026-10-02,False
PL3-3482,Cống C6,,,,,UNKNOWN,False,Giữ trống tọa độ để tránh tạo điểm giả; cần GIS kỹ thuật/khảo sát hoặc nguồn công bố trực tiếp.,PL3_2025_DongThap_old,4. PL3 - danh muc cong .pdf,GATE_MASTER_2026-10-02,False
PL3-3483,Cống ngầm Bà Chín,,,,,UNKNOWN,False,Giữ trống tọa độ để tránh tạo điểm giả; cần GIS kỹ thuật/khảo sát hoặc nguồn công bố trực tiếp.,PL3_2025_DongThap_old,4. PL3 - danh muc cong .pdf,GATE_MASTER_2026-10-02,False
PL3-3484,Dân đặt,,,,,UNKNOWN,False,Giữ trống tọa độ để tránh tạo điểm giả; cần GIS kỹ thuật/khảo sát hoặc nguồn công bố trực tiếp.,PL3_2025_DongThap_old,4. PL3 - danh muc cong .pdf,GATE_MASTER_2026-10-02,False
PL3-3485,Cống Bảy Quí,,,,,UNKNOWN,False,Giữ trống tọa độ để tránh tạo điểm giả; cần GIS kỹ thuật/khảo sát hoặc nguồn công bố trực tiếp.,PL3_2025_DongThap_old,4. PL3 - danh muc cong .pdf,GATE_MASTER_2026-10-02,False
PL3-3486,Cống Năm Phái,,,,,UNKNOWN,False,Giữ trống tọa độ để tránh tạo điểm giả; cần GIS kỹ thuật/khảo sát hoặc nguồn công bố trực tiếp.,PL3_2025_DongThap_old,4. PL3 - danh muc cong .pdf,GATE_MASTER_2026-10-02,False
PL3-3487,Thủy Lợi,,,,,UNKNOWN,False,Giữ trống tọa độ để tránh tạo điểm giả; cần GIS kỹ thuật/khảo sát hoặc nguồn công bố trực tiếp.,PL3_2025_DongThap_old,4. PL3 - danh muc cong .pdf,GATE_MASTER_2026-10-02,False
PL3-3488,Cống thủy lợi,,,,,UNKNOWN,False,Giữ trống tọa độ để tránh tạo điểm giả; cần GIS kỹ thuật/khảo sát hoặc nguồn công bố trực tiếp.,PL3_2025_DongThap_old,4. PL3 - danh muc cong .pdf,GATE_MASTER_2026-10-02,False
PL3-3489,Cống Tám Hòa,,,,,UNKNOWN,False,Giữ trống tọa độ để tránh tạo điểm giả; cần GIS kỹ thuật/khảo sát hoặc nguồn công bố trực tiếp.,PL3_2025_DongThap_old,4. PL3 - danh muc cong .pdf,GATE_MASTER_2026-10-02,False
PL3-3490,Cống Sáu Thinh,,,,,UNKNOWN,False,Giữ trống tọa độ để tránh tạo điểm giả; cần GIS kỹ thuật/khảo sát hoặc nguồn công bố trực tiếp.,PL3_2025_DongThap_old,4. PL3 - danh muc cong .pdf,GATE_MASTER_2026-10-02,False
PL3-3491,Cống Thủy Lợi,,,,,UNKNOWN,False,Giữ trống tọa độ để tránh tạo điểm giả; cần GIS kỹ thuật/khảo sát hoặc nguồn công bố trực tiếp.,PL3_2025_DongThap_old,4. PL3 - danh muc cong .pdf,GATE_MASTER_2026-10-02,False
PL3-3492,Cống Sáu Giang,,,,,UNKNOWN,False,Giữ trống tọa độ để tránh tạo điểm giả; cần GIS kỹ thuật/khảo sát hoặc nguồn công bố trực tiếp.,PL3_2025_DongThap_old,4. PL3 - danh muc cong .pdf,GATE_MASTER_2026-10-02,False
PL3-3493,Cống Cầu Kè,,,,,UNKNOWN,False,Giữ trống tọa độ để tránh tạo điểm giả; cần GIS kỹ thuật/khảo sát hoặc nguồn công bố trực tiếp.,PL3_2025_DongThap_old,4. PL3 - danh muc cong .pdf,GATE_MASTER_2026-10-02,False
PL3-3494,Cống Tư Phi,,,,,UNKNOWN,False,Giữ trống tọa độ để tránh tạo điểm giả; cần GIS kỹ thuật/khảo sát hoặc nguồn công bố trực tiếp.,PL3_2025_DongThap_old,4. PL3 - danh muc cong .pdf,GATE_MASTER_2026-10-02,False
PL3-3495,Cống Kênh Cũ,,,,,UNKNOWN,False,Giữ trống tọa độ để tránh tạo điểm giả; cần GIS kỹ thuật/khảo sát hoặc nguồn công bố trực tiếp.,PL3_2025_DongThap_old,4. PL3 - danh muc cong .pdf,GATE_MASTER_2026-10-02,False
PL3-3496,Cống Kênh Cũ,,,,,UNKNOWN,False,Giữ trống tọa độ để tránh tạo điểm giả; cần GIS kỹ thuật/khảo sát hoặc nguồn công bố trực tiếp.,PL3_2025_DongThap_old,4. PL3 - danh muc cong .pdf,GATE_MASTER_2026-10-02,False
PL3-3497,Cống Thủy Lợi - Hang Mai,,,,,UNKNOWN,False,Giữ trống tọa độ để tránh tạo điểm giả; cần GIS kỹ thuật/khảo sát hoặc nguồn công bố trực tiếp.,PL3_2025_DongThap_old,4. PL3 - danh muc cong .pdf,GATE_MASTER_2026-10-02,False
PL3-3498,Cống Cây Sanh NHỏ,,,,,UNKNOWN,False,Giữ trống tọa độ để tránh tạo điểm giả; cần GIS kỹ thuật/khảo sát hoặc nguồn công bố trực tiếp.,PL3_2025_DongThap_old,4. PL3 - danh muc cong .pdf,GATE_MASTER_2026-10-02,False
PL3-3499,Cống Tư Nghín,,,,,UNKNOWN,False,Giữ trống tọa độ để tránh tạo điểm giả; cần GIS kỹ thuật/khảo sát hoặc nguồn công bố trực tiếp.,PL3_2025_DongThap_old,4. PL3 - danh muc cong .pdf,GATE_MASTER_2026-10-02,False
PL3-3500,Cống Ba Có,,,,,UNKNOWN,False,Giữ trống tọa độ để tránh tạo điểm giả; cần GIS kỹ thuật/khảo sát hoặc nguồn công bố trực tiếp.,PL3_2025_DongThap_old,4. PL3 - danh muc cong .pdf,GATE_MASTER_2026-10-02,False
PL3-3501,Cống Tư Phong,,,,,UNKNOWN,False,Giữ trống tọa độ để tránh tạo điểm giả; cần GIS kỹ thuật/khảo sát hoặc nguồn công bố trực tiếp.,PL3_2025_DongThap_old,4. PL3 - danh muc cong .pdf,GATE_MASTER_2026-10-02,False
PL3-3502,Cống Tư Huế,,,,,UNKNOWN,False,Giữ trống tọa độ để tránh tạo điểm giả; cần GIS kỹ thuật/khảo sát hoặc nguồn công bố trực tiếp.,PL3_2025_DongThap_old,4. PL3 - danh muc cong .pdf,GATE_MASTER_2026-10-02,False
PL3-3503,Cống Tám Khố,,,,,UNKNOWN,False,Giữ trống tọa độ để tránh tạo điểm giả; cần GIS kỹ thuật/khảo sát hoặc nguồn công bố trực tiếp.,PL3_2025_DongThap_old,4. PL3 - danh muc cong .pdf,GATE_MASTER_2026-10-02,False
PL3-3504,Cống Bà Chắc Nhọn,,,,,UNKNOWN,False,Giữ trống tọa độ để tránh tạo điểm giả; cần GIS kỹ thuật/khảo sát hoặc nguồn công bố trực tiếp.,PL3_2025_DongThap_old,4. PL3 - danh muc cong .pdf,GATE_MASTER_2026-10-02,False
PL3-3505,Cống Hai O,,,,,UNKNOWN,False,Giữ trống tọa độ để tránh tạo điểm giả; cần GIS kỹ thuật/khảo sát hoặc nguồn công bố trực tiếp.,PL3_2025_DongThap_old,4. PL3 - danh muc cong .pdf,GATE_MASTER_2026-10-02,False
PL3-3506,Cống Vành Đai,,,,,UNKNOWN,False,Giữ trống tọa độ để tránh tạo điểm giả; cần GIS kỹ thuật/khảo sát hoặc nguồn công bố trực tiếp.,PL3_2025_DongThap_old,4. PL3 - danh muc cong .pdf,GATE_MASTER_2026-10-02,False
PL3-3507,Cống Thủy Lợi,,,,,UNKNOWN,False,Giữ trống tọa độ để tránh tạo điểm giả; cần GIS kỹ thuật/khảo sát hoặc nguồn công bố trực tiếp.,PL3_2025_DongThap_old,4. PL3 - danh muc cong .pdf,GATE_MASTER_2026-10-02,False
PL3-3508,Cống Ông Châu,,,,,UNKNOWN,False,Giữ trống tọa độ để tránh tạo điểm giả; cần GIS kỹ thuật/khảo sát hoặc nguồn công bố trực tiếp.,PL3_2025_DongThap_old,4. PL3 - danh muc cong .pdf,GATE_MASTER_2026-10-02,False
PL3-3509,Cống Thủy Lợi,,,,,UNKNOWN,False,Giữ trống tọa độ để tránh tạo điểm giả; cần GIS kỹ thuật/khảo sát hoặc nguồn công bố trực tiếp.,PL3_2025_DongThap_old,4. PL3 - danh muc cong .pdf,GATE_MASTER_2026-10-02,False
PL3-3510,Cống Sáu Lợi,,,,,UNKNOWN,False,Giữ trống tọa độ để tránh tạo điểm giả; cần GIS kỹ thuật/khảo sát hoặc nguồn công bố trực tiếp.,PL3_2025_DongThap_old,4. PL3 - danh muc cong .pdf,GATE_MASTER_2026-10-02,False
PL3-3511,Cống kênh Ranh,,,,,UNKNOWN,False,Giữ trống tọa độ để tránh tạo điểm giả; cần GIS kỹ thuật/khảo sát hoặc nguồn công bố trực tiếp.,PL3_2025_DongThap_old,4. PL3 - danh muc cong .pdf,GATE_MASTER_2026-10-02,False
PL3-3512,Cống Ông Giao,,,,,UNKNOWN,False,Giữ trống tọa độ để tránh tạo điểm giả; cần GIS kỹ thuật/khảo sát hoặc nguồn công bố trực tiếp.,PL3_2025_DongThap_old,4. PL3 - danh muc cong .pdf,GATE_MASTER_2026-10-02,False
PL3-3513,Cống Phạm Văn Núi,,,,,UNKNOWN,False,Giữ trống tọa độ để tránh tạo điểm giả; cần GIS kỹ thuật/khảo sát hoặc nguồn công bố trực tiếp.,PL3_2025_DongThap_old,4. PL3 - danh muc cong .pdf,GATE_MASTER_2026-10-02,False
PL3-3514,Cống Đoàn Văn Út,,,,,UNKNOWN,False,Giữ trống tọa độ để tránh tạo điểm giả; cần GIS kỹ thuật/khảo sát hoặc nguồn công bố trực tiếp.,PL3_2025_DongThap_old,4. PL3 - danh muc cong .pdf,GATE_MASTER_2026-10-02,False
PL3-3515,Cống Ba Tín,,,,,UNKNOWN,False,Giữ trống tọa độ để tránh tạo điểm giả; cần GIS kỹ thuật/khảo sát hoặc nguồn công bố trực tiếp.,PL3_2025_DongThap_old,4. PL3 - danh muc cong .pdf,GATE_MASTER_2026-10-02,False
PL3-3516,Cống Tùng Lâm,,,,,UNKNOWN,False,Giữ trống tọa độ để tránh tạo điểm giả; cần GIS kỹ thuật/khảo sát hoặc nguồn công bố trực tiếp.,PL3_2025_DongThap_old,4. PL3 - danh muc cong .pdf,GATE_MASTER_2026-10-02,False
PL3-3517,Cống thủy lợi Ông Chậm,,,,,UNKNOWN,False,Giữ trống tọa độ để tránh tạo điểm giả; cần GIS kỹ thuật/khảo sát hoặc nguồn công bố trực tiếp.,PL3_2025_DongThap_old,4. PL3 - danh muc cong .pdf,GATE_MASTER_2026-10-02,False
PL3-3518,Cống TL ông Chậm,,,,,UNKNOWN,False,Giữ trống tọa độ để tránh tạo điểm giả; cần GIS kỹ thuật/khảo sát hoặc nguồn công bố trực tiếp.,PL3_2025_DongThap_old,4. PL3 - danh muc cong .pdf,GATE_MASTER_2026-10-02,False
PL3-3519,Cống Năm Long,,,,,UNKNOWN,False,Giữ trống tọa độ để tránh tạo điểm giả; cần GIS kỹ thuật/khảo sát hoặc nguồn công bố trực tiếp.,PL3_2025_DongThap_old,4. PL3 - danh muc cong .pdf,GATE_MASTER_2026-10-02,False
PL3-3520,Cống ngầm,,,,,UNKNOWN,False,Giữ trống tọa độ để tránh tạo điểm giả; cần GIS kỹ thuật/khảo sát hoặc nguồn công bố trực tiếp.,PL3_2025_DongThap_old,4. PL3 - danh muc cong .pdf,GATE_MASTER_2026-10-02,False
PL3-3521,Cống ngầm,,,,,UNKNOWN,False,Giữ trống tọa độ để tránh tạo điểm giả; cần GIS kỹ thuật/khảo sát hoặc nguồn công bố trực tiếp.,PL3_2025_DongThap_old,4. PL3 - danh muc cong .pdf,GATE_MASTER_2026-10-02,False
PL3-3522,Cống ngầm,,,,,UNKNOWN,False,Giữ trống tọa độ để tránh tạo điểm giả; cần GIS kỹ thuật/khảo sát hoặc nguồn công bố trực tiếp.,PL3_2025_DongThap_old,4. PL3 - danh muc cong .pdf,GATE_MASTER_2026-10-02,False
PL3-3523,Cống ngầm,,,,,UNKNOWN,False,Giữ trống tọa độ để tránh tạo điểm giả; cần GIS kỹ thuật/khảo sát hoặc nguồn công bố trực tiếp.,PL3_2025_DongThap_old,4. PL3 - danh muc cong .pdf,GATE_MASTER_2026-10-02,False
PL3-3524,Cống Thủy Lợi,,,,,UNKNOWN,False,Giữ trống tọa độ để tránh tạo điểm giả; cần GIS kỹ thuật/khảo sát hoặc nguồn công bố trực tiếp.,PL3_2025_DongThap_old,4. PL3 - danh muc cong .pdf,GATE_MASTER_2026-10-02,False
PL3-3525,Cống Hai Thơ,,,,,UNKNOWN,False,Giữ trống tọa độ để tránh tạo điểm giả; cần GIS kỹ thuật/khảo sát hoặc nguồn công bố trực tiếp.,PL3_2025_DongThap_old,4. PL3 - danh muc cong .pdf,GATE_MASTER_2026-10-02,False
PL3-3526,Cống Khém Nò từ cống 5 Long,,,,,UNKNOWN,False,Giữ trống tọa độ để tránh tạo điểm giả; cần GIS kỹ thuật/khảo sát hoặc nguồn công bố trực tiếp.,PL3_2025_DongThap_old,4. PL3 - danh muc cong .pdf,GATE_MASTER_2026-10-02,False
PL3-3527,Cống Tám nhủi từ cống Hai Thơ,,,,,UNKNOWN,False,Giữ trống tọa độ để tránh tạo điểm giả; cần GIS kỹ thuật/khảo sát hoặc nguồn công bố trực tiếp.,PL3_2025_DongThap_old,4. PL3 - danh muc cong .pdf,GATE_MASTER_2026-10-02,False
PL3-3528,Cống Hai Lê,,,,,UNKNOWN,False,Giữ trống tọa độ để tránh tạo điểm giả; cần GIS kỹ thuật/khảo sát hoặc nguồn công bố trực tiếp.,PL3_2025_DongThap_old,4. PL3 - danh muc cong .pdf,GATE_MASTER_2026-10-02,False
PL3-3529,Cống ranh,,,,,UNKNOWN,False,Giữ trống tọa độ để tránh tạo điểm giả; cần GIS kỹ thuật/khảo sát hoặc nguồn công bố trực tiếp.,PL3_2025_DongThap_old,4. PL3 - danh muc cong .pdf,GATE_MASTER_2026-10-02,False
PL3-3530,Cống Hàng Sao,,,,,UNKNOWN,False,Giữ trống tọa độ để tránh tạo điểm giả; cần GIS kỹ thuật/khảo sát hoặc nguồn công bố trực tiếp.,PL3_2025_DongThap_old,4. PL3 - danh muc cong .pdf,GATE_MASTER_2026-10-02,False
PL3-3531,Cống Thủy Lợi,,,,,UNKNOWN,False,Giữ trống tọa độ để tránh tạo điểm giả; cần GIS kỹ thuật/khảo sát hoặc nguồn công bố trực tiếp.,PL3_2025_DongThap_old,4. PL3 - danh muc cong .pdf,GATE_MASTER_2026-10-02,False
PL3-3532,Cống Bà Thủy,,,,,UNKNOWN,False,Giữ trống tọa độ để tránh tạo điểm giả; cần GIS kỹ thuật/khảo sát hoặc nguồn công bố trực tiếp.,PL3_2025_DongThap_old,4. PL3 - danh muc cong .pdf,GATE_MASTER_2026-10-02,False
PL3-3533,Cống số 4,,,,,UNKNOWN,False,Giữ trống tọa độ để tránh tạo điểm giả; cần GIS kỹ thuật/khảo sát hoặc nguồn công bố trực tiếp.,PL3_2025_DongThap_old,4. PL3 - danh muc cong .pdf,GATE_MASTER_2026-10-02,False
PL3-3534,Cống Thủy Lợi 1,,,,,UNKNOWN,False,Giữ trống tọa độ để tránh tạo điểm giả; cần GIS kỹ thuật/khảo sát hoặc nguồn công bố trực tiếp.,PL3_2025_DongThap_old,4. PL3 - danh muc cong .pdf,GATE_MASTER_2026-10-02,False
PL3-3535,Cống Thủy Lợi,,,,,UNKNOWN,False,Giữ trống tọa độ để tránh tạo điểm giả; cần GIS kỹ thuật/khảo sát hoặc nguồn công bố trực tiếp.,PL3_2025_DongThap_old,4. PL3 - danh muc cong .pdf,GATE_MASTER_2026-10-02,False
PL3-3536,Cống Tư Trà,,,,,UNKNOWN,False,Giữ trống tọa độ để tránh tạo điểm giả; cần GIS kỹ thuật/khảo sát hoặc nguồn công bố trực tiếp.,PL3_2025_DongThap_old,4. PL3 - danh muc cong .pdf,GATE_MASTER_2026-10-02,False
PL3-3537,Cống Sáu Luông,,,,,UNKNOWN,False,Giữ trống tọa độ để tránh tạo điểm giả; cần GIS kỹ thuật/khảo sát hoặc nguồn công bố trực tiếp.,PL3_2025_DongThap_old,4. PL3 - danh muc cong .pdf,GATE_MASTER_2026-10-02,False
PL3-3538,Cống ngầm TL,,,,,UNKNOWN,False,Giữ trống tọa độ để tránh tạo điểm giả; cần GIS kỹ thuật/khảo sát hoặc nguồn công bố trực tiếp.,PL3_2025_DongThap_old,4. PL3 - danh muc cong .pdf,GATE_MASTER_2026-10-02,False
PL3-3539,Cống ngầm Bà Đình,,,,,UNKNOWN,False,Giữ trống tọa độ để tránh tạo điểm giả; cần GIS kỹ thuật/khảo sát hoặc nguồn công bố trực tiếp.,PL3_2025_DongThap_old,4. PL3 - danh muc cong .pdf,GATE_MASTER_2026-10-02,False
PL3-3540,Cống Tư Thắng (lắp cống ngầm thay cống hở),,,,,UNKNOWN,False,Giữ trống tọa độ để tránh tạo điểm giả; cần GIS kỹ thuật/khảo sát hoặc nguồn công bố trực tiếp.,PL3_2025_DongThap_old,4. PL3 - danh muc cong .pdf,GATE_MASTER_2026-10-02,False
PL3-3541,Cống Bà Mười,,,,,UNKNOWN,False,Giữ trống tọa độ để tránh tạo điểm giả; cần GIS kỹ thuật/khảo sát hoặc nguồn công bố trực tiếp.,PL3_2025_DongThap_old,4. PL3 - danh muc cong .pdf,GATE_MASTER_2026-10-02,False
PL3-3542,Cống Đìa Dùng,,,,,UNKNOWN,False,Giữ trống tọa độ để tránh tạo điểm giả; cần GIS kỹ thuật/khảo sát hoặc nguồn công bố trực tiếp.,PL3_2025_DongThap_old,4. PL3 - danh muc cong .pdf,GATE_MASTER_2026-10-02,False
PL3-3543,Cống 2,,,,,UNKNOWN,False,Giữ trống tọa độ để tránh tạo điểm giả; cần GIS kỹ thuật/khảo sát hoặc nguồn công bố trực tiếp.,PL3_2025_DongThap_old,4. PL3 - danh muc cong .pdf,GATE_MASTER_2026-10-02,False
PL3-3544,Cống ngầm An Nhơn (04),,,,,UNKNOWN,False,Giữ trống tọa độ để tránh tạo điểm giả; cần GIS kỹ thuật/khảo sát hoặc nguồn công bố trực tiếp.,PL3_2025_DongThap_old,4. PL3 - danh muc cong .pdf,GATE_MASTER_2026-10-02,False
PL3-3545,Cống rạch Cò,,,,,UNKNOWN,False,Giữ trống tọa độ để tránh tạo điểm giả; cần GIS kỹ thuật/khảo sát hoặc nguồn công bố trực tiếp.,PL3_2025_DongThap_old,4. PL3 - danh muc cong .pdf,GATE_MASTER_2026-10-02,False
PL3-3546,Cống ranh Vĩnh Long,,,,,UNKNOWN,False,Giữ trống tọa độ để tránh tạo điểm giả; cần GIS kỹ thuật/khảo sát hoặc nguồn công bố trực tiếp.,PL3_2025_DongThap_old,4. PL3 - danh muc cong .pdf,GATE_MASTER_2026-10-02,False
PL3-3547,Cống Năm Lự,,,,,UNKNOWN,False,Giữ trống tọa độ để tránh tạo điểm giả; cần GIS kỹ thuật/khảo sát hoặc nguồn công bố trực tiếp.,PL3_2025_DongThap_old,4. PL3 - danh muc cong .pdf,GATE_MASTER_2026-10-02,False
PL3-3548,Cống ngầm D80_ rạch Nha Mân - Tư Tải,,,,,UNKNOWN,False,Giữ trống tọa độ để tránh tạo điểm giả; cần GIS kỹ thuật/khảo sát hoặc nguồn công bố trực tiếp.,PL3_2025_DongThap_old,4. PL3 - danh muc cong .pdf,GATE_MASTER_2026-10-02,False
PL3-3549,Cống Rạch Cứu Khổ,,,,,UNKNOWN,False,Giữ trống tọa độ để tránh tạo điểm giả; cần GIS kỹ thuật/khảo sát hoặc nguồn công bố trực tiếp.,PL3_2025_DongThap_old,4. PL3 - danh muc cong .pdf,GATE_MASTER_2026-10-02,False
PL3-3550,Cống Ông Thin,,,,,UNKNOWN,False,Giữ trống tọa độ để tránh tạo điểm giả; cần GIS kỹ thuật/khảo sát hoặc nguồn công bố trực tiếp.,PL3_2025_DongThap_old,4. PL3 - danh muc cong .pdf,GATE_MASTER_2026-10-02,False
PL3-3551,Cống Sáu Của,,,,,UNKNOWN,False,Giữ trống tọa độ để tránh tạo điểm giả; cần GIS kỹ thuật/khảo sát hoặc nguồn công bố trực tiếp.,PL3_2025_DongThap_old,4. PL3 - danh muc cong .pdf,GATE_MASTER_2026-10-02,False
PL3-3552,Cống ngầm TL - Năm Hoa,,,,,UNKNOWN,False,Giữ trống tọa độ để tránh tạo điểm giả; cần GIS kỹ thuật/khảo sát hoặc nguồn công bố trực tiếp.,PL3_2025_DongThap_old,4. PL3 - danh muc cong .pdf,GATE_MASTER_2026-10-02,False
PL3-3553,Cống Ngầm D100,,,,,UNKNOWN,False,Giữ trống tọa độ để tránh tạo điểm giả; cần GIS kỹ thuật/khảo sát hoặc nguồn công bố trực tiếp.,PL3_2025_DongThap_old,4. PL3 - danh muc cong .pdf,GATE_MASTER_2026-10-02,False
PL3-3554,Cống ngầm HTX,,,,,UNKNOWN,False,Giữ trống tọa độ để tránh tạo điểm giả; cần GIS kỹ thuật/khảo sát hoặc nguồn công bố trực tiếp.,PL3_2025_DongThap_old,4. PL3 - danh muc cong .pdf,GATE_MASTER_2026-10-02,False
DTG001,Cống Vàm Giồng,10.302,106.547889,,,OFFICIAL,True,Có thể dùng ngay làm điểm tham chiếu; vẫn nên soi ảnh vệ tinh trước khi khóa vị trí tâm công trình.,User_TienGiang_old,sluice_gates_dong_thap_new.csv,GATE_MASTER_2026-10-02,True
DTG002,Cống Gò Công,10.354444,106.648889,,,VERIFIED_MAP_PIN,True,"Tọa độ suy ra từ đầu tuyến thủy văn, không phải mốc trắc địa tâm cống.",User_TienGiang_old,sluice_gates_dong_thap_new.csv,GATE_MASTER_2026-10-02,True
DTG003,Cống Long Uông,10.322778,106.705,,,VERIFIED_MAP_PIN,True,Nên căn chỉnh tâm cống bằng ảnh vệ tinh khi digitize chính thức.,User_TienGiang_old,sluice_gates_dong_thap_new.csv,GATE_MASTER_2026-10-02,True
DTG004,Cống Tân Thành,10.275556,106.734444,,,VERIFIED_MAP_PIN,True,Tọa độ đầu tuyến; cần đối chiếu ảnh vệ tinh trước khi coi là tâm công trình.,User_TienGiang_old,sluice_gates_dong_thap_new.csv,GATE_MASTER_2026-10-02,True
DTG005,Cống Cần Lộc,10.404611,106.755444,,,OFFICIAL,True,Tọa độ công bố trực tiếp; vẫn nên đối chiếu ảnh vệ tinh để đặt marker đúng tâm thân cống.,User_TienGiang_old,sluice_gates_dong_thap_new.csv,GATE_MASTER_2026-10-02,True
DTG006,Cống Sơn Qui,10.395,106.684444,,,VERIFIED_MAP_PIN,True,Tọa độ suy ra theo quan hệ tuyến; cần kiểm tra hình thái công trình trên basemap.,User_TienGiang_old,sluice_gates_dong_thap_new.csv,GATE_MASTER_2026-10-02,True
DTG007,Cống Rạch Già,10.310556,106.658611,,,VERIFIED_MAP_PIN,True,Nên kiểm tra lại đúng phía đầu cống trên ảnh vệ tinh.,User_TienGiang_old,sluice_gates_dong_thap_new.csv,GATE_MASTER_2026-10-02,True
DTG008,Cống Bà Tài,10.286111,106.667222,,,VERIFIED_MAP_PIN,True,Phù hợp làm case study; nên xác nhận tâm cống trên satellite.,User_TienGiang_old,sluice_gates_dong_thap_new.csv,GATE_MASTER_2026-10-02,True
DTG009,Cống Bà Lắm,10.281667,106.693056,,,VERIFIED_MAP_PIN,True,Phù hợp case study mặn; cần kiểm tra satellite để snap chính xác.,User_TienGiang_old,sluice_gates_dong_thap_new.csv,GATE_MASTER_2026-10-02,True
DTG010,Cống Rạch Mương,10.253056,106.659722,,,VERIFIED_MAP_PIN,True,Đầu tuyến được suy luận từ cấu trúc liên thông; cần xác nhận ảnh vệ tinh.,User_TienGiang_old,sluice_gates_dong_thap_new.csv,GATE_MASTER_2026-10-02,True
DTG011,Cống Lý Quàn,10.238056,106.688333,,,VERIFIED_MAP_PIN,True,Bắt buộc rà lại trên ảnh vệ tinh trước khi dùng trong Decision Logic.,User_TienGiang_old,sluice_gates_dong_thap_new.csv,GATE_MASTER_2026-10-02,True
DTG012,Cống Vàm Tháp,10.408083,106.760389,,,OFFICIAL,True,Tọa độ công bố trực tiếp; thay thế hoàn toàn tọa độ proxy ở bản nháp trước.,User_TienGiang_old,sluice_gates_dong_thap_new.csv,GATE_MASTER_2026-10-02,True
DTG013,Cống Xuân Hòa,10.33,106.478333333,,,VERIFIED_MAP_PIN,True,Tọa độ suy ra bằng liên kết topo từ hai nguồn chính thức; không phải mốc trắc địa công bố trực tiếp cho tâm cống.,User_TienGiang_old,sluice_gates_dong_thap_new.csv,GATE_MASTER_2026-10-02,True
DTG014,Cống Rạch Gốc,,,10.272777778,106.748333333,CANDIDATE,False,CANDIDATE KHÔNG PHẢI TỌA ĐỘ CỐNG. Không đưa vào GeoJSON verified.,User_TienGiang_old,sluice_gates_dong_thap_new.csv,GATE_MASTER_2026-10-02,False
DTG015,Cống Salisete,,,10.359444444,106.665555556,CANDIDATE,False,CANDIDATE KHÔNG PHẢI TỌA ĐỘ CỐNG. Chỉ dùng làm vùng tìm kiếm trên ảnh vệ tinh.,User_TienGiang_old,sluice_gates_dong_thap_new.csv,GATE_MASTER_2026-10-02,False
