date,tide_max_m,station
1985-11-29,3.52,VungTau
1985-11-30,3.45,VungTau
1985-12-01,3.39,VungTau
1985-12-02,3.21,VungTau
1985-12-03,3.02,VungTau
1985-12-04,2.92,VungTau
1985-12-05,2.78,VungTau
1985-12-06,2.79,VungTau
1985-12-07,3.0,VungTau
1985-12-08,3.28,VungTau
1985-12-09,3.52,VungTau
1985-12-10,3.65,VungTau
1985-12-11,3.72,VungTau
1985-12-12,3.73,VungTau
1985-12-13,3.71,VungTau
1985-12-14,3.58,VungTau
1985-12-15,3.4,VungTau
1985-12-16,3.26,VungTau
1985-12-17,3.07,VungTau
1985-12-18,2.79,VungTau
1985-12-19,2.58,VungTau
1985-12-20,2.62,VungTau
1985-12-21,2.73,VungTau
1985-12-22,2.76,VungTau
1985-12-23,2.9,VungTau
1985-12-24,2.99,VungTau
1985-12-25,3.12,VungTau
1985-12-26,3.2,VungTau
1985-12-27,3.27,VungTau
1985-12-28,3.37,VungTau
1985-12-29,3.39,VungTau
1985-12-30,3.36,VungTau
1985-12-31,3.31,VungTau
1986-01-01,3.12,VungTau
1986-01-02,2.97,VungTau
1986-01-03,2.78,VungTau
1986-01-04,2.71,VungTau
1986-01-05,2.76,VungTau
1986-01-06,2.94,VungTau
1986-01-07,3.0,VungTau
1986-01-08,3.18,VungTau
1986-01-09,3.34,VungTau
1986-01-10,3.41,VungTau
1986-01-11,3.49,VungTau
1986-01-12,3.51,VungTau
1986-01-13,3.39,VungTau
1986-01-14,3.32,VungTau
1986-01-15,3.08,VungTau
1986-01-16,2.9,VungTau
1986-01-17,2.78,VungTau
1986-01-18,2.64,VungTau
1986-01-19,2.46,VungTau
1986-01-20,2.48,VungTau
1986-01-21,2.63,VungTau
1986-01-22,2.8,VungTau
1986-01-23,2.95,VungTau
1986-01-24,3.18,VungTau
1986-01-25,3.31,VungTau
1986-01-26,3.44,VungTau
1986-01-27,3.5,VungTau
1986-01-28,3.54,VungTau
1986-01-29,3.45,VungTau
1986-01-30,3.31,VungTau
1986-01-31,3.09,VungTau
1986-02-01,2.94,VungTau
1986-02-02,2.87,VungTau
1986-02-03,2.72,VungTau
1986-02-04,2.69,VungTau
1986-02-05,2.83,VungTau
1986-02-06,3.07,VungTau
1986-02-07,3.24,VungTau
1986-02-08,3.37,VungTau
1986-02-09,3.47,VungTau
1986-02-10,3.4,VungTau
1986-02-11,3.38,VungTau
1986-02-12,3.21,VungTau
1986-02-13,3.07,VungTau
1986-02-14,2.98,VungTau
1986-02-15,2.9,VungTau
1986-02-16,2.74,VungTau
1986-02-17,2.46,VungTau
1986-02-18,2.31,VungTau
1986-02-19,2.34,VungTau
1986-02-20,2.54,VungTau
1986-02-21,2.85,VungTau
1986-02-22,3.08,VungTau
1986-02-23,3.29,VungTau
1986-02-24,3.49,VungTau
1986-02-25,3.57,VungTau
1986-02-26,3.54,VungTau
1986-02-27,3.46,VungTau
1986-02-28,3.41,VungTau
1986-03-01,3.29,VungTau
1986-03-02,3.08,VungTau
1986-03-03,2.79,VungTau
1986-03-04,2.53,VungTau
1986-03-05,2.4,VungTau
1986-03-06,2.63,VungTau
1986-03-07,2.97,VungTau
1986-03-08,3.16,VungTau
1986-03-09,3.37,VungTau
1986-03-10,3.48,VungTau
1986-03-11,3.48,VungTau
1986-03-12,3.38,VungTau
1986-03-13,3.38,VungTau
1986-03-14,3.32,VungTau
1986-03-15,3.21,VungTau
1986-03-16,3.12,VungTau
1986-03-17,2.9,VungTau
1986-03-18,2.68,VungTau
1986-03-19,2.43,VungTau
1986-03-20,2.29,VungTau
1986-03-21,2.53,VungTau
1986-03-22,2.87,VungTau
1986-03-23,3.21,VungTau
1986-03-24,3.42,VungTau
1986-03-25,3.58,VungTau
1986-03-26,3.65,VungTau
1986-03-27,3.66,VungTau
1986-03-28,3.72,VungTau
1986-03-29,3.68,VungTau
1986-03-30,3.53,VungTau
1986-03-31,3.23,VungTau
1986-04-01,2.96,VungTau
1986-04-02,2.67,VungTau
1986-04-03,2.56,VungTau
1986-04-04,2.83,VungTau
1986-04-05,3.08,VungTau
1986-04-06,3.26,VungTau
1986-04-07,3.37,VungTau
1986-04-08,3.42,VungTau
1986-04-09,3.46,VungTau
1986-04-10,3.53,VungTau
1986-04-11,3.54,VungTau
1986-04-12,3.48,VungTau
1986-04-13,3.41,VungTau
1986-04-14,3.26,VungTau
1986-04-15,3.12,VungTau
1986-04-16,2.89,VungTau
1986-04-17,2.65,VungTau
1986-04-18,2.46,VungTau
1986-04-19,2.57,VungTau
1986-04-20,2.89,VungTau
1986-04-21,3.14,VungTau
1986-04-22,3.39,VungTau
1986-04-23,3.52,VungTau
1986-04-24,3.74,VungTau
1986-04-25,3.79,VungTau
1986-04-26,3.78,VungTau
1986-04-27,3.73,VungTau
1986-04-28,3.56,VungTau
1986-04-29,3.27,VungTau
1986-04-30,3.0,VungTau
1986-05-01,2.74,VungTau
1986-05-02,2.6,VungTau
1986-05-03,2.76,VungTau
1986-05-04,2.92,VungTau
1986-05-05,3.05,VungTau
1986-05-06,3.26,VungTau
1986-05-07,3.44,VungTau
1986-05-08,3.58,VungTau
1986-05-09,3.59,VungTau
1986-05-10,3.61,VungTau
1986-05-11,3.64,VungTau
1986-05-12,3.59,VungTau
1986-05-13,3.48,VungTau
1986-05-14,3.43,VungTau
1986-05-15,3.21,VungTau
1986-05-16,3.07,VungTau
1986-05-17,2.93,VungTau
1986-05-18,2.88,VungTau
1986-05-19,2.96,VungTau
1986-05-20,3.19,VungTau
1986-05-21,3.42,VungTau
1986-05-22,3.71,VungTau
1986-05-23,3.8,VungTau
1986-05-24,3.9,VungTau
1986-05-25,3.87,VungTau
1986-05-26,3.75,VungTau
1986-05-27,3.53,VungTau
1986-05-28,3.38,VungTau
1986-05-29,3.15,VungTau
1986-05-30,3.0,VungTau
1986-05-31,2.8,VungTau
1986-06-01,2.76,VungTau
1986-06-02,2.92,VungTau
1986-06-03,3.09,VungTau
1986-06-04,3.2,VungTau
1986-06-05,3.31,VungTau
1986-06-06,3.34,VungTau
1986-06-07,3.42,VungTau
1986-06-08,3.38,VungTau
1986-06-09,3.37,VungTau
1986-06-10,3.38,VungTau
1986-06-11,3.35,VungTau
1986-06-12,3.29,VungTau
1986-06-13,3.18,VungTau
1986-06-14,3.14,VungTau
1986-06-15,2.99,VungTau
1986-06-16,2.86,VungTau
1986-06-17,2.91,VungTau
1986-06-18,3.05,VungTau
1986-06-19,3.26,VungTau
1986-06-20,3.44,VungTau
1986-06-21,3.63,VungTau
1986-06-22,3.73,VungTau
1986-06-23,3.76,VungTau
1986-06-24,3.8,VungTau
1986-06-25,3.68,VungTau
1986-06-26,3.55,VungTau
1986-06-27,3.41,VungTau
1986-06-28,3.1,VungTau
1986-06-29,2.79,VungTau
1986-06-30,2.75,VungTau
1986-07-01,2.75,VungTau
1986-07-02,2.8,VungTau
1986-07-03,2.9,VungTau
1986-07-04,3.01,VungTau
1986-07-05,3.15,VungTau
1986-07-06,3.27,VungTau
1986-07-07,3.4,VungTau
1986-07-08,3.5,VungTau
1986-07-09,3.46,VungTau
1986-07-10,3.58,VungTau
1986-07-11,3.45,VungTau
1986-07-12,3.36,VungTau
1986-07-13,3.23,VungTau
1986-07-14,3.09,VungTau
1986-07-15,3.01,VungTau
1986-07-16,3.0,VungTau
1986-07-17,3.04,VungTau
1986-07-18,3.14,VungTau
1986-07-19,3.34,VungTau
1986-07-20,3.49,VungTau
1986-07-21,3.66,VungTau
1986-07-22,3.83,VungTau
1986-07-23,3.88,VungTau
1986-07-24,3.83,VungTau
1986-07-25,3.71,VungTau
1986-07-26,3.47,VungTau
1986-07-27,3.2,VungTau
1986-07-28,2.95,VungTau
1986-07-29,2.73,VungTau
1986-07-30,2.64,VungTau
1986-07-31,2.65,VungTau
1986-08-01,2.75,VungTau
1986-08-02,2.95,VungTau
1986-08-03,3.15,VungTau
1986-08-04,3.33,VungTau
1986-08-05,3.48,VungTau
1986-08-06,3.63,VungTau
1986-08-07,3.71,VungTau
1986-08-08,3.71,VungTau
1986-08-09,3.71,VungTau
1986-08-10,3.62,VungTau
1986-08-11,3.4,VungTau
1986-08-12,3.17,VungTau
1986-08-13,2.95,VungTau
1986-08-14,2.8,VungTau
1986-08-15,2.77,VungTau
1986-08-16,2.95,VungTau
1986-08-17,3.14,VungTau
1986-08-18,3.41,VungTau
1986-08-19,3.64,VungTau
1986-08-20,3.76,VungTau
1986-08-21,3.77,VungTau
1986-08-22,3.69,VungTau
1986-08-23,3.5,VungTau
1986-08-24,3.36,VungTau
1986-08-25,3.14,VungTau
1986-08-26,2.9,VungTau
1986-08-27,2.7,VungTau
1986-08-28,2.49,VungTau
1986-08-29,2.35,VungTau
1986-08-30,2.41,VungTau
1986-08-31,2.62,VungTau
1986-09-01,2.96,VungTau
1986-09-02,3.11,VungTau
1986-09-03,3.41,VungTau
1986-09-04,3.56,VungTau
1986-09-05,3.66,VungTau
1986-09-06,3.69,VungTau
1986-09-07,3.69,VungTau
1986-09-08,3.53,VungTau
1986-09-09,3.26,VungTau
1986-09-10,3.05,VungTau
1986-09-11,2.81,VungTau
1986-09-12,2.59,VungTau
1986-09-13,2.53,VungTau
1986-09-14,2.72,VungTau
1986-09-15,3.06,VungTau
1986-09-16,3.37,VungTau
1986-09-17,3.56,VungTau
1986-09-18,3.66,VungTau
1986-09-19,3.78,VungTau
1986-09-20,3.56,VungTau
1986-09-21,3.53,VungTau
1986-09-22,3.34,VungTau
1986-09-23,3.19,VungTau
1986-09-24,2.95,VungTau
1986-09-25,2.73,VungTau
1986-09-26,2.49,VungTau
1986-09-27,2.36,VungTau
1986-09-28,2.46,VungTau
1986-09-29,2.67,VungTau
1986-09-30,2.92,VungTau
1986-10-01,3.16,VungTau
1986-10-02,3.39,VungTau
1986-10-03,3.52,VungTau
1986-10-04,3.65,VungTau
1986-10-05,3.76,VungTau
1986-10-06,3.69,VungTau
1986-10-07,3.53,VungTau
1986-10-08,3.36,VungTau
1986-10-09,3.05,VungTau
1986-10-10,2.74,VungTau
1986-10-11,2.62,VungTau
1986-10-12,2.63,VungTau
1986-10-13,2.9,VungTau
1986-10-14,3.19,VungTau
1986-10-15,3.35,VungTau
1986-10-16,3.53,VungTau
1986-10-17,3.67,VungTau
1986-10-18,3.69,VungTau
1986-10-19,3.68,VungTau
1986-10-20,3.56,VungTau
1986-10-21,3.47,VungTau
1986-10-22,3.33,VungTau
1986-10-23,3.07,VungTau
1986-10-24,2.91,VungTau
1986-10-25,2.64,VungTau
1986-10-26,2.52,VungTau
1986-10-27,2.54,VungTau
1986-10-28,2.79,VungTau
1986-10-29,3.04,VungTau
1986-10-30,3.27,VungTau
1986-10-31,3.46,VungTau
1986-11-01,3.68,VungTau
1986-11-02,3.83,VungTau
1986-11-03,3.88,VungTau
1986-11-04,3.82,VungTau
1986-11-05,3.69,VungTau
1986-11-06,3.48,VungTau
1986-11-07,3.21,VungTau
1986-11-08,2.99,VungTau
1986-11-09,2.81,VungTau
1986-11-10,2.83,VungTau
1986-11-11,3.07,VungTau
1986-11-12,3.25,VungTau
1986-11-13,3.4,VungTau
1986-11-14,3.52,VungTau
1986-11-15,3.57,VungTau
1986-11-16,3.66,VungTau
1986-11-17,3.64,VungTau
1986-11-18,3.57,VungTau
1986-11-19,3.4,VungTau
1986-11-20,3.31,VungTau
1986-11-21,3.16,VungTau
1986-11-22,3.03,VungTau
1986-11-23,2.84,VungTau
1986-11-24,2.7,VungTau
1986-11-25,2.59,VungTau
1986-11-26,2.69,VungTau
1986-11-27,2.96,VungTau
1986-11-28,3.22,VungTau
1986-11-29,3.39,VungTau
1986-11-30,3.58,VungTau
1986-12-01,3.7,VungTau
1986-12-02,3.64,VungTau
1986-12-03,3.61,VungTau
1986-12-04,3.54,VungTau
1986-12-05,3.4,VungTau
1986-12-06,3.12,VungTau
1986-12-07,2.9,VungTau
1986-12-08,2.64,VungTau
1986-12-09,2.55,VungTau
1986-12-10,2.69,VungTau
1986-12-11,2.83,VungTau
1986-12-12,2.99,VungTau
1986-12-13,3.09,VungTau
1986-12-14,3.14,VungTau
1986-12-15,3.23,VungTau
1986-12-16,3.21,VungTau
1986-12-17,3.29,VungTau
1986-12-18,3.22,VungTau
1986-12-19,3.2,VungTau
1986-12-20,3.1,VungTau
1986-12-21,2.98,VungTau
1986-12-22,2.85,VungTau
1986-12-23,2.72,VungTau
1986-12-24,2.55,VungTau
1986-12-25,2.58,VungTau
1986-12-26,2.73,VungTau
1986-12-27,2.85,VungTau
1986-12-28,3.07,VungTau
1986-12-29,3.25,VungTau
1986-12-30,3.39,VungTau
1986-12-31,3.49,VungTau
1987-01-01,3.55,VungTau
1987-01-02,3.54,VungTau
1987-01-03,3.4,VungTau
1987-01-04,3.2,VungTau
1987-01-05,2.89,VungTau
1987-01-06,2.68,VungTau
1987-01-07,2.6,VungTau
1987-01-08,2.54,VungTau
1987-01-09,2.51,VungTau
1987-01-10,2.57,VungTau
1987-01-11,2.74,VungTau
1987-01-12,2.86,VungTau
1987-01-13,2.94,VungTau
1987-01-14,3.09,VungTau
1987-01-15,3.18,VungTau
1987-01-16,3.24,VungTau
1987-01-17,3.27,VungTau
1987-01-18,3.2,VungTau
1987-01-19,3.15,VungTau
1987-01-20,3.06,VungTau
1987-01-21,2.91,VungTau
1987-01-22,2.84,VungTau
1987-01-23,2.7,VungTau
1987-01-24,2.67,VungTau
1987-01-25,2.68,VungTau
1987-01-26,2.85,VungTau
1987-01-27,3.15,VungTau
1987-01-28,3.35,VungTau
1987-01-29,3.52,VungTau
1987-01-30,3.65,VungTau
1987-01-31,3.66,VungTau
1987-02-01,3.48,VungTau
1987-02-02,3.24,VungTau
1987-02-03,2.99,VungTau
1987-02-04,2.88,VungTau
1987-02-05,2.73,VungTau
1987-02-06,2.7351428571428573,VungTau
1987-02-07,2.740285714285714,VungTau
1987-02-08,2.7454285714285716,VungTau
1987-02-09,2.7505714285714284,VungTau
1987-02-10,2.755714285714286,VungTau
1987-02-11,2.7608571428571427,VungTau
1987-02-12,2.766,VungTau
1987-02-13,2.7711428571428574,VungTau
1987-02-14,2.7762857142857142,VungTau
1987-02-15,2.7814285714285716,VungTau
1987-02-16,2.7865714285714285,VungTau
1987-02-17,2.791714285714286,VungTau
1987-02-18,2.7968571428571427,VungTau
1987-02-19,2.802,VungTau
1987-02-20,2.8071428571428574,VungTau
1987-02-21,2.8122857142857143,VungTau
1987-02-22,2.8174285714285716,VungTau
1987-02-23,2.8225714285714285,VungTau
1987-02-24,2.827714285714286,VungTau
1987-02-25,2.8328571428571427,VungTau
1987-02-26,2.838,VungTau
1987-02-27,2.8431428571428574,VungTau
1987-02-28,2.8482857142857143,VungTau
1987-03-01,2.8534285714285716,VungTau
1987-03-02,2.8585714285714285,VungTau
1987-03-03,2.863714285714286,VungTau
1987-03-04,2.8688571428571428,VungTau
1987-03-05,2.874,VungTau
1987-03-06,2.8791428571428574,VungTau
1987-03-07,2.8842857142857143,VungTau
1987-03-08,2.8894285714285717,VungTau
1987-03-09,2.8945714285714286,VungTau
1987-03-10,2.899714285714286,VungTau
1987-03-11,2.904857142857143,VungTau
1987-03-12,2.91,VungTau
1987-03-13,3.12,VungTau
1987-03-14,3.27,VungTau
1987-03-15,3.38,VungTau
1987-03-16,3.44,VungTau
1987-03-17,3.43,VungTau
1987-03-18,3.46,VungTau
1987-03-19,3.39,VungTau
1987-03-20,3.31,VungTau
1987-03-21,3.03,VungTau
1987-03-22,2.75,VungTau
1987-03-23,2.47,VungTau
1987-03-24,2.41,VungTau
1987-03-25,2.72,VungTau
1987-03-26,3.01,VungTau
1987-03-27,3.24,VungTau
1987-03-28,3.41,VungTau
1987-03-29,3.46,VungTau
1987-03-30,3.5,VungTau
1987-03-31,3.47,VungTau
1987-04-01,3.49,VungTau
1987-04-02,3.38,VungTau
1987-04-03,3.17,VungTau
1987-04-04,2.97,VungTau
1987-04-05,2.75,VungTau
1987-04-06,2.47,VungTau
1987-04-07,2.23,VungTau
1987-04-08,2.36,VungTau
1987-04-09,2.62,VungTau
1987-04-10,2.8,VungTau
1987-04-11,3.07,VungTau
1987-04-12,3.25,VungTau
1987-04-13,3.38,VungTau
1987-04-14,3.5,VungTau
1987-04-15,3.61,VungTau
1987-04-16,3.58,VungTau
1987-04-17,3.55,VungTau
1987-04-18,3.36,VungTau
1987-04-19,3.15,VungTau
1987-04-20,2.88,VungTau
1987-04-21,2.68,VungTau
1987-04-22,2.64,VungTau
1987-04-23,2.86,VungTau
1987-04-24,3.08,VungTau
1987-04-25,3.19,VungTau
1987-04-26,3.32,VungTau
1987-04-27,3.49,VungTau
1987-04-28,3.47,VungTau
1987-04-29,3.54,VungTau
1987-04-30,3.45,VungTau
1987-05-01,3.37,VungTau
1987-05-02,3.3,VungTau
1987-05-03,3.12,VungTau
1987-05-04,2.95,VungTau
1987-05-05,2.76,VungTau
1987-05-06,2.529,VungTau
1987-05-07,2.55,VungTau
1987-05-08,2.7,VungTau
1987-05-09,2.87,VungTau
1987-05-10,3.07,VungTau
1987-05-11,3.38,VungTau
1987-05-12,3.54,VungTau
1987-05-13,3.7,VungTau
1987-05-14,3.73,VungTau
1987-05-15,3.72,VungTau
1987-05-16,3.63,VungTau
1987-05-17,3.5,VungTau
1987-05-18,3.31,VungTau
1987-05-19,3.18,VungTau
1987-05-20,2.99,VungTau
1987-05-21,2.92,VungTau
1987-05-22,2.89,VungTau
1987-05-23,3.09,VungTau
1987-05-24,3.25,VungTau
1987-05-25,3.37,VungTau
1987-05-26,3.4,VungTau
1987-05-27,3.46,VungTau
1987-05-28,3.43,VungTau
1987-05-29,3.39,VungTau
1987-05-30,3.34,VungTau
1987-05-31,3.3,VungTau
1987-06-01,3.21,VungTau
1987-06-02,3.12,VungTau
1987-06-03,2.97,VungTau
1987-06-04,2.8,VungTau
1987-06-05,2.66,VungTau
1987-06-06,2.67,VungTau
1987-06-07,2.84,VungTau
1987-06-08,3.02,VungTau
1987-06-09,3.29,VungTau
1987-06-10,3.41,VungTau
1987-06-11,3.53,VungTau
1987-06-12,3.69,VungTau
1987-06-13,3.74,VungTau
1987-06-14,3.71,VungTau
1987-06-15,3.69,VungTau
1987-06-16,3.54,VungTau
1987-06-17,3.37,VungTau
1987-06-18,3.19,VungTau
1987-06-19,2.99,VungTau
1987-06-20,2.96,VungTau
1987-06-21,3.06,VungTau
1987-06-22,3.13,VungTau
1987-06-23,3.162,VungTau
1987-06-24,3.38,VungTau
1987-06-25,3.42,VungTau
1987-06-26,3.46,VungTau
1987-06-27,3.54,VungTau
1987-06-28,3.53,VungTau
1987-06-29,3.53,VungTau
1987-06-30,3.49,VungTau
1987-07-01,3.44,VungTau
1987-07-02,3.33,VungTau
1987-07-03,3.18,VungTau
1987-07-04,3.06,VungTau
1987-07-05,3.02,VungTau
1987-07-06,2.97,VungTau
1987-07-07,3.08,VungTau
1987-07-08,3.21,VungTau
1987-07-09,3.39,VungTau
1987-07-10,3.52,VungTau
1987-07-11,3.68,VungTau
1987-07-12,3.82,VungTau
1987-07-13,3.81,VungTau
1987-07-14,3.71,VungTau
1987-07-15,3.66,VungTau
1987-07-16,3.4,VungTau
1987-07-17,3.16,VungTau
1987-07-18,2.89,VungTau
1987-07-19,2.82,VungTau
1987-07-20,2.85,VungTau
1987-07-21,2.85,VungTau
1987-07-22,2.93,VungTau
1987-07-23,3.04,VungTau
1987-07-24,3.17,VungTau
1987-07-25,3.32,VungTau
1987-07-26,3.37,VungTau
1987-07-27,3.46,VungTau
1987-07-28,3.52,VungTau
1987-07-29,3.47,VungTau
1987-07-30,3.41,VungTau
1987-07-31,3.36,VungTau
1987-08-01,3.19,VungTau
1987-08-02,3.03,VungTau
1987-08-03,2.84,VungTau
1987-08-04,2.84,VungTau
1987-08-05,2.83,VungTau
1987-08-06,2.97,VungTau
1987-08-07,3.16,VungTau
1987-08-08,3.49,VungTau
1987-08-09,3.73,VungTau
1987-08-10,3.91,VungTau
1987-08-11,3.85,VungTau
1987-08-12,3.75,VungTau
1987-08-13,3.5,VungTau
1987-08-14,3.26,VungTau
1987-08-15,3.12,VungTau
1987-08-16,2.85,VungTau
1987-08-17,2.61,VungTau
1987-08-18,2.44,VungTau
1987-08-19,2.48,VungTau
1987-08-20,2.65,VungTau
1987-08-21,2.84,VungTau
1987-08-22,3.1,VungTau
1987-08-23,3.33,VungTau
1987-08-24,3.44,VungTau
1987-08-25,3.5,VungTau
1987-08-26,3.54,VungTau
1987-08-27,3.52,VungTau
1987-08-28,3.45,VungTau
1987-08-29,3.28,VungTau
1987-08-30,3.12,VungTau
1987-08-31,2.94,VungTau
1987-09-01,2.71,VungTau
1987-09-02,2.6,VungTau
1987-09-03,2.54,VungTau
1987-09-04,2.78,VungTau
1987-09-05,3.14,VungTau
1987-09-06,3.41,VungTau
1987-09-07,3.67,VungTau
1987-09-08,3.73,VungTau
1987-09-09,3.76,VungTau
1987-09-10,3.62,VungTau
1987-09-11,3.39,VungTau
1987-09-12,3.23,VungTau
1987-09-13,2.99,VungTau
1987-09-14,2.77,VungTau
1987-09-15,2.51,VungTau
1987-09-16,2.26,VungTau
1987-09-17,2.3,VungTau
1987-09-18,2.54,VungTau
1987-09-19,2.77,VungTau
1987-09-20,3.02,VungTau
1987-09-21,3.23,VungTau
1987-09-22,3.36,VungTau
1987-09-23,3.38,VungTau
1987-09-24,3.51,VungTau
1987-09-25,3.46,VungTau
1987-09-26,3.5,VungTau
1987-09-27,3.36,VungTau
1987-09-28,3.2,VungTau
1987-09-29,2.95,VungTau
1987-09-30,2.72,VungTau
1987-10-01,2.64,VungTau
1987-10-02,2.6,VungTau
1987-10-03,2.89,VungTau
1987-10-04,3.17,VungTau
1987-10-05,3.4,VungTau
1987-10-06,3.56,VungTau
1987-10-07,3.64,VungTau
1987-10-08,3.69,VungTau
1987-10-09,3.63,VungTau
1987-10-10,3.61,VungTau
1987-10-11,3.38,VungTau
1987-10-12,3.17,VungTau
1987-10-13,2.88,VungTau
1987-10-14,2.63,VungTau
1987-10-15,2.38,VungTau
1987-10-16,2.4,VungTau
1987-10-17,2.69,VungTau
1987-10-18,2.9,VungTau
1987-10-19,3.11,VungTau
1987-10-20,3.33,VungTau
1987-10-21,3.48,VungTau
1987-10-22,3.65,VungTau
1987-10-23,3.7,VungTau
1987-10-24,3.72,VungTau
1987-10-25,3.63,VungTau
1987-10-26,3.54,VungTau
1987-10-27,3.37,VungTau
1987-10-28,3.14,VungTau
1987-10-29,2.93,VungTau
1987-10-30,2.84,VungTau
1987-10-31,2.8,VungTau
1987-11-01,3.14,VungTau
1987-11-02,3.33,VungTau
1987-11-03,3.58,VungTau
1987-11-04,3.75,VungTau
1987-11-05,3.86,VungTau
1987-11-06,3.82,VungTau
1987-11-07,3.74,VungTau
1987-11-08,3.68,VungTau
1987-11-09,3.44,VungTau
1987-11-10,3.29,VungTau
1987-11-11,3.06,VungTau
1987-11-12,2.92,VungTau
1987-11-13,2.7,VungTau
1987-11-14,2.65,VungTau
1987-11-15,2.76,VungTau
1987-11-16,3.02,VungTau
1987-11-17,3.25,VungTau
1987-11-18,3.45,VungTau
1987-11-19,3.73,VungTau
1987-11-20,3.9,VungTau
1987-11-21,3.96,VungTau
1987-11-22,3.91,VungTau
1987-11-23,3.75,VungTau
1987-11-24,3.66,VungTau
1987-11-25,3.53,VungTau
1987-11-26,3.3,VungTau
1987-11-27,3.12,VungTau
1987-11-28,2.91,VungTau
1987-11-29,2.9,VungTau
1987-11-30,3.11,VungTau
1987-12-01,3.24,VungTau
1987-12-02,3.37,VungTau
1987-12-03,3.52,VungTau
1987-12-04,3.55,VungTau
1987-12-05,3.58,VungTau
1987-12-06,3.55,VungTau
1987-12-07,3.44,VungTau
1987-12-08,3.31,VungTau
1987-12-09,3.24,VungTau
1987-12-10,3.14,VungTau
1987-12-11,3.06,VungTau
1987-12-12,2.9,VungTau
1987-12-13,2.719,VungTau
1987-12-14,2.7,VungTau
1987-12-15,2.94,VungTau
1987-12-16,3.12,VungTau
1987-12-17,3.22,VungTau
1987-12-18,3.43,VungTau
1987-12-19,3.55,VungTau
1987-12-20,3.65,VungTau
1987-12-21,3.73,VungTau
1987-12-22,3.71,VungTau
1987-12-23,3.69,VungTau
1987-12-24,3.58,VungTau
1987-12-25,3.35,VungTau
1987-12-26,3.12,VungTau
1987-12-27,2.97,VungTau
1987-12-28,2.92,VungTau
1987-12-29,2.89,VungTau
1987-12-30,2.92,VungTau
1987-12-31,3.07,VungTau
1988-01-01,3.15,VungTau
1988-01-02,3.22,VungTau
1988-01-03,3.34,VungTau
1988-01-04,3.44,VungTau
1988-01-05,3.4,VungTau
1988-01-06,3.4,VungTau
1988-01-07,3.32,VungTau
1988-01-08,3.26,VungTau
1988-01-09,3.07,VungTau
1988-01-10,2.91,VungTau
1988-01-11,2.76,VungTau
1988-01-12,2.7,VungTau
1988-01-13,2.61,VungTau
1988-01-14,2.65,VungTau
1988-01-15,2.81,VungTau
1988-01-16,2.98,VungTau
1988-01-17,3.28,VungTau
1988-01-18,3.42,VungTau
1988-01-19,3.62,VungTau
1988-01-20,3.69,VungTau
1988-01-21,3.71,VungTau
1988-01-22,3.6,VungTau
1988-01-23,3.36,VungTau
1988-01-24,3.2,VungTau
1988-01-25,3.06,VungTau
1988-01-26,2.91,VungTau
1988-01-27,2.74,VungTau
1988-01-28,2.63,VungTau
1988-01-29,2.75,VungTau
1988-01-30,2.93,VungTau
1988-01-31,3.06,VungTau
1988-02-01,3.21,VungTau
1988-02-02,3.31,VungTau
1988-02-03,3.46,VungTau
1988-02-04,3.51,VungTau
1988-02-05,3.5,VungTau
1988-02-06,3.45,VungTau
1988-02-07,3.32,VungTau
1988-02-08,3.23,VungTau
1988-02-09,3.13,VungTau
1988-02-10,2.97,VungTau
1988-02-11,2.77,VungTau
1988-02-12,2.59,VungTau
1988-02-13,2.66,VungTau
1988-02-14,2.94,VungTau
1988-02-15,3.24,VungTau
1988-02-16,3.59,VungTau
1988-02-17,3.76,VungTau
1988-02-18,3.85,VungTau
1988-02-19,3.74,VungTau
1988-02-20,3.6,VungTau
1988-02-21,3.49,VungTau
1988-02-22,3.31,VungTau
1988-02-23,3.12,VungTau
1988-02-24,2.88,VungTau
1988-02-25,2.65,VungTau
1988-02-26,2.35,VungTau
1988-02-27,2.49,VungTau
1988-02-28,2.73,VungTau
1988-02-29,3.02,VungTau
1988-03-01,3.18,VungTau
1988-03-02,3.3,VungTau
1988-03-03,3.38,VungTau
1988-03-04,3.45,VungTau
1988-03-05,3.35,VungTau
1988-03-06,3.34,VungTau
1988-03-07,3.32,VungTau
1988-03-08,3.271,VungTau
1988-03-09,3.2,VungTau
1988-03-10,2.97,VungTau
1988-03-11,2.76,VungTau
1988-03-12,2.55,VungTau
1988-03-13,2.56,VungTau
1988-03-14,2.92,VungTau
1988-03-15,3.26,VungTau
1988-03-16,3.54,VungTau
1988-03-17,3.73,VungTau
1988-03-18,3.76,VungTau
1988-03-19,3.68,VungTau
1988-03-20,3.65,VungTau
1988-03-21,3.58,VungTau
1988-03-22,3.43,VungTau
1988-03-23,3.17,VungTau
1988-03-24,2.89,VungTau
1988-03-25,2.6,VungTau
1988-03-26,2.28,VungTau
1988-03-27,2.42,VungTau
1988-03-28,2.69,VungTau
1988-03-29,3.01,VungTau
1988-03-30,3.26,VungTau
1988-03-31,3.38,VungTau
1988-04-01,3.44,VungTau
1988-04-02,3.52,VungTau
1988-04-03,3.62,VungTau
1988-04-04,3.61,VungTau
1988-04-05,3.6,VungTau
1988-04-06,3.52,VungTau
1988-04-07,3.43,VungTau
1988-04-08,3.18,VungTau
1988-04-09,2.96,VungTau
1988-04-10,2.69,VungTau
1988-04-11,2.77,VungTau
1988-04-12,3.05,VungTau
1988-04-13,3.32,VungTau
1988-04-14,3.51,VungTau
1988-04-15,3.61,VungTau
1988-04-16,3.77,VungTau
1988-04-17,3.8,VungTau
1988-04-18,3.74,VungTau
1988-04-19,3.6,VungTau
1988-04-20,3.46,VungTau
1988-04-21,3.19,VungTau
1988-04-22,2.99,VungTau
1988-04-23,2.74,VungTau
1988-04-24,2.53,VungTau
1988-04-25,2.48,VungTau
1988-04-26,2.64,VungTau
1988-04-27,2.85,VungTau
1988-04-28,3.04,VungTau
1988-04-29,3.26,VungTau
1988-04-30,3.36,VungTau
1988-05-01,3.46,VungTau
1988-05-02,3.59,VungTau
1988-05-03,3.67,VungTau
1988-05-04,3.63,VungTau
1988-05-05,3.56,VungTau
1988-05-06,3.36,VungTau
1988-05-07,3.17,VungTau
1988-05-08,3.02,VungTau
1988-05-09,2.89,VungTau
1988-05-10,2.87,VungTau
1988-05-11,2.97,VungTau
1988-05-12,3.12,VungTau
1988-05-13,3.34,VungTau
1988-05-14,3.53,VungTau
1988-05-15,3.63,VungTau
1988-05-16,3.69,VungTau
1988-05-17,3.66,VungTau
1988-05-18,3.59,VungTau
1988-05-19,3.51,VungTau
1988-05-20,3.42,VungTau
1988-05-21,3.37,VungTau
1988-05-22,3.17,VungTau
1988-05-23,3.09,VungTau
1988-05-24,2.98,VungTau
1988-05-25,2.9,VungTau
1988-05-26,3.04,VungTau
1988-05-27,3.21,VungTau
1988-05-28,3.37,VungTau
1988-05-29,3.59,VungTau
1988-05-30,3.67,VungTau
1988-05-31,3.78,VungTau
1988-06-01,3.85,VungTau
1988-06-02,3.88,VungTau
1988-06-03,3.86,VungTau
1988-06-04,3.7,VungTau
1988-06-05,3.61,VungTau
1988-06-06,3.37,VungTau
1988-06-07,3.16,VungTau
1988-06-08,3.07,VungTau
1988-06-09,3.12,VungTau
1988-06-10,3.31,VungTau
1988-06-11,3.39,VungTau
1988-06-12,3.45,VungTau
1988-06-13,3.48,VungTau
1988-06-14,3.49,VungTau
1988-06-15,3.56,VungTau
1988-06-16,3.54,VungTau
1988-06-17,3.5,VungTau
1988-06-18,3.4,VungTau
1988-06-19,3.35,VungTau
1988-06-20,3.14,VungTau
1988-06-21,3.02,VungTau
1988-06-22,2.78,VungTau
1988-06-23,2.74,VungTau
1988-06-24,2.7,VungTau
1988-06-25,2.8,VungTau
1988-06-26,2.98,VungTau
1988-06-27,3.13,VungTau
1988-06-28,3.33,VungTau
1988-06-29,3.48,VungTau
1988-06-30,3.54,VungTau
1988-07-01,3.68,VungTau
1988-07-02,3.67,VungTau
1988-07-03,3.64,VungTau
1988-07-04,3.51,VungTau
1988-07-05,3.32,VungTau
1988-07-06,3.09,VungTau
1988-07-07,2.93,VungTau
1988-07-08,2.89,VungTau
1988-07-09,2.97,VungTau
1988-07-10,3.01,VungTau
1988-07-11,3.13,VungTau
1988-07-12,3.33,VungTau
1988-07-13,3.38,VungTau
1988-07-14,3.44,VungTau
1988-07-15,3.54,VungTau
1988-07-16,3.51,VungTau
1988-07-17,3.46,VungTau
1988-07-18,3.36,VungTau
1988-07-19,3.27,VungTau
1988-07-20,3.12,VungTau
1988-07-21,2.97,VungTau
1988-07-22,2.8,VungTau
1988-07-23,2.81,VungTau
1988-07-24,2.74,VungTau
1988-07-25,2.84,VungTau
1988-07-26,3.04,VungTau
1988-07-27,3.21,VungTau
1988-07-28,3.45,VungTau
1988-07-29,3.59,VungTau
1988-07-30,3.76,VungTau
1988-07-31,3.83,VungTau
1988-08-01,3.75,VungTau
1988-08-02,3.57,VungTau
1988-08-03,3.24,VungTau
1988-08-04,3.01,VungTau
1988-08-05,2.76,VungTau
1988-08-06,2.64,VungTau
1988-08-07,2.61,VungTau
1988-08-08,2.78,VungTau
1988-08-09,2.94,VungTau
1988-08-10,3.14,VungTau
1988-08-11,3.23,VungTau
1988-08-12,3.47,VungTau
1988-08-13,3.55,VungTau
1988-08-14,3.55,VungTau
1988-08-15,3.54,VungTau
1988-08-16,3.54,VungTau
1988-08-17,3.4,VungTau
1988-08-18,3.28,VungTau
1988-08-19,3.06,VungTau
1988-08-20,2.88,VungTau
1988-08-21,2.67,VungTau
1988-08-22,2.62,VungTau
1988-08-23,2.64,VungTau
1988-08-24,2.89,VungTau
1988-08-25,3.18,VungTau
1988-08-26,3.43,VungTau
1988-08-27,3.75,VungTau
1988-08-28,3.92,VungTau
1988-08-29,3.84,VungTau
1988-08-30,3.78,VungTau
1988-08-31,3.51,VungTau
1988-09-01,3.27,VungTau
1988-09-02,3.02,VungTau
1988-09-03,2.65,VungTau
1988-09-04,2.35,VungTau
1988-09-05,2.4,VungTau
1988-09-06,2.59,VungTau
1988-09-07,2.84,VungTau
1988-09-08,3.13,VungTau
1988-09-09,3.3,VungTau
1988-09-10,3.38,VungTau
1988-09-11,3.47,VungTau
1988-09-12,3.45,VungTau
1988-09-13,3.46,VungTau
1988-09-14,3.4,VungTau
1988-09-15,3.39,VungTau
1988-09-16,3.3,VungTau
1988-09-17,3.15,VungTau
1988-09-18,2.92,VungTau
1988-09-19,2.68,VungTau
1988-09-20,2.62,VungTau
1988-09-21,2.67,VungTau
1988-09-22,3.01,VungTau
1988-09-23,3.24,VungTau
1988-09-24,3.57,VungTau
1988-09-25,3.75,VungTau
1988-09-26,3.87,VungTau
1988-09-27,3.93,VungTau
1988-09-28,3.772,VungTau
1988-09-29,3.55,VungTau
1988-09-30,3.34,VungTau
1988-10-01,3.06,VungTau
1988-10-02,2.8,VungTau
1988-10-03,2.513,VungTau
1988-10-04,2.5,VungTau
1988-10-05,2.72,VungTau
1988-10-06,2.98,VungTau
1988-10-07,3.2,VungTau
1988-10-08,3.43,VungTau
1988-10-09,3.66,VungTau
1988-10-10,3.84,VungTau
1988-10-11,3.77,VungTau
1988-10-12,3.74,VungTau
1988-10-13,3.66,VungTau
1988-10-14,3.54,VungTau
1988-10-15,3.47,VungTau
1988-10-16,3.23,VungTau
1988-10-17,2.99,VungTau
1988-10-18,2.8,VungTau
1988-10-19,2.85,VungTau
1988-10-20,2.88,VungTau
1988-10-21,3.21,VungTau
1988-10-22,3.5,VungTau
1988-10-23,3.76,VungTau
1988-10-24,3.88,VungTau
1988-10-25,3.89,VungTau
1988-10-26,3.83,VungTau
1988-10-27,3.68,VungTau
1988-10-28,3.53,VungTau
1988-10-29,3.32,VungTau
1988-10-30,3.12,VungTau
1988-10-31,2.88,VungTau
1988-11-01,2.66,VungTau
1988-11-02,2.59,VungTau
1988-11-03,2.72,VungTau
1988-11-04,2.93,VungTau
1988-11-05,3.11,VungTau
1988-11-06,3.28,VungTau
1988-11-07,3.46,VungTau
1988-11-08,3.55,VungTau
1988-11-09,3.7,VungTau
1988-11-10,3.67,VungTau
1988-11-11,3.68,VungTau
1988-11-12,3.57,VungTau
1988-11-13,3.54,VungTau
1988-11-14,3.42,VungTau
1988-11-15,3.24,VungTau
1988-11-16,3.14,VungTau
1988-11-17,3.11,VungTau
1988-11-18,3.14,VungTau
1988-11-19,3.38,VungTau
1988-11-20,3.59,VungTau
1988-11-21,3.75,VungTau
1988-11-22,3.82,VungTau
1988-11-23,3.84,VungTau
1988-11-24,3.73,VungTau
1988-11-25,3.7,VungTau
1988-11-26,3.57,VungTau
1988-11-27,3.47,VungTau
1988-11-28,3.36,VungTau
1988-11-29,3.21,VungTau
1988-11-30,2.92,VungTau
1988-12-01,2.74,VungTau
1988-12-02,2.73,VungTau
1988-12-03,2.8,VungTau
1988-12-04,2.99,VungTau
1988-12-05,3.22,VungTau
1988-12-06,3.4,VungTau
1988-12-07,3.57,VungTau
1988-12-08,3.59,VungTau
1988-12-09,3.66,VungTau
1988-12-10,3.6,VungTau
1988-12-11,3.53,VungTau
1988-12-12,3.46,VungTau
1988-12-13,3.39,VungTau
1988-12-14,3.19,VungTau
1988-12-15,2.98,VungTau
1988-12-16,2.8,VungTau
1988-12-17,2.9,VungTau
1988-12-18,2.98,VungTau
1988-12-19,3.11,VungTau
1988-12-20,3.22,VungTau
1988-12-21,3.36,VungTau
1988-12-22,3.42,VungTau
1988-12-23,3.45,VungTau
1988-12-24,3.51,VungTau
1988-12-25,3.46,VungTau
1988-12-26,3.33,VungTau
1988-12-27,3.2,VungTau
1988-12-28,3.09,VungTau
1988-12-29,2.88,VungTau
1988-12-30,2.69,VungTau
1988-12-31,2.62,VungTau
1989-01-01,2.57,VungTau
1989-01-02,2.64,VungTau
1989-01-03,2.77,VungTau
1989-01-04,2.91,VungTau
1989-01-05,3.09,VungTau
1989-01-06,3.25,VungTau
1989-01-07,3.42,VungTau
1989-01-08,3.52,VungTau
1989-01-09,3.61,VungTau
1989-01-10,3.62,VungTau
1989-01-11,3.52,VungTau
1989-01-12,3.29,VungTau
1989-01-13,3.03,VungTau
1989-01-14,2.94,VungTau
1989-01-15,2.76,VungTau
1989-01-16,2.68,VungTau
1989-01-17,2.63,VungTau
1989-01-18,2.79,VungTau
1989-01-19,3.03,VungTau
1989-01-20,3.23,VungTau
1989-01-21,3.38,VungTau
1989-01-22,3.49,VungTau
1989-01-23,3.54,VungTau
1989-01-24,3.61,VungTau
1989-01-25,3.53,VungTau
1989-01-26,3.47,VungTau
1989-01-27,3.32,VungTau
1989-01-28,3.12,VungTau
1989-01-29,2.98,VungTau
1989-01-30,2.78,VungTau
1989-01-31,2.54,VungTau
1989-02-01,2.48,VungTau
1989-02-02,2.67,VungTau
1989-02-03,2.95,VungTau
1989-02-04,3.19,VungTau
1989-02-05,3.5,VungTau
1989-02-06,3.66,VungTau
1989-02-07,3.73,VungTau
1989-02-08,3.69,VungTau
1989-02-09,3.5,VungTau
1989-02-10,3.39,VungTau
1989-02-11,3.24,VungTau
1989-02-12,3.06,VungTau
1989-02-13,2.79,VungTau
1989-02-14,2.52,VungTau
1989-02-15,2.44,VungTau
1989-02-16,2.69,VungTau
1989-02-17,3.0,VungTau
1989-02-18,3.17,VungTau
1989-02-19,3.36,VungTau
1989-02-20,3.42,VungTau
1989-02-21,3.48,VungTau
1989-02-22,3.4,VungTau
1989-02-23,3.37,VungTau
1989-02-24,3.28,VungTau
1989-02-25,3.28,VungTau
1989-02-26,3.16,VungTau
1989-02-27,2.99,VungTau
1989-02-28,2.84,VungTau
1989-03-01,2.62,VungTau
1989-03-02,2.45,VungTau
1989-03-03,2.61,VungTau
1989-03-04,2.99,VungTau
1989-03-05,3.31,VungTau
1989-03-06,3.58,VungTau
1989-03-07,3.71,VungTau
1989-03-08,3.76,VungTau
1989-03-09,3.61,VungTau
1989-03-10,3.71,VungTau
1989-03-11,3.6,VungTau
1989-03-12,3.41,VungTau
1989-03-13,3.12,VungTau
1989-03-14,2.82,VungTau
1989-03-15,2.51,VungTau
1989-03-16,2.51,VungTau
1989-03-17,2.72,VungTau
1989-03-18,2.98,VungTau
1989-03-19,3.2,VungTau
1989-03-20,3.32,VungTau
1989-03-21,3.37,VungTau
1989-03-22,3.4,VungTau
1989-03-23,3.44,VungTau
1989-03-24,3.44,VungTau
1989-03-25,3.44,VungTau
1989-03-26,3.34,VungTau
1989-03-27,3.22,VungTau
1989-03-28,3.1,VungTau
1989-03-29,2.92,VungTau
1989-03-30,2.69,VungTau
1989-03-31,2.47,VungTau
1989-04-01,2.61,VungTau
1989-04-02,2.95,VungTau
1989-04-03,3.24,VungTau
1989-04-04,3.48,VungTau
1989-04-05,3.6,VungTau
1989-04-06,3.68,VungTau
1989-04-07,3.81,VungTau
1989-04-08,3.73,VungTau
1989-04-09,3.59,VungTau
1989-04-10,3.34,VungTau
1989-04-11,3.11,VungTau
1989-04-12,2.82,VungTau
1989-04-13,2.58,VungTau
1989-04-14,2.51,VungTau
1989-04-15,2.65,VungTau
1989-04-16,2.86,VungTau
1989-04-17,3.02,VungTau
1989-04-18,3.17,VungTau
1989-04-19,3.33,VungTau
1989-04-20,3.51,VungTau
1989-04-21,3.58,VungTau
1989-04-22,3.6,VungTau
1989-04-23,3.56,VungTau
1989-04-24,3.47,VungTau
1989-04-25,3.38,VungTau
1989-04-26,3.24,VungTau
1989-04-27,3.09,VungTau
1989-04-28,2.91,VungTau
1989-04-29,2.8,VungTau
1989-04-30,2.85,VungTau
1989-05-01,3.02,VungTau
1989-05-02,3.25,VungTau
1989-05-03,3.5,VungTau
1989-05-04,3.72,VungTau
1989-05-05,3.81,VungTau
1989-05-06,3.8,VungTau
1989-05-07,3.76,VungTau
1989-05-08,3.62,VungTau
1989-05-09,3.47,VungTau
1989-05-10,3.33,VungTau
1989-05-11,3.09,VungTau
1989-05-12,2.91,VungTau
1989-05-13,2.71,VungTau
1989-05-14,2.73,VungTau
1989-05-15,2.9,VungTau
1989-05-16,3.03,VungTau
1989-05-17,3.16,VungTau
1989-05-18,3.39,VungTau
1989-05-19,3.54,VungTau
1989-05-20,3.53,VungTau
1989-05-21,3.59,VungTau
1989-05-22,3.64,VungTau
1989-05-23,3.58,VungTau
1989-05-24,3.64,VungTau
1989-05-25,3.5,VungTau
1989-05-26,3.39,VungTau
1989-05-27,3.26,VungTau
1989-05-28,3.08,VungTau
1989-05-29,3.01,VungTau
1989-05-30,3.11,VungTau
1989-05-31,3.3,VungTau
1989-06-01,3.51,VungTau
1989-06-02,3.64,VungTau
1989-06-03,3.72,VungTau
1989-06-04,3.68,VungTau
1989-06-05,3.71,VungTau
1989-06-06,3.65,VungTau
1989-06-07,3.6,VungTau
1989-06-08,3.55,VungTau
1989-06-09,3.32,VungTau
1989-06-10,3.1,VungTau
1989-06-11,2.92,VungTau
1989-06-12,2.85,VungTau
1989-06-13,2.84,VungTau
1989-06-14,2.91,VungTau
1989-06-15,3.02,VungTau
1989-06-16,3.16,VungTau
1989-06-17,3.3,VungTau
1989-06-18,3.38,VungTau
1989-06-19,3.48,VungTau
1989-06-20,3.55,VungTau
1989-06-21,3.6,VungTau
1989-06-22,3.57,VungTau
1989-06-23,3.52,VungTau
1989-06-24,3.42,VungTau
1989-06-25,3.24,VungTau
1989-06-26,3.09,VungTau
1989-06-27,2.98,VungTau
1989-06-28,2.93,VungTau
1989-06-29,3.01,VungTau
1989-06-30,3.13,VungTau
1989-07-01,3.24,VungTau
1989-07-02,3.37,VungTau
1989-07-03,3.49,VungTau
1989-07-04,3.55,VungTau
1989-07-05,3.51,VungTau
1989-07-06,3.53,VungTau
1989-07-07,3.4,VungTau
1989-07-08,3.3,VungTau
1989-07-09,3.15,VungTau
1989-07-10,3.03,VungTau
1989-07-11,2.84,VungTau
1989-07-12,2.83,VungTau
1989-07-13,2.77,VungTau
1989-07-14,2.87,VungTau
1989-07-15,3.02,VungTau
1989-07-16,3.21,VungTau
1989-07-17,3.45,VungTau
1989-07-18,3.76,VungTau
1989-07-19,3.86,VungTau
1989-07-20,3.95,VungTau
1989-07-21,3.9,VungTau
1989-07-22,3.79,VungTau
1989-07-23,3.65,VungTau
1989-07-24,3.4,VungTau
1989-07-25,3.11,VungTau
1989-07-26,2.99,VungTau
1989-07-27,2.88,VungTau
1989-07-28,2.9,VungTau
1989-07-29,2.99,VungTau
1989-07-30,3.16,VungTau
1989-07-31,3.34,VungTau
1989-08-01,3.53,VungTau
1989-08-02,3.58,VungTau
1989-08-03,3.65,VungTau
1989-08-04,3.57,VungTau
1989-08-05,3.48,VungTau
1989-08-06,3.32,VungTau
1989-08-07,3.17,VungTau
1989-08-08,3.01,VungTau
1989-08-09,2.84,VungTau
1989-08-10,2.65,VungTau
1989-08-11,2.54,VungTau
1989-08-12,2.51,VungTau
1989-08-13,2.71,VungTau
1989-08-14,3.03,VungTau
1989-08-15,3.31,VungTau
1989-08-16,3.52,VungTau
1989-08-17,3.69,VungTau
1989-08-18,3.86,VungTau
1989-08-19,3.82,VungTau
1989-08-20,3.73,VungTau
1989-08-21,3.55,VungTau
1989-08-22,3.36,VungTau
1989-08-23,3.09,VungTau
1989-08-24,2.84,VungTau
1989-08-25,2.62,VungTau
1989-08-26,2.63,VungTau
1989-08-27,2.87,VungTau
1989-08-28,3.11,VungTau
1989-08-29,3.33,VungTau
1989-08-30,3.38,VungTau
1989-08-31,3.53,VungTau
1989-09-01,3.56,VungTau
1989-09-02,3.6,VungTau
1989-09-03,3.5,VungTau
1989-09-04,3.38,VungTau
1989-09-05,3.28,VungTau
1989-09-06,3.16,VungTau
1989-09-07,3.0,VungTau
1989-09-08,2.74,VungTau
1989-09-09,2.58,VungTau
1989-09-10,2.53,VungTau
1989-09-11,2.66,VungTau
1989-09-12,3.02,VungTau
1989-09-13,3.33,VungTau
1989-09-14,3.58,VungTau
1989-09-15,3.7,VungTau
1989-09-16,3.79,VungTau
1989-09-17,3.73,VungTau
1989-09-18,3.66,VungTau
1989-09-19,3.44,VungTau
1989-09-20,3.17,VungTau
1989-09-21,2.94,VungTau
1989-09-22,2.66,VungTau
1989-09-23,2.45,VungTau
1989-09-24,2.49,VungTau
1989-09-25,2.75,VungTau
1989-09-26,3.0,VungTau
1989-09-27,3.23,VungTau
1989-09-28,3.32,VungTau
1989-09-29,3.45,VungTau
1989-09-30,3.53,VungTau
1989-10-01,3.63,VungTau
1989-10-02,3.6,VungTau
1989-10-03,3.52,VungTau
1989-10-04,3.37,VungTau
1989-10-05,3.18,VungTau
1989-10-06,3.01,VungTau
1989-10-07,2.8,VungTau
1989-10-08,2.56,VungTau
1989-10-09,2.59,VungTau
1989-10-10,2.73,VungTau
1989-10-11,3.08,VungTau
1989-10-12,3.38,VungTau
1989-10-13,3.61,VungTau
1989-10-14,3.82,VungTau
1989-10-15,3.91,VungTau
1989-10-16,3.93,VungTau
1989-10-17,3.82,VungTau
1989-10-18,3.59,VungTau
1989-10-19,3.3,VungTau
1989-10-20,3.0,VungTau
1989-10-21,2.68,VungTau
1989-10-22,2.57,VungTau
1989-10-23,2.61,VungTau
1989-10-24,2.83,VungTau
1989-10-25,3.04,VungTau
1989-10-26,3.26,VungTau
1989-10-27,3.41,VungTau
1989-10-28,3.45,VungTau
1989-10-29,3.56,VungTau
1989-10-30,3.58,VungTau
1989-10-31,3.64,VungTau
1989-11-01,3.52,VungTau
1989-11-02,3.46,VungTau
1989-11-03,3.33,VungTau
1989-11-04,3.21,VungTau
1989-11-05,3.0,VungTau
1989-11-06,2.83,VungTau
1989-11-07,2.83,VungTau
1989-11-08,2.94,VungTau
1989-11-09,3.26,VungTau
1989-11-10,3.57,VungTau
1989-11-11,3.76,VungTau
1989-11-12,3.86,VungTau
1989-11-13,4.0,VungTau
1989-11-14,3.94,VungTau
1989-11-15,3.79,VungTau
1989-11-16,3.64,VungTau
1989-11-17,3.4,VungTau
1989-11-18,3.09,VungTau
1989-11-19,2.84,VungTau
1989-11-20,2.66,VungTau
1989-11-21,2.6,VungTau
1989-11-22,2.76,VungTau
1989-11-23,2.93,VungTau
1989-11-24,3.11,VungTau
1989-11-25,3.23,VungTau
1989-11-26,3.36,VungTau
1989-11-27,3.41,VungTau
1989-11-28,3.44,VungTau
1989-11-29,3.46,VungTau
1989-11-30,3.41,VungTau
1989-12-01,3.34,VungTau
1989-12-02,3.25,VungTau
1989-12-03,3.14,VungTau
1989-12-04,3.02,VungTau
1989-12-05,2.88,VungTau
1989-12-06,2.77,VungTau
1989-12-07,2.86,VungTau
1989-12-08,3.02,VungTau
1989-12-09,3.19,VungTau
1989-12-10,3.3,VungTau
1989-12-11,3.41,VungTau
1989-12-12,3.5,VungTau
1989-12-13,3.5,VungTau
1989-12-14,3.47,VungTau
1989-12-15,3.4,VungTau
1989-12-16,3.26,VungTau
1989-12-17,3.07,VungTau
1989-12-18,2.87,VungTau
1989-12-19,2.62,VungTau
1989-12-20,2.47,VungTau
1989-12-21,2.53,VungTau
1989-12-22,2.61,VungTau
1989-12-23,2.68,VungTau
1989-12-24,2.85,VungTau
1989-12-25,2.96,VungTau
1989-12-26,3.11,VungTau
1989-12-27,3.24,VungTau
1989-12-28,3.32,VungTau
1989-12-29,3.39,VungTau
1989-12-30,3.47,VungTau
1989-12-31,3.41,VungTau
1990-01-01,3.34,VungTau
1990-01-02,3.12,VungTau
1990-01-03,2.93,VungTau
1990-01-04,2.84,VungTau
1990-01-05,2.8,VungTau
1990-01-06,2.81,VungTau
1990-01-07,2.86,VungTau
1990-01-08,2.99,VungTau
1990-01-09,3.16,VungTau
1990-01-10,3.38,VungTau
1990-01-11,3.5,VungTau
1990-01-12,3.48,VungTau
1990-01-13,3.46,VungTau
1990-01-14,3.36,VungTau
1990-01-15,3.26,VungTau
1990-01-16,2.99,VungTau
1990-01-17,2.85,VungTau
1990-01-18,2.74,VungTau
1990-01-19,2.63,VungTau
1990-01-20,2.46,VungTau
1990-01-21,2.42,VungTau
1990-01-22,2.58,VungTau
1990-01-23,2.81,VungTau
1990-01-24,3.02,VungTau
1990-01-25,3.25,VungTau
1990-01-26,3.4,VungTau
1990-01-27,3.54,VungTau
1990-01-28,3.54,VungTau
1990-01-29,3.56,VungTau
1990-01-30,3.41,VungTau
1990-01-31,3.21,VungTau
1990-02-01,3.17,VungTau
1990-02-02,2.94,VungTau
1990-02-03,2.79,VungTau
1990-02-04,2.57,VungTau
1990-02-05,2.59,VungTau
1990-02-06,2.78,VungTau
1990-02-07,3.02,VungTau
1990-02-08,3.23,VungTau
1990-02-09,3.32,VungTau
1990-02-10,3.45,VungTau
1990-02-11,3.36,VungTau
1990-02-12,3.34,VungTau
1990-02-13,3.16,VungTau
1990-02-14,3.13,VungTau
1990-02-15,3.05,VungTau
1990-02-16,2.87,VungTau
1990-02-17,2.66,VungTau
1990-02-18,2.5,VungTau
1990-02-19,2.28,VungTau
1990-02-20,2.4,VungTau
1990-02-21,2.66,VungTau
1990-02-22,2.98,VungTau
1990-02-23,3.23,VungTau
1990-02-24,3.45,VungTau
1990-02-25,3.57,VungTau
1990-02-26,3.59,VungTau
1990-02-27,3.55,VungTau
1990-02-28,3.46,VungTau
1990-03-01,3.39,VungTau
1990-03-02,3.25,VungTau
1990-03-03,3.02,VungTau
1990-03-04,2.65,VungTau
1990-03-05,2.37,VungTau
1990-03-06,2.51,VungTau
1990-03-07,2.75,VungTau
1990-03-08,2.99,VungTau
1990-03-09,3.2,VungTau
1990-03-10,3.34,VungTau
1990-03-11,3.33,VungTau
1990-03-12,3.35,VungTau
1990-03-13,3.3,VungTau
1990-03-14,3.34,VungTau
1990-03-15,3.27,VungTau
1990-03-16,3.14,VungTau
1990-03-17,3.01,VungTau
1990-03-18,2.82,VungTau
1990-03-19,2.63,VungTau
1990-03-20,2.39,VungTau
1990-03-21,2.37,VungTau
1990-03-22,2.64,VungTau
1990-03-23,2.94,VungTau
1990-03-24,3.24,VungTau
1990-03-25,3.46,VungTau
1990-03-26,3.6,VungTau
1990-03-27,3.65,VungTau
1990-03-28,3.71,VungTau
1990-03-29,3.68,VungTau
1990-03-30,3.53,VungTau
1990-03-31,3.34,VungTau
1990-04-01,3.03,VungTau
1990-04-02,2.77,VungTau
1990-04-03,2.59,VungTau
1990-04-04,2.62,VungTau
1990-04-05,2.84,VungTau
1990-04-06,3.03,VungTau
1990-04-07,3.1,VungTau
1990-04-08,3.24,VungTau
1990-04-09,3.35,VungTau
1990-04-10,3.46,VungTau
1990-04-11,3.56,VungTau
1990-04-12,3.49,VungTau
1990-04-13,3.44,VungTau
1990-04-14,3.37,VungTau
1990-04-15,3.27,VungTau
1990-04-16,3.13,VungTau
1990-04-17,2.94,VungTau
1990-04-18,2.77,VungTau
1990-04-19,2.69,VungTau
1990-04-20,2.79,VungTau
1990-04-21,3.15,VungTau
1990-04-22,3.28,VungTau
1990-04-23,3.57,VungTau
1990-04-24,3.75,VungTau
1990-04-25,3.92,VungTau
1990-04-26,3.9,VungTau
1990-04-27,3.8,VungTau
1990-04-28,3.68,VungTau
1990-04-29,3.47,VungTau
1990-04-30,3.27,VungTau
1990-05-01,3.08,VungTau
1990-05-02,2.81,VungTau
1990-05-03,2.76,VungTau
1990-05-04,2.79,VungTau
1990-05-05,2.96,VungTau
1990-05-06,3.08,VungTau
1990-05-07,3.26,VungTau
1990-05-08,3.35,VungTau
1990-05-09,3.45,VungTau
1990-05-10,3.49,VungTau
1990-05-11,3.49,VungTau
1990-05-12,3.45,VungTau
1990-05-13,3.42,VungTau
1990-05-14,3.3,VungTau
1990-05-15,3.22,VungTau
1990-05-16,3.12,VungTau
1990-05-17,2.94,VungTau
1990-05-18,2.88,VungTau
1990-05-19,2.76,VungTau
1990-05-20,2.94,VungTau
1990-05-21,3.16,VungTau
1990-05-22,3.4,VungTau
1990-05-23,3.64,VungTau
1990-05-24,3.75,VungTau
1990-05-25,3.83,VungTau
1990-05-26,3.85,VungTau
1990-05-27,3.82,VungTau
1990-05-28,3.65,VungTau
1990-05-29,3.42,VungTau
1990-05-30,3.21,VungTau
1990-05-31,3.0,VungTau
1990-06-01,2.81,VungTau
1990-06-02,2.79,VungTau
1990-06-03,2.92,VungTau
1990-06-04,3.03,VungTau
1990-06-05,3.18,VungTau
1990-06-06,3.28,VungTau
1990-06-07,3.36,VungTau
1990-06-08,3.49,VungTau
1990-06-09,3.43,VungTau
1990-06-10,3.52,VungTau
1990-06-11,3.55,VungTau
1990-06-12,3.55,VungTau
1990-06-13,3.45,VungTau
1990-06-14,3.34,VungTau
1990-06-15,3.25,VungTau
1990-06-16,3.08,VungTau
1990-06-17,3.07,VungTau
1990-06-18,3.09,VungTau
1990-06-19,3.28,VungTau
1990-06-20,3.41,VungTau
1990-06-21,3.56,VungTau
1990-06-22,3.62,VungTau
1990-06-23,3.68,VungTau
1990-06-24,3.72,VungTau
1990-06-25,3.7,VungTau
1990-06-26,3.6,VungTau
1990-06-27,3.45,VungTau
1990-06-28,3.23,VungTau
1990-06-29,3.03,VungTau
1990-06-30,2.81,VungTau
1990-07-01,2.73,VungTau
1990-07-02,2.71,VungTau
1990-07-03,2.76,VungTau
1990-07-04,2.87,VungTau
1990-07-05,2.99,VungTau
1990-07-06,3.07,VungTau
1990-07-07,3.2,VungTau
1990-07-08,3.4,VungTau
1990-07-09,3.5,VungTau
1990-07-10,3.47,VungTau
1990-07-11,3.56,VungTau
1990-07-12,3.42,VungTau
1990-07-13,3.35,VungTau
1990-07-14,3.17,VungTau
1990-07-15,2.9,VungTau
1990-07-16,2.85,VungTau
1990-07-17,2.76,VungTau
1990-07-18,2.88,VungTau
1990-07-19,3.02,VungTau
1990-07-20,3.19,VungTau
1990-07-21,3.45,VungTau
1990-07-22,3.61,VungTau
1990-07-23,3.7,VungTau
1990-07-24,3.7,VungTau
1990-07-25,3.65,VungTau
1990-07-26,3.49,VungTau
1990-07-27,3.25,VungTau
1990-07-28,3.03,VungTau
1990-07-29,2.85,VungTau
1990-07-30,2.65,VungTau
1990-07-31,2.57,VungTau
1990-08-01,2.56,VungTau
1990-08-02,2.71,VungTau
1990-08-03,2.98,VungTau
1990-08-04,3.24,VungTau
1990-08-05,3.48,VungTau
1990-08-06,3.64,VungTau
1990-08-07,3.72,VungTau
1990-08-08,3.77,VungTau
1990-08-09,3.7,VungTau
1990-08-10,3.65,VungTau
1990-08-11,3.47,VungTau
1990-08-12,3.25,VungTau
1990-08-13,3.05,VungTau
1990-08-14,2.92,VungTau
1990-08-15,2.86,VungTau
1990-08-16,2.91,VungTau
1990-08-17,3.12,VungTau
1990-08-18,3.33,VungTau
1990-08-19,3.58,VungTau
1990-08-20,3.74,VungTau
1990-08-21,3.78,VungTau
1990-08-22,3.7,VungTau
1990-08-23,3.63,VungTau
1990-08-24,3.5,VungTau
1990-08-25,3.27,VungTau
1990-08-26,3.09,VungTau
1990-08-27,2.86,VungTau
1990-08-28,2.73,VungTau
1990-08-29,2.59,VungTau
1990-08-30,2.51,VungTau
1990-08-31,2.59,VungTau
1990-09-01,2.88,VungTau
1990-09-02,3.18,VungTau
1990-09-03,3.42,VungTau
1990-09-04,3.55,VungTau
1990-09-05,3.55,VungTau
1990-09-06,3.63,VungTau
1990-09-07,3.62,VungTau
1990-09-08,3.57,VungTau
1990-09-09,3.45,VungTau
1990-09-10,3.24,VungTau
1990-09-11,3.02,VungTau
1990-09-12,2.65,VungTau
1990-09-13,2.61,VungTau
1990-09-14,2.66,VungTau
1990-09-15,2.94,VungTau
1990-09-16,3.2,VungTau
1990-09-17,3.45,VungTau
1990-09-18,3.58,VungTau
1990-09-19,3.6,VungTau
1990-09-20,3.58,VungTau
1990-09-21,3.57,VungTau
1990-09-22,3.56,VungTau
1990-09-23,3.35,VungTau
1990-09-24,3.17,VungTau
1990-09-25,2.95,VungTau
1990-09-26,2.72,VungTau
1990-09-27,2.51,VungTau
1990-09-28,2.45,VungTau
1990-09-29,2.58,VungTau
1990-09-30,2.9,VungTau
1990-10-01,3.21,VungTau
1990-10-02,3.49,VungTau
1990-10-03,3.7,VungTau
1990-10-04,3.81,VungTau
1990-10-05,3.85,VungTau
1990-10-06,3.79,VungTau
1990-10-07,3.67,VungTau
1990-10-08,3.42,VungTau
1990-10-09,3.16,VungTau
1990-10-10,2.85,VungTau
1990-10-11,2.67,VungTau
1990-10-12,2.62,VungTau
1990-10-13,2.75,VungTau
1990-10-14,3.03,VungTau
1990-10-15,3.27,VungTau
1990-10-16,3.44,VungTau
1990-10-17,3.55,VungTau
1990-10-18,3.57,VungTau
1990-10-19,3.58,VungTau
1990-10-20,3.54,VungTau
1990-10-21,3.44,VungTau
1990-10-22,3.34,VungTau
1990-10-23,3.23,VungTau
1990-10-24,3.04,VungTau
1990-10-25,2.91,VungTau
1990-10-26,2.71,VungTau
1990-10-27,2.64,VungTau
1990-10-28,2.69,VungTau
1990-10-29,2.93,VungTau
1990-10-30,3.21,VungTau
1990-10-31,3.44,VungTau
1990-11-01,3.65,VungTau
1990-11-02,3.81,VungTau
1990-11-03,3.89,VungTau
1990-11-04,3.88,VungTau
1990-11-05,3.72,VungTau
1990-11-06,3.58,VungTau
1990-11-07,3.4,VungTau
1990-11-08,3.23,VungTau
1990-11-09,3.03,VungTau
1990-11-10,2.83,VungTau
1990-11-11,2.89,VungTau
1990-11-12,3.01,VungTau
1990-11-13,3.23,VungTau
1990-11-14,3.34,VungTau
1990-11-15,3.42,VungTau
1990-11-16,3.47,VungTau
1990-11-17,3.47,VungTau
1990-11-18,3.46,VungTau
1990-11-19,3.46,VungTau
1990-11-20,3.45,VungTau
1990-11-21,3.37,VungTau
1990-11-22,3.19,VungTau
1990-11-23,3.04,VungTau
1990-11-24,2.84,VungTau
1990-11-25,2.69,VungTau
1990-11-26,2.59,VungTau
1990-11-27,2.81,VungTau
1990-11-28,3.07,VungTau
1990-11-29,3.36,VungTau
1990-11-30,3.52,VungTau
1990-12-01,3.55,VungTau
1990-12-02,3.65,VungTau
1990-12-03,3.61,VungTau
1990-12-04,3.55,VungTau
1990-12-05,3.42,VungTau
1990-12-06,3.25,VungTau
1990-12-07,3.1,VungTau
1990-12-08,2.87,VungTau
1990-12-09,2.64,VungTau
1990-12-10,2.66,VungTau
1990-12-11,2.69,VungTau
1990-12-12,2.85,VungTau
1990-12-13,3.03,VungTau
1990-12-14,3.11,VungTau
1990-12-15,3.22,VungTau
1990-12-16,3.32,VungTau
1990-12-17,3.36,VungTau
1990-12-18,3.4,VungTau
1990-12-19,3.37,VungTau
1990-12-20,3.37,VungTau
1990-12-21,3.23,VungTau
1990-12-22,3.13,VungTau
1990-12-23,2.97,VungTau
1990-12-24,2.79,VungTau
1990-12-25,2.74,VungTau
1990-12-26,2.79,VungTau
1990-12-27,2.88,VungTau
1990-12-28,3.05,VungTau
1990-12-29,3.18,VungTau
1990-12-30,3.34,VungTau
1990-12-31,3.54,VungTau
1991-01-01,3.69,VungTau
1991-01-02,3.67,VungTau
1991-01-03,3.61,VungTau
1991-01-04,3.42,VungTau
1991-01-05,3.19,VungTau
1991-01-06,2.95,VungTau
1991-01-07,2.8,VungTau
1991-01-08,2.62,VungTau
1991-01-09,2.53,VungTau
1991-01-10,2.5,VungTau
1991-01-11,2.59,VungTau
1991-01-12,2.8,VungTau
1991-01-13,3.02,VungTau
1991-01-14,3.2,VungTau
1991-01-15,3.28,VungTau
1991-01-16,3.35,VungTau
1991-01-17,3.4,VungTau
1991-01-18,3.42,VungTau
1991-01-19,3.33,VungTau
1991-01-20,3.27,VungTau
1991-01-21,3.07,VungTau
1991-01-22,3.0,VungTau
1991-01-23,2.89,VungTau
1991-01-24,2.72,VungTau
1991-01-25,2.61,VungTau
1991-01-26,2.64,VungTau
1991-01-27,2.99,VungTau
1991-01-28,3.27,VungTau
1991-01-29,3.53,VungTau
1991-01-30,3.62,VungTau
1991-01-31,3.71,VungTau
1991-02-01,3.64,VungTau
1991-02-02,3.46,VungTau
1991-02-03,3.29,VungTau
1991-02-04,3.13,VungTau
1991-02-05,2.94,VungTau
1991-02-06,2.77,VungTau
1991-02-07,2.56,VungTau
1991-02-08,2.35,VungTau
1991-02-09,2.46,VungTau
1991-02-10,2.7,VungTau
1991-02-11,2.93,VungTau
1991-02-12,3.14,VungTau
1991-02-13,3.35,VungTau
1991-02-14,3.44,VungTau
1991-02-15,3.53,VungTau
1991-02-16,3.5,VungTau
1991-02-17,3.44,VungTau
1991-02-18,3.36,VungTau
1991-02-19,3.33,VungTau
1991-02-20,3.19,VungTau
1991-02-21,3.06,VungTau
1991-02-22,2.75,VungTau
1991-02-23,2.47,VungTau
1991-02-24,2.55,VungTau
1991-02-25,2.86,VungTau
1991-02-26,3.16,VungTau
1991-02-27,3.44,VungTau
1991-02-28,3.52,VungTau
1991-03-01,3.6,VungTau
1991-03-02,3.5,VungTau
1991-03-03,3.45,VungTau
1991-03-04,3.39,VungTau
1991-03-05,3.28,VungTau
1991-03-06,3.07,VungTau
1991-03-07,2.81,VungTau
1991-03-08,2.64,VungTau
1991-03-09,2.37,VungTau
1991-03-10,2.27,VungTau
1991-03-11,2.5,VungTau
1991-03-12,2.78,VungTau
1991-03-13,3.02,VungTau
1991-03-14,3.25,VungTau
1991-03-15,3.36,VungTau
1991-03-16,3.47,VungTau
1991-03-17,3.49,VungTau
1991-03-18,3.53,VungTau
1991-03-19,3.57,VungTau
1991-03-20,3.47,VungTau
1991-03-21,3.3,VungTau
1991-03-22,3.06,VungTau
1991-03-23,2.77,VungTau
1991-03-24,2.49,VungTau
1991-03-25,2.69,VungTau
1991-03-26,2.96,VungTau
1991-03-27,3.16,VungTau
1991-03-28,3.37,VungTau
1991-03-29,3.48,VungTau
1991-03-30,3.47,VungTau
1991-03-31,3.58,VungTau
1991-04-01,3.58,VungTau
1991-04-02,3.51,VungTau
1991-04-03,3.38,VungTau
1991-04-04,3.18,VungTau
1991-04-05,3.0,VungTau
1991-04-06,2.76,VungTau
1991-04-07,2.58,VungTau
1991-04-08,2.4,VungTau
1991-04-09,2.54,VungTau
1991-04-10,2.76,VungTau
1991-04-11,2.98,VungTau
1991-04-12,3.2,VungTau
1991-04-13,3.36,VungTau
1991-04-14,3.55,VungTau
1991-04-15,3.7,VungTau
1991-04-16,3.73,VungTau
1991-04-17,3.65,VungTau
1991-04-18,3.53,VungTau
1991-04-19,3.39,VungTau
1991-04-20,3.17,VungTau
1991-04-21,2.95,VungTau
1991-04-22,2.78,VungTau
1991-04-23,2.85,VungTau
1991-04-24,2.99,VungTau
1991-04-25,3.19,VungTau
1991-04-26,3.36,VungTau
1991-04-27,3.49,VungTau
1991-04-28,3.65,VungTau
1991-04-29,3.59,VungTau
1991-04-30,3.58,VungTau
1991-05-01,3.46,VungTau
1991-05-02,3.38,VungTau
1991-05-03,3.3,VungTau
1991-05-04,3.17,VungTau
1991-05-05,3.05,VungTau
1991-05-06,2.92,VungTau
1991-05-07,2.76,VungTau
1991-05-08,2.73,VungTau
1991-05-09,2.84,VungTau
1991-05-10,3.04,VungTau
1991-05-11,3.3,VungTau
1991-05-12,3.45,VungTau
1991-05-13,3.57,VungTau
1991-05-14,3.7,VungTau
1991-05-15,3.71,VungTau
1991-05-16,3.63,VungTau
1991-05-17,3.6,VungTau
1991-05-18,3.45,VungTau
1991-05-19,3.26,VungTau
1991-05-20,3.09,VungTau
1991-05-21,2.89,VungTau
1991-05-22,2.76,VungTau
1991-05-23,2.88,VungTau
1991-05-24,3.05,VungTau
1991-05-25,3.18,VungTau
1991-05-26,3.28,VungTau
1991-05-27,3.37,VungTau
1991-05-28,3.45,VungTau
1991-05-29,3.44,VungTau
1991-05-30,3.47,VungTau
1991-05-31,3.4,VungTau
1991-06-01,3.38,VungTau
1991-06-02,3.31,VungTau
1991-06-03,3.17,VungTau
1991-06-04,2.97,VungTau
1991-06-05,2.84,VungTau
1991-06-06,2.76,VungTau
1991-06-07,2.734,VungTau
1991-06-08,2.87,VungTau
1991-06-09,3.18,VungTau
1991-06-10,3.2933333333333334,VungTau
1991-06-11,3.4066666666666667,VungTau
1991-06-12,3.52,VungTau
1991-06-13,3.6333333333333333,VungTau
1991-06-14,3.7466666666666666,VungTau
1991-06-15,3.86,VungTau
1991-06-16,3.7,VungTau
1991-06-17,3.51,VungTau
1991-06-18,3.3,VungTau
1991-06-19,3.0,VungTau
1991-06-20,2.84,VungTau
1991-06-21,2.87,VungTau
1991-06-22,2.94,VungTau
1991-06-23,3.09,VungTau
1991-06-24,3.16,VungTau
1991-06-25,3.34,VungTau
1991-06-26,3.45,VungTau
1991-06-27,3.5,VungTau
1991-06-28,3.57,VungTau
1991-06-29,3.55,VungTau
1991-06-30,3.52,VungTau
1991-07-01,3.46,VungTau
1991-07-02,3.32,VungTau
1991-07-03,3.22,VungTau
1991-07-04,3.05,VungTau
1991-07-05,2.99,VungTau
1991-07-06,2.98,VungTau
1991-07-07,2.96,VungTau
1991-07-08,2.99,VungTau
1991-07-09,3.15,VungTau
1991-07-10,3.34,VungTau
1991-07-11,3.52,VungTau
1991-07-12,3.68,VungTau
1991-07-13,3.78,VungTau
1991-07-14,3.82,VungTau
1991-07-15,3.71,VungTau
1991-07-16,3.51,VungTau
1991-07-17,3.19,VungTau
1991-07-18,2.94,VungTau
1991-07-19,2.78,VungTau
1991-07-20,2.64,VungTau
1991-07-21,2.67,VungTau
1991-07-22,2.71,VungTau
1991-07-23,2.97,VungTau
1991-07-24,3.06,VungTau
1991-07-25,3.19,VungTau
1991-07-26,3.35,VungTau
1991-07-27,3.49,VungTau
1991-07-28,3.54,VungTau
1991-07-29,3.51,VungTau
1991-07-30,3.52,VungTau
1991-07-31,3.36,VungTau
1991-08-01,3.23,VungTau
1991-08-02,3.02,VungTau
1991-08-03,2.89,VungTau
1991-08-04,2.76,VungTau
1991-08-05,2.77,VungTau
1991-08-06,2.85,VungTau
1991-08-07,3.07,VungTau
1991-08-08,3.34,VungTau
1991-08-09,3.51,VungTau
1991-08-10,3.7,VungTau
1991-08-11,3.83,VungTau
1991-08-12,3.73,VungTau
1991-08-13,3.64,VungTau
1991-08-14,3.4,VungTau
1991-08-15,3.16,VungTau
1991-08-16,2.99,VungTau
1991-08-17,2.9,VungTau
1991-08-18,2.58,VungTau
1991-08-19,2.51,VungTau
1991-08-20,2.59,VungTau
1991-08-21,2.75,VungTau
1991-08-22,3.02,VungTau
1991-08-23,3.15,VungTau
1991-08-24,3.4,VungTau
1991-08-25,3.49,VungTau
1991-08-26,3.6,VungTau
1991-08-27,3.59,VungTau
1991-08-28,3.53,VungTau
1991-08-29,3.45,VungTau
1991-08-30,3.33,VungTau
1991-08-31,3.12,VungTau
1991-09-01,2.9,VungTau
1991-09-02,2.64,VungTau
1991-09-03,2.61,VungTau
1991-09-04,2.68,VungTau
1991-09-05,2.92,VungTau
1991-09-06,3.32,VungTau
1991-09-07,3.58,VungTau
1991-09-08,3.73,VungTau
1991-09-09,3.72,VungTau
1991-09-10,3.7,VungTau
1991-09-11,3.63,VungTau
1991-09-12,3.44,VungTau
1991-09-13,3.26,VungTau
1991-09-14,3.04,VungTau
1991-09-15,2.85,VungTau
1991-09-16,2.69,VungTau
1991-09-17,2.55,VungTau
1991-09-18,2.56,VungTau
1991-09-19,2.72,VungTau
1991-09-20,2.95,VungTau
1991-09-21,3.11,VungTau
1991-09-22,3.29,VungTau
1991-09-23,3.5,VungTau
1991-09-24,3.6,VungTau
1991-09-25,3.65,VungTau
1991-09-26,3.65,VungTau
1991-09-27,3.6,VungTau
1991-09-28,3.44,VungTau
1991-09-29,3.2,VungTau
1991-09-30,2.97,VungTau
1991-10-01,2.73,VungTau
1991-10-02,2.71,VungTau
1991-10-03,2.78,VungTau
1991-10-04,3.13,VungTau
1991-10-05,3.37,VungTau
1991-10-06,3.49,VungTau
1991-10-07,3.64,VungTau
1991-10-08,3.66,VungTau
1991-10-09,3.72,VungTau
1991-10-10,3.61,VungTau
1991-10-11,3.58,VungTau
1991-10-12,3.42,VungTau
1991-10-13,3.18,VungTau
1991-10-14,2.91,VungTau
1991-10-15,2.68,VungTau
1991-10-16,2.49,VungTau
1991-10-17,2.56,VungTau
1991-10-18,2.81,VungTau
1991-10-19,3.07,VungTau
1991-10-20,3.23,VungTau
1991-10-21,3.47,VungTau
1991-10-22,3.65,VungTau
1991-10-23,3.82,VungTau
1991-10-24,3.81,VungTau
1991-10-25,3.78,VungTau
1991-10-26,3.69,VungTau
1991-10-27,3.51,VungTau
1991-10-28,3.3,VungTau
1991-10-29,3.0,VungTau
1991-10-30,2.81,VungTau
1991-10-31,2.76,VungTau
1991-11-01,2.91,VungTau
1991-11-02,3.19,VungTau
1991-11-03,3.37,VungTau
1991-11-04,3.54,VungTau
1991-11-05,3.57,VungTau
1991-11-06,3.64,VungTau
1991-11-07,3.65,VungTau
1991-11-08,3.59,VungTau
1991-11-09,3.51,VungTau
1991-11-10,3.37,VungTau
1991-11-11,3.2,VungTau
1991-11-12,3.02,VungTau
1991-11-13,2.84,VungTau
1991-11-14,2.66,VungTau
1991-11-15,2.55,VungTau
1991-11-16,2.68,VungTau
1991-11-17,2.89,VungTau
1991-11-18,3.12,VungTau
1991-11-19,3.38,VungTau
1991-11-20,3.6,VungTau
1991-11-21,3.69,VungTau
1991-11-22,3.72,VungTau
1991-11-23,3.78,VungTau
1991-11-24,3.71,VungTau
1991-11-25,3.53,VungTau
1991-11-26,3.33,VungTau
1991-11-27,3.12,VungTau
1991-11-28,2.89,VungTau
1991-11-29,2.71,VungTau
1991-11-30,2.85,VungTau
1991-12-01,3.02,VungTau
1991-12-02,3.2,VungTau
1991-12-03,3.23,VungTau
1991-12-04,3.35,VungTau
1991-12-05,3.38,VungTau
1991-12-06,3.39,VungTau
1991-12-07,3.42,VungTau
1991-12-08,3.31,VungTau
1991-12-09,3.33,VungTau
1991-12-10,3.21,VungTau
1991-12-11,3.15,VungTau
1991-12-12,2.98,VungTau
1991-12-13,2.81,VungTau
1991-12-14,2.66,VungTau
1991-12-15,2.61,VungTau
1991-12-16,2.75,VungTau
1991-12-17,2.9,VungTau
1991-12-18,3.06,VungTau
1991-12-19,3.28,VungTau
1991-12-20,3.39,VungTau
1991-12-21,3.49,VungTau
1991-12-22,3.61,VungTau
1991-12-23,3.6,VungTau
1991-12-24,3.56,VungTau
1991-12-25,3.44,VungTau
1991-12-26,3.2,VungTau
1991-12-27,2.88,VungTau
1991-12-28,2.77,VungTau
1991-12-29,2.65,VungTau
1991-12-30,2.64,VungTau
1991-12-31,2.69,VungTau
1992-01-01,2.83,VungTau
1992-01-02,3.01,VungTau
1992-01-03,3.16,VungTau
1992-01-04,3.33,VungTau
1992-01-05,3.46,VungTau
1992-01-06,3.47,VungTau
1992-01-07,3.51,VungTau
1992-01-08,3.44,VungTau
1992-01-09,3.31,VungTau
1992-01-10,3.13,VungTau
1992-01-11,2.89,VungTau
1992-01-12,2.78,VungTau
1992-01-13,2.63,VungTau
1992-01-14,2.53,VungTau
1992-01-15,2.58,VungTau
1992-01-16,2.81,VungTau
1992-01-17,3.03,VungTau
1992-01-18,3.3,VungTau
1992-01-19,3.51,VungTau
1992-01-20,3.63,VungTau
1992-01-21,3.61,VungTau
1992-01-22,3.56,VungTau
1992-01-23,3.44,VungTau
1992-01-24,3.18,VungTau
1992-01-25,3.06,VungTau
1992-01-26,2.83,VungTau
1992-01-27,2.6,VungTau
1992-01-28,2.36,VungTau
1992-01-29,2.41,VungTau
1992-01-30,2.61,VungTau
1992-01-31,2.81,VungTau
1992-02-01,2.98,VungTau
1992-02-02,3.17,VungTau
1992-02-03,3.29,VungTau
1992-02-04,3.34,VungTau
1992-02-05,3.36,VungTau
1992-02-06,3.31,VungTau
1992-02-07,3.2,VungTau
1992-02-08,3.11,VungTau
1992-02-09,3.14,VungTau
1992-02-10,2.99,VungTau
1992-02-11,2.79,VungTau
1992-02-12,2.57,VungTau
1992-02-13,2.49,VungTau
1992-02-14,2.66,VungTau
1992-02-15,2.99,VungTau
1992-02-16,3.29,VungTau
1992-02-17,3.54,VungTau
1992-02-18,3.69,VungTau
1992-02-19,3.74,VungTau
1992-02-20,3.63,VungTau
1992-02-21,3.46,VungTau
1992-02-22,3.29,VungTau
1992-02-23,3.05,VungTau
1992-02-24,2.87,VungTau
1992-02-25,2.59,VungTau
1992-02-26,2.33,VungTau
1992-02-27,2.26,VungTau
1992-02-28,2.49,VungTau
1992-02-29,2.75,VungTau
1992-03-01,2.99,VungTau
1992-03-02,3.18,VungTau
1992-03-03,3.31,VungTau
1992-03-04,3.36,VungTau
1992-03-05,3.34,VungTau
1992-03-06,3.33,VungTau
1992-03-07,3.35,VungTau
1992-03-08,3.33,VungTau
1992-03-09,3.24,VungTau
1992-03-10,3.09,VungTau
1992-03-11,2.9,VungTau
1992-03-12,2.68,VungTau
1992-03-13,2.45,VungTau
1992-03-14,2.65,VungTau
1992-03-15,2.99,VungTau
1992-03-16,3.32,VungTau
1992-03-17,3.48,VungTau
1992-03-18,3.59,VungTau
1992-03-19,3.58,VungTau
1992-03-20,3.57,VungTau
1992-03-21,3.6,VungTau
1992-03-22,3.45,VungTau
1992-03-23,3.31,VungTau
1992-03-24,3.01,VungTau
1992-03-25,2.8,VungTau
1992-03-26,2.56,VungTau
1992-03-27,2.35,VungTau
1992-03-28,2.45,VungTau
1992-03-29,2.64,VungTau
1992-03-30,2.83,VungTau
1992-03-31,3.05,VungTau
1992-04-01,3.15,VungTau
1992-04-02,3.29,VungTau
1992-04-03,3.37,VungTau
1992-04-04,3.46,VungTau
1992-04-05,3.52,VungTau
1992-04-06,3.52,VungTau
1992-04-07,3.37,VungTau
1992-04-08,3.23,VungTau
1992-04-09,2.99,VungTau
1992-04-10,2.79,VungTau
1992-04-11,2.63,VungTau
1992-04-12,2.78,VungTau
1992-04-13,2.98,VungTau
1992-04-14,3.22,VungTau
1992-04-15,3.41,VungTau
1992-04-16,3.59,VungTau
1992-04-17,3.69,VungTau
1992-04-18,3.67,VungTau
1992-04-19,3.64,VungTau
1992-04-20,3.53,VungTau
1992-04-21,3.34,VungTau
1992-04-22,3.2,VungTau
1992-04-23,2.99,VungTau
1992-04-24,2.79,VungTau
1992-04-25,2.55,VungTau
1992-04-26,2.47,VungTau
1992-04-27,2.59,VungTau
1992-04-28,2.79,VungTau
1992-04-29,3.0,VungTau
1992-04-30,3.23,VungTau
1992-05-01,3.4,VungTau
1992-05-02,3.5,VungTau
1992-05-03,3.59,VungTau
1992-05-04,3.67,VungTau
1992-05-05,3.62,VungTau
1992-05-06,3.55,VungTau
1992-05-07,3.43,VungTau
1992-05-08,3.26,VungTau
1992-05-09,3.05,VungTau
1992-05-10,2.95,VungTau
1992-05-11,2.83,VungTau
1992-05-12,3.06,VungTau
1992-05-13,3.23,VungTau
1992-05-14,3.42,VungTau
1992-05-15,3.55,VungTau
1992-05-16,3.68,VungTau
1992-05-17,3.64,VungTau
1992-05-18,3.67,VungTau
1992-05-19,3.59,VungTau
1992-05-20,3.57,VungTau
1992-05-21,3.47,VungTau
1992-05-22,3.29,VungTau
1992-05-23,3.07,VungTau
1992-05-24,2.92,VungTau
1992-05-25,2.74,VungTau
1992-05-26,2.69,VungTau
1992-05-27,2.8,VungTau
1992-05-28,3.0,VungTau
1992-05-29,3.21,VungTau
1992-05-30,3.37,VungTau
1992-05-31,3.52,VungTau
1992-06-01,3.69,VungTau
1992-06-02,3.72,VungTau
1992-06-03,3.72,VungTau
1992-06-04,3.68,VungTau
1992-06-05,3.65,VungTau
1992-06-06,3.46,VungTau
1992-06-07,3.33,VungTau
1992-06-08,3.14,VungTau
1992-06-09,3.02,VungTau
1992-06-10,3.08,VungTau
1992-06-11,3.22,VungTau
1992-06-12,3.36,VungTau
1992-06-13,3.45,VungTau
1992-06-14,3.57,VungTau
1992-06-15,3.73,VungTau
1992-06-16,3.64,VungTau
1992-06-17,3.68,VungTau
1992-06-18,3.63,VungTau
1992-06-19,3.52,VungTau
1992-06-20,3.39,VungTau
1992-06-21,3.25,VungTau
1992-06-22,3.12,VungTau
1992-06-23,2.86,VungTau
1992-06-24,2.9,VungTau
1992-06-25,2.96,VungTau
1992-06-26,3.05,VungTau
1992-06-27,3.11,VungTau
1992-06-28,3.32,VungTau
1992-06-29,3.49,VungTau
1992-06-30,3.63,VungTau
1992-07-01,3.77,VungTau
1992-07-02,3.83,VungTau
1992-07-03,3.8,VungTau
1992-07-04,3.68,VungTau
1992-07-05,3.52,VungTau
1992-07-06,3.29,VungTau
1992-07-07,3.04,VungTau
1992-07-08,2.87,VungTau
1992-07-09,2.83,VungTau
1992-07-10,2.93,VungTau
1992-07-11,3.11,VungTau
1992-07-12,3.13,VungTau
1992-07-13,3.3,VungTau
1992-07-14,3.42,VungTau
1992-07-15,3.45,VungTau
1992-07-16,3.51,VungTau
1992-07-17,3.55,VungTau
1992-07-18,3.51,VungTau
1992-07-19,3.45,VungTau
1992-07-20,3.32,VungTau
1992-07-21,3.15,VungTau
1992-07-22,3.0,VungTau
1992-07-23,2.87,VungTau
1992-07-24,2.91,VungTau
1992-07-25,2.86,VungTau
1992-07-26,2.96,VungTau
1992-07-27,3.23,VungTau
1992-07-28,3.53,VungTau
1992-07-29,3.71,VungTau
1992-07-30,3.83,VungTau
1992-07-31,3.9,VungTau
1992-08-01,3.86,VungTau
1992-08-02,3.67,VungTau
1992-08-03,3.47,VungTau
1992-08-04,3.19,VungTau
1992-08-05,3.02,VungTau
1992-08-06,2.84,VungTau
1992-08-07,2.73,VungTau
1992-08-08,2.79,VungTau
1992-08-09,2.93,VungTau
1992-08-10,3.11,VungTau
1992-08-11,3.28,VungTau
1992-08-12,3.38,VungTau
1992-08-13,3.49,VungTau
1992-08-14,3.48,VungTau
1992-08-15,3.56,VungTau
1992-08-16,3.5,VungTau
1992-08-17,3.44,VungTau
1992-08-18,3.32,VungTau
1992-08-19,3.18,VungTau
1992-08-20,3.12,VungTau
1992-08-21,2.98,VungTau
1992-08-22,2.85,VungTau
1992-08-23,2.81,VungTau
1992-08-24,2.87,VungTau
1992-08-25,3.13,VungTau
1992-08-26,3.46,VungTau
1992-08-27,3.69,VungTau
1992-08-28,3.91,VungTau
1992-08-29,3.96,VungTau
1992-08-30,3.84,VungTau
1992-08-31,3.65,VungTau
1992-09-01,3.42,VungTau
1992-09-02,3.24,VungTau
1992-09-03,3.0,VungTau
1992-09-04,2.73,VungTau
1992-09-05,2.57,VungTau
1992-09-06,2.6,VungTau
1992-09-07,2.74,VungTau
1992-09-08,2.92,VungTau
1992-09-09,3.14,VungTau
1992-09-10,3.3,VungTau
1992-09-11,3.37,VungTau
1992-09-12,3.48,VungTau
1992-09-13,3.52,VungTau
1992-09-14,3.48,VungTau
1992-09-15,3.46,VungTau
1992-09-16,3.36,VungTau
1992-09-17,3.27,VungTau
1992-09-18,3.07,VungTau
1992-09-19,2.83,VungTau
1992-09-20,2.6,VungTau
1992-09-21,2.68,VungTau
1992-09-22,2.79,VungTau
1992-09-23,3.14,VungTau
1992-09-24,3.47,VungTau
1992-09-25,3.61,VungTau
1992-09-26,3.77,VungTau
1992-09-27,3.84,VungTau
1992-09-28,3.73,VungTau
1992-09-29,3.61,VungTau
1992-09-30,3.45,VungTau
1992-10-01,3.26,VungTau
1992-10-02,3.07,VungTau
1992-10-03,2.93,VungTau
1992-10-04,2.77,VungTau
1992-10-05,2.77,VungTau
1992-10-06,2.97,VungTau
1992-10-07,3.15,VungTau
1992-10-08,3.28,VungTau
1992-10-09,3.41,VungTau
1992-10-10,3.54,VungTau
1992-10-11,3.63,VungTau
1992-10-12,3.67,VungTau
1992-10-13,3.65,VungTau
1992-10-14,3.6,VungTau
1992-10-15,3.53,VungTau
1992-10-16,3.36,VungTau
1992-10-17,3.27,VungTau
1992-10-18,3.1,VungTau
1992-10-19,2.92,VungTau
1992-10-20,2.88,VungTau
1992-10-21,3.1,VungTau
1992-10-22,3.39,VungTau
1992-10-23,3.59,VungTau
1992-10-24,3.73,VungTau
1992-10-25,3.81,VungTau
1992-10-26,3.84,VungTau
1992-10-27,3.76,VungTau
1992-10-28,3.62,VungTau
1992-10-29,3.52,VungTau
1992-10-30,3.31,VungTau
1992-10-31,3.14,VungTau
1992-11-01,2.91,VungTau
1992-11-02,2.69,VungTau
1992-11-03,2.62,VungTau
1992-11-04,2.77,VungTau
1992-11-05,2.93,VungTau
1992-11-06,3.1,VungTau
1992-11-07,3.29,VungTau
1992-11-08,3.47,VungTau
1992-11-09,3.53,VungTau
1992-11-10,3.6,VungTau
1992-11-11,3.59,VungTau
1992-11-12,3.53,VungTau
1992-11-13,3.52,VungTau
1992-11-14,3.46,VungTau
1992-11-15,3.32,VungTau
1992-11-16,3.14,VungTau
1992-11-17,2.98,VungTau
1992-11-18,2.89,VungTau
1992-11-19,3.05,VungTau
1992-11-20,3.27,VungTau
1992-11-21,3.4,VungTau
1992-11-22,3.54,VungTau
1992-11-23,3.57,VungTau
1992-11-24,3.61,VungTau
1992-11-25,3.65,VungTau
1992-11-26,3.53,VungTau
1992-11-27,3.44,VungTau
1992-11-28,3.27,VungTau
1992-11-29,3.12,VungTau
1992-11-30,2.9,VungTau
1992-12-01,2.72,VungTau
1992-12-02,2.54,VungTau
1992-12-03,2.55,VungTau
1992-12-04,2.68,VungTau
1992-12-05,2.86,VungTau
1992-12-06,3.09,VungTau
1992-12-07,3.23,VungTau
1992-12-08,3.42,VungTau
1992-12-09,3.56,VungTau
1992-12-10,3.67,VungTau
1992-12-11,3.74,VungTau
1992-12-12,3.75,VungTau
1992-12-13,3.62,VungTau
1992-12-14,3.46,VungTau
1992-12-15,3.17,VungTau
1992-12-16,2.94,VungTau
1992-12-17,2.83,VungTau
1992-12-18,2.82,VungTau
1992-12-19,2.86,VungTau
1992-12-20,3.03,VungTau
1992-12-21,3.21,VungTau
1992-12-22,3.33,VungTau
1992-12-23,3.48,VungTau
1992-12-24,3.53,VungTau
1992-12-25,3.56,VungTau
1992-12-26,3.5,VungTau
1992-12-27,3.41,VungTau
1992-12-28,3.27,VungTau
1992-12-29,3.11,VungTau
1992-12-30,2.9,VungTau
1992-12-31,2.73,VungTau
1993-01-01,2.62,VungTau
1993-01-02,2.48,VungTau
1993-01-03,2.52,VungTau
1993-01-04,2.68,VungTau
1993-01-05,2.94,VungTau
1993-01-06,3.14,VungTau
1993-01-07,3.33,VungTau
1993-01-08,3.5,VungTau
1993-01-09,3.65,VungTau
1993-01-10,3.72,VungTau
1993-01-11,3.6,VungTau
1993-01-12,3.44,VungTau
1993-01-13,3.18,VungTau
1993-01-14,3.02,VungTau
1993-01-15,2.86,VungTau
1993-01-16,2.66,VungTau
1993-01-17,2.61,VungTau
1993-01-18,2.73,VungTau
1993-01-19,2.9,VungTau
1993-01-20,3.1,VungTau
1993-01-21,3.23,VungTau
1993-01-22,3.37,VungTau
1993-01-23,3.47,VungTau
1993-01-24,3.48,VungTau
1993-01-25,3.48,VungTau
1993-01-26,3.37,VungTau
1993-01-27,3.26,VungTau
1993-01-28,3.12,VungTau
1993-01-29,2.98,VungTau
1993-01-30,2.76,VungTau
1993-01-31,2.61,VungTau
1993-02-01,2.45,VungTau
1993-02-02,2.44,VungTau
1993-02-03,2.67,VungTau
1993-02-04,3.0,VungTau
1993-02-05,3.31,VungTau
1993-02-06,3.61,VungTau
1993-02-07,3.76,VungTau
1993-02-08,3.74,VungTau
1993-02-09,3.65,VungTau
1993-02-10,3.47,VungTau
1993-02-11,3.34,VungTau
1993-02-12,3.14,VungTau
1993-02-13,2.91,VungTau
1993-02-14,2.68,VungTau
1993-02-15,2.43,VungTau
1993-02-16,2.53,VungTau
1993-02-17,2.75,VungTau
1993-02-18,2.98,VungTau
1993-02-19,3.14,VungTau
1993-02-20,3.26,VungTau
1993-02-21,3.28,VungTau
1993-02-22,3.35,VungTau
1993-02-23,3.29,VungTau
1993-02-24,3.24,VungTau
1993-02-25,3.21,VungTau
1993-02-26,3.18,VungTau
1993-02-27,3.13,VungTau
1993-02-28,2.95,VungTau
1993-03-01,2.77,VungTau
1993-03-02,2.52,VungTau
1993-03-03,2.44,VungTau
1993-03-04,2.7,VungTau
1993-03-05,3.0,VungTau
1993-03-06,3.34,VungTau
1993-03-07,3.56,VungTau
1993-03-08,3.64,VungTau
1993-03-09,3.69,VungTau
1993-03-10,3.65,VungTau
1993-03-11,3.61,VungTau
1993-03-12,3.46,VungTau
1993-03-13,3.25,VungTau
1993-03-14,2.96,VungTau
1993-03-15,2.71,VungTau
1993-03-16,2.42,VungTau
1993-03-17,2.5,VungTau
1993-03-18,2.75,VungTau
1993-03-19,2.96,VungTau
1993-03-20,3.12,VungTau
1993-03-21,3.21,VungTau
1993-03-22,3.33,VungTau
1993-03-23,3.31,VungTau
1993-03-24,3.42,VungTau
1993-03-25,3.42,VungTau
1993-03-26,3.39,VungTau
1993-03-27,3.34,VungTau
1993-03-28,3.17,VungTau
1993-03-29,3.03,VungTau
1993-03-30,2.84,VungTau
1993-03-31,2.63,VungTau
1993-04-01,2.55,VungTau
1993-04-02,2.74,VungTau
1993-04-03,3.08,VungTau
1993-04-04,3.35,VungTau
1993-04-05,3.49,VungTau
1993-04-06,3.68,VungTau
1993-04-07,3.79,VungTau
1993-04-08,3.78,VungTau
1993-04-09,3.65,VungTau
1993-04-10,3.53,VungTau
1993-04-11,3.3,VungTau
1993-04-12,3.05,VungTau
1993-04-13,2.85,VungTau
1993-04-14,2.58,VungTau
1993-04-15,2.49,VungTau
1993-04-16,2.65,VungTau
1993-04-17,2.84,VungTau
1993-04-18,3.03,VungTau
1993-04-19,3.24,VungTau
1993-04-20,3.35,VungTau
1993-04-21,3.48,VungTau
1993-04-22,3.52,VungTau
1993-04-23,3.58,VungTau
1993-04-24,3.54,VungTau
1993-04-25,3.51,VungTau
1993-04-26,3.4,VungTau
1993-04-27,3.31,VungTau
1993-04-28,3.1,VungTau
1993-04-29,2.93,VungTau
1993-04-30,2.78,VungTau
1993-05-01,2.88,VungTau
1993-05-02,3.0,VungTau
1993-05-03,3.27,VungTau
1993-05-04,3.46,VungTau
1993-05-05,3.62,VungTau
1993-05-06,3.68,VungTau
1993-05-07,3.69,VungTau
1993-05-08,3.61,VungTau
1993-05-09,3.6,VungTau
1993-05-10,3.45,VungTau
1993-05-11,3.22,VungTau
1993-05-12,3.06,VungTau
1993-05-13,2.89,VungTau
1993-05-14,2.68,VungTau
1993-05-15,2.62,VungTau
1993-05-16,2.8,VungTau
1993-05-17,2.93,VungTau
1993-05-18,3.13,VungTau
1993-05-19,3.26,VungTau
1993-05-20,3.37,VungTau
1993-05-21,3.47,VungTau
1993-05-22,3.51,VungTau
1993-05-23,3.56,VungTau
1993-05-24,3.59,VungTau
1993-05-25,3.53,VungTau
1993-05-26,3.49,VungTau
1993-05-27,3.32,VungTau
1993-05-28,3.17,VungTau
1993-05-29,3.0,VungTau
1993-05-30,2.9,VungTau
1993-05-31,3.07,VungTau
1993-06-01,3.28,VungTau
1993-06-02,3.4,VungTau
1993-06-03,3.57,VungTau
1993-06-04,3.67,VungTau
1993-06-05,3.69,VungTau
1993-06-06,3.69,VungTau
1993-06-07,3.58,VungTau
1993-06-08,3.49,VungTau
1993-06-09,3.35,VungTau
1993-06-10,3.21,VungTau
1993-06-11,3.06,VungTau
1993-06-12,2.91,VungTau
1993-06-13,2.83,VungTau
1993-06-14,2.79,VungTau
1993-06-15,2.92,VungTau
1993-06-16,3.01,VungTau
1993-06-17,3.19,VungTau
1993-06-18,3.33,VungTau
1993-06-19,3.44,VungTau
1993-06-20,3.53,VungTau
1993-06-21,3.66,VungTau
1993-06-22,3.64,VungTau
1993-06-23,3.68,VungTau
1993-06-24,3.62,VungTau
1993-06-25,3.4,VungTau
1993-06-26,3.21,VungTau
1993-06-27,3.01,VungTau
1993-06-28,2.99,VungTau
1993-06-29,3.04,VungTau
1993-06-30,3.12,VungTau
1993-07-01,3.25,VungTau
1993-07-02,3.33,VungTau
1993-07-03,3.47,VungTau
1993-07-04,3.53,VungTau
1993-07-05,3.57,VungTau
1993-07-06,3.57,VungTau
1993-07-07,3.54,VungTau
1993-07-08,3.41,VungTau
1993-07-09,3.26,VungTau
1993-07-10,3.1,VungTau
1993-07-11,2.95,VungTau
1993-07-12,2.75,VungTau
1993-07-13,2.78,VungTau
1993-07-14,2.75,VungTau
1993-07-15,2.9,VungTau
1993-07-16,3.08,VungTau
1993-07-17,3.25,VungTau
1993-07-18,3.41,VungTau
1993-07-19,3.54,VungTau
1993-07-20,3.64,VungTau
1993-07-21,3.72,VungTau
1993-07-22,3.82,VungTau
1993-07-23,3.73,VungTau
1993-07-24,3.56,VungTau
1993-07-25,3.37,VungTau
1993-07-26,3.07,VungTau
1993-07-27,2.9,VungTau
1993-07-28,2.84,VungTau
1993-07-29,2.9,VungTau
1993-07-30,3.07,VungTau
1993-07-31,3.27,VungTau
1993-08-01,3.42,VungTau
1993-08-02,3.57,VungTau
1993-08-03,3.62,VungTau
1993-08-04,3.67,VungTau
1993-08-05,3.66,VungTau
1993-08-06,3.57,VungTau
1993-08-07,3.48,VungTau
1993-08-08,3.33,VungTau
1993-08-09,3.11,VungTau
1993-08-10,2.94,VungTau
1993-08-11,2.73,VungTau
1993-08-12,2.65,VungTau
1993-08-13,2.68,VungTau
1993-08-14,2.86,VungTau
1993-08-15,3.14,VungTau
1993-08-16,3.48,VungTau
1993-08-17,3.67,VungTau
1993-08-18,3.81,VungTau
1993-08-19,3.94,VungTau
1993-08-20,3.85,VungTau
1993-08-21,3.71,VungTau
1993-08-22,3.48,VungTau
1993-08-23,3.17,VungTau
1993-08-24,2.91,VungTau
1993-08-25,2.69,VungTau
1993-08-26,2.64,VungTau
1993-08-27,2.7,VungTau
1993-08-28,2.92,VungTau
1993-08-29,3.16,VungTau
1993-08-30,3.35,VungTau
1993-08-31,3.49,VungTau
1993-09-01,3.53,VungTau
1993-09-02,3.51,VungTau
1993-09-03,3.51,VungTau
1993-09-04,3.47,VungTau
1993-09-05,3.29,VungTau
1993-09-06,3.28,VungTau
1993-09-07,3.1,VungTau
1993-09-08,2.99,VungTau
1993-09-09,2.74,VungTau
1993-09-10,2.62,VungTau
1993-09-11,2.66,VungTau
1993-09-12,2.9,VungTau
1993-09-13,3.14,VungTau
1993-09-14,3.4,VungTau
1993-09-15,3.62,VungTau
1993-09-16,3.76,VungTau
1993-09-17,3.83,VungTau
1993-09-18,3.79,VungTau
1993-09-19,3.63,VungTau
1993-09-20,3.43,VungTau
1993-09-21,3.16,VungTau
1993-09-22,2.92,VungTau
1993-09-23,2.61,VungTau
1993-09-24,2.54,VungTau
1993-09-25,2.63,VungTau
1993-09-26,2.85,VungTau
1993-09-27,3.07,VungTau
1993-09-28,3.18,VungTau
1993-09-29,3.28,VungTau
1993-09-30,3.47,VungTau
1993-10-01,3.59,VungTau
1993-10-02,3.6,VungTau
1993-10-03,3.6,VungTau
1993-10-04,3.56,VungTau
1993-10-05,3.41,VungTau
1993-10-06,3.17,VungTau
1993-10-07,2.97,VungTau
1993-10-08,2.76,VungTau
1993-10-09,2.63,VungTau
1993-10-10,2.71,VungTau
1993-10-11,2.89,VungTau
1993-10-12,3.26,VungTau
1993-10-13,3.56,VungTau
1993-10-14,3.81,VungTau
1993-10-15,3.99,VungTau
1993-10-16,4.04,VungTau
1993-10-17,3.91,VungTau
1993-10-18,3.8,VungTau
1993-10-19,3.57,VungTau
1993-10-20,3.25,VungTau
1993-10-21,3.04,VungTau
1993-10-22,2.7,VungTau
1993-10-23,2.62,VungTau
1993-10-24,2.69,VungTau
1993-10-25,2.92,VungTau
1993-10-26,3.08,VungTau
1993-10-27,3.27,VungTau
1993-10-28,3.37,VungTau
1993-10-29,3.5,VungTau
1993-10-30,3.56,VungTau
1993-10-31,3.55,VungTau
1993-11-01,3.53,VungTau
1993-11-02,3.46,VungTau
1993-11-03,3.42,VungTau
1993-11-04,3.28,VungTau
1993-11-05,3.12,VungTau
1993-11-06,2.9,VungTau
1993-11-07,2.75,VungTau
1993-11-08,2.71,VungTau
1993-11-09,2.92,VungTau
1993-11-10,3.16,VungTau
1993-11-11,3.43,VungTau
1993-11-12,3.63,VungTau
1993-11-13,3.84,VungTau
1993-11-14,3.89,VungTau
1993-11-15,3.93,VungTau
1993-11-16,3.83,VungTau
1993-11-17,3.67,VungTau
1993-11-18,3.51,VungTau
1993-11-19,3.24,VungTau
1993-11-20,2.94,VungTau
1993-11-21,2.72,VungTau
1993-11-22,2.72,VungTau
1993-11-23,2.81,VungTau
1993-11-24,3.01,VungTau
1993-11-25,3.19,VungTau
1993-11-26,3.33,VungTau
1993-11-27,3.52,VungTau
1993-11-28,3.69,VungTau
1993-11-29,3.75,VungTau
1993-11-30,3.76,VungTau
1993-12-01,3.66,VungTau
1993-12-02,3.64,VungTau
1993-12-03,3.49,VungTau
1993-12-04,3.36,VungTau
1993-12-05,3.08,VungTau
1993-12-06,2.9,VungTau
1993-12-07,2.78,VungTau
1993-12-08,2.92,VungTau
1993-12-09,3.19,VungTau
1993-12-10,3.39,VungTau
1993-12-11,3.6,VungTau
1993-12-12,3.68,VungTau
1993-12-13,3.79,VungTau
1993-12-14,3.84,VungTau
1993-12-15,3.69,VungTau
1993-12-16,3.58,VungTau
1993-12-17,3.38,VungTau
1993-12-18,3.18,VungTau
1993-12-19,2.99,VungTau
1993-12-20,2.79,VungTau
1993-12-21,2.69,VungTau
1993-12-22,2.7,VungTau
1993-12-23,2.74,VungTau
1993-12-24,2.92,VungTau
1993-12-25,3.09,VungTau
1993-12-26,3.22,VungTau
1993-12-27,3.34,VungTau
1993-12-28,3.5,VungTau
1993-12-29,3.64,VungTau
1993-12-30,3.74,VungTau
1993-12-31,3.68,VungTau
1994-01-01,3.61,VungTau
1994-01-02,3.48,VungTau
1994-01-03,3.2,VungTau
1994-01-04,3.03,VungTau
1994-01-05,2.94,VungTau
1994-01-06,2.89,VungTau
1994-01-07,2.92,VungTau
1994-01-08,3.05,VungTau
1994-01-09,3.28,VungTau
1994-01-10,3.46,VungTau
1994-01-11,3.63,VungTau
1994-01-12,3.64,VungTau
1994-01-13,3.63,VungTau
1994-01-14,3.58,VungTau
1994-01-15,3.4,VungTau
1994-01-16,3.24,VungTau
1994-01-17,3.05,VungTau
1994-01-18,2.96,VungTau
1994-01-19,2.81,VungTau
1994-01-20,2.69,VungTau
1994-01-21,2.54,VungTau
1994-01-22,2.55,VungTau
1994-01-23,2.73,VungTau
1994-01-24,2.98,VungTau
1994-01-25,3.2,VungTau
1994-01-26,3.42,VungTau
1994-01-27,3.54,VungTau
1994-01-28,3.69,VungTau
1994-01-29,3.63,VungTau
1994-01-30,3.59,VungTau
1994-01-31,3.46,VungTau
1994-02-01,3.24,VungTau
1994-02-02,3.17,VungTau
1994-02-03,2.99,VungTau
1994-02-04,2.78,VungTau
1994-02-05,2.65,VungTau
1994-02-06,2.85,VungTau
1994-02-07,3.06,VungTau
1994-02-08,3.27,VungTau
1994-02-09,3.45,VungTau
1994-02-10,3.54,VungTau
1994-02-11,3.58,VungTau
1994-02-12,3.52,VungTau
1994-02-13,3.45,VungTau
1994-02-14,3.29,VungTau
1994-02-15,3.23,VungTau
1994-02-16,3.1,VungTau
1994-02-17,2.93,VungTau
1994-02-18,2.81,VungTau
1994-02-19,2.61,VungTau
1994-02-20,2.47,VungTau
1994-02-21,2.62,VungTau
1994-02-22,2.88,VungTau
1994-02-23,3.16,VungTau
1994-02-24,3.45,VungTau
1994-02-25,3.64,VungTau
1994-02-26,3.7,VungTau
1994-02-27,3.67,VungTau
1994-02-28,3.61,VungTau
1994-03-01,3.53,VungTau
1994-03-02,3.46,VungTau
1994-03-03,3.24,VungTau
1994-03-04,2.97,VungTau
1994-03-05,2.7,VungTau
1994-03-06,2.59,VungTau
1994-03-07,2.81,VungTau
1994-03-08,3.04,VungTau
1994-03-09,3.17,VungTau
1994-03-10,3.33,VungTau
1994-03-11,3.45,VungTau
1994-03-12,3.41,VungTau
1994-03-13,3.42,VungTau
1994-03-14,3.43,VungTau
1994-03-15,3.38,VungTau
1994-03-16,3.33,VungTau
1994-03-17,3.2,VungTau
1994-03-18,3.07,VungTau
1994-03-19,2.87,VungTau
1994-03-20,2.75,VungTau
1994-03-21,2.53,VungTau
1994-03-22,2.56,VungTau
1994-03-23,2.9,VungTau
1994-03-24,3.14,VungTau
1994-03-25,3.42,VungTau
1994-03-26,3.56,VungTau
1994-03-27,3.62,VungTau
1994-03-28,3.73,VungTau
1994-03-29,3.72,VungTau
1994-03-30,3.65,VungTau
1994-03-31,3.47,VungTau
1994-04-01,3.26,VungTau
1994-04-02,3.05,VungTau
1994-04-03,2.75,VungTau
1994-04-04,2.64,VungTau
1994-04-05,2.79,VungTau
1994-04-06,2.96,VungTau
1994-04-07,3.07,VungTau
1994-04-08,3.2,VungTau
1994-04-09,3.29,VungTau
1994-04-10,3.39,VungTau
1994-04-11,3.45,VungTau
1994-04-12,3.47,VungTau
1994-04-13,3.43,VungTau
1994-04-14,3.38,VungTau
1994-04-15,3.3,VungTau
1994-04-16,3.19,VungTau
1994-04-17,3.11,VungTau
1994-04-18,2.94,VungTau
1994-04-19,2.72,VungTau
1994-04-20,2.63,VungTau
1994-04-21,2.87,VungTau
1994-04-22,3.04,VungTau
1994-04-23,3.24,VungTau
1994-04-24,3.49,VungTau
1994-04-25,3.69,VungTau
1994-04-26,3.75,VungTau
1994-04-27,3.77,VungTau
1994-04-28,3.68,VungTau
1994-04-29,3.57,VungTau
1994-04-30,3.38,VungTau
1994-05-01,3.18,VungTau
1994-05-02,2.93,VungTau
1994-05-03,2.73,VungTau
1994-05-04,2.6,VungTau
1994-05-05,2.78,VungTau
1994-05-06,2.92,VungTau
1994-05-07,3.14,VungTau
1994-05-08,3.32,VungTau
1994-05-09,3.5,VungTau
1994-05-10,3.51,VungTau
1994-05-11,3.5,VungTau
1994-05-12,3.53,VungTau
1994-05-13,3.44,VungTau
1994-05-14,3.38,VungTau
1994-05-15,3.32,VungTau
1994-05-16,3.18,VungTau
1994-05-17,3.06,VungTau
1994-05-18,2.88,VungTau
1994-05-19,2.72,VungTau
1994-05-20,2.76,VungTau
1994-05-21,2.95,VungTau
1994-05-22,3.25,VungTau
1994-05-23,3.44,VungTau
1994-05-24,3.61,VungTau
1994-05-25,3.73,VungTau
1994-05-26,3.78,VungTau
1994-05-27,3.64,VungTau
1994-05-28,3.59,VungTau
1994-05-29,3.42,VungTau
1994-05-30,3.14,VungTau
1994-05-31,2.96,VungTau
1994-06-01,2.74,VungTau
1994-06-02,2.67,VungTau
1994-06-03,2.71,VungTau
1994-06-04,2.89,VungTau
1994-06-05,2.96,VungTau
1994-06-06,3.15,VungTau
1994-06-07,3.26,VungTau
1994-06-08,3.36,VungTau
1994-06-09,3.48,VungTau
1994-06-10,3.53,VungTau
1994-06-11,3.53,VungTau
1994-06-12,3.57,VungTau
1994-06-13,3.42,VungTau
1994-06-14,3.36,VungTau
1994-06-15,3.25,VungTau
1994-06-16,3.12,VungTau
1994-06-17,2.93,VungTau
1994-06-18,2.92,VungTau
1994-06-19,3.04,VungTau
1994-06-20,3.18,VungTau
1994-06-21,3.44,VungTau
1994-06-22,3.6,VungTau
1994-06-23,3.7,VungTau
1994-06-24,3.77,VungTau
1994-06-25,3.74,VungTau
1994-06-26,3.69,VungTau
1994-06-27,3.54,VungTau
1994-06-28,3.38,VungTau
1994-06-29,3.16,VungTau
1994-06-30,2.93,VungTau
1994-07-01,2.74,VungTau
1994-07-02,2.73,VungTau
1994-07-03,2.75,VungTau
1994-07-04,2.84,VungTau
1994-07-05,3.0,VungTau
1994-07-06,3.19,VungTau
1994-07-07,3.36,VungTau
1994-07-08,3.48,VungTau
1994-07-09,3.57,VungTau
1994-07-10,3.63,VungTau
1994-07-11,3.66,VungTau
1994-07-12,3.63,VungTau
1994-07-13,3.55,VungTau
1994-07-14,3.37,VungTau
1994-07-15,3.19,VungTau
1994-07-16,2.99,VungTau
1994-07-17,2.99,VungTau
1994-07-18,2.99,VungTau
1994-07-19,3.08,VungTau
1994-07-20,3.25,VungTau
1994-07-21,3.46,VungTau
1994-07-22,3.57,VungTau
1994-07-23,3.58,VungTau
1994-07-24,3.62,VungTau
1994-07-25,3.57,VungTau
1994-07-26,3.5,VungTau
1994-07-27,3.34,VungTau
1994-07-28,3.2,VungTau
1994-07-29,3.01,VungTau
1994-07-30,2.84,VungTau
1994-07-31,2.67,VungTau
1994-08-01,2.62,VungTau
1994-08-02,2.66,VungTau
1994-08-03,2.89,VungTau
1994-08-04,2.99,VungTau
1994-08-05,3.18,VungTau
1994-08-06,3.36,VungTau
1994-08-07,3.54,VungTau
1994-08-08,3.65,VungTau
1994-08-09,3.68,VungTau
1994-08-10,3.67,VungTau
1994-08-11,3.53,VungTau
1994-08-12,3.37,VungTau
1994-08-13,3.14,VungTau
1994-08-14,2.95,VungTau
1994-08-15,2.76,VungTau
1994-08-16,2.7,VungTau
1994-08-17,2.87,VungTau
1994-08-18,3.04,VungTau
1994-08-19,3.34,VungTau
1994-08-20,3.48,VungTau
1994-08-21,3.55,VungTau
1994-08-22,3.61,VungTau
1994-08-23,3.51,VungTau
1994-08-24,3.46,VungTau
1994-08-25,3.29,VungTau
1994-08-26,3.16,VungTau
1994-08-27,2.99,VungTau
1994-08-28,2.82,VungTau
1994-08-29,2.62,VungTau
1994-08-30,2.47,VungTau
1994-08-31,2.49,VungTau
1994-09-01,2.59,VungTau
1994-09-02,2.91,VungTau
1994-09-03,3.17,VungTau
1994-09-04,3.43,VungTau
1994-09-05,3.57,VungTau
1994-09-06,3.61,VungTau
1994-09-07,3.71,VungTau
1994-09-08,3.67,VungTau
1994-09-09,3.53,VungTau
1994-09-10,3.3,VungTau
1994-09-11,3.15,VungTau
1994-09-12,2.84,VungTau
1994-09-13,2.68,VungTau
1994-09-14,2.59,VungTau
1994-09-15,2.74,VungTau
1994-09-16,2.99,VungTau
1994-09-17,3.25,VungTau
1994-09-18,3.37,VungTau
1994-09-19,3.46,VungTau
1994-09-20,3.54,VungTau
1994-09-21,3.53,VungTau
1994-09-22,3.45,VungTau
1994-09-23,3.38,VungTau
1994-09-24,3.28,VungTau
1994-09-25,3.16,VungTau
1994-09-26,2.95,VungTau
1994-09-27,2.75,VungTau
1994-09-28,2.54,VungTau
1994-09-29,2.55,VungTau
1994-09-30,2.58,VungTau
1994-10-01,2.93,VungTau
1994-10-02,3.16,VungTau
1994-10-03,3.44,VungTau
1994-10-04,3.65,VungTau
1994-10-05,3.74,VungTau
1994-10-06,3.83,VungTau
1994-10-07,3.77,VungTau
1994-10-08,3.58,VungTau
1994-10-09,3.44,VungTau
1994-10-10,3.12,VungTau
1994-10-11,2.86,VungTau
1994-10-12,2.66,VungTau
1994-10-13,2.63,VungTau
1994-10-14,2.77,VungTau
1994-10-15,3.01,VungTau
1994-10-16,3.16,VungTau
1994-10-17,3.33,VungTau
1994-10-18,3.39,VungTau
1994-10-19,3.48,VungTau
1994-10-20,3.5,VungTau
1994-10-21,3.49,VungTau
1994-10-22,3.42,VungTau
1994-10-23,3.32,VungTau
1994-10-24,3.2,VungTau
1994-10-25,3.02,VungTau
1994-10-26,2.83,VungTau
1994-10-27,2.64,VungTau
1994-10-28,2.51,VungTau
1994-10-29,2.56,VungTau
1994-10-30,2.87,VungTau
1994-10-31,3.13,VungTau
1994-11-01,3.38,VungTau
1994-11-02,3.59,VungTau
1994-11-03,3.74,VungTau
1994-11-04,3.78,VungTau
1994-11-05,3.7,VungTau
1994-11-06,3.56,VungTau
1994-11-07,3.39,VungTau
1994-11-08,3.09,VungTau
1994-11-09,2.85,VungTau
1994-11-10,2.61,VungTau
1994-11-11,2.52,VungTau
1994-11-12,2.71,VungTau
1994-11-13,2.84,VungTau
1994-11-14,2.99,VungTau
1994-11-15,3.09,VungTau
1994-11-16,3.16,VungTau
1994-11-17,3.25,VungTau
1994-11-18,3.31,VungTau
1994-11-19,3.34,VungTau
1994-11-20,3.33,VungTau
1994-11-21,3.34,VungTau
1994-11-22,3.25,VungTau
1994-11-23,3.16,VungTau
1994-11-24,2.96,VungTau
1994-11-25,2.83,VungTau
1994-11-26,2.62,VungTau
1994-11-27,2.65,VungTau
1994-11-28,2.82,VungTau
1994-11-29,3.07,VungTau
1994-11-30,3.31,VungTau
1994-12-01,3.51,VungTau
1994-12-02,3.67,VungTau
1994-12-03,3.71,VungTau
1994-12-04,3.82,VungTau
1994-12-05,3.76,VungTau
1994-12-06,3.55,VungTau
1994-12-07,3.35,VungTau
1994-12-08,3.13,VungTau
1994-12-09,2.86,VungTau
1994-12-10,2.7,VungTau
1994-12-11,2.66,VungTau
1994-12-12,2.73,VungTau
1994-12-13,2.84,VungTau
1994-12-14,2.99,VungTau
1994-12-15,3.12,VungTau
1994-12-16,3.16,VungTau
1994-12-17,3.31,VungTau
1994-12-18,3.39,VungTau
1994-12-19,3.41,VungTau
1994-12-20,3.35,VungTau
1994-12-21,3.35,VungTau
1994-12-22,3.23,VungTau
1994-12-23,3.07,VungTau
1994-12-24,2.91,VungTau
1994-12-25,2.78,VungTau
1994-12-26,2.73,VungTau
1994-12-27,2.78,VungTau
1994-12-28,2.87,VungTau
1994-12-29,3.13,VungTau
1994-12-30,3.29,VungTau
1994-12-31,3.47,VungTau
1995-01-01,3.58,VungTau
1995-01-02,3.7,VungTau
1995-01-03,3.6,VungTau
1995-01-04,3.45,VungTau
1995-01-05,3.22,VungTau
1995-01-06,2.96,VungTau
1995-01-07,2.76,VungTau
1995-01-08,2.62,VungTau
1995-01-09,2.49,VungTau
1995-01-10,2.43,VungTau
1995-01-11,2.5,VungTau
1995-01-12,2.7,VungTau
1995-01-13,2.86,VungTau
1995-01-14,2.97,VungTau
1995-01-15,3.1,VungTau
1995-01-16,3.23,VungTau
1995-01-17,3.34,VungTau
1995-01-18,3.36,VungTau
1995-01-19,3.41,VungTau
1995-01-20,3.35,VungTau
1995-01-21,3.26,VungTau
1995-01-22,3.08,VungTau
1995-01-23,2.96,VungTau
1995-01-24,2.83,VungTau
1995-01-25,2.68,VungTau
1995-01-26,2.67,VungTau
1995-01-27,2.83,VungTau
1995-01-28,3.06,VungTau
1995-01-29,3.33,VungTau
1995-01-30,3.48,VungTau
1995-01-31,3.56,VungTau
1995-02-01,3.51,VungTau
1995-02-02,3.49,VungTau
1995-02-03,3.32,VungTau
1995-02-04,3.17,VungTau
1995-02-05,3.03,VungTau
1995-02-06,2.91,VungTau
1995-02-07,2.71,VungTau
1995-02-08,2.53,VungTau
1995-02-09,2.41,VungTau
1995-02-10,2.51,VungTau
1995-02-11,2.74,VungTau
1995-02-12,2.95,VungTau
1995-02-13,3.12,VungTau
1995-02-14,3.33,VungTau
1995-02-15,3.44,VungTau
1995-02-16,3.56,VungTau
1995-02-17,3.52,VungTau
1995-02-18,3.45,VungTau
1995-02-19,3.38,VungTau
1995-02-20,3.26,VungTau
1995-02-21,3.08,VungTau
1995-02-22,2.9,VungTau
1995-02-23,2.69,VungTau
1995-02-24,2.6,VungTau
1995-02-25,2.81,VungTau
1995-02-26,3.05,VungTau
1995-02-27,3.31,VungTau
1995-02-28,3.54,VungTau
1995-03-01,3.57,VungTau
1995-03-02,3.62,VungTau
1995-03-03,3.55,VungTau
1995-03-04,3.51,VungTau
1995-03-05,3.38,VungTau
1995-03-06,3.28,VungTau
1995-03-07,3.09,VungTau
1995-03-08,2.93,VungTau
1995-03-09,2.68,VungTau
1995-03-10,2.47,VungTau
1995-03-11,2.42,VungTau
1995-03-12,2.71,VungTau
1995-03-13,2.91,VungTau
1995-03-14,3.14,VungTau
1995-03-15,3.36,VungTau
1995-03-16,3.54,VungTau
1995-03-17,3.59,VungTau
1995-03-18,3.64,VungTau
1995-03-19,3.64,VungTau
1995-03-20,3.55,VungTau
1995-03-21,3.46,VungTau
1995-03-22,3.25,VungTau
1995-03-23,3.03,VungTau
1995-03-24,2.77,VungTau
1995-03-25,2.63,VungTau
1995-03-26,2.83,VungTau
1995-03-27,3.08,VungTau
1995-03-28,3.23,VungTau
1995-03-29,3.38,VungTau
1995-03-30,3.39,VungTau
1995-03-31,3.51,VungTau
1995-04-01,3.57,VungTau
1995-04-02,3.48,VungTau
1995-04-03,3.43,VungTau
1995-04-04,3.33,VungTau
1995-04-05,3.17,VungTau
1995-04-06,3.05,VungTau
1995-04-07,2.89,VungTau
1995-04-08,2.66,VungTau
1995-04-09,2.5,VungTau
1995-04-10,2.61,VungTau
1995-04-11,2.83,VungTau
1995-04-12,3.1,VungTau
1995-04-13,3.35,VungTau
1995-04-14,3.54,VungTau
1995-04-15,3.73,VungTau
1995-04-16,3.88,VungTau
1995-04-17,3.9,VungTau
1995-04-18,3.87,VungTau
1995-04-19,3.74,VungTau
1995-04-20,3.53,VungTau
1995-04-21,3.24,VungTau
1995-04-22,2.97,VungTau
1995-04-23,2.83,VungTau
1995-04-24,2.82,VungTau
1995-04-25,3.01,VungTau
1995-04-26,3.17,VungTau
1995-04-27,3.35,VungTau
1995-04-28,3.43,VungTau
1995-04-29,3.57,VungTau
1995-04-30,3.56,VungTau
1995-05-01,3.57,VungTau
1995-05-02,3.52,VungTau
1995-05-03,3.53,VungTau
1995-05-04,3.4,VungTau
1995-05-05,3.27,VungTau
1995-05-06,3.06,VungTau
1995-05-07,2.85,VungTau
1995-05-08,2.69,VungTau
1995-05-09,2.62,VungTau
1995-05-10,2.75,VungTau
1995-05-11,2.99,VungTau
1995-05-12,3.29,VungTau
1995-05-13,3.57,VungTau
1995-05-14,3.76,VungTau
1995-05-15,3.96,VungTau
1995-05-16,4.05,VungTau
1995-05-17,3.95,VungTau
1995-05-18,3.78,VungTau
1995-05-19,3.62,VungTau
1995-05-20,3.39,VungTau
1995-05-21,3.15,VungTau
1995-05-22,2.95,VungTau
1995-05-23,2.84,VungTau
1995-05-24,2.99,VungTau
1995-05-25,3.06,VungTau
1995-05-26,3.18,VungTau
1995-05-27,3.35,VungTau
1995-05-28,3.46,VungTau
1995-05-29,3.49,VungTau
1995-05-30,3.53,VungTau
1995-05-31,3.57,VungTau
1995-06-01,3.54,VungTau
1995-06-02,3.49,VungTau
1995-06-03,3.41,VungTau
1995-06-04,3.34,VungTau
1995-06-05,3.11,VungTau
1995-06-06,2.94,VungTau
1995-06-07,2.81,VungTau
1995-06-08,2.85,VungTau
1995-06-09,3.1,VungTau
1995-06-10,3.28,VungTau
1995-06-11,3.5,VungTau
1995-06-12,3.67,VungTau
1995-06-13,3.83,VungTau
1995-06-14,3.77,VungTau
1995-06-15,3.75,VungTau
1995-06-16,3.73,VungTau
1995-06-17,3.6,VungTau
1995-06-18,3.39,VungTau
1995-06-19,3.1,VungTau
1995-06-20,2.9,VungTau
1995-06-21,2.83,VungTau
1995-06-22,2.83,VungTau
1995-06-23,2.98,VungTau
1995-06-24,3.14,VungTau
1995-06-25,3.23,VungTau
1995-06-26,3.34,VungTau
1995-06-27,3.48,VungTau
1995-06-28,3.46,VungTau
1995-06-29,3.54,VungTau
1995-06-30,3.58,VungTau
1995-07-01,3.59,VungTau
1995-07-02,3.48,VungTau
1995-07-03,3.49,VungTau
1995-07-04,3.29,VungTau
1995-07-05,3.17,VungTau
1995-07-06,2.95,VungTau
1995-07-07,3.01,VungTau
1995-07-08,3.06,VungTau
1995-07-09,3.31,VungTau
1995-07-10,3.45,VungTau
1995-07-11,3.68,VungTau
1995-07-12,3.89,VungTau
1995-07-13,3.88,VungTau
1995-07-14,3.91,VungTau
1995-07-15,3.85,VungTau
1995-07-16,3.66,VungTau
1995-07-17,3.52,VungTau
1995-07-18,3.26,VungTau
1995-07-19,3.04,VungTau
1995-07-20,2.76,VungTau
1995-07-21,2.66,VungTau
1995-07-22,2.7,VungTau
1995-07-23,2.82,VungTau
1995-07-24,3.0,VungTau
1995-07-25,3.19,VungTau
1995-07-26,3.32,VungTau
1995-07-27,3.52,VungTau
1995-07-28,3.56,VungTau
1995-07-29,3.64,VungTau
1995-07-30,3.67,VungTau
1995-07-31,3.6,VungTau
1995-08-01,3.53,VungTau
1995-08-02,3.37,VungTau
1995-08-03,3.12,VungTau
1995-08-04,3.0,VungTau
1995-08-05,2.93,VungTau
1995-08-06,2.89,VungTau
1995-08-07,3.11,VungTau
1995-08-08,3.31,VungTau
1995-08-09,3.53,VungTau
1995-08-10,3.73,VungTau
1995-08-11,3.77,VungTau
1995-08-12,3.9,VungTau
1995-08-13,3.76,VungTau
1995-08-14,3.58,VungTau
1995-08-15,3.4,VungTau
1995-08-16,3.13,VungTau
1995-08-17,2.95,VungTau
1995-08-18,2.78,VungTau
1995-08-19,2.63,VungTau
1995-08-20,2.68,VungTau
1995-08-21,2.73,VungTau
1995-08-22,2.89,VungTau
1995-08-23,2.99,VungTau
1995-08-24,3.26,VungTau
1995-08-25,3.46,VungTau
1995-08-26,3.59,VungTau
1995-08-27,3.69,VungTau
1995-08-28,3.78,VungTau
1995-08-29,3.69,VungTau
1995-08-30,3.62,VungTau
1995-08-31,3.44,VungTau
1995-09-01,3.2,VungTau
1995-09-02,2.96,VungTau
1995-09-03,2.87,VungTau
1995-09-04,2.79,VungTau
1995-09-05,2.99,VungTau
1995-09-06,3.19,VungTau
1995-09-07,3.43,VungTau
1995-09-08,3.56,VungTau
1995-09-09,3.65,VungTau
1995-09-10,3.64,VungTau
1995-09-11,3.54,VungTau
1995-09-12,3.44,VungTau
1995-09-13,3.34,VungTau
1995-09-14,3.27,VungTau
1995-09-15,2.99,VungTau
1995-09-16,2.77,VungTau
1995-09-17,2.63,VungTau
1995-09-18,2.49,VungTau
1995-09-19,2.56,VungTau
1995-09-20,2.8,VungTau
1995-09-21,3.01,VungTau
1995-09-22,3.15,VungTau
1995-09-23,3.41,VungTau
1995-09-24,3.55,VungTau
1995-09-25,3.66,VungTau
1995-09-26,3.68,VungTau
1995-09-27,3.7,VungTau
1995-09-28,3.62,VungTau
1995-09-29,3.43,VungTau
1995-09-30,3.2,VungTau
1995-10-01,2.94,VungTau
1995-10-02,2.81,VungTau
1995-10-03,2.78,VungTau
1995-10-04,2.99,VungTau
1995-10-05,3.22,VungTau
1995-10-06,3.46,VungTau
1995-10-07,3.65,VungTau
1995-10-08,3.84,VungTau
1995-10-09,3.84,VungTau
1995-10-10,3.75,VungTau
1995-10-11,3.62,VungTau
1995-10-12,3.51,VungTau
1995-10-13,3.34,VungTau
1995-10-14,3.18,VungTau
1995-10-15,2.91,VungTau
1995-10-16,2.69,VungTau
1995-10-17,2.56,VungTau
1995-10-18,2.56,VungTau
1995-10-19,2.88,VungTau
1995-10-20,3.14,VungTau
1995-10-21,3.32,VungTau
1995-10-22,3.55,VungTau
1995-10-23,3.69,VungTau
1995-10-24,3.81,VungTau
1995-10-25,3.88,VungTau
1995-10-26,3.83,VungTau
1995-10-27,3.7,VungTau
1995-10-28,3.49,VungTau
1995-10-29,3.26,VungTau
1995-10-30,2.93,VungTau
1995-10-31,2.82,VungTau
1995-11-01,2.76,VungTau
1995-11-02,2.99,VungTau
1995-11-03,3.2,VungTau
1995-11-04,3.36,VungTau
1995-11-05,3.45,VungTau
1995-11-06,3.59,VungTau
1995-11-07,3.7,VungTau
1995-11-08,3.73,VungTau
1995-11-09,3.75,VungTau
1995-11-10,3.7,VungTau
1995-11-11,3.51,VungTau
1995-11-12,3.42,VungTau
1995-11-13,3.23,VungTau
1995-11-14,3.0,VungTau
1995-11-15,2.8,VungTau
1995-11-16,2.71,VungTau
1995-11-17,2.88,VungTau
1995-11-18,3.15,VungTau
1995-11-19,3.4,VungTau
1995-11-20,3.59,VungTau
1995-11-21,3.77,VungTau
1995-11-22,3.98,VungTau
1995-11-23,4.05,VungTau
1995-11-24,3.98,VungTau
1995-11-25,3.93,VungTau
1995-11-26,3.79,VungTau
1995-11-27,3.55,VungTau
1995-11-28,3.23,VungTau
1995-11-29,2.91,VungTau
1995-11-30,2.89,VungTau
1995-12-01,2.98,VungTau
1995-12-02,3.09,VungTau
1995-12-03,3.17,VungTau
1995-12-04,3.33,VungTau
1995-12-05,3.43,VungTau
1995-12-06,3.51,VungTau
1995-12-07,3.53,VungTau
1995-12-08,3.54,VungTau
1995-12-09,3.47,VungTau
1995-12-10,3.45,VungTau
1995-12-11,3.31,VungTau
1995-12-12,3.2,VungTau
1995-12-13,3.07,VungTau
1995-12-14,2.94,VungTau
1995-12-15,2.76,VungTau
1995-12-16,2.8,VungTau
1995-12-17,2.84,VungTau
1995-12-18,3.03,VungTau
1995-12-19,3.27,VungTau
1995-12-20,3.55,VungTau
1995-12-21,3.68,VungTau
1995-12-22,3.78,VungTau
1995-12-23,3.79,VungTau
1995-12-24,3.72,VungTau
1995-12-25,3.56,VungTau
1995-12-26,3.31,VungTau
1995-12-27,2.97,VungTau
1995-12-28,2.79,VungTau
1995-12-29,2.68,VungTau
1995-12-30,2.62,VungTau
1995-12-31,2.69,VungTau
1996-01-01,2.8,VungTau
1996-01-02,2.9,VungTau
1996-01-03,3.01,VungTau
1996-01-04,3.16,VungTau
1996-01-05,3.24,VungTau
1996-01-06,3.29,VungTau
1996-01-07,3.27,VungTau
1996-01-08,3.35,VungTau
1996-01-09,3.3,VungTau
1996-01-10,3.24,VungTau
1996-01-11,3.13,VungTau
1996-01-12,2.97,VungTau
1996-01-13,2.89,VungTau
1996-01-14,2.79,VungTau
1996-01-15,2.77,VungTau
1996-01-16,2.86,VungTau
1996-01-17,3.02,VungTau
1996-01-18,3.31,VungTau
1996-01-19,3.49,VungTau
1996-01-20,3.65,VungTau
1996-01-21,3.75,VungTau
1996-01-22,3.71,VungTau
1996-01-23,3.53,VungTau
1996-01-24,3.34,VungTau
1996-01-25,3.17,VungTau
1996-01-26,3.04,VungTau
1996-01-27,2.84,VungTau
1996-01-28,2.62,VungTau
1996-01-29,2.55,VungTau
1996-01-30,2.62,VungTau
1996-01-31,2.81,VungTau
1996-02-01,2.92,VungTau
1996-02-02,3.06,VungTau
1996-02-03,3.2,VungTau
1996-02-04,3.3,VungTau
1996-02-05,3.38,VungTau
1996-02-06,3.38,VungTau
1996-02-07,3.37,VungTau
1996-02-08,3.22,VungTau
1996-02-09,3.13,VungTau
1996-02-10,3.03,VungTau
1996-02-11,2.99,VungTau
1996-02-12,2.83,VungTau
1996-02-13,2.75,VungTau
1996-02-14,2.78,VungTau
1996-02-15,2.99,VungTau
1996-02-16,3.29,VungTau
1996-02-17,3.51,VungTau
1996-02-18,3.7,VungTau
1996-02-19,3.76,VungTau
1996-02-20,3.63,VungTau
1996-02-21,3.5,VungTau
1996-02-22,3.34,VungTau
1996-02-23,3.26,VungTau
1996-02-24,3.08,VungTau
1996-02-25,2.88,VungTau
1996-02-26,2.64,VungTau
1996-02-27,2.41,VungTau
1996-02-28,2.37,VungTau
1996-02-29,2.57,VungTau
1996-03-01,2.79,VungTau
1996-03-02,2.97,VungTau
1996-03-03,3.16,VungTau
1996-03-04,3.25,VungTau
1996-03-05,3.39,VungTau
1996-03-06,3.42,VungTau
1996-03-07,3.37,VungTau
1996-03-08,3.39,VungTau
1996-03-09,3.35,VungTau
1996-03-10,3.23,VungTau
1996-03-11,3.07,VungTau
1996-03-12,2.86,VungTau
1996-03-13,2.66,VungTau
1996-03-14,2.6,VungTau
1996-03-15,2.81,VungTau
1996-03-16,3.06,VungTau
1996-03-17,3.33,VungTau
1996-03-18,3.5,VungTau
1996-03-19,3.53,VungTau
1996-03-20,3.57,VungTau
1996-03-21,3.55,VungTau
1996-03-22,3.53,VungTau
1996-03-23,3.37,VungTau
1996-03-24,3.21,VungTau
1996-03-25,3.02,VungTau
1996-03-26,2.8,VungTau
1996-03-27,2.58,VungTau
1996-03-28,2.39,VungTau
1996-03-29,2.47,VungTau
1996-03-30,2.68,VungTau
1996-03-31,2.89,VungTau
1996-04-01,3.07,VungTau
1996-04-02,3.24,VungTau
1996-04-03,3.38,VungTau
1996-04-04,3.48,VungTau
1996-04-05,3.54,VungTau
1996-04-06,3.55,VungTau
1996-04-07,3.53,VungTau
1996-04-08,3.43,VungTau
1996-04-09,3.25,VungTau
1996-04-10,3.06,VungTau
1996-04-11,2.84,VungTau
1996-04-12,2.78,VungTau
1996-04-13,2.86,VungTau
1996-04-14,3.07,VungTau
1996-04-15,3.3,VungTau
1996-04-16,3.44,VungTau
1996-04-17,3.64,VungTau
1996-04-18,3.7,VungTau
1996-04-19,3.74,VungTau
1996-04-20,3.62,VungTau
1996-04-21,3.58,VungTau
1996-04-22,3.38,VungTau
1996-04-23,3.26,VungTau
1996-04-24,3.07,VungTau
1996-04-25,2.89,VungTau
1996-04-26,2.7,VungTau
1996-04-27,2.69,VungTau
1996-04-28,2.78,VungTau
1996-04-29,2.99,VungTau
1996-04-30,3.23,VungTau
1996-05-01,3.51,VungTau
1996-05-02,3.67,VungTau
1996-05-03,3.83,VungTau
1996-05-04,3.84,VungTau
1996-05-05,3.92,VungTau
1996-05-06,3.89,VungTau
1996-05-07,3.71,VungTau
1996-05-08,3.55,VungTau
1996-05-09,3.34,VungTau
1996-05-10,3.11,VungTau
1996-05-11,2.99,VungTau
1996-05-12,3.03,VungTau
1996-05-13,3.15,VungTau
1996-05-14,3.4,VungTau
1996-05-15,3.49,VungTau
1996-05-16,3.52,VungTau
1996-05-17,3.62,VungTau
1996-05-18,3.61,VungTau
1996-05-19,3.61,VungTau
1996-05-20,3.51,VungTau
1996-05-21,3.41,VungTau
1996-05-22,3.3,VungTau
1996-05-23,3.15,VungTau
1996-05-24,2.99,VungTau
1996-05-25,2.82,VungTau
1996-05-26,2.72,VungTau
1996-05-27,2.75,VungTau
1996-05-28,2.92,VungTau
1996-05-29,3.08,VungTau
1996-05-30,3.31,VungTau
1996-05-31,3.51,VungTau
1996-06-01,3.63,VungTau
1996-06-02,3.71,VungTau
1996-06-03,3.79,VungTau
1996-06-04,3.78,VungTau
1996-06-05,3.62,VungTau
1996-06-06,3.44,VungTau
1996-06-07,3.28,VungTau
1996-06-08,3.03,VungTau
1996-06-09,2.8,VungTau
1996-06-10,2.81,VungTau
1996-06-11,2.95,VungTau
1996-06-12,3.08,VungTau
1996-06-13,3.23,VungTau
1996-06-14,3.4,VungTau
1996-06-15,3.49,VungTau
1996-06-16,3.63,VungTau
1996-06-17,3.6,VungTau
1996-06-18,3.51,VungTau
1996-06-19,3.57,VungTau
1996-06-20,3.46,VungTau
1996-06-21,3.46,VungTau
1996-06-22,3.22,VungTau
1996-06-23,3.04,VungTau
1996-06-24,2.89,VungTau
1996-06-25,2.78,VungTau
1996-06-26,2.77,VungTau
1996-06-27,3.0,VungTau
1996-06-28,3.22,VungTau
1996-06-29,3.36,VungTau
1996-06-30,3.53,VungTau
1996-07-01,3.65,VungTau
1996-07-02,3.8,VungTau
1996-07-03,3.77,VungTau
1996-07-04,3.69,VungTau
1996-07-05,3.6,VungTau
1996-07-06,3.4,VungTau
1996-07-07,3.09,VungTau
1996-07-08,2.81,VungTau
1996-07-09,2.83,VungTau
1996-07-10,2.87,VungTau
1996-07-11,2.94,VungTau
1996-07-12,3.05,VungTau
1996-07-13,3.18,VungTau
1996-07-14,3.23,VungTau
1996-07-15,3.41,VungTau
1996-07-16,3.57,VungTau
1996-07-17,3.7,VungTau
1996-07-18,3.78,VungTau
1996-07-19,3.64,VungTau
1996-07-20,3.55,VungTau
1996-07-21,3.44,VungTau
1996-07-22,3.27,VungTau
1996-07-23,3.04,VungTau
1996-07-24,2.88,VungTau
1996-07-25,2.95,VungTau
1996-07-26,3.01,VungTau
1996-07-27,3.18,VungTau
1996-07-28,3.44,VungTau
1996-07-29,3.68,VungTau
1996-07-30,3.85,VungTau
1996-07-31,3.96,VungTau
1996-08-01,3.9,VungTau
1996-08-02,3.87,VungTau
1996-08-03,3.63,VungTau
1996-08-04,3.33,VungTau
1996-08-05,3.08,VungTau
1996-08-06,2.82,VungTau
1996-08-07,2.69,VungTau
1996-08-08,2.67,VungTau
1996-08-09,2.8,VungTau
1996-08-10,2.94,VungTau
1996-08-11,3.08,VungTau
1996-08-12,3.23,VungTau
1996-08-13,3.38,VungTau
1996-08-14,3.42,VungTau
1996-08-15,3.6,VungTau
1996-08-16,3.56,VungTau
1996-08-17,3.52,VungTau
1996-08-18,3.43,VungTau
1996-08-19,3.37,VungTau
1996-08-20,3.2,VungTau
1996-08-21,3.03,VungTau
1996-08-22,2.98,VungTau
1996-08-23,2.99,VungTau
1996-08-24,2.96,VungTau
1996-08-25,3.13,VungTau
1996-08-26,3.33,VungTau
1996-08-27,3.6,VungTau
1996-08-28,3.76,VungTau
1996-08-29,3.84,VungTau
1996-08-30,3.79,VungTau
1996-08-31,3.62,VungTau
1996-09-01,3.52,VungTau
1996-09-02,3.23,VungTau
1996-09-03,3.14,VungTau
1996-09-04,2.85,VungTau
1996-09-05,2.64,VungTau
1996-09-06,2.6,VungTau
1996-09-07,2.63,VungTau
1996-09-08,2.82,VungTau
1996-09-09,3.05,VungTau
1996-09-10,3.21,VungTau
1996-09-11,3.35,VungTau
1996-09-12,3.53,VungTau
1996-09-13,3.54,VungTau
1996-09-14,3.59,VungTau
1996-09-15,3.58,VungTau
1996-09-16,3.54,VungTau
1996-09-17,3.44,VungTau
1996-09-18,3.3,VungTau
1996-09-19,3.11,VungTau
1996-09-20,2.88,VungTau
1996-09-21,2.84,VungTau
1996-09-22,2.78,VungTau
1996-09-23,3.08,VungTau
1996-09-24,3.33,VungTau
1996-09-25,3.62,VungTau
1996-09-26,3.82,VungTau
1996-09-27,3.86,VungTau
1996-09-28,3.89,VungTau
1996-09-29,3.76,VungTau
1996-09-30,3.58,VungTau
1996-10-01,3.38,VungTau
1996-10-02,3.15,VungTau
1996-10-03,2.92,VungTau
1996-10-04,2.69,VungTau
1996-10-05,2.52,VungTau
1996-10-06,2.53,VungTau
1996-10-07,2.77,VungTau
1996-10-08,3.01,VungTau
1996-10-09,3.24,VungTau
1996-10-10,3.44,VungTau
1996-10-11,3.6,VungTau
1996-10-12,3.72,VungTau
1996-10-13,3.82,VungTau
1996-10-14,3.84,VungTau
1996-10-15,3.77,VungTau
1996-10-16,3.67,VungTau
1996-10-17,3.49,VungTau
1996-10-18,3.23,VungTau
1996-10-19,3.04,VungTau
1996-10-20,3.03,VungTau
1996-10-21,2.9,VungTau
1996-10-22,3.1,VungTau
1996-10-23,3.37,VungTau
1996-10-24,3.68,VungTau
1996-10-25,3.83,VungTau
1996-10-26,3.9,VungTau
1996-10-27,3.86,VungTau
1996-10-28,3.85,VungTau
1996-10-29,3.68,VungTau
1996-10-30,3.52,VungTau
1996-10-31,3.36,VungTau
1996-11-01,3.18,VungTau
1996-11-02,2.92,VungTau
1996-11-03,2.75,VungTau
1996-11-04,2.68,VungTau
1996-11-05,2.84,VungTau
1996-11-06,3.07,VungTau
1996-11-07,3.28,VungTau
1996-11-08,3.52,VungTau
1996-11-09,3.72,VungTau
1996-11-10,3.82,VungTau
1996-11-11,3.89,VungTau
1996-11-12,3.93,VungTau
1996-11-13,3.8,VungTau
1996-11-14,3.66,VungTau
1996-11-15,3.51,VungTau
1996-11-16,3.32,VungTau
1996-11-17,3.1,VungTau
1996-11-18,2.9,VungTau
1996-11-19,2.89,VungTau
1996-11-20,3.05,VungTau
1996-11-21,3.3,VungTau
1996-11-22,3.48,VungTau
1996-11-23,3.65,VungTau
1996-11-24,3.73,VungTau
1996-11-25,3.71,VungTau
1996-11-26,3.7,VungTau
1996-11-27,3.58,VungTau
1996-11-28,3.55,VungTau
1996-11-29,3.42,VungTau
1996-11-30,3.22,VungTau
1996-12-01,3.04,VungTau
1996-12-02,2.8,VungTau
1996-12-03,2.65,VungTau
1996-12-04,2.65,VungTau
1996-12-05,2.77,VungTau
1996-12-06,3.01,VungTau
1996-12-07,3.21,VungTau
1996-12-08,3.43,VungTau
1996-12-09,3.57,VungTau
1996-12-10,3.74,VungTau
1996-12-11,3.82,VungTau
1996-12-12,3.81,VungTau
1996-12-13,3.85,VungTau
1996-12-14,3.76,VungTau
1996-12-15,3.55,VungTau
1996-12-16,3.27,VungTau
1996-12-17,3.01,VungTau
1996-12-18,2.92,VungTau
1996-12-19,2.93,VungTau
1996-12-20,3.01,VungTau
1996-12-21,3.17,VungTau
1996-12-22,3.29,VungTau
1996-12-23,3.46,VungTau
1996-12-24,3.64,VungTau
1996-12-25,3.64,VungTau
1996-12-26,3.63,VungTau
1996-12-27,3.55,VungTau
1996-12-28,3.41,VungTau
1996-12-29,3.22,VungTau
1996-12-30,3.06,VungTau
1996-12-31,2.87,VungTau
1997-01-01,2.74,VungTau
1997-01-02,2.68,VungTau
1997-01-03,2.68,VungTau
1997-01-04,2.81,VungTau
1997-01-05,2.94,VungTau
1997-01-06,3.19,VungTau
1997-01-07,3.38,VungTau
1997-01-08,3.55,VungTau
1997-01-09,3.7,VungTau
1997-01-10,3.72,VungTau
1997-01-11,3.72,VungTau
1997-01-12,3.58,VungTau
1997-01-13,3.33,VungTau
1997-01-14,3.15,VungTau
1997-01-15,3.0,VungTau
1997-01-16,2.82,VungTau
1997-01-17,2.67,VungTau
1997-01-18,2.69,VungTau
1997-01-19,2.84,VungTau
1997-01-20,2.97,VungTau
1997-01-21,3.13,VungTau
1997-01-22,3.33,VungTau
1997-01-23,3.39,VungTau
1997-01-24,3.44,VungTau
1997-01-25,3.41,VungTau
1997-01-26,3.44,VungTau
1997-01-27,3.27,VungTau
1997-01-28,3.14,VungTau
1997-01-29,3.0,VungTau
1997-01-30,2.92,VungTau
1997-01-31,2.77,VungTau
1997-02-01,2.65,VungTau
1997-02-02,2.62,VungTau
1997-02-03,2.74,VungTau
1997-02-04,3.02,VungTau
1997-02-05,3.36,VungTau
1997-02-06,3.63,VungTau
1997-02-07,3.76,VungTau
1997-02-08,3.87,VungTau
1997-02-09,3.86,VungTau
1997-02-10,3.61,VungTau
1997-02-11,3.43,VungTau
1997-02-12,3.26,VungTau
1997-02-13,3.01,VungTau
1997-02-14,2.88,VungTau
1997-02-15,2.65,VungTau
1997-02-16,2.53,VungTau
1997-02-17,2.71,VungTau
1997-02-18,2.96,VungTau
1997-02-19,3.11,VungTau
1997-02-20,3.24,VungTau
1997-02-21,3.35,VungTau
1997-02-22,3.42,VungTau
1997-02-23,3.43,VungTau
1997-02-24,3.38,VungTau
1997-02-25,3.38,VungTau
1997-02-26,3.26,VungTau
1997-02-27,3.24,VungTau
1997-02-28,3.1,VungTau
1997-03-01,2.97,VungTau
1997-03-02,2.8,VungTau
1997-03-03,2.61,VungTau
1997-03-04,2.72,VungTau
1997-03-05,2.96,VungTau
1997-03-06,3.23,VungTau
1997-03-07,3.45,VungTau
1997-03-08,3.68,VungTau
1997-03-09,3.75,VungTau
1997-03-10,3.67,VungTau
1997-03-11,3.65,VungTau
1997-03-12,3.55,VungTau
1997-03-13,3.4,VungTau
1997-03-14,3.17,VungTau
1997-03-15,2.92,VungTau
1997-03-16,2.62,VungTau
1997-03-17,2.44,VungTau
1997-03-18,2.55,VungTau
1997-03-19,2.72,VungTau
1997-03-20,2.99,VungTau
1997-03-21,3.18,VungTau
1997-03-22,3.29,VungTau
1997-03-23,3.38,VungTau
1997-03-24,3.42,VungTau
1997-03-25,3.45,VungTau
1997-03-26,3.42,VungTau
1997-03-27,3.41,VungTau
1997-03-28,3.29,VungTau
1997-03-29,3.26,VungTau
1997-03-30,3.07,VungTau
1997-03-31,2.88,VungTau
1997-04-01,2.68,VungTau
1997-04-02,2.64,VungTau
1997-04-03,2.83,VungTau
1997-04-04,3.13,VungTau
1997-04-05,3.32,VungTau
1997-04-06,3.52,VungTau
1997-04-07,3.59,VungTau
1997-04-08,3.71,VungTau
1997-04-09,3.61,VungTau
1997-04-10,3.53,VungTau
1997-04-11,3.34,VungTau
1997-04-12,3.17,VungTau
1997-04-13,2.89,VungTau
1997-04-14,2.68,VungTau
1997-04-15,2.4,VungTau
1997-04-16,2.36,VungTau
1997-04-17,2.55,VungTau
1997-04-18,2.72,VungTau
1997-04-19,2.9,VungTau
1997-04-20,3.1,VungTau
1997-04-21,3.22,VungTau
1997-04-22,3.4,VungTau
1997-04-23,3.47,VungTau
1997-04-24,3.56,VungTau
1997-04-25,3.55,VungTau
1997-04-26,3.52,VungTau
1997-04-27,3.37,VungTau
1997-04-28,3.2,VungTau
1997-04-29,3.06,VungTau
1997-04-30,2.79,VungTau
1997-05-01,2.74,VungTau
1997-05-02,2.81,VungTau
1997-05-03,3.08,VungTau
1997-05-04,3.26,VungTau
1997-05-05,3.48,VungTau
1997-05-06,3.64,VungTau
1997-05-07,3.65,VungTau
1997-05-08,3.72,VungTau
1997-05-09,3.62,VungTau
1997-05-10,3.49,VungTau
1997-05-11,3.31,VungTau
1997-05-12,3.22,VungTau
1997-05-13,2.97,VungTau
1997-05-14,2.75,VungTau
1997-05-15,2.68,VungTau
1997-05-16,2.69,VungTau
1997-05-17,2.91,VungTau
1997-05-18,3.25,VungTau
1997-05-19,3.4,VungTau
1997-05-20,3.56,VungTau
1997-05-21,3.66,VungTau
1997-05-22,3.84,VungTau
1997-05-23,3.83,VungTau
1997-05-24,3.78,VungTau
1997-05-25,3.75,VungTau
1997-05-26,3.7,VungTau
1997-05-27,3.54,VungTau
1997-05-28,3.33,VungTau
1997-05-29,3.13,VungTau
1997-05-30,3.0,VungTau
1997-05-31,3.0,VungTau
1997-06-01,3.17,VungTau
1997-06-02,3.39,VungTau
1997-06-03,3.49,VungTau
1997-06-04,3.57,VungTau
1997-06-05,3.64,VungTau
1997-06-06,3.61,VungTau
1997-06-07,3.57,VungTau
1997-06-08,3.53,VungTau
1997-06-09,3.36,VungTau
1997-06-10,3.24,VungTau
1997-06-11,3.06,VungTau
1997-06-12,2.91,VungTau
1997-06-13,2.72,VungTau
1997-06-14,2.69,VungTau
1997-06-15,2.75,VungTau
1997-06-16,2.87,VungTau
1997-06-17,2.99,VungTau
1997-06-18,3.2,VungTau
1997-06-19,3.39,VungTau
1997-06-20,3.51,VungTau
1997-06-21,3.58,VungTau
1997-06-22,3.62,VungTau
1997-06-23,3.67,VungTau
1997-06-24,3.58,VungTau
1997-06-25,3.45,VungTau
1997-06-26,3.25,VungTau
1997-06-27,3.11,VungTau
1997-06-28,2.95,VungTau
1997-06-29,2.91,VungTau
1997-06-30,3.0,VungTau
1997-07-01,3.08,VungTau
1997-07-02,3.18,VungTau
1997-07-03,3.29,VungTau
1997-07-04,3.44,VungTau
1997-07-05,3.45,VungTau
1997-07-06,3.41,VungTau
1997-07-07,3.38,VungTau
1997-07-08,3.37,VungTau
1997-07-09,3.26,VungTau
1997-07-10,3.15,VungTau
1997-07-11,2.91,VungTau
1997-07-12,2.77,VungTau
1997-07-13,2.61,VungTau
1997-07-14,2.67,VungTau
1997-07-15,2.68,VungTau
1997-07-16,2.82,VungTau
1997-07-17,3.05,VungTau
1997-07-18,3.3,VungTau
1997-07-19,3.4,VungTau
1997-07-20,3.61,VungTau
1997-07-21,3.71,VungTau
1997-07-22,3.71,VungTau
1997-07-23,3.62,VungTau
1997-07-24,3.54,VungTau
1997-07-25,3.28,VungTau
1997-07-26,3.0,VungTau
1997-07-27,2.81,VungTau
1997-07-28,2.78,VungTau
1997-07-29,2.81,VungTau
1997-07-30,2.91,VungTau
1997-07-31,3.07,VungTau
1997-08-01,3.26,VungTau
1997-08-02,3.39,VungTau
1997-08-03,3.57,VungTau
1997-08-04,3.57,VungTau
1997-08-05,3.56,VungTau
1997-08-06,3.56,VungTau
1997-08-07,3.49,VungTau
1997-08-08,3.31,VungTau
1997-08-09,3.17,VungTau
1997-08-10,2.95,VungTau
1997-08-11,2.76,VungTau
1997-08-12,2.63,VungTau
1997-08-13,2.61,VungTau
1997-08-14,2.69,VungTau
1997-08-15,2.86,VungTau
1997-08-16,3.2,VungTau
1997-08-17,3.5,VungTau
1997-08-18,3.71,VungTau
1997-08-19,3.89,VungTau
1997-08-20,3.92,VungTau
1997-08-21,3.84,VungTau
1997-08-22,3.6,VungTau
1997-08-23,3.44,VungTau
1997-08-24,3.05,VungTau
1997-08-25,2.8,VungTau
1997-08-26,2.64,VungTau
1997-08-27,2.6,VungTau
1997-08-28,2.78,VungTau
1997-08-29,2.96,VungTau
1997-08-30,3.15,VungTau
1997-08-31,3.27,VungTau
1997-09-01,3.43,VungTau
1997-09-02,3.5,VungTau
1997-09-03,3.55,VungTau
1997-09-04,3.48,VungTau
1997-09-05,3.4,VungTau
1997-09-06,3.37,VungTau
1997-09-07,3.18,VungTau
1997-09-08,2.99,VungTau
1997-09-09,2.83,VungTau
1997-09-10,2.64,VungTau
1997-09-11,2.65,VungTau
1997-09-12,2.62,VungTau
1997-09-13,2.87,VungTau
1997-09-14,3.17,VungTau
1997-09-15,3.47,VungTau
1997-09-16,3.64,VungTau
1997-09-17,3.71,VungTau
1997-09-18,3.73,VungTau
1997-09-19,3.65,VungTau
1997-09-20,3.46,VungTau
1997-09-21,3.26,VungTau
1997-09-22,2.95,VungTau
1997-09-23,2.68,VungTau
1997-09-24,2.52,VungTau
1997-09-25,2.45,VungTau
1997-09-26,2.56,VungTau
1997-09-27,2.77,VungTau
1997-09-28,3.0,VungTau
1997-09-29,3.13,VungTau
1997-09-30,3.27,VungTau
1997-10-01,3.36,VungTau
1997-10-02,3.42,VungTau
1997-10-03,3.5,VungTau
1997-10-04,3.41,VungTau
1997-10-05,3.38,VungTau
1997-10-06,3.21,VungTau
1997-10-07,3.07,VungTau
1997-10-08,2.87,VungTau
1997-10-09,2.61,VungTau
1997-10-10,2.59,VungTau
1997-10-11,2.55,VungTau
1997-10-12,2.83,VungTau
1997-10-13,3.15,VungTau
1997-10-14,3.44,VungTau
1997-10-15,3.64,VungTau
1997-10-16,3.71,VungTau
1997-10-17,3.75,VungTau
1997-10-18,3.61,VungTau
1997-10-19,3.43,VungTau
1997-10-20,3.22,VungTau
1997-10-21,2.94,VungTau
1997-10-22,2.7,VungTau
1997-10-23,2.46,VungTau
1997-10-24,2.32,VungTau
1997-10-25,2.49,VungTau
1997-10-26,2.65,VungTau
1997-10-27,2.86,VungTau
1997-10-28,3.06,VungTau
1997-10-29,3.19,VungTau
1997-10-30,3.32,VungTau
1997-10-31,3.38,VungTau
1997-11-01,3.45,VungTau
1997-11-02,3.43,VungTau
1997-11-03,3.38,VungTau
1997-11-04,3.25,VungTau
1997-11-05,3.15,VungTau
1997-11-06,2.86,VungTau
1997-11-07,2.67,VungTau
1997-11-08,2.5,VungTau
1997-11-09,2.54,VungTau
1997-11-10,2.82,VungTau
1997-11-11,3.13,VungTau
1997-11-12,3.4,VungTau
1997-11-13,3.56,VungTau
1997-11-14,3.7,VungTau
1997-11-15,3.67,VungTau
1997-11-16,3.61,VungTau
1997-11-17,3.48,VungTau
1997-11-18,3.23,VungTau
1997-11-19,2.97,VungTau
1997-11-20,2.66,VungTau
1997-11-21,2.46,VungTau
1997-11-22,2.28,VungTau
1997-11-23,2.34,VungTau
1997-11-24,2.52,VungTau
1997-11-25,2.77,VungTau
1997-11-26,2.96,VungTau
1997-11-27,3.13,VungTau
1997-11-28,3.21,VungTau
1997-11-29,3.37,VungTau
1997-11-30,3.39,VungTau
1997-12-01,3.42,VungTau
1997-12-02,3.31,VungTau
1997-12-03,3.3,VungTau
1997-12-04,3.15,VungTau
1997-12-05,3.01,VungTau
1997-12-06,2.77,VungTau
1997-12-07,2.62,VungTau
1997-12-08,2.59,VungTau
1997-12-09,2.77,VungTau
1997-12-10,2.98,VungTau
1997-12-11,3.11,VungTau
1997-12-12,3.28,VungTau
1997-12-13,3.47,VungTau
1997-12-14,3.42,VungTau
1997-12-15,3.42,VungTau
1997-12-16,3.34,VungTau
1997-12-17,3.21,VungTau
1997-12-18,3.06,VungTau
1997-12-19,2.86,VungTau
1997-12-20,2.67,VungTau
1997-12-21,2.43,VungTau
1997-12-22,2.28,VungTau
1997-12-23,2.35,VungTau
1997-12-24,2.5,VungTau
1997-12-25,2.65,VungTau
1997-12-26,2.83,VungTau
1997-12-27,3.03,VungTau
1997-12-28,3.18,VungTau
1997-12-29,3.32,VungTau
1997-12-30,3.45,VungTau
1997-12-31,3.47,VungTau
1998-01-01,3.5,VungTau
1998-01-02,3.34,VungTau
1998-01-03,3.13,VungTau
1998-01-04,2.9,VungTau
1998-01-05,2.73,VungTau
1998-01-06,2.65,VungTau
1998-01-07,2.69,VungTau
1998-01-08,2.74,VungTau
1998-01-09,2.95,VungTau
1998-01-10,3.14,VungTau
1998-01-11,3.28,VungTau
1998-01-12,3.37,VungTau
1998-01-13,3.47,VungTau
1998-01-14,3.41,VungTau
1998-01-15,3.37,VungTau
1998-01-16,3.24,VungTau
1998-01-17,3.12,VungTau
1998-01-18,2.9,VungTau
1998-01-19,2.71,VungTau
1998-01-20,2.53,VungTau
1998-01-21,2.47,VungTau
1998-01-22,2.45,VungTau
1998-01-23,2.52,VungTau
1998-01-24,2.75,VungTau
1998-01-25,2.98,VungTau
1998-01-26,3.19,VungTau
1998-01-27,3.39,VungTau
1998-01-28,3.58,VungTau
1998-01-29,3.59,VungTau
1998-01-30,3.6,VungTau
1998-01-31,3.48,VungTau
1998-02-01,3.25,VungTau
1998-02-02,3.09,VungTau
1998-02-03,2.91,VungTau
1998-02-04,2.73,VungTau
1998-02-05,2.57,VungTau
1998-02-06,2.62,VungTau
1998-02-07,2.79,VungTau
1998-02-08,3.0,VungTau
1998-02-09,3.12,VungTau
1998-02-10,3.24,VungTau
1998-02-11,3.33,VungTau
1998-02-12,3.34,VungTau
1998-02-13,3.32,VungTau
1998-02-14,3.26,VungTau
1998-02-15,3.1,VungTau
1998-02-16,3.02,VungTau
1998-02-17,2.92,VungTau
1998-02-18,2.78,VungTau
1998-02-19,2.6,VungTau
1998-02-20,2.43,VungTau
1998-02-21,2.41,VungTau
1998-02-22,2.61,VungTau
1998-02-23,2.86,VungTau
1998-02-24,3.16,VungTau
1998-02-25,3.44,VungTau
1998-02-26,3.61,VungTau
1998-02-27,3.71,VungTau
1998-02-28,3.68,VungTau
1998-03-01,3.52,VungTau
1998-03-02,3.45,VungTau
1998-03-03,3.25,VungTau
1998-03-04,3.01,VungTau
1998-03-05,2.78,VungTau
1998-03-06,2.56,VungTau
1998-03-07,2.51,VungTau
1998-03-08,2.72,VungTau
1998-03-09,2.9,VungTau
1998-03-10,3.1,VungTau
1998-03-11,3.24,VungTau
1998-03-12,3.34,VungTau
1998-03-13,3.41,VungTau
1998-03-14,3.36,VungTau
1998-03-15,3.31,VungTau
1998-03-16,3.3,VungTau
1998-03-17,3.19,VungTau
1998-03-18,3.14,VungTau
1998-03-19,2.96,VungTau
1998-03-20,2.82,VungTau
1998-03-21,2.61,VungTau
1998-03-22,2.41,VungTau
1998-03-23,2.55,VungTau
1998-03-24,2.9,VungTau
1998-03-25,3.2,VungTau
1998-03-26,3.42,VungTau
1998-03-27,3.66,VungTau
1998-03-28,3.65,VungTau
1998-03-29,3.66,VungTau
1998-03-30,3.7,VungTau
1998-03-31,3.54,VungTau
1998-04-01,3.43,VungTau
1998-04-02,3.17,VungTau
1998-04-03,2.87,VungTau
1998-04-04,2.58,VungTau
1998-04-05,2.46,VungTau
1998-04-06,2.58,VungTau
1998-04-07,2.82,VungTau
1998-04-08,3.02,VungTau
1998-04-09,3.13,VungTau
1998-04-10,3.24,VungTau
1998-04-11,3.35,VungTau
1998-04-12,3.46,VungTau
1998-04-13,3.53,VungTau
1998-04-14,3.49,VungTau
1998-04-15,3.44,VungTau
1998-04-16,3.29,VungTau
1998-04-17,3.22,VungTau
1998-04-18,3.04,VungTau
1998-04-19,2.87,VungTau
1998-04-20,2.66,VungTau
1998-04-21,2.65,VungTau
1998-04-22,2.84,VungTau
1998-04-23,3.1,VungTau
1998-04-24,3.38,VungTau
1998-04-25,3.57,VungTau
1998-04-26,3.76,VungTau
1998-04-27,3.84,VungTau
1998-04-28,3.8,VungTau
1998-04-29,3.69,VungTau
1998-04-30,3.48,VungTau
1998-05-01,3.26,VungTau
1998-05-02,3.01,VungTau
1998-05-03,2.78,VungTau
1998-05-04,2.6,VungTau
1998-05-05,2.61,VungTau
1998-05-06,2.71,VungTau
1998-05-07,2.9,VungTau
1998-05-08,3.04,VungTau
1998-05-09,3.23,VungTau
1998-05-10,3.38,VungTau
1998-05-11,3.47,VungTau
1998-05-12,3.5,VungTau
1998-05-13,3.52,VungTau
1998-05-14,3.51,VungTau
1998-05-15,3.44,VungTau
1998-05-16,3.34,VungTau
1998-05-17,3.16,VungTau
1998-05-18,3.01,VungTau
1998-05-19,2.84,VungTau
1998-05-20,2.8,VungTau
1998-05-21,2.92,VungTau
1998-05-22,3.17,VungTau
1998-05-23,3.38,VungTau
1998-05-24,3.72,VungTau
1998-05-25,3.89,VungTau
1998-05-26,3.97,VungTau
1998-05-27,4.0,VungTau
1998-05-28,3.91,VungTau
1998-05-29,3.78,VungTau
1998-05-30,3.63,VungTau
1998-05-31,3.44,VungTau
1998-06-01,3.18,VungTau
1998-06-02,2.95,VungTau
1998-06-03,2.78,VungTau
1998-06-04,2.82,VungTau
1998-06-05,3.07,VungTau
1998-06-06,3.17,VungTau
1998-06-07,3.29,VungTau
1998-06-08,3.41,VungTau
1998-06-09,3.53,VungTau
1998-06-10,3.62,VungTau
1998-06-11,3.75,VungTau
1998-06-12,3.76,VungTau
1998-06-13,3.77,VungTau
1998-06-14,3.69,VungTau
1998-06-15,3.54,VungTau
1998-06-16,3.33,VungTau
1998-06-17,3.11,VungTau
1998-06-18,3.04,VungTau
1998-06-19,3.08,VungTau
1998-06-20,3.24,VungTau
1998-06-21,3.39,VungTau
1998-06-22,3.59,VungTau
1998-06-23,3.71,VungTau
1998-06-24,3.77,VungTau
1998-06-25,3.76,VungTau
1998-06-26,3.71,VungTau
1998-06-27,3.65,VungTau
1998-06-28,3.48,VungTau
1998-06-29,3.32,VungTau
1998-06-30,3.14,VungTau
1998-07-01,2.93,VungTau
1998-07-02,2.7,VungTau
1998-07-03,2.73,VungTau
1998-07-04,2.76,VungTau
1998-07-05,2.89,VungTau
1998-07-06,3.15,VungTau
1998-07-07,3.3,VungTau
1998-07-08,3.42,VungTau
1998-07-09,3.51,VungTau
1998-07-10,3.61,VungTau
1998-07-11,3.68,VungTau
1998-07-12,3.64,VungTau
1998-07-13,3.57,VungTau
1998-07-14,3.53,VungTau
1998-07-15,3.42,VungTau
1998-07-16,3.15,VungTau
1998-07-17,2.96,VungTau
1998-07-18,2.91,VungTau
1998-07-19,3.05,VungTau
1998-07-20,3.15,VungTau
1998-07-21,3.36,VungTau
1998-07-22,3.44,VungTau
1998-07-23,3.65,VungTau
1998-07-24,3.74,VungTau
1998-07-25,3.75,VungTau
1998-07-26,3.71,VungTau
1998-07-27,3.59,VungTau
1998-07-28,3.44,VungTau
1998-07-29,3.25,VungTau
1998-07-30,3.1,VungTau
1998-07-31,2.82,VungTau
1998-08-01,2.66,VungTau
1998-08-02,2.68,VungTau
1998-08-03,2.75,VungTau
1998-08-04,2.9,VungTau
1998-08-05,3.11,VungTau
1998-08-06,3.42,VungTau
1998-08-07,3.56,VungTau
1998-08-08,3.71,VungTau
1998-08-09,3.77,VungTau
1998-08-10,3.79,VungTau
1998-08-11,3.7,VungTau
1998-08-12,3.6,VungTau
1998-08-13,3.33,VungTau
1998-08-14,3.06,VungTau
1998-08-15,2.91,VungTau
1998-08-16,2.77,VungTau
1998-08-17,2.84,VungTau
1998-08-18,3.05,VungTau
1998-08-19,3.24,VungTau
1998-08-20,3.36,VungTau
1998-08-21,3.5,VungTau
1998-08-22,3.61,VungTau
1998-08-23,3.56,VungTau
1998-08-24,3.53,VungTau
1998-08-25,3.58,VungTau
1998-08-26,3.53,VungTau
1998-08-27,3.38,VungTau
1998-08-28,3.23,VungTau
1998-08-29,3.13,VungTau
1998-08-30,2.84,VungTau
1998-08-31,2.72,VungTau
1998-09-01,2.66,VungTau
1998-09-02,2.77,VungTau
1998-09-03,3.02,VungTau
1998-09-04,3.22,VungTau
1998-09-05,3.51,VungTau
1998-09-06,3.7,VungTau
1998-09-07,3.88,VungTau
1998-09-08,3.84,VungTau
1998-09-09,3.76,VungTau
1998-09-10,3.59,VungTau
1998-09-11,3.35,VungTau
1998-09-12,3.08,VungTau
1998-09-13,2.79,VungTau
1998-09-14,2.71,VungTau
1998-09-15,2.71,VungTau
1998-09-16,2.85,VungTau
1998-09-17,3.06,VungTau
1998-09-18,3.3,VungTau
1998-09-19,3.38,VungTau
1998-09-20,3.47,VungTau
1998-09-21,3.52,VungTau
1998-09-22,3.52,VungTau
1998-09-23,3.44,VungTau
1998-09-24,3.37,VungTau
1998-09-25,3.31,VungTau
1998-09-26,3.3,VungTau
1998-09-27,3.11,VungTau
1998-09-28,2.94,VungTau
1998-09-29,2.77,VungTau
1998-09-30,2.78,VungTau
1998-10-01,2.93,VungTau
1998-10-02,3.23,VungTau
1998-10-03,3.47,VungTau
1998-10-04,3.72,VungTau
1998-10-05,4.0,VungTau
1998-10-06,4.04,VungTau
1998-10-07,3.95,VungTau
1998-10-08,3.86,VungTau
1998-10-09,3.65,VungTau
1998-10-10,3.5,VungTau
1998-10-11,3.22,VungTau
1998-10-12,2.94,VungTau
1998-10-13,2.78,VungTau
1998-10-14,2.76,VungTau
1998-10-15,3.02,VungTau
1998-10-16,3.14,VungTau
1998-10-17,3.33,VungTau
1998-10-18,3.41,VungTau
1998-10-19,3.51,VungTau
1998-10-20,3.59,VungTau
1998-10-21,3.62,VungTau
1998-10-22,3.53,VungTau
1998-10-23,3.5,VungTau
1998-10-24,3.42,VungTau
1998-10-25,3.26,VungTau
1998-10-26,3.1,VungTau
1998-10-27,2.93,VungTau
1998-10-28,2.71,VungTau
1998-10-29,2.67,VungTau
1998-10-30,2.82,VungTau
1998-10-31,3.14,VungTau
1998-11-01,3.41,VungTau
1998-11-02,3.65,VungTau
1998-11-03,3.87,VungTau
1998-11-04,3.94,VungTau
1998-11-05,4.02,VungTau
1998-11-06,3.89,VungTau
1998-11-07,3.67,VungTau
1998-11-08,3.48,VungTau
1998-11-09,3.23,VungTau
1998-11-10,2.97,VungTau
1998-11-11,2.73,VungTau
1998-11-12,2.78,VungTau
1998-11-13,3.03,VungTau
1998-11-14,3.23,VungTau
1998-11-15,3.53,VungTau
1998-11-16,3.55,VungTau
1998-11-17,3.61,VungTau
1998-11-18,3.64,VungTau
1998-11-19,3.69,VungTau
1998-11-20,3.72,VungTau
1998-11-21,3.69,VungTau
1998-11-22,3.64,VungTau
1998-11-23,3.48,VungTau
1998-11-24,3.37,VungTau
1998-11-25,3.19,VungTau
1998-11-26,3.01,VungTau
1998-11-27,2.85,VungTau
1998-11-28,2.9,VungTau
1998-11-29,3.16,VungTau
1998-11-30,3.37,VungTau
1998-12-01,3.62,VungTau
1998-12-02,3.74,VungTau
1998-12-03,3.84,VungTau
1998-12-04,3.87,VungTau
1998-12-05,3.75,VungTau
1998-12-06,3.69,VungTau
1998-12-07,3.5,VungTau
1998-12-08,3.28,VungTau
1998-12-09,3.04,VungTau
1998-12-10,2.8,VungTau
1998-12-11,2.67,VungTau
1998-12-12,2.72,VungTau
1998-12-13,2.92,VungTau
1998-12-14,3.04,VungTau
1998-12-15,3.1,VungTau
1998-12-16,3.3,VungTau
1998-12-17,3.45,VungTau
1998-12-18,3.58,VungTau
1998-12-19,3.69,VungTau
1998-12-20,3.7,VungTau
1998-12-21,3.64,VungTau
1998-12-22,3.53,VungTau
1998-12-23,3.4,VungTau
1998-12-24,3.2,VungTau
1998-12-25,3.05,VungTau
1998-12-26,2.79,VungTau
1998-12-27,2.83,VungTau
1998-12-28,3.0,VungTau
1998-12-29,3.26,VungTau
1998-12-30,3.48,VungTau
1998-12-31,3.66,VungTau
1999-01-01,3.75,VungTau
1999-01-02,3.77,VungTau
1999-01-03,3.73,VungTau
1999-01-04,3.66,VungTau
1999-01-05,3.52,VungTau
1999-01-06,3.44,VungTau
1999-01-07,3.21,VungTau
1999-01-08,2.97,VungTau
1999-01-09,2.79,VungTau
1999-01-10,2.63,VungTau
1999-01-11,2.68,VungTau
1999-01-12,2.79,VungTau
1999-01-13,2.98,VungTau
1999-01-14,3.13,VungTau
1999-01-15,3.29,VungTau
1999-01-16,3.44,VungTau
1999-01-17,3.52,VungTau
1999-01-18,3.61,VungTau
1999-01-19,3.56,VungTau
1999-01-20,3.55,VungTau
1999-01-21,3.47,VungTau
1999-01-22,3.3,VungTau
1999-01-23,3.09,VungTau
1999-01-24,2.96,VungTau
1999-01-25,2.85,VungTau
1999-01-26,2.83,VungTau
1999-01-27,3.01,VungTau
1999-01-28,3.23,VungTau
1999-01-29,3.5,VungTau
1999-01-30,3.65,VungTau
1999-01-31,3.71,VungTau
1999-02-01,3.79,VungTau
1999-02-02,3.77,VungTau
1999-02-03,3.64,VungTau
1999-02-04,3.45,VungTau
1999-02-05,3.25,VungTau
1999-02-06,3.07,VungTau
1999-02-07,2.91,VungTau
1999-02-08,2.77,VungTau
1999-02-09,2.59,VungTau
1999-02-10,2.51,VungTau
1999-02-11,2.63,VungTau
1999-02-12,2.89,VungTau
1999-02-13,3.18,VungTau
1999-02-14,3.34,VungTau
1999-02-15,3.56,VungTau
1999-02-16,3.69,VungTau
1999-02-17,3.72,VungTau
1999-02-18,3.7,VungTau
1999-02-19,3.51,VungTau
1999-02-20,3.4,VungTau
1999-02-21,3.24,VungTau
1999-02-22,3.06,VungTau
1999-02-23,2.83,VungTau
1999-02-24,2.68,VungTau
1999-02-25,2.74,VungTau
1999-02-26,2.97,VungTau
1999-02-27,3.18,VungTau
1999-02-28,3.37,VungTau
1999-03-01,3.49,VungTau
1999-03-02,3.56,VungTau
1999-03-03,3.57,VungTau
1999-03-04,3.52,VungTau
1999-03-05,3.43,VungTau
1999-03-06,3.34,VungTau
1999-03-07,3.24,VungTau
1999-03-08,3.06,VungTau
1999-03-09,2.9,VungTau
1999-03-10,2.71,VungTau
1999-03-11,2.51,VungTau
1999-03-12,2.51,VungTau
1999-03-13,2.7,VungTau
1999-03-14,2.96,VungTau
1999-03-15,3.24,VungTau
1999-03-16,3.48,VungTau
1999-03-17,3.67,VungTau
1999-03-18,3.78,VungTau
1999-03-19,3.71,VungTau
1999-03-20,3.75,VungTau
1999-03-21,3.66,VungTau
1999-03-22,3.51,VungTau
1999-03-23,3.22,VungTau
1999-03-24,2.92,VungTau
1999-03-25,2.64,VungTau
1999-03-26,2.66,VungTau
1999-03-27,2.88,VungTau
1999-03-28,3.12,VungTau
1999-03-29,3.3,VungTau
1999-03-30,3.42,VungTau
1999-03-31,3.46,VungTau
1999-04-01,3.44,VungTau
1999-04-02,3.5,VungTau
1999-04-03,3.51,VungTau
1999-04-04,3.48,VungTau
1999-04-05,3.44,VungTau
1999-04-06,3.34,VungTau
1999-04-07,3.17,VungTau
1999-04-08,2.99,VungTau
1999-04-09,2.74,VungTau
1999-04-10,2.6,VungTau
1999-04-11,2.82,VungTau
1999-04-12,3.09,VungTau
1999-04-13,3.27,VungTau
1999-04-14,3.59,VungTau
1999-04-15,3.71,VungTau
1999-04-16,3.79,VungTau
1999-04-17,3.87,VungTau
1999-04-18,3.85,VungTau
1999-04-19,3.74,VungTau
1999-04-20,3.67,VungTau
1999-04-21,3.4,VungTau
1999-04-22,3.15,VungTau
1999-04-23,2.93,VungTau
1999-04-24,2.85,VungTau
1999-04-25,2.95,VungTau
1999-04-26,3.13,VungTau
1999-04-27,3.3,VungTau
1999-04-28,3.42,VungTau
1999-04-29,3.56,VungTau
1999-04-30,3.59,VungTau
1999-05-01,3.61,VungTau
1999-05-02,3.6,VungTau
1999-05-03,3.53,VungTau
1999-05-04,3.51,VungTau
1999-05-05,3.41,VungTau
1999-05-06,3.26,VungTau
1999-05-07,3.06,VungTau
1999-05-08,2.82,VungTau
1999-05-09,2.67,VungTau
1999-05-10,2.81,VungTau
1999-05-11,3.03,VungTau
1999-05-12,3.23,VungTau
1999-05-13,3.53,VungTau
1999-05-14,3.7,VungTau
1999-05-15,3.86,VungTau
1999-05-16,3.92,VungTau
1999-05-17,3.91,VungTau
1999-05-18,3.82,VungTau
1999-05-19,3.62,VungTau
1999-05-20,3.38,VungTau
1999-05-21,3.15,VungTau
1999-05-22,2.96,VungTau
1999-05-23,2.75,VungTau
1999-05-24,2.76,VungTau
1999-05-25,2.95,VungTau
1999-05-26,3.09,VungTau
1999-05-27,3.24,VungTau
1999-05-28,3.33,VungTau
1999-05-29,3.4,VungTau
1999-05-30,3.49,VungTau
1999-05-31,3.53,VungTau
1999-06-01,3.49,VungTau
1999-06-02,3.49,VungTau
1999-06-03,3.42,VungTau
1999-06-04,3.36,VungTau
1999-06-05,3.25,VungTau
1999-06-06,3.11,VungTau
1999-06-07,2.95,VungTau
1999-06-08,2.81,VungTau
1999-06-09,2.92,VungTau
1999-06-10,3.18,VungTau
1999-06-11,3.45,VungTau
1999-06-12,3.57,VungTau
1999-06-13,3.68,VungTau
1999-06-14,3.76,VungTau
1999-06-15,3.72,VungTau
1999-06-16,3.69,VungTau
1999-06-17,3.5,VungTau
1999-06-18,3.4,VungTau
1999-06-19,3.14,VungTau
1999-06-20,2.91,VungTau
1999-06-21,2.73,VungTau
1999-06-22,2.69,VungTau
1999-06-23,2.8,VungTau
1999-06-24,2.87,VungTau
1999-06-25,3.07,VungTau
1999-06-26,3.2,VungTau
1999-06-27,3.29,VungTau
1999-06-28,3.37,VungTau
1999-06-29,3.4,VungTau
1999-06-30,3.39,VungTau
1999-07-01,3.52,VungTau
1999-07-02,3.47,VungTau
1999-07-03,3.37,VungTau
1999-07-04,3.26,VungTau
1999-07-05,3.13,VungTau
1999-07-06,2.93,VungTau
1999-07-07,2.82,VungTau
1999-07-08,2.79,VungTau
1999-07-09,2.99,VungTau
1999-07-10,3.21,VungTau
1999-07-11,3.36,VungTau
1999-07-12,3.54,VungTau
1999-07-13,3.77,VungTau
1999-07-14,3.89,VungTau
1999-07-15,3.76,VungTau
1999-07-16,3.68,VungTau
1999-07-17,3.51,VungTau
1999-07-18,3.28,VungTau
1999-07-19,3.07,VungTau
1999-07-20,2.87,VungTau
1999-07-21,2.77,VungTau
1999-07-22,2.71,VungTau
1999-07-23,2.78,VungTau
1999-07-24,2.92,VungTau
1999-07-25,3.0,VungTau
1999-07-26,3.25,VungTau
1999-07-27,3.49,VungTau
1999-07-28,3.6,VungTau
1999-07-29,3.72,VungTau
1999-07-30,3.76,VungTau
1999-07-31,3.75,VungTau
1999-08-01,3.67,VungTau
1999-08-02,3.51,VungTau
1999-08-03,3.36,VungTau
1999-08-04,3.08,VungTau
1999-08-05,2.95,VungTau
1999-08-06,2.9,VungTau
1999-08-07,3.0,VungTau
1999-08-08,3.14,VungTau
1999-08-09,3.32,VungTau
1999-08-10,3.51,VungTau
1999-08-11,3.6,VungTau
1999-08-12,3.69,VungTau
1999-08-13,3.62,VungTau
1999-08-14,3.6,VungTau
1999-08-15,3.45,VungTau
1999-08-16,3.33,VungTau
1999-08-17,3.06,VungTau
1999-08-18,2.84,VungTau
1999-08-19,2.64,VungTau
1999-08-20,2.58,VungTau
1999-08-21,2.57,VungTau
1999-08-22,2.75,VungTau
1999-08-23,2.93,VungTau
1999-08-24,3.07,VungTau
1999-08-25,3.28,VungTau
1999-08-26,3.45,VungTau
1999-08-27,3.52,VungTau
1999-08-28,3.59,VungTau
1999-08-29,3.57,VungTau
1999-08-30,3.54,VungTau
1999-08-31,3.41,VungTau
1999-09-01,3.18,VungTau
1999-09-02,3.06,VungTau
1999-09-03,2.93,VungTau
1999-09-04,2.85,VungTau
1999-09-05,2.94,VungTau
1999-09-06,3.06,VungTau
1999-09-07,3.21,VungTau
1999-09-08,3.41,VungTau
1999-09-09,3.54,VungTau
1999-09-10,3.58,VungTau
1999-09-11,3.54,VungTau
1999-09-12,3.47,VungTau
1999-09-13,3.4,VungTau
1999-09-14,3.3,VungTau
1999-09-15,3.12,VungTau
1999-09-16,2.93,VungTau
1999-09-17,2.76,VungTau
1999-09-18,2.47,VungTau
1999-09-19,2.47,VungTau
1999-09-20,2.49,VungTau
1999-09-21,2.77,VungTau
1999-09-22,2.99,VungTau
1999-09-23,3.29,VungTau
1999-09-24,3.44,VungTau
1999-09-25,3.63,VungTau
1999-09-26,3.69,VungTau
1999-09-27,3.7,VungTau
1999-09-28,3.62,VungTau
1999-09-29,3.53,VungTau
1999-09-30,3.32,VungTau
1999-10-01,3.03,VungTau
1999-10-02,2.86,VungTau
1999-10-03,2.66,VungTau
1999-10-04,2.68,VungTau
1999-10-05,2.94,VungTau
1999-10-06,3.17,VungTau
1999-10-07,3.34,VungTau
1999-10-08,3.51,VungTau
1999-10-09,3.58,VungTau
1999-10-10,3.73,VungTau
1999-10-11,3.66,VungTau
1999-10-12,3.59,VungTau
1999-10-13,3.47,VungTau
1999-10-14,3.31,VungTau
1999-10-15,3.14,VungTau
1999-10-16,2.91,VungTau
1999-10-17,2.7,VungTau
1999-10-18,2.58,VungTau
1999-10-19,2.61,VungTau
1999-10-20,2.84,VungTau
1999-10-21,3.11,VungTau
1999-10-22,3.4,VungTau
1999-10-23,3.69,VungTau
1999-10-24,4.06,VungTau
1999-10-25,4.09,VungTau
1999-10-26,4.08,VungTau
1999-10-27,4.0,VungTau
1999-10-28,3.76,VungTau
1999-10-29,3.47,VungTau
1999-10-30,3.21,VungTau
1999-10-31,2.89,VungTau
1999-11-01,2.77,VungTau
1999-11-02,2.81,VungTau
1999-11-03,3.01,VungTau
1999-11-04,3.34,VungTau
1999-11-05,3.55,VungTau
1999-11-06,3.72,VungTau
1999-11-07,3.78,VungTau
1999-11-08,3.81,VungTau
1999-11-09,3.79,VungTau
1999-11-10,3.69,VungTau
1999-11-11,3.62,VungTau
1999-11-12,3.46,VungTau
1999-11-13,3.32,VungTau
1999-11-14,3.12,VungTau
1999-11-15,2.92,VungTau
1999-11-16,2.71,VungTau
1999-11-17,2.69,VungTau
1999-11-18,2.96,VungTau
1999-11-19,3.2,VungTau
1999-11-20,3.45,VungTau
1999-11-21,3.63,VungTau
1999-11-22,3.77,VungTau
1999-11-23,3.92,VungTau
1999-11-24,3.92,VungTau
1999-11-25,3.84,VungTau
1999-11-26,3.68,VungTau
1999-11-27,3.54,VungTau
1999-11-28,3.25,VungTau
1999-11-29,3.01,VungTau
1999-11-30,2.79,VungTau
1999-12-01,2.73,VungTau
1999-12-02,2.9,VungTau
1999-12-03,3.07,VungTau
1999-12-04,3.17,VungTau
1999-12-05,3.33,VungTau
1999-12-06,3.41,VungTau
1999-12-07,3.5,VungTau
1999-12-08,3.51,VungTau
1999-12-09,3.55,VungTau
1999-12-10,3.49,VungTau
1999-12-11,3.51,VungTau
1999-12-12,3.41,VungTau
1999-12-13,3.31,VungTau
1999-12-14,3.13,VungTau
1999-12-15,2.93,VungTau
1999-12-16,2.79,VungTau
1999-12-17,2.88,VungTau
1999-12-18,3.1,VungTau
1999-12-19,3.34,VungTau
1999-12-20,3.51,VungTau
1999-12-21,3.69,VungTau
1999-12-22,3.79,VungTau
1999-12-23,3.8,VungTau
1999-12-24,3.75,VungTau
1999-12-25,3.66,VungTau
1999-12-26,3.52,VungTau
1999-12-27,3.28,VungTau
1999-12-28,3.05,VungTau
1999-12-29,2.77,VungTau
1999-12-30,2.69,VungTau
1999-12-31,2.75,VungTau
2000-01-01,2.89,VungTau
2000-01-02,3.06,VungTau
2000-01-03,3.13,VungTau
2000-01-04,3.28,VungTau
2000-01-05,3.41,VungTau
2000-01-06,3.48,VungTau
2000-01-07,3.59,VungTau
2000-01-08,3.55,VungTau
2000-01-09,3.52,VungTau
2000-01-10,3.44,VungTau
2000-01-11,3.39,VungTau
2000-01-12,3.18,VungTau
2000-01-13,2.97,VungTau
2000-01-14,2.82,VungTau
2000-01-15,2.81,VungTau
2000-01-16,2.85,VungTau
2000-01-17,2.97,VungTau
2000-01-18,3.21,VungTau
2000-01-19,3.46,VungTau
2000-01-20,3.61,VungTau
2000-01-21,3.68,VungTau
2000-01-22,3.7,VungTau
2000-01-23,3.71,VungTau
2000-01-24,3.54,VungTau
2000-01-25,3.33,VungTau
2000-01-26,3.02,VungTau
2000-01-27,2.79,VungTau
2000-01-28,2.68,VungTau
2000-01-29,2.53,VungTau
2000-01-30,2.51,VungTau
2000-01-31,2.63,VungTau
2000-02-01,2.85,VungTau
2000-02-02,3.04,VungTau
2000-02-03,3.17,VungTau
2000-02-04,3.37,VungTau
2000-02-05,3.44,VungTau
2000-02-06,3.49,VungTau
2000-02-07,3.48,VungTau
2000-02-08,3.48,VungTau
2000-02-09,3.41,VungTau
2000-02-10,3.21,VungTau
2000-02-11,3.11,VungTau
2000-02-12,2.99,VungTau
2000-02-13,2.86,VungTau
2000-02-14,2.82,VungTau
2000-02-15,2.94,VungTau
2000-02-16,3.15,VungTau
2000-02-17,3.4,VungTau
2000-02-18,3.62,VungTau
2000-02-19,3.73,VungTau
2000-02-20,3.8,VungTau
2000-02-21,3.73,VungTau
2000-02-22,3.58,VungTau
2000-02-23,3.38,VungTau
2000-02-24,3.24,VungTau
2000-02-25,3.1,VungTau
2000-02-26,2.91,VungTau
2000-02-27,2.69,VungTau
2000-02-28,2.5,VungTau
2000-02-29,2.58,VungTau
2000-03-01,2.8,VungTau
2000-03-02,2.97,VungTau
2000-03-03,3.21,VungTau
2000-03-04,3.41,VungTau
2000-03-05,3.57,VungTau
2000-03-06,3.65,VungTau
2000-03-07,3.64,VungTau
2000-03-08,3.68,VungTau
2000-03-09,3.53,VungTau
2000-03-10,3.5,VungTau
2000-03-11,3.35,VungTau
2000-03-12,3.2,VungTau
2000-03-13,2.95,VungTau
2000-03-14,2.69,VungTau
2000-03-15,2.77,VungTau
2000-03-16,3.06,VungTau
2000-03-17,3.31,VungTau
2000-03-18,3.51,VungTau
2000-03-19,3.65,VungTau
2000-03-20,3.64,VungTau
2000-03-21,3.62,VungTau
2000-03-22,3.56,VungTau
2000-03-23,3.55,VungTau
2000-03-24,3.43,VungTau
2000-03-25,3.25,VungTau
2000-03-26,3.12,VungTau
2000-03-27,2.87,VungTau
2000-03-28,2.68,VungTau
2000-03-29,2.49,VungTau
2000-03-30,2.69,VungTau
2000-03-31,2.97,VungTau
2000-04-01,3.16,VungTau
2000-04-02,3.36,VungTau
2000-04-03,3.52,VungTau
2000-04-04,3.6,VungTau
2000-04-05,3.69,VungTau
2000-04-06,3.74,VungTau
2000-04-07,3.73,VungTau
2000-04-08,3.59,VungTau
2000-04-09,3.54,VungTau
2000-04-10,3.33,VungTau
2000-04-11,3.05,VungTau
2000-04-12,2.81,VungTau
2000-04-13,2.87,VungTau
2000-04-14,3.06,VungTau
2000-04-15,3.24,VungTau
2000-04-16,3.4,VungTau
2000-04-17,3.52,VungTau
2000-04-18,3.58,VungTau
2000-04-19,3.65,VungTau
2000-04-20,3.71,VungTau
2000-04-21,3.69,VungTau
2000-04-22,3.65,VungTau
2000-04-23,3.5,VungTau
2000-04-24,3.37,VungTau
2000-04-25,3.13,VungTau
2000-04-26,2.91,VungTau
2000-04-27,2.65,VungTau
2000-04-28,2.65,VungTau
2000-04-29,2.88,VungTau
2000-04-30,3.0,VungTau
2000-05-01,3.25,VungTau
2000-05-02,3.49,VungTau
2000-05-03,3.7,VungTau
2000-05-04,3.8,VungTau
2000-05-05,3.9,VungTau
2000-05-06,3.85,VungTau
2000-05-07,3.79,VungTau
2000-05-08,3.61,VungTau
2000-05-09,3.35,VungTau
2000-05-10,3.11,VungTau
2000-05-11,2.95,VungTau
2000-05-12,2.95,VungTau
2000-05-13,2.98,VungTau
2000-05-14,3.12,VungTau
2000-05-15,3.31,VungTau
2000-05-16,3.43,VungTau
2000-05-17,3.56,VungTau
2000-05-18,3.61,VungTau
2000-05-19,3.6,VungTau
2000-05-20,3.58,VungTau
2000-05-21,3.55,VungTau
2000-05-22,3.43,VungTau
2000-05-23,3.35,VungTau
2000-05-24,3.15,VungTau
2000-05-25,2.98,VungTau
2000-05-26,2.8,VungTau
2000-05-27,2.74,VungTau
2000-05-28,2.76,VungTau
2000-05-29,2.95,VungTau
2000-05-30,3.26,VungTau
2000-05-31,3.41,VungTau
2000-06-01,3.64,VungTau
2000-06-02,3.81,VungTau
2000-06-03,3.88,VungTau
2000-06-04,3.86,VungTau
2000-06-05,3.79,VungTau
2000-06-06,3.69,VungTau
2000-06-07,3.4,VungTau
2000-06-08,3.1,VungTau
2000-06-09,2.89,VungTau
2000-06-10,2.79,VungTau
2000-06-11,2.84,VungTau
2000-06-12,3.01,VungTau
2000-06-13,3.16,VungTau
2000-06-14,3.32,VungTau
2000-06-15,3.43,VungTau
2000-06-16,3.55,VungTau
2000-06-17,3.49,VungTau
2000-06-18,3.53,VungTau
2000-06-19,3.48,VungTau
2000-06-20,3.43,VungTau
2000-06-21,3.35,VungTau
2000-06-22,3.27,VungTau
2000-06-23,3.14,VungTau
2000-06-24,3.02,VungTau
2000-06-25,2.92,VungTau
2000-06-26,2.89,VungTau
2000-06-27,2.99,VungTau
2000-06-28,3.29,VungTau
2000-06-29,3.47,VungTau
2000-06-30,3.6,VungTau
2000-07-01,3.75,VungTau
2000-07-02,3.82,VungTau
2000-07-03,3.9,VungTau
2000-07-04,3.87,VungTau
2000-07-05,3.69,VungTau
2000-07-06,3.51,VungTau
2000-07-07,3.33,VungTau
2000-07-08,3.13,VungTau
2000-07-09,2.99,VungTau
2000-07-10,2.96,VungTau
2000-07-11,3.01,VungTau
2000-07-12,3.1,VungTau
2000-07-13,3.19,VungTau
2000-07-14,3.32,VungTau
2000-07-15,3.44,VungTau
2000-07-16,3.48,VungTau
2000-07-17,3.56,VungTau
2000-07-18,3.56,VungTau
2000-07-19,3.57,VungTau
2000-07-20,3.5,VungTau
2000-07-21,3.38,VungTau
2000-07-22,3.31,VungTau
2000-07-23,3.17,VungTau
2000-07-24,2.94,VungTau
2000-07-25,2.94,VungTau
2000-07-26,2.87,VungTau
2000-07-27,3.01,VungTau
2000-07-28,3.24,VungTau
2000-07-29,3.41,VungTau
2000-07-30,3.58,VungTau
2000-07-31,3.7,VungTau
2000-08-01,3.77,VungTau
2000-08-02,3.79,VungTau
2000-08-03,3.67,VungTau
2000-08-04,3.59,VungTau
2000-08-05,3.32,VungTau
2000-08-06,3.14,VungTau
2000-08-07,2.93,VungTau
2000-08-08,2.78,VungTau
2000-08-09,2.75,VungTau
2000-08-10,2.8,VungTau
2000-08-11,2.95,VungTau
2000-08-12,3.1,VungTau
2000-08-13,3.21,VungTau
2000-08-14,3.38,VungTau
2000-08-15,3.47,VungTau
2000-08-16,3.65,VungTau
2000-08-17,3.75,VungTau
2000-08-18,3.8,VungTau
2000-08-19,3.73,VungTau
2000-08-20,3.65,VungTau
2000-08-21,3.29,VungTau
2000-08-22,3.09,VungTau
2000-08-23,2.86,VungTau
2000-08-24,2.86,VungTau
2000-08-25,2.92,VungTau
2000-08-26,3.09,VungTau
2000-08-27,3.37,VungTau
2000-08-28,3.57,VungTau
2000-08-29,3.77,VungTau
2000-08-30,3.9,VungTau
2000-08-31,3.88,VungTau
2000-09-01,3.8,VungTau
2000-09-02,3.55,VungTau
2000-09-03,3.36,VungTau
2000-09-04,3.04,VungTau
2000-09-05,2.84,VungTau
2000-09-06,2.58,VungTau
2000-09-07,2.54,VungTau
2000-09-08,2.55,VungTau
2000-09-09,2.75,VungTau
2000-09-10,2.95,VungTau
2000-09-11,3.24,VungTau
2000-09-12,3.37,VungTau
2000-09-13,3.49,VungTau
2000-09-14,3.54,VungTau
2000-09-15,3.65,VungTau
2000-09-16,3.57,VungTau
2000-09-17,3.49,VungTau
2000-09-18,3.38,VungTau
2000-09-19,3.19,VungTau
2000-09-20,2.95,VungTau
2000-09-21,2.72,VungTau
2000-09-22,2.68,VungTau
2000-09-23,2.66,VungTau
2000-09-24,2.89,VungTau
2000-09-25,3.19,VungTau
2000-09-26,3.4,VungTau
2000-09-27,3.6,VungTau
2000-09-28,3.63,VungTau
2000-09-29,3.64,VungTau
2000-09-30,3.68,VungTau
2000-10-01,3.52,VungTau
2000-10-02,3.31,VungTau
2000-10-03,3.1,VungTau
2000-10-04,2.91,VungTau
2000-10-05,2.6,VungTau
2000-10-06,2.36,VungTau
2000-10-07,2.4,VungTau
2000-10-08,2.66,VungTau
2000-10-09,2.94,VungTau
2000-10-10,3.18,VungTau
2000-10-11,3.41,VungTau
2000-10-12,3.67,VungTau
2000-10-13,3.75,VungTau
2000-10-14,3.85,VungTau
2000-10-15,3.79,VungTau
2000-10-16,3.78,VungTau
2000-10-17,3.58,VungTau
2000-10-18,3.36,VungTau
2000-10-19,3.09,VungTau
2000-10-20,2.87,VungTau
2000-10-21,2.77,VungTau
2000-10-22,2.86,VungTau
2000-10-23,3.17,VungTau
2000-10-24,3.37,VungTau
2000-10-25,3.58,VungTau
2000-10-26,3.72,VungTau
2000-10-27,3.8,VungTau
2000-10-28,3.8,VungTau
2000-10-29,3.72,VungTau
2000-10-30,3.65,VungTau
2000-10-31,3.49,VungTau
2000-11-01,3.26,VungTau
2000-11-02,3.09,VungTau
2000-11-03,2.89,VungTau
2000-11-04,2.64,VungTau
2000-11-05,2.62,VungTau
2000-11-06,2.81,VungTau
2000-11-07,3.04,VungTau
2000-11-08,3.27,VungTau
2000-11-09,3.51,VungTau
2000-11-10,3.65,VungTau
2000-11-11,3.83,VungTau
2000-11-12,3.83,VungTau
2000-11-13,3.86,VungTau
2000-11-14,3.72,VungTau
2000-11-15,3.56,VungTau
2000-11-16,3.37,VungTau
2000-11-17,3.12,VungTau
2000-11-18,2.94,VungTau
2000-11-19,2.87,VungTau
2000-11-20,2.9,VungTau
2000-11-21,3.02,VungTau
2000-11-22,3.23,VungTau
2000-11-23,3.41,VungTau
2000-11-24,3.55,VungTau
2000-11-25,3.67,VungTau
2000-11-26,3.62,VungTau
2000-11-27,3.61,VungTau
2000-11-28,3.63,VungTau
2000-11-29,3.6,VungTau
2000-11-30,3.42,VungTau
2000-12-01,3.25,VungTau
2000-12-02,3.07,VungTau
2000-12-03,2.82,VungTau
2000-12-04,2.68,VungTau
2000-12-05,2.7,VungTau
2000-12-06,2.92,VungTau
2000-12-07,3.17,VungTau
2000-12-08,3.38,VungTau
2000-12-09,3.61,VungTau
2000-12-10,3.76,VungTau
2000-12-11,3.88,VungTau
2000-12-12,3.89,VungTau
2000-12-13,3.77,VungTau
2000-12-14,3.66,VungTau
2000-12-15,3.51,VungTau
2000-12-16,3.28,VungTau
2000-12-17,3.03,VungTau
2000-12-18,2.82,VungTau
2000-12-19,2.83,VungTau
2000-12-20,2.99,VungTau
2000-12-21,3.1,VungTau
2000-12-22,3.17,VungTau
2000-12-23,3.29,VungTau
2000-12-24,3.39,VungTau
2000-12-25,3.44,VungTau
2000-12-26,3.43,VungTau
2000-12-27,3.47,VungTau
2000-12-28,3.44,VungTau
2000-12-29,3.34,VungTau
2000-12-30,3.27,VungTau
2000-12-31,3.13,VungTau
2001-01-01,3.01,VungTau
2001-01-02,2.85,VungTau
2001-01-03,2.79,VungTau
2001-01-04,2.84,VungTau
2001-01-05,3.03,VungTau
2001-01-06,3.26,VungTau
2001-01-07,3.4,VungTau
2001-01-08,3.63,VungTau
2001-01-09,3.79,VungTau
2001-01-10,3.83,VungTau
2001-01-11,3.85,VungTau
2001-01-12,3.8,VungTau
2001-01-13,3.59,VungTau
2001-01-14,3.32,VungTau
2001-01-15,3.01,VungTau
2001-01-16,2.83,VungTau
2001-01-17,2.69,VungTau
2001-01-18,2.68,VungTau
2001-01-19,2.72,VungTau
2001-01-20,2.97,VungTau
2001-01-21,3.15,VungTau
2001-01-22,3.27,VungTau
2001-01-23,3.48,VungTau
2001-01-24,3.51,VungTau
2001-01-25,3.53,VungTau
2001-01-26,3.51,VungTau
2001-01-27,3.43,VungTau
2001-01-28,3.38,VungTau
2001-01-29,3.26,VungTau
2001-01-30,3.08,VungTau
2001-01-31,2.94,VungTau
2001-02-01,2.91,VungTau
2001-02-02,2.85,VungTau
2001-02-03,2.83,VungTau
2001-02-04,3.02,VungTau
2001-02-05,3.18,VungTau
2001-02-06,3.43,VungTau
2001-02-07,3.62,VungTau
2001-02-08,3.79,VungTau
2001-02-09,3.81,VungTau
2001-02-10,3.81,VungTau
2001-02-11,3.65,VungTau
2001-02-12,3.5,VungTau
2001-02-13,3.32,VungTau
2001-02-14,3.14,VungTau
2001-02-15,2.9,VungTau
2001-02-16,2.65,VungTau
2001-02-17,2.52,VungTau
2001-02-18,2.66,VungTau
2001-02-19,2.88,VungTau
2001-02-20,3.14,VungTau
2001-02-21,3.29,VungTau
2001-02-22,3.41,VungTau
2001-02-23,3.5,VungTau
2001-02-24,3.57,VungTau
2001-02-25,3.55,VungTau
2001-02-26,3.42,VungTau
2001-02-27,3.29,VungTau
2001-02-28,3.29,VungTau
2001-03-01,3.16,VungTau
2001-03-02,2.98,VungTau
2001-03-03,2.78,VungTau
2001-03-04,2.65,VungTau
2001-03-05,2.71,VungTau
2001-03-06,3.06,VungTau
2001-03-07,3.39,VungTau
2001-03-08,3.62,VungTau
2001-03-09,3.78,VungTau
2001-03-10,3.84,VungTau
2001-03-11,3.82,VungTau
2001-03-12,3.69,VungTau
2001-03-13,3.53,VungTau
2001-03-14,3.34,VungTau
2001-03-15,3.14,VungTau
2001-03-16,2.93,VungTau
2001-03-17,2.63,VungTau
2001-03-18,2.38,VungTau
2001-03-19,2.61,VungTau
2001-03-20,2.8,VungTau
2001-03-21,3.02,VungTau
2001-03-22,3.18,VungTau
2001-03-23,3.39,VungTau
2001-03-24,3.41,VungTau
2001-03-25,3.48,VungTau
2001-03-26,3.53,VungTau
2001-03-27,3.61,VungTau
2001-03-28,3.61,VungTau
2001-03-29,3.48,VungTau
2001-03-30,3.3,VungTau
2001-03-31,3.09,VungTau
2001-04-01,2.86,VungTau
2001-04-02,2.66,VungTau
2001-04-03,2.69,VungTau
2001-04-04,2.99,VungTau
2001-04-05,3.3,VungTau
2001-04-06,3.54,VungTau
2001-04-07,3.71,VungTau
2001-04-08,3.7,VungTau
2001-04-09,3.75,VungTau
2001-04-10,3.73,VungTau
2001-04-11,3.71,VungTau
2001-04-12,3.47,VungTau
2001-04-13,3.28,VungTau
2001-04-14,3.01,VungTau
2001-04-15,2.76,VungTau
2001-04-16,2.51,VungTau
2001-04-17,2.45,VungTau
2001-04-18,2.74,VungTau
2001-04-19,2.9,VungTau
2001-04-20,3.14,VungTau
2001-04-21,3.3,VungTau
2001-04-22,3.43,VungTau
2001-04-23,3.54,VungTau
2001-04-24,3.67,VungTau
2001-04-25,3.75,VungTau
2001-04-26,3.71,VungTau
2001-04-27,3.6,VungTau
2001-04-28,3.46,VungTau
2001-04-29,3.22,VungTau
2001-04-30,2.99,VungTau
2001-05-01,2.8,VungTau
2001-05-02,2.87,VungTau
2001-05-03,3.08,VungTau
2001-05-04,3.23,VungTau
2001-05-05,3.43,VungTau
2001-05-06,3.54,VungTau
2001-05-07,3.78,VungTau
2001-05-08,3.8,VungTau
2001-05-09,3.86,VungTau
2001-05-10,3.8,VungTau
2001-05-11,3.64,VungTau
2001-05-12,3.46,VungTau
2001-05-13,3.21,VungTau
2001-05-14,3.05,VungTau
2001-05-15,2.86,VungTau
2001-05-16,2.74,VungTau
2001-05-17,2.75,VungTau
2001-05-18,2.9,VungTau
2001-05-19,3.12,VungTau
2001-05-20,3.33,VungTau
2001-05-21,3.53,VungTau
2001-05-22,3.7,VungTau
2001-05-23,3.78,VungTau
2001-05-24,3.89,VungTau
2001-05-25,3.79,VungTau
2001-05-26,3.69,VungTau
2001-05-27,3.62,VungTau
2001-05-28,3.34,VungTau
2001-05-29,3.14,VungTau
2001-05-30,3.03,VungTau
2001-05-31,2.93,VungTau
2001-06-01,2.99,VungTau
2001-06-02,3.16,VungTau
2001-06-03,3.32,VungTau
2001-06-04,3.48,VungTau
2001-06-05,3.6,VungTau
2001-06-06,3.64,VungTau
2001-06-07,3.65,VungTau
2001-06-08,3.57,VungTau
2001-06-09,3.53,VungTau
2001-06-10,3.43,VungTau
2001-06-11,3.31,VungTau
2001-06-12,3.14,VungTau
2001-06-13,2.98,VungTau
2001-06-14,2.8,VungTau
2001-06-15,2.75,VungTau
2001-06-16,2.83,VungTau
2001-06-17,2.98,VungTau
2001-06-18,3.22,VungTau
2001-06-19,3.38,VungTau
2001-06-20,3.6,VungTau
2001-06-21,3.73,VungTau
2001-06-22,3.8,VungTau
2001-06-23,3.76,VungTau
2001-06-24,3.76,VungTau
2001-06-25,3.69,VungTau
2001-06-26,3.46,VungTau
2001-06-27,3.29,VungTau
2001-06-28,3.04,VungTau
2001-06-29,2.9,VungTau
2001-06-30,2.92,VungTau
2001-07-01,3.11,VungTau
2001-07-02,3.23,VungTau
2001-07-03,3.38,VungTau
2001-07-04,3.53,VungTau
2001-07-05,3.68,VungTau
2001-07-06,3.69,VungTau
2001-07-07,3.65,VungTau
2001-07-08,3.62,VungTau
2001-07-09,3.56,VungTau
2001-07-10,3.47,VungTau
2001-07-11,3.34,VungTau
2001-07-12,3.12,VungTau
2001-07-13,2.93,VungTau
2001-07-14,2.79,VungTau
2001-07-15,2.77,VungTau
2001-07-16,2.86,VungTau
2001-07-17,3.01,VungTau
2001-07-18,3.25,VungTau
2001-07-19,3.44,VungTau
2001-07-20,3.62,VungTau
2001-07-21,3.72,VungTau
2001-07-22,3.78,VungTau
2001-07-23,3.81,VungTau
2001-07-24,3.69,VungTau
2001-07-25,3.53,VungTau
2001-07-26,3.33,VungTau
2001-07-27,3.06,VungTau
2001-07-28,2.91,VungTau
2001-07-29,2.84,VungTau
2001-07-30,2.93,VungTau
2001-07-31,3.08,VungTau
2001-08-01,3.2,VungTau
2001-08-02,3.34,VungTau
2001-08-03,3.5,VungTau
2001-08-04,3.58,VungTau
2001-08-05,3.7,VungTau
2001-08-06,3.69,VungTau
2001-08-07,3.66,VungTau
2001-08-08,3.5,VungTau
2001-08-09,3.39,VungTau
2001-08-10,3.27,VungTau
2001-08-11,3.1,VungTau
2001-08-12,2.92,VungTau
2001-08-13,2.83,VungTau
2001-08-14,2.82,VungTau
2001-08-15,2.95,VungTau
2001-08-16,3.18,VungTau
2001-08-17,3.43,VungTau
2001-08-18,3.64,VungTau
2001-08-19,3.83,VungTau
2001-08-20,3.99,VungTau
2001-08-21,3.93,VungTau
2001-08-22,3.82,VungTau
2001-08-23,3.54,VungTau
2001-08-24,3.26,VungTau
2001-08-25,2.99,VungTau
2001-08-26,2.78,VungTau
2001-08-27,2.61,VungTau
2001-08-28,2.63,VungTau
2001-08-29,2.82,VungTau
2001-08-30,3.0,VungTau
2001-08-31,3.17,VungTau
2001-09-01,3.34,VungTau
2001-09-02,3.5,VungTau
2001-09-03,3.5,VungTau
2001-09-04,3.55,VungTau
2001-09-05,3.58,VungTau
2001-09-06,3.51,VungTau
2001-09-07,3.36,VungTau
2001-09-08,3.23,VungTau
2001-09-09,3.11,VungTau
2001-09-10,2.91,VungTau
2001-09-11,2.73,VungTau
2001-09-12,2.75,VungTau
2001-09-13,2.81,VungTau
2001-09-14,3.02,VungTau
2001-09-15,3.4,VungTau
2001-09-16,3.64,VungTau
2001-09-17,3.86,VungTau
2001-09-18,3.91,VungTau
2001-09-19,3.85,VungTau
2001-09-20,3.69,VungTau
2001-09-21,3.5,VungTau
2001-09-22,3.27,VungTau
2001-09-23,3.01,VungTau
2001-09-24,2.74,VungTau
2001-09-25,2.47,VungTau
2001-09-26,2.44,VungTau
2001-09-27,2.71,VungTau
2001-09-28,2.86,VungTau
2001-09-29,3.12,VungTau
2001-09-30,3.25,VungTau
2001-10-01,3.43,VungTau
2001-10-02,3.45,VungTau
2001-10-03,3.51,VungTau
2001-10-04,3.56,VungTau
2001-10-05,3.52,VungTau
2001-10-06,3.52,VungTau
2001-10-07,3.43,VungTau
2001-10-08,3.21,VungTau
2001-10-09,3.0,VungTau
2001-10-10,2.84,VungTau
2001-10-11,2.83,VungTau
2001-10-12,2.93,VungTau
2001-10-13,3.25,VungTau
2001-10-14,3.54,VungTau
2001-10-15,3.73,VungTau
2001-10-16,3.94,VungTau
2001-10-17,4.01,VungTau
2001-10-18,3.95,VungTau
2001-10-19,3.81,VungTau
2001-10-20,3.6,VungTau
2001-10-21,3.37,VungTau
2001-10-22,3.19,VungTau
2001-10-23,2.88,VungTau
2001-10-24,2.67,VungTau
2001-10-25,2.65,VungTau
2001-10-26,2.85,VungTau
2001-10-27,3.02,VungTau
2001-10-28,3.17,VungTau
2001-10-29,3.32,VungTau
2001-10-30,3.45,VungTau
2001-10-31,3.6,VungTau
2001-11-01,3.69,VungTau
2001-11-02,3.71,VungTau
2001-11-03,3.71,VungTau
2001-11-04,3.67,VungTau
2001-11-05,3.51,VungTau
2001-11-06,3.32,VungTau
2001-11-07,3.05,VungTau
2001-11-08,2.81,VungTau
2001-11-09,2.82,VungTau
2001-11-10,2.91,VungTau
2001-11-11,3.18,VungTau
2001-11-12,3.42,VungTau
2001-11-13,3.67,VungTau
2001-11-14,3.81,VungTau
2001-11-15,3.79,VungTau
2001-11-16,3.83,VungTau
2001-11-17,3.77,VungTau
2001-11-18,3.68,VungTau
2001-11-19,3.44,VungTau
2001-11-20,3.25,VungTau
2001-11-21,2.97,VungTau
2001-11-22,2.74,VungTau
2001-11-23,2.57,VungTau
2001-11-24,2.61,VungTau
2001-11-25,2.87,VungTau
2001-11-26,3.1,VungTau
2001-11-27,3.31,VungTau
2001-11-28,3.52,VungTau
2001-11-29,3.69,VungTau
2001-11-30,3.85,VungTau
2001-12-01,3.94,VungTau
2001-12-02,4.0,VungTau
2001-12-03,3.85,VungTau
2001-12-04,3.69,VungTau
2001-12-05,3.5,VungTau
2001-12-06,3.27,VungTau
2001-12-07,2.98,VungTau
2001-12-08,2.78,VungTau
2001-12-09,2.89,VungTau
2001-12-10,3.11,VungTau
2001-12-11,3.3,VungTau
2001-12-12,3.43,VungTau
2001-12-13,3.48,VungTau
2001-12-14,3.55,VungTau
2001-12-15,3.54,VungTau
2001-12-16,3.51,VungTau
2001-12-17,3.47,VungTau
2001-12-18,3.37,VungTau
2001-12-19,3.2,VungTau
2001-12-20,3.02,VungTau
2001-12-21,2.86,VungTau
2001-12-22,2.63,VungTau
2001-12-23,2.47,VungTau
2001-12-24,2.53,VungTau
2001-12-25,2.67,VungTau
2001-12-26,2.86,VungTau
2001-12-27,3.03,VungTau
2001-12-28,3.19,VungTau
2001-12-29,3.44,VungTau
2001-12-30,3.5,VungTau
2001-12-31,3.6,VungTau
2002-01-01,3.58,VungTau
2002-01-02,3.44,VungTau
2002-01-03,3.31,VungTau
2002-01-04,3.09,VungTau
2002-01-05,2.84,VungTau
2002-01-06,2.66,VungTau
2002-01-07,2.62,VungTau
2002-01-08,2.64,VungTau
2002-01-09,2.77,VungTau
2002-01-10,2.94,VungTau
2002-01-11,3.11,VungTau
2002-01-12,3.21,VungTau
2002-01-13,3.31,VungTau
2002-01-14,3.4,VungTau
2002-01-15,3.33,VungTau
2002-01-16,3.25,VungTau
2002-01-17,3.2,VungTau
2002-01-18,3.11,VungTau
2002-01-19,2.92,VungTau
2002-01-20,2.7,VungTau
2002-01-21,2.59,VungTau
2002-01-22,2.51,VungTau
2002-01-23,2.5,VungTau
2002-01-24,2.6,VungTau
2002-01-25,2.8,VungTau
2002-01-26,3.02,VungTau
2002-01-27,3.22,VungTau
2002-01-28,3.41,VungTau
2002-01-29,3.56,VungTau
2002-01-30,3.66,VungTau
2002-01-31,3.64,VungTau
2002-02-01,3.5,VungTau
2002-02-02,3.28,VungTau
2002-02-03,3.08,VungTau
2002-02-04,2.95,VungTau
2002-02-05,2.75,VungTau
2002-02-06,2.6,VungTau
2002-02-07,2.63,VungTau
2002-02-08,2.79,VungTau
2002-02-09,2.99,VungTau
2002-02-10,3.17,VungTau
2002-02-11,3.28,VungTau
2002-02-12,3.38,VungTau
2002-02-13,3.4,VungTau
2002-02-14,3.43,VungTau
2002-02-15,3.33,VungTau
2002-02-16,3.21,VungTau
2002-02-17,3.09,VungTau
2002-02-18,2.97,VungTau
2002-02-19,2.89,VungTau
2002-02-20,2.66,VungTau
2002-02-21,2.48,VungTau
2002-02-22,2.43,VungTau
2002-02-23,2.72,VungTau
2002-02-24,2.96,VungTau
2002-02-25,3.25,VungTau
2002-02-26,3.59,VungTau
2002-02-27,3.77,VungTau
2002-02-28,3.79,VungTau
2002-03-01,3.75,VungTau
2002-03-02,3.54,VungTau
2002-03-03,3.46,VungTau
2002-03-04,3.26,VungTau
2002-03-05,2.99,VungTau
2002-03-06,2.71,VungTau
2002-03-07,2.46,VungTau
2002-03-08,2.44,VungTau
2002-03-09,2.69,VungTau
2002-03-10,2.87,VungTau
2002-03-11,3.01,VungTau
2002-03-12,3.17,VungTau
2002-03-13,3.24,VungTau
2002-03-14,3.36,VungTau
2002-03-15,3.35,VungTau
2002-03-16,3.33,VungTau
2002-03-17,3.3,VungTau
2002-03-18,3.21,VungTau
2002-03-19,3.13,VungTau
2002-03-20,3.02,VungTau
2002-03-21,2.84,VungTau
2002-03-22,2.61,VungTau
2002-03-23,2.39,VungTau
2002-03-24,2.63,VungTau
2002-03-25,2.95,VungTau
2002-03-26,3.28,VungTau
2002-03-27,3.55,VungTau
2002-03-28,3.71,VungTau
2002-03-29,3.75,VungTau
2002-03-30,3.64,VungTau
2002-03-31,3.69,VungTau
2002-04-01,3.53,VungTau
2002-04-02,3.3,VungTau
2002-04-03,3.07,VungTau
2002-04-04,2.78,VungTau
2002-04-05,2.47,VungTau
2002-04-06,2.38,VungTau
2002-04-07,2.59,VungTau
2002-04-08,2.81,VungTau
2002-04-09,3.02,VungTau
2002-04-10,3.19,VungTau
2002-04-11,3.32,VungTau
2002-04-12,3.4,VungTau
2002-04-13,3.48,VungTau
2002-04-14,3.57,VungTau
2002-04-15,3.51,VungTau
2002-04-16,3.44,VungTau
2002-04-17,3.31,VungTau
2002-04-18,3.21,VungTau
2002-04-19,2.97,VungTau
2002-04-20,2.75,VungTau
2002-04-21,2.62,VungTau
2002-04-22,2.8,VungTau
2002-04-23,3.07,VungTau
2002-04-24,3.3,VungTau
2002-04-25,3.51,VungTau
2002-04-26,3.7,VungTau
2002-04-27,3.76,VungTau
2002-04-28,3.88,VungTau
2002-04-29,3.8,VungTau
2002-04-30,3.66,VungTau
2002-05-01,3.45,VungTau
2002-05-02,3.2,VungTau
2002-05-03,3.02,VungTau
2002-05-04,2.73,VungTau
2002-05-05,2.53,VungTau
2002-05-06,2.59,VungTau
2002-05-07,2.74,VungTau
2002-05-08,2.94,VungTau
2002-05-09,3.16,VungTau
2002-05-10,3.34,VungTau
2002-05-11,3.52,VungTau
2002-05-12,3.61,VungTau
2002-05-13,3.7,VungTau
2002-05-14,3.71,VungTau
2002-05-15,3.7,VungTau
2002-05-16,3.62,VungTau
2002-05-17,3.55,VungTau
2002-05-18,3.35,VungTau
2002-05-19,3.14,VungTau
2002-05-20,2.96,VungTau
2002-05-21,3.02,VungTau
2002-05-22,3.18,VungTau
2002-05-23,3.37,VungTau
2002-05-24,3.58,VungTau
2002-05-25,3.77,VungTau
2002-05-26,3.682857142857143,VungTau
2002-05-27,3.5957142857142856,VungTau
2002-05-28,3.508571428571429,VungTau
2002-05-29,3.4214285714285717,VungTau
2002-05-30,3.3342857142857145,VungTau
2002-05-31,3.2471428571428573,VungTau
2002-06-01,3.16,VungTau
2002-06-02,2.96,VungTau
2002-06-03,2.78,VungTau
2002-06-04,2.73,VungTau
2002-06-05,2.83,VungTau
2002-06-06,2.97,VungTau
2002-06-07,3.11,VungTau
2002-06-08,3.24,VungTau
2002-06-09,3.41,VungTau
2002-06-10,3.48,VungTau
2002-06-11,3.5,VungTau
2002-06-12,3.66,VungTau
2002-06-13,3.63,VungTau
2002-06-14,3.61,VungTau
2002-06-15,3.55,VungTau
2002-06-16,3.41,VungTau
2002-06-17,3.27,VungTau
2002-06-18,3.07,VungTau
2002-06-19,3.02,VungTau
2002-06-20,3.16,VungTau
2002-06-21,3.24,VungTau
2002-06-22,3.39,VungTau
2002-06-23,3.56,VungTau
2002-06-24,3.63,VungTau
2002-06-25,3.63,VungTau
2002-06-26,3.65,VungTau
2002-06-27,3.6,VungTau
2002-06-28,3.53,VungTau
2002-06-29,3.41,VungTau
2002-06-30,3.31,VungTau
2002-07-01,3.12,VungTau
2002-07-02,2.88,VungTau
2002-07-03,2.82,VungTau
2002-07-04,2.85,VungTau
2002-07-05,2.91,VungTau
2002-07-06,3.05,VungTau
2002-07-07,3.13,VungTau
2002-07-08,3.28,VungTau
2002-07-09,3.44,VungTau
2002-07-10,3.62,VungTau
2002-07-11,3.61,VungTau
2002-07-12,3.75,VungTau
2002-07-13,3.81,VungTau
2002-07-14,3.77,VungTau
2002-07-15,3.57,VungTau
2002-07-16,3.4,VungTau
2002-07-17,3.15,VungTau
2002-07-18,3.0,VungTau
2002-07-19,3.01,VungTau
2002-07-20,3.11,VungTau
2002-07-21,3.23,VungTau
2002-07-22,3.38,VungTau
2002-07-23,3.49,VungTau
2002-07-24,3.58,VungTau
2002-07-25,3.65,VungTau
2002-07-26,3.61,VungTau
2002-07-27,3.57,VungTau
2002-07-28,3.53,VungTau
2002-07-29,3.4,VungTau
2002-07-30,3.23,VungTau
2002-07-31,3.08,VungTau
2002-08-01,2.87,VungTau
2002-08-02,2.75,VungTau
2002-08-03,2.76,VungTau
2002-08-04,2.82,VungTau
2002-08-05,2.9,VungTau
2002-08-06,3.08,VungTau
2002-08-07,3.37,VungTau
2002-08-08,3.57,VungTau
2002-08-09,3.72,VungTau
2002-08-10,3.86,VungTau
2002-08-11,3.85,VungTau
2002-08-12,3.73,VungTau
2002-08-13,3.6,VungTau
2002-08-14,3.32,VungTau
2002-08-15,3.01,VungTau
2002-08-16,2.83,VungTau
2002-08-17,2.75,VungTau
2002-08-18,2.82,VungTau
2002-08-19,2.97,VungTau
2002-08-20,3.23,VungTau
2002-08-21,3.37,VungTau
2002-08-22,3.54,VungTau
2002-08-23,3.59,VungTau
2002-08-24,3.58,VungTau
2002-08-25,3.49,VungTau
2002-08-26,3.38,VungTau
2002-08-27,3.31,VungTau
2002-08-28,3.2,VungTau
2002-08-29,3.03,VungTau
2002-08-30,2.89,VungTau
2002-08-31,2.66,VungTau
2002-09-01,2.54,VungTau
2002-09-02,2.56,VungTau
2002-09-03,2.76,VungTau
2002-09-04,2.96,VungTau
2002-09-05,3.25,VungTau
2002-09-06,3.51,VungTau
2002-09-07,3.67,VungTau
2002-09-08,3.83,VungTau
2002-09-09,3.83,VungTau
2002-09-10,3.7,VungTau
2002-09-11,3.46,VungTau
2002-09-12,3.19,VungTau
2002-09-13,2.84,VungTau
2002-09-14,2.49,VungTau
2002-09-15,2.59,VungTau
2002-09-16,2.53,VungTau
2002-09-17,2.74,VungTau
2002-09-18,2.96,VungTau
2002-09-19,3.17,VungTau
2002-09-20,3.37,VungTau
2002-09-21,3.43,VungTau
2002-09-22,3.45,VungTau
2002-09-23,3.45,VungTau
2002-09-24,3.43,VungTau
2002-09-25,3.41,VungTau
2002-09-26,3.28,VungTau
2002-09-27,3.16,VungTau
2002-09-28,2.94,VungTau
2002-09-29,2.69,VungTau
2002-09-30,2.43,VungTau
2002-10-01,2.49,VungTau
2002-10-02,2.69,VungTau
2002-10-03,2.97,VungTau
2002-10-04,3.28,VungTau
2002-10-05,3.53,VungTau
2002-10-06,3.75,VungTau
2002-10-07,3.85,VungTau
2002-10-08,3.83,VungTau
2002-10-09,3.71,VungTau
2002-10-10,3.49,VungTau
2002-10-11,3.18,VungTau
2002-10-12,2.87,VungTau
2002-10-13,2.56,VungTau
2002-10-14,2.49,VungTau
2002-10-15,2.58,VungTau
2002-10-16,2.83,VungTau
2002-10-17,3.06,VungTau
2002-10-18,3.28,VungTau
2002-10-19,3.45,VungTau
2002-10-20,3.6,VungTau
2002-10-21,3.63,VungTau
2002-10-22,3.7,VungTau
2002-10-23,3.62,VungTau
2002-10-24,3.52,VungTau
2002-10-25,3.35,VungTau
2002-10-26,3.18,VungTau
2002-10-27,3.04,VungTau
2002-10-28,2.84,VungTau
2002-10-29,2.64,VungTau
2002-10-30,2.74,VungTau
2002-10-31,2.91,VungTau
2002-11-01,3.21,VungTau
2002-11-02,3.49,VungTau
2002-11-03,3.66,VungTau
2002-11-04,3.84,VungTau
2002-11-05,3.8,VungTau
2002-11-06,3.79,VungTau
2002-11-07,3.67,VungTau
2002-11-08,3.44,VungTau
2002-11-09,3.2,VungTau
2002-11-10,2.94,VungTau
2002-11-11,2.68,VungTau
2002-11-12,2.52,VungTau
2002-11-13,2.53,VungTau
2002-11-14,2.75,VungTau
2002-11-15,2.96,VungTau
2002-11-16,3.15,VungTau
2002-11-17,3.3,VungTau
2002-11-18,3.44,VungTau
2002-11-19,3.53,VungTau
2002-11-20,3.52,VungTau
2002-11-21,3.52,VungTau
2002-11-22,3.47,VungTau
2002-11-23,3.4,VungTau
2002-11-24,3.23,VungTau
2002-11-25,3.14,VungTau
2002-11-26,2.92,VungTau
2002-11-27,2.77,VungTau
2002-11-28,2.78,VungTau
2002-11-29,2.89,VungTau
2002-11-30,3.22,VungTau
2002-12-01,3.52,VungTau
2002-12-02,3.72,VungTau
2002-12-03,3.85,VungTau
2002-12-04,3.83,VungTau
2002-12-05,3.78,VungTau
2002-12-06,3.7,VungTau
2002-12-07,3.6,VungTau
2002-12-08,3.35,VungTau
2002-12-09,3.14,VungTau
2002-12-10,2.89,VungTau
2002-12-11,2.65,VungTau
2002-12-12,2.5,VungTau
2002-12-13,2.68,VungTau
2002-12-14,2.76,VungTau
2002-12-15,2.94,VungTau
2002-12-16,3.1,VungTau
2002-12-17,3.32,VungTau
2002-12-18,3.42,VungTau
2002-12-19,3.51,VungTau
2002-12-20,3.58,VungTau
2002-12-21,3.53,VungTau
2002-12-22,3.47,VungTau
2002-12-23,3.37,VungTau
2002-12-24,3.25,VungTau
2002-12-25,3.09,VungTau
2002-12-26,2.92,VungTau
2002-12-27,2.72,VungTau
2002-12-28,2.83,VungTau
2002-12-29,3.05,VungTau
2002-12-30,3.29,VungTau
2002-12-31,3.44,VungTau
2003-01-01,3.58,VungTau
2003-01-02,3.74,VungTau
2003-01-03,3.74,VungTau
2003-01-04,3.66,VungTau
2003-01-05,3.6,VungTau
2003-01-06,3.46,VungTau
2003-01-07,3.3,VungTau
2003-01-08,3.08,VungTau
2003-01-09,2.76,VungTau
2003-01-10,2.6,VungTau
2003-01-11,2.52,VungTau
2003-01-12,2.55,VungTau
2003-01-13,2.64,VungTau
2003-01-14,2.81,VungTau
2003-01-15,3.0,VungTau
2003-01-16,3.17,VungTau
2003-01-17,3.32,VungTau
2003-01-18,3.4,VungTau
2003-01-19,3.53,VungTau
2003-01-20,3.55,VungTau
2003-01-21,3.44,VungTau
2003-01-22,3.39,VungTau
2003-01-23,3.2,VungTau
2003-01-24,2.99,VungTau
2003-01-25,2.86,VungTau
2003-01-26,2.73,VungTau
2003-01-27,2.72,VungTau
2003-01-28,2.77,VungTau
2003-01-29,2.9,VungTau
2003-01-30,3.13,VungTau
2003-01-31,3.35,VungTau
2003-02-01,3.48,VungTau
2003-02-02,3.51,VungTau
2003-02-03,3.52,VungTau
2003-02-04,3.38,VungTau
2003-02-05,3.21,VungTau
2003-02-06,3.06,VungTau
2003-02-07,2.93,VungTau
2003-02-08,2.85,VungTau
2003-02-09,2.68,VungTau
2003-02-10,2.56,VungTau
2003-02-11,2.44,VungTau
2003-02-12,2.56,VungTau
2003-02-13,2.8,VungTau
2003-02-14,3.09,VungTau
2003-02-15,3.29,VungTau
2003-02-16,3.5,VungTau
2003-02-17,3.69,VungTau
2003-02-18,3.67,VungTau
2003-02-19,3.61,VungTau
2003-02-20,3.44,VungTau
2003-02-21,3.28,VungTau
2003-02-22,3.19,VungTau
2003-02-23,2.99,VungTau
2003-02-24,2.72,VungTau
2003-02-25,2.56,VungTau
2003-02-26,2.62,VungTau
2003-02-27,2.85,VungTau
2003-02-28,3.04,VungTau
2003-03-01,3.25,VungTau
2003-03-02,3.37,VungTau
2003-03-03,3.48,VungTau
2003-03-04,3.42,VungTau
2003-03-05,3.4,VungTau
2003-03-06,3.31,VungTau
2003-03-07,3.27,VungTau
2003-03-08,3.23,VungTau
2003-03-09,3.08,VungTau
2003-03-10,2.86,VungTau
2003-03-11,2.64,VungTau
2003-03-12,2.42,VungTau
2003-03-13,2.41,VungTau
2003-03-14,2.69,VungTau
2003-03-15,3.03,VungTau
2003-03-16,3.29,VungTau
2003-03-17,3.6,VungTau
2003-03-18,3.72,VungTau
2003-03-19,3.75,VungTau
2003-03-20,3.7,VungTau
2003-03-21,3.65,VungTau
2003-03-22,3.57,VungTau
2003-03-23,3.3,VungTau
2003-03-24,3.01,VungTau
2003-03-25,2.74,VungTau
2003-03-26,2.44,VungTau
2003-03-27,2.6,VungTau
2003-03-28,2.88,VungTau
2003-03-29,3.08,VungTau
2003-03-30,3.25,VungTau
2003-03-31,3.39,VungTau
2003-04-01,3.41,VungTau
2003-04-02,3.46,VungTau
2003-04-03,3.5,VungTau
2003-04-04,3.47,VungTau
2003-04-05,3.39,VungTau
2003-04-06,3.31,VungTau
2003-04-07,3.16,VungTau
2003-04-08,2.99,VungTau
2003-04-09,2.77,VungTau
2003-04-10,2.54,VungTau
2003-04-11,2.45,VungTau
2003-04-12,2.8,VungTau
2003-04-13,3.12,VungTau
2003-04-14,3.39,VungTau
2003-04-15,3.55,VungTau
2003-04-16,3.7,VungTau
2003-04-17,3.87,VungTau
2003-04-18,3.93,VungTau
2003-04-19,3.87,VungTau
2003-04-20,3.59,VungTau
2003-04-21,3.34,VungTau
2003-04-22,3.12,VungTau
2003-04-23,2.79,VungTau
2003-04-24,2.59,VungTau
2003-04-25,2.66,VungTau
2003-04-26,2.82,VungTau
2003-04-27,2.96,VungTau
2003-04-28,3.13,VungTau
2003-04-29,3.24,VungTau
2003-04-30,3.4,VungTau
2003-05-01,3.51,VungTau
2003-05-02,3.55,VungTau
2003-05-03,3.54,VungTau
2003-05-04,3.47,VungTau
2003-05-05,3.43,VungTau
2003-05-06,3.31,VungTau
2003-05-07,3.2,VungTau
2003-05-08,3.0,VungTau
2003-05-09,2.82,VungTau
2003-05-10,2.76,VungTau
2003-05-11,2.93,VungTau
2003-05-12,3.24,VungTau
2003-05-13,3.59,VungTau
2003-05-14,3.82,VungTau
2003-05-15,4.04,VungTau
2003-05-16,4.13,VungTau
2003-05-17,4.15,VungTau
2003-05-18,3.93,VungTau
2003-05-19,3.8,VungTau
2003-05-20,3.59,VungTau
2003-05-21,3.37,VungTau
2003-05-22,3.14,VungTau
2003-05-23,2.91,VungTau
2003-05-24,2.82,VungTau
2003-05-25,2.93,VungTau
2003-05-26,3.12,VungTau
2003-05-27,3.28,VungTau
2003-05-28,3.41,VungTau
2003-05-29,3.44,VungTau
2003-05-30,3.5,VungTau
2003-05-31,3.56,VungTau
2003-06-01,3.62,VungTau
2003-06-02,3.6,VungTau
2003-06-03,3.61,VungTau
2003-06-04,3.44,VungTau
2003-06-05,3.28,VungTau
2003-06-06,3.16,VungTau
2003-06-07,2.97,VungTau
2003-06-08,2.89,VungTau
2003-06-09,2.89,VungTau
2003-06-10,3.04,VungTau
2003-06-11,3.26,VungTau
2003-06-12,3.46,VungTau
2003-06-13,3.63,VungTau
2003-06-14,3.72,VungTau
2003-06-15,3.71,VungTau
2003-06-16,3.62,VungTau
2003-06-17,3.55,VungTau
2003-06-18,3.44,VungTau
2003-06-19,3.26,VungTau
2003-06-20,3.02,VungTau
2003-06-21,2.84,VungTau
2003-06-22,2.65,VungTau
2003-06-23,2.6,VungTau
2003-06-24,2.72,VungTau
2003-06-25,2.92,VungTau
2003-06-26,3.01,VungTau
2003-06-27,3.12,VungTau
2003-06-28,3.26,VungTau
2003-06-29,3.38,VungTau
2003-06-30,3.39,VungTau
2003-07-01,3.46,VungTau
2003-07-02,3.44,VungTau
2003-07-03,3.45,VungTau
2003-07-04,3.32,VungTau
2003-07-05,3.19,VungTau
2003-07-06,3.04,VungTau
2003-07-07,2.85,VungTau
2003-07-08,2.88,VungTau
2003-07-09,2.93,VungTau
2003-07-10,3.08,VungTau
2003-07-11,3.26,VungTau
2003-07-12,3.38,VungTau
2003-07-13,3.53,VungTau
2003-07-14,3.53,VungTau
2003-07-15,3.61,VungTau
2003-07-16,3.59,VungTau
2003-07-17,3.49,VungTau
2003-07-18,3.35,VungTau
2003-07-19,3.12,VungTau
2003-07-20,2.98,VungTau
2003-07-21,2.75,VungTau
2003-07-22,2.79,VungTau
2003-07-23,2.68,VungTau
2003-07-24,2.74,VungTau
2003-07-25,2.91,VungTau
2003-07-26,2.96,VungTau
2003-07-27,3.14,VungTau
2003-07-28,3.29,VungTau
2003-07-29,3.4,VungTau
2003-07-30,3.52,VungTau
2003-07-31,3.65,VungTau
2003-08-01,3.72,VungTau
2003-08-02,3.62,VungTau
2003-08-03,3.41,VungTau
2003-08-04,3.26,VungTau
2003-08-05,3.04,VungTau
2003-08-06,2.93,VungTau
2003-08-07,2.85,VungTau
2003-08-08,2.95,VungTau
2003-08-09,3.1,VungTau
2003-08-10,3.33,VungTau
2003-08-11,3.5,VungTau
2003-08-12,3.65,VungTau
2003-08-13,3.72,VungTau
2003-08-14,3.66,VungTau
2003-08-15,3.68,VungTau
2003-08-16,3.48,VungTau
2003-08-17,3.44,VungTau
2003-08-18,3.17,VungTau
2003-08-19,2.95,VungTau
2003-08-20,2.72,VungTau
2003-08-21,2.64,VungTau
2003-08-22,2.68,VungTau
2003-08-23,2.8,VungTau
2003-08-24,3.01,VungTau
2003-08-25,3.34,VungTau
2003-08-26,3.46,VungTau
2003-08-27,3.69,VungTau
2003-08-28,3.78,VungTau
2003-08-29,3.85,VungTau
2003-08-30,3.75,VungTau
2003-08-31,3.64,VungTau
2003-09-01,3.48,VungTau
2003-09-02,3.27,VungTau
2003-09-03,3.03,VungTau
2003-09-04,2.74,VungTau
2003-09-05,2.67,VungTau
2003-09-06,2.8,VungTau
2003-09-07,3.09,VungTau
2003-09-08,3.36,VungTau
2003-09-09,3.49,VungTau
2003-09-10,3.63,VungTau
2003-09-11,3.66,VungTau
2003-09-12,3.66,VungTau
2003-09-13,3.59,VungTau
2003-09-14,3.44,VungTau
2003-09-15,3.29,VungTau
2003-09-16,3.18,VungTau
2003-09-17,2.96,VungTau
2003-09-18,2.78,VungTau
2003-09-19,2.5,VungTau
2003-09-20,2.41,VungTau
2003-09-21,2.47,VungTau
2003-09-22,2.81,VungTau
2003-09-23,3.08,VungTau
2003-09-24,3.42,VungTau
2003-09-25,3.62,VungTau
2003-09-26,3.74,VungTau
2003-09-27,3.82,VungTau
2003-09-28,3.87,VungTau
2003-09-29,3.7,VungTau
2003-09-30,3.52,VungTau
2003-10-01,3.32,VungTau
2003-10-02,2.97,VungTau
2003-10-03,2.81,VungTau
2003-10-04,2.62,VungTau
2003-10-05,2.79,VungTau
2003-10-06,3.01,VungTau
2003-10-07,3.18,VungTau
2003-10-08,3.37,VungTau
2003-10-09,3.53,VungTau
2003-10-10,3.58,VungTau
2003-10-11,3.67,VungTau
2003-10-12,3.67,VungTau
2003-10-13,3.61,VungTau
2003-10-14,3.5,VungTau
2003-10-15,3.36,VungTau
2003-10-16,3.23,VungTau
2003-10-17,2.98,VungTau
2003-10-18,2.76,VungTau
2003-10-19,2.65,VungTau
2003-10-20,2.72,VungTau
2003-10-21,3.01,VungTau
2003-10-22,3.2,VungTau
2003-10-23,3.54,VungTau
2003-10-24,3.78,VungTau
2003-10-25,3.9,VungTau
2003-10-26,3.98,VungTau
2003-10-27,3.9,VungTau
2003-10-28,3.72,VungTau
2003-10-29,3.5,VungTau
2003-10-30,3.16,VungTau
2003-10-31,2.94,VungTau
2003-11-01,2.75,VungTau
2003-11-02,2.65,VungTau
2003-11-03,2.77,VungTau
2003-11-04,3.07,VungTau
2003-11-05,3.26,VungTau
2003-11-06,3.42,VungTau
2003-11-07,3.53,VungTau
2003-11-08,3.65,VungTau
2003-11-09,3.7,VungTau
2003-11-10,3.69,VungTau
2003-11-11,3.62,VungTau
2003-11-12,3.53,VungTau
2003-11-13,3.41,VungTau
2003-11-14,3.22,VungTau
2003-11-15,3.07,VungTau
2003-11-16,2.91,VungTau
2003-11-17,2.76,VungTau
2003-11-18,2.8,VungTau
2003-11-19,3.01,VungTau
2003-11-20,3.32,VungTau
2003-11-21,3.51,VungTau
2003-11-22,3.78,VungTau
2003-11-23,3.89,VungTau
2003-11-24,3.96,VungTau
2003-11-25,3.97,VungTau
2003-11-26,3.83,VungTau
2003-11-27,3.62,VungTau
2003-11-28,3.4,VungTau
2003-11-29,3.15,VungTau
2003-11-30,2.85,VungTau
2003-12-01,2.7,VungTau
2003-12-02,2.77,VungTau
2003-12-03,2.96,VungTau
2003-12-04,3.11,VungTau
2003-12-05,3.2,VungTau
2003-12-06,3.36,VungTau
2003-12-07,3.4,VungTau
2003-12-08,3.46,VungTau
2003-12-09,3.48,VungTau
2003-12-10,3.52,VungTau
2003-12-11,3.44,VungTau
2003-12-12,3.43,VungTau
2003-12-13,3.33,VungTau
2003-12-14,3.27,VungTau
2003-12-15,3.11,VungTau
2003-12-16,2.91,VungTau
2003-12-17,2.76,VungTau
2003-12-18,2.91,VungTau
2003-12-19,3.14,VungTau
2003-12-20,3.27,VungTau
2003-12-21,3.42,VungTau
2003-12-22,3.48,VungTau
2003-12-23,3.64,VungTau
2003-12-24,3.72,VungTau
2003-12-25,3.73,VungTau
2003-12-26,3.59,VungTau
2003-12-27,3.37,VungTau
2003-12-28,3.17,VungTau
2003-12-29,2.87,VungTau
2003-12-30,2.71,VungTau
2003-12-31,2.66,VungTau
2004-01-01,2.67,VungTau
2004-01-02,2.77,VungTau
2004-01-03,2.85,VungTau
2004-01-04,2.95,VungTau
2004-01-05,3.08,VungTau
2004-01-06,3.19,VungTau
2004-01-07,3.25,VungTau
2004-01-08,3.35,VungTau
2004-01-09,3.33,VungTau
2004-01-10,3.35,VungTau
2004-01-11,3.28,VungTau
2004-01-12,3.21,VungTau
2004-01-13,3.04,VungTau
2004-01-14,2.84,VungTau
2004-01-15,2.75,VungTau
2004-01-16,2.75,VungTau
2004-01-17,2.78,VungTau
2004-01-18,2.99,VungTau
2004-01-19,3.11,VungTau
2004-01-20,3.27,VungTau
2004-01-21,3.49,VungTau
2004-01-22,3.57,VungTau
2004-01-23,3.53,VungTau
2004-01-24,3.45,VungTau
2004-01-25,3.34,VungTau
2004-01-26,3.09,VungTau
2004-01-27,2.9,VungTau
2004-01-28,2.73,VungTau
2004-01-29,2.64,VungTau
2004-01-30,2.5,VungTau
2004-01-31,2.4,VungTau
2004-02-01,2.5,VungTau
2004-02-02,2.69,VungTau
2004-02-03,2.92,VungTau
2004-02-04,3.13,VungTau
2004-02-05,3.32,VungTau
2004-02-06,3.45,VungTau
2004-02-07,3.51,VungTau
2004-02-08,3.51,VungTau
2004-02-09,3.4,VungTau
2004-02-10,3.27,VungTau
2004-02-11,3.07,VungTau
2004-02-12,2.96,VungTau
2004-02-13,2.76,VungTau
2004-02-14,2.66,VungTau
2004-02-15,2.57,VungTau
2004-02-16,2.65,VungTau
2004-02-17,2.95,VungTau
2004-02-18,3.21,VungTau
2004-02-19,3.42,VungTau
2004-02-20,3.56,VungTau
2004-02-21,3.6,VungTau
2004-02-22,3.55,VungTau
2004-02-23,3.41,VungTau
2004-02-24,3.27,VungTau
2004-02-25,3.19,VungTau
2004-02-26,2.99,VungTau
2004-02-27,2.83,VungTau
2004-02-28,2.6,VungTau
2004-02-29,2.34,VungTau
2004-03-01,2.33,VungTau
2004-03-02,2.62,VungTau
2004-03-03,2.92,VungTau
2004-03-04,3.14,VungTau
2004-03-05,3.42,VungTau
2004-03-06,3.52,VungTau
2004-03-07,3.67,VungTau
2004-03-08,3.61,VungTau
2004-03-09,3.58,VungTau
2004-03-10,3.56,VungTau
2004-03-11,3.53,VungTau
2004-03-12,3.26,VungTau
2004-03-13,3.05,VungTau
2004-03-14,2.77,VungTau
2004-03-15,2.54,VungTau
2004-03-16,2.76,VungTau
2004-03-17,3.01,VungTau
2004-03-18,3.29,VungTau
2004-03-19,3.49,VungTau
2004-03-20,3.62,VungTau
2004-03-21,3.65,VungTau
2004-03-22,3.56,VungTau
2004-03-23,3.58,VungTau
2004-03-24,3.54,VungTau
2004-03-25,3.38,VungTau
2004-03-26,3.24,VungTau
2004-03-27,3.05,VungTau
2004-03-28,2.84,VungTau
2004-03-29,2.58,VungTau
2004-03-30,2.38,VungTau
2004-03-31,2.62,VungTau
2004-04-01,2.89,VungTau
2004-04-02,3.16,VungTau
2004-04-03,3.4,VungTau
2004-04-04,3.57,VungTau
2004-04-05,3.61,VungTau
2004-04-06,3.78,VungTau
2004-04-07,3.78,VungTau
2004-04-08,3.78,VungTau
2004-04-09,3.61,VungTau
2004-04-10,3.38,VungTau
2004-04-11,3.11,VungTau
2004-04-12,2.8,VungTau
2004-04-13,2.61,VungTau
2004-04-14,2.83,VungTau
2004-04-15,3.02,VungTau
2004-04-16,3.17,VungTau
2004-04-17,3.32,VungTau
2004-04-18,3.49,VungTau
2004-04-19,3.53,VungTau
2004-04-20,3.58,VungTau
2004-04-21,3.54,VungTau
2004-04-22,3.43,VungTau
2004-04-23,3.41,VungTau
2004-04-24,3.27,VungTau
2004-04-25,3.13,VungTau
2004-04-26,2.9,VungTau
2004-04-27,2.75,VungTau
2004-04-28,2.55,VungTau
2004-04-29,2.6,VungTau
2004-04-30,2.9,VungTau
2004-05-01,3.14,VungTau
2004-05-02,3.37,VungTau
2004-05-03,3.58,VungTau
2004-05-04,3.83,VungTau
2004-05-05,3.89,VungTau
2004-05-06,3.94,VungTau
2004-05-07,3.86,VungTau
2004-05-08,3.68,VungTau
2004-05-09,3.46,VungTau
2004-05-10,3.25,VungTau
2004-05-11,3.06,VungTau
2004-05-12,3.0,VungTau
2004-05-13,3.11,VungTau
2004-05-14,3.23,VungTau
2004-05-15,3.38,VungTau
2004-05-16,3.49,VungTau
2004-05-17,3.61,VungTau
2004-05-18,3.66,VungTau
2004-05-19,3.66,VungTau
2004-05-20,3.67,VungTau
2004-05-21,3.62,VungTau
2004-05-22,3.56,VungTau
2004-05-23,3.46,VungTau
2004-05-24,3.41,VungTau
2004-05-25,3.34,VungTau
2004-05-26,3.17,VungTau
2004-05-27,3.01,VungTau
2004-05-28,2.96,VungTau
2004-05-29,2.97,VungTau
2004-05-30,3.15,VungTau
2004-05-31,3.32,VungTau
2004-06-01,3.55,VungTau
2004-06-02,3.74,VungTau
2004-06-03,3.9,VungTau
2004-06-04,3.85,VungTau
2004-06-05,3.82,VungTau
2004-06-06,3.8,VungTau
2004-06-07,3.71,VungTau
2004-06-08,3.39,VungTau
2004-06-09,3.22,VungTau
2004-06-10,2.98,VungTau
2004-06-11,2.85,VungTau
2004-06-12,2.99,VungTau
2004-06-13,3.12,VungTau
2004-06-14,3.24,VungTau
2004-06-15,3.33,VungTau
2004-06-16,3.5,VungTau
2004-06-17,3.49,VungTau
2004-06-18,3.48,VungTau
2004-06-19,3.54,VungTau
2004-06-20,3.51,VungTau
2004-06-21,3.5,VungTau
2004-06-22,3.39,VungTau
2004-06-23,3.32,VungTau
2004-06-24,3.17,VungTau
2004-06-25,3.06,VungTau
2004-06-26,3.02,VungTau
2004-06-27,3.02,VungTau
2004-06-28,3.13,VungTau
2004-06-29,3.31,VungTau
2004-06-30,3.5,VungTau
2004-07-01,3.6,VungTau
2004-07-02,3.71,VungTau
2004-07-03,3.7,VungTau
2004-07-04,3.68,VungTau
2004-07-05,3.69,VungTau
2004-07-06,3.58,VungTau
2004-07-07,3.38,VungTau
2004-07-08,3.22,VungTau
2004-07-09,2.97,VungTau
2004-07-10,2.84,VungTau
2004-07-11,2.79,VungTau
2004-07-12,2.84,VungTau
2004-07-13,2.98,VungTau
2004-07-14,3.06,VungTau
2004-07-15,3.2,VungTau
2004-07-16,3.25,VungTau
2004-07-17,3.32,VungTau
2004-07-18,3.44,VungTau
2004-07-19,3.51,VungTau
2004-07-20,3.48,VungTau
2004-07-21,3.44,VungTau
2004-07-22,3.44,VungTau
2004-07-23,3.36,VungTau
2004-07-24,3.12,VungTau
2004-07-25,3.05,VungTau
2004-07-26,2.95,VungTau
2004-07-27,2.89,VungTau
2004-07-28,3.06,VungTau
2004-07-29,3.21,VungTau
2004-07-30,3.41,VungTau
2004-07-31,3.68,VungTau
2004-08-01,3.83,VungTau
2004-08-02,3.87,VungTau
2004-08-03,3.82,VungTau
2004-08-04,3.73,VungTau
2004-08-05,3.53,VungTau
2004-08-06,3.24,VungTau
2004-08-07,2.99,VungTau
2004-08-08,2.71,VungTau
2004-08-09,2.58,VungTau
2004-08-10,2.54,VungTau
2004-08-11,2.65,VungTau
2004-08-12,2.89,VungTau
2004-08-13,3.08,VungTau
2004-08-14,3.25,VungTau
2004-08-15,3.44,VungTau
2004-08-16,3.52,VungTau
2004-08-17,3.61,VungTau
2004-08-18,3.59,VungTau
2004-08-19,3.6,VungTau
2004-08-20,3.47,VungTau
2004-08-21,3.29,VungTau
2004-08-22,3.1,VungTau
2004-08-23,2.94,VungTau
2004-08-24,2.82,VungTau
2004-08-25,2.71,VungTau
2004-08-26,2.8,VungTau
2004-08-27,3.11,VungTau
2004-08-28,3.38,VungTau
2004-08-29,3.61,VungTau
2004-08-30,3.74,VungTau
2004-08-31,3.83,VungTau
2004-09-01,3.71,VungTau
2004-09-02,3.6,VungTau
2004-09-03,3.4,VungTau
2004-09-04,3.23,VungTau
2004-09-05,3.06,VungTau
2004-09-06,2.87,VungTau
2004-09-07,2.68,VungTau
2004-09-08,2.56,VungTau
2004-09-09,2.62,VungTau
2004-09-10,2.85,VungTau
2004-09-11,3.08,VungTau
2004-09-12,3.28,VungTau
2004-09-13,3.49,VungTau
2004-09-14,3.58,VungTau
2004-09-15,3.68,VungTau
2004-09-16,3.63,VungTau
2004-09-17,3.6,VungTau
2004-09-18,3.5,VungTau
2004-09-19,3.34,VungTau
2004-09-20,3.09,VungTau
2004-09-21,2.85,VungTau
2004-09-22,2.59,VungTau
2004-09-23,2.55,VungTau
2004-09-24,2.71,VungTau
2004-09-25,3.03,VungTau
2004-09-26,3.32,VungTau
2004-09-27,3.51,VungTau
2004-09-28,3.61,VungTau
2004-09-29,3.65,VungTau
2004-09-30,3.58,VungTau
2004-10-01,3.53,VungTau
2004-10-02,3.37,VungTau
2004-10-03,3.23,VungTau
2004-10-04,3.05,VungTau
2004-10-05,2.8,VungTau
2004-10-06,2.58,VungTau
2004-10-07,2.45,VungTau
2004-10-08,2.49,VungTau
2004-10-09,2.74,VungTau
2004-10-10,2.99,VungTau
2004-10-11,3.19,VungTau
2004-10-12,3.38,VungTau
2004-10-13,3.62,VungTau
2004-10-14,3.82,VungTau
2004-10-15,3.88,VungTau
2004-10-16,3.81,VungTau
2004-10-17,3.69,VungTau
2004-10-18,3.47,VungTau
2004-10-19,3.18,VungTau
2004-10-20,2.86,VungTau
2004-10-21,2.62,VungTau
2004-10-22,2.58,VungTau
2004-10-23,2.81,VungTau
2004-10-24,3.06,VungTau
2004-10-25,3.29,VungTau
2004-10-26,3.44,VungTau
2004-10-27,3.53,VungTau
2004-10-28,3.58,VungTau
2004-10-29,3.6,VungTau
2004-10-30,3.53,VungTau
2004-10-31,3.41,VungTau
2004-11-01,3.24,VungTau
2004-11-02,3.09,VungTau
2004-11-03,2.88,VungTau
2004-11-04,2.61,VungTau
2004-11-05,2.44,VungTau
2004-11-06,2.5,VungTau
2004-11-07,2.68,VungTau
2004-11-08,2.96,VungTau
2004-11-09,3.21,VungTau
2004-11-10,3.49,VungTau
2004-11-11,3.68,VungTau
2004-11-12,3.83,VungTau
2004-11-13,3.88,VungTau
2004-11-14,3.83,VungTau
2004-11-15,3.68,VungTau
2004-11-16,3.51,VungTau
2004-11-17,3.22,VungTau
2004-11-18,2.96,VungTau
2004-11-19,2.82,VungTau
2004-11-20,2.79,VungTau
2004-11-21,3.0,VungTau
2004-11-22,3.16,VungTau
2004-11-23,3.3,VungTau
2004-11-24,3.46,VungTau
2004-11-25,3.5,VungTau
2004-11-26,3.53,VungTau
2004-11-27,3.5,VungTau
2004-11-28,3.48,VungTau
2004-11-29,3.38,VungTau
2004-11-30,3.31,VungTau
2004-12-01,3.19,VungTau
2004-12-02,3.08,VungTau
2004-12-03,2.9,VungTau
2004-12-04,2.74,VungTau
2004-12-05,2.64,VungTau
2004-12-06,2.66,VungTau
2004-12-07,2.82,VungTau
2004-12-08,3.04,VungTau
2004-12-09,3.28,VungTau
2004-12-10,3.45,VungTau
2004-12-11,3.54,VungTau
2004-12-12,3.62,VungTau
2004-12-13,3.66,VungTau
2004-12-14,3.61,VungTau
2004-12-15,3.45,VungTau
2004-12-16,3.25,VungTau
2004-12-17,3.07,VungTau
2004-12-18,2.85,VungTau
2004-12-19,2.7,VungTau
2004-12-20,2.75,VungTau
2004-12-21,2.85,VungTau
2004-12-22,2.96,VungTau
2004-12-23,3.03,VungTau
2004-12-24,3.15,VungTau
2004-12-25,3.27,VungTau
2004-12-26,3.43,VungTau
2004-12-27,3.39,VungTau
2004-12-28,3.36,VungTau
2004-12-29,3.34,VungTau
2004-12-30,3.28,VungTau
2004-12-31,3.16,VungTau
2005-01-01,3.02,VungTau
2005-01-02,2.84,VungTau
2005-01-03,2.64,VungTau
2005-01-04,2.62,VungTau
2005-01-05,2.68,VungTau
2005-01-06,2.86,VungTau
2005-01-07,3.02,VungTau
2005-01-08,3.26,VungTau
2005-01-09,3.48,VungTau
2005-01-10,3.61,VungTau
2005-01-11,3.74,VungTau
2005-01-12,3.75,VungTau
2005-01-13,3.61,VungTau
2005-01-14,3.42,VungTau
2005-01-15,3.18,VungTau
2005-01-16,2.89,VungTau
2005-01-17,2.85,VungTau
2005-01-18,2.67,VungTau
2005-01-19,2.6,VungTau
2005-01-20,2.63,VungTau
2005-01-21,2.76,VungTau
2005-01-22,2.91,VungTau
2005-01-23,3.06,VungTau
2005-01-24,3.22,VungTau
2005-01-25,3.35,VungTau
2005-01-26,3.42,VungTau
2005-01-27,3.42,VungTau
2005-01-28,3.42,VungTau
2005-01-29,3.33,VungTau
2005-01-30,3.2,VungTau
2005-01-31,3.01,VungTau
2005-02-01,2.92,VungTau
2005-02-02,2.76,VungTau
2005-02-03,2.65,VungTau
2005-02-04,2.65,VungTau
2005-02-05,2.74,VungTau
2005-02-06,3.05,VungTau
2005-02-07,3.32,VungTau
2005-02-08,3.51,VungTau
2005-02-09,3.67,VungTau
2005-02-10,2.09,VungTau
2005-02-11,2.182857142857143,VungTau
2005-02-12,2.275714285714286,VungTau
2005-02-13,2.3685714285714283,VungTau
2005-02-14,2.4614285714285713,VungTau
2005-02-15,2.5542857142857143,VungTau
2005-02-16,2.6471428571428572,VungTau
2005-02-17,2.74,VungTau
2005-02-18,2.8328571428571427,VungTau
2005-02-19,2.9257142857142857,VungTau
2005-02-20,3.0185714285714287,VungTau
2005-02-21,3.111428571428571,VungTau
2005-02-22,3.2042857142857146,VungTau
2005-02-23,3.297142857142857,VungTau
2005-02-24,3.39,VungTau
2005-02-25,3.47,VungTau
2005-02-26,3.43,VungTau
2005-02-27,3.31,VungTau
2005-02-28,3.23,VungTau
2005-03-01,3.21,VungTau
2005-03-02,3.03,VungTau
2005-03-03,2.84,VungTau
2005-03-04,2.59,VungTau
2005-03-05,2.46,VungTau
2005-03-06,2.64,VungTau
2005-03-07,2.94,VungTau
2005-03-08,3.22,VungTau
2005-03-09,3.48,VungTau
2005-03-10,3.61,VungTau
2005-03-11,3.56,VungTau
2005-03-12,3.47,VungTau
2005-03-13,3.47,VungTau
2005-03-14,3.32,VungTau
2005-03-15,3.19,VungTau
2005-03-16,2.91,VungTau
2005-03-17,2.7,VungTau
2005-03-18,2.42,VungTau
2005-03-19,2.14,VungTau
2005-03-20,2.38,VungTau
2005-03-21,2.63,VungTau
2005-03-22,2.87,VungTau
2005-03-23,3.09,VungTau
2005-03-24,3.28,VungTau
2005-03-25,3.35,VungTau
2005-03-26,3.43,VungTau
2005-03-27,3.48,VungTau
2005-03-28,3.52,VungTau
2005-03-29,3.53,VungTau
2005-03-30,3.38,VungTau
2005-03-31,3.19,VungTau
2005-04-01,2.97,VungTau
2005-04-02,2.68,VungTau
2005-04-03,2.52,VungTau
2005-04-04,2.78,VungTau
2005-04-05,3.13,VungTau
2005-04-06,3.41,VungTau
2005-04-07,3.55,VungTau
2005-04-08,3.66,VungTau
2005-04-09,3.7,VungTau
2005-04-10,3.71,VungTau
2005-04-11,3.62,VungTau
2005-04-12,3.53,VungTau
2005-04-13,3.36,VungTau
2005-04-14,3.12,VungTau
2005-04-15,2.92,VungTau
2005-04-16,2.7,VungTau
2005-04-17,2.49,VungTau
2005-04-18,2.55,VungTau
2005-04-19,2.76,VungTau
2005-04-20,3.0,VungTau
2005-04-21,3.22,VungTau
2005-04-22,3.34,VungTau
2005-04-23,3.51,VungTau
2005-04-24,3.63,VungTau
2005-04-25,3.76,VungTau
2005-04-26,3.71,VungTau
2005-04-27,3.63,VungTau
2005-04-28,3.51,VungTau
2005-04-29,3.3,VungTau
2005-04-30,3.11,VungTau
2005-05-01,2.84,VungTau
2005-05-02,2.73,VungTau
2005-05-03,2.84,VungTau
2005-05-04,3.03,VungTau
2005-05-05,3.24,VungTau
2005-05-06,3.44,VungTau
2005-05-07,3.61,VungTau
2005-05-08,3.66,VungTau
2005-05-09,3.67,VungTau
2005-05-10,3.63,VungTau
2005-05-11,3.52,VungTau
2005-05-12,3.41,VungTau
2005-05-13,3.3,VungTau
2005-05-14,3.11,VungTau
2005-05-15,2.93,VungTau
2005-05-16,2.75,VungTau
2005-05-17,2.64,VungTau
2005-05-18,2.73,VungTau
2005-05-19,3.0,VungTau
2005-05-20,3.19,VungTau
2005-05-21,3.38,VungTau
2005-05-22,3.62,VungTau
2005-05-23,3.75,VungTau
2005-05-24,3.84,VungTau
2005-05-25,3.84,VungTau
2005-05-26,3.74,VungTau
2005-05-27,3.6,VungTau
2005-05-28,3.45,VungTau
2005-05-29,3.3,VungTau
2005-05-30,3.07,VungTau
2005-05-31,3.0,VungTau
2005-06-01,2.91,VungTau
2005-06-02,3.13,VungTau
2005-06-03,3.22,VungTau
2005-06-04,3.32,VungTau
2005-06-05,3.41,VungTau
2005-06-06,3.45,VungTau
2005-06-07,3.54,VungTau
2005-06-08,3.49,VungTau
2005-06-09,3.54,VungTau
2005-06-10,3.5,VungTau
2005-06-11,3.42,VungTau
2005-06-12,3.3,VungTau
2005-06-13,3.11,VungTau
2005-06-14,3.06,VungTau
2005-06-15,2.85,VungTau
2005-06-16,2.87,VungTau
2005-06-17,2.92,VungTau
2005-06-18,3.1,VungTau
2005-06-19,3.26,VungTau
2005-06-20,3.5,VungTau
2005-06-21,3.57,VungTau
2005-06-22,3.7,VungTau
2005-06-23,3.78,VungTau
2005-06-24,3.78,VungTau
2005-06-25,3.78,VungTau
2005-06-26,3.67,VungTau
2005-06-27,3.49,VungTau
2005-06-28,3.27,VungTau
2005-06-29,2.99,VungTau
2005-06-30,2.92,VungTau
2005-07-01,3.01,VungTau
2005-07-02,3.06,VungTau
2005-07-03,3.14,VungTau
2005-07-04,3.27,VungTau
2005-07-05,3.35,VungTau
2005-07-06,3.45,VungTau
2005-07-07,3.43,VungTau
2005-07-08,3.47,VungTau
2005-07-09,3.43,VungTau
2005-07-10,3.41,VungTau
2005-07-11,3.35,VungTau
2005-07-12,3.22,VungTau
2005-07-13,3.04,VungTau
2005-07-14,2.91,VungTau
2005-07-15,2.8,VungTau
2005-07-16,2.82,VungTau
2005-07-17,2.89,VungTau
2005-07-18,3.05,VungTau
2005-07-19,3.29,VungTau
2005-07-20,3.46,VungTau
2005-07-21,3.75,VungTau
2005-07-22,3.86,VungTau
2005-07-23,3.94,VungTau
2005-07-24,3.89,VungTau
2005-07-25,3.76,VungTau
2005-07-26,3.51,VungTau
2005-07-27,3.25,VungTau
2005-07-28,2.96,VungTau
2005-07-29,2.85,VungTau
2005-07-30,2.76,VungTau
2005-07-31,2.82,VungTau
2005-08-01,2.94,VungTau
2005-08-02,3.04,VungTau
2005-08-03,3.24,VungTau
2005-08-04,3.38,VungTau
2005-08-05,3.49,VungTau
2005-08-06,3.6,VungTau
2005-08-07,3.56,VungTau
2005-08-08,3.54,VungTau
2005-08-09,3.49,VungTau
2005-08-10,3.38,VungTau
2005-08-11,3.23,VungTau
2005-08-12,2.96,VungTau
2005-08-13,2.85,VungTau
2005-08-14,2.74,VungTau
2005-08-15,2.67,VungTau
2005-08-16,2.85,VungTau
2005-08-17,3.14,VungTau
2005-08-18,3.42,VungTau
2005-08-19,3.66,VungTau
2005-08-20,3.83,VungTau
2005-08-21,3.85,VungTau
2005-08-22,3.76,VungTau
2005-08-23,3.56,VungTau
2005-08-24,3.35,VungTau
2005-08-25,3.13,VungTau
2005-08-26,2.83,VungTau
2005-08-27,2.62,VungTau
2005-08-28,2.44,VungTau
2005-08-29,2.44,VungTau
2005-08-30,2.64,VungTau
2005-08-31,2.84,VungTau
2005-09-01,3.15,VungTau
2005-09-02,3.35,VungTau
2005-09-03,3.47,VungTau
2005-09-04,3.59,VungTau
2005-09-05,3.65,VungTau
2005-09-06,3.58,VungTau
2005-09-07,3.48,VungTau
2005-09-08,3.45,VungTau
2005-09-09,3.36,VungTau
2005-09-10,3.18,VungTau
2005-09-11,2.95,VungTau
2005-09-12,2.76,VungTau
2005-09-13,2.76,VungTau
2005-09-14,2.96,VungTau
2005-09-15,3.27,VungTau
2005-09-16,3.65,VungTau
2005-09-17,3.78,VungTau
2005-09-18,3.84,VungTau
2005-09-19,3.84,VungTau
2005-09-20,3.66,VungTau
2005-09-21,3.57,VungTau
2005-09-22,3.4,VungTau
2005-09-23,3.14,VungTau
2005-09-24,2.85,VungTau
2005-09-25,2.64,VungTau
2005-09-26,2.39,VungTau
2005-09-27,2.46,VungTau
2005-09-28,2.65,VungTau
2005-09-29,2.95,VungTau
2005-09-30,3.1,VungTau
2005-10-01,3.27,VungTau
2005-10-02,3.43,VungTau
2005-10-03,3.47,VungTau
2005-10-04,3.54,VungTau
2005-10-05,3.56,VungTau
2005-10-06,3.56,VungTau
2005-10-07,3.46,VungTau
2005-10-08,3.31,VungTau
2005-10-09,3.1,VungTau
2005-10-10,2.85,VungTau
2005-10-11,2.63,VungTau
2005-10-12,2.64,VungTau
2005-10-13,2.86,VungTau
2005-10-14,3.14,VungTau
2005-10-15,3.52,VungTau
2005-10-16,3.71,VungTau
2005-10-17,3.85,VungTau
2005-10-18,3.93,VungTau
2005-10-19,3.91,VungTau
2005-10-20,3.74,VungTau
2005-10-21,3.55,VungTau
2005-10-22,3.32,VungTau
2005-10-23,3.06,VungTau
2005-10-24,2.81,VungTau
2005-10-25,2.53,VungTau
2005-10-26,2.46,VungTau
2005-10-27,2.67,VungTau
2005-10-28,2.96,VungTau
2005-10-29,3.19,VungTau
2005-10-30,3.44,VungTau
2005-10-31,3.63,VungTau
2005-11-01,3.76,VungTau
2005-11-02,3.79,VungTau
2005-11-03,3.81,VungTau
2005-11-04,3.75,VungTau
2005-11-05,3.63,VungTau
2005-11-06,3.44,VungTau
2005-11-07,3.25,VungTau
2005-11-08,3.07,VungTau
2005-11-09,2.95,VungTau
2005-11-10,2.94,VungTau
2005-11-11,3.15,VungTau
2005-11-12,3.45,VungTau
2005-11-13,3.6,VungTau
2005-11-14,3.73,VungTau
2005-11-15,3.74,VungTau
2005-11-16,3.73,VungTau
2005-11-17,3.76,VungTau
2005-11-18,3.65,VungTau
2005-11-19,3.54,VungTau
2005-11-20,3.39,VungTau
2005-11-21,3.13,VungTau
2005-11-22,2.95,VungTau
2005-11-23,2.73,VungTau
2005-11-24,2.62,VungTau
2005-11-25,2.73,VungTau
2005-11-26,2.94,VungTau
2005-11-27,3.12,VungTau
2005-11-28,3.37,VungTau
2005-11-29,3.59,VungTau
2005-11-30,3.66,VungTau
2005-12-01,3.75,VungTau
2005-12-02,3.75,VungTau
2005-12-03,3.7,VungTau
2005-12-04,3.65,VungTau
2005-12-05,3.53,VungTau
2005-12-06,3.25,VungTau
2005-12-07,3.05,VungTau
2005-12-08,2.91,VungTau
2005-12-09,2.8,VungTau
2005-12-10,2.92,VungTau
2005-12-11,3.14,VungTau
2005-12-12,3.32,VungTau
2005-12-13,3.44,VungTau
2005-12-14,3.44,VungTau
2005-12-15,3.52,VungTau
2005-12-16,3.62,VungTau
2005-12-17,3.62,VungTau
2005-12-18,3.53,VungTau
2005-12-19,3.35,VungTau
2005-12-20,3.25,VungTau
2005-12-21,3.13,VungTau
2005-12-22,2.93,VungTau
2005-12-23,2.73,VungTau
2005-12-24,2.65,VungTau
2005-12-25,2.78,VungTau
2005-12-26,2.93,VungTau
2005-12-27,3.12,VungTau
2005-12-28,3.35,VungTau
2005-12-29,3.55,VungTau
2005-12-30,3.66,VungTau
2005-12-31,3.72,VungTau
2006-01-01,3.81,VungTau
2006-01-02,3.74,VungTau
2006-01-03,3.61,VungTau
2006-01-04,3.45,VungTau
2006-01-05,3.27,VungTau
2006-01-06,3.02,VungTau
2006-01-07,2.91,VungTau
2006-01-08,2.82,VungTau
2006-01-09,2.78,VungTau
2006-01-10,2.82,VungTau
2006-01-11,2.93,VungTau
2006-01-12,3.13,VungTau
2006-01-13,3.32,VungTau
2006-01-14,3.43,VungTau
2006-01-15,3.52,VungTau
2006-01-16,3.49,VungTau
2006-01-17,3.49,VungTau
2006-01-18,3.31,VungTau
2006-01-19,3.23,VungTau
2006-01-20,3.04,VungTau
2006-01-21,2.91,VungTau
2006-01-22,2.76,VungTau
2006-01-23,2.63,VungTau
2006-01-24,2.62,VungTau
2006-01-25,2.67,VungTau
2006-01-26,2.92,VungTau
2006-01-27,3.2,VungTau
2006-01-28,3.48,VungTau
2006-01-29,3.68,VungTau
2006-01-30,3.82,VungTau
2006-01-31,3.82,VungTau
2006-02-01,3.64,VungTau
2006-02-02,3.49,VungTau
2006-02-03,3.22,VungTau
2006-02-04,3.06,VungTau
2006-02-05,2.82,VungTau
2006-02-06,2.62,VungTau
2006-02-07,2.43,VungTau
2006-02-08,2.59,VungTau
2006-02-09,2.77,VungTau
2006-02-10,2.96,VungTau
2006-02-11,3.18,VungTau
2006-02-12,3.27,VungTau
2006-02-13,3.42,VungTau
2006-02-14,3.42,VungTau
2006-02-15,3.42,VungTau
2006-02-16,3.38,VungTau
2006-02-17,3.26,VungTau
2006-02-18,3.14,VungTau
2006-02-19,3.03,VungTau
2006-02-20,2.92,VungTau
2006-02-21,2.72,VungTau
2006-02-22,2.5,VungTau
2006-02-23,2.44,VungTau
2006-02-24,2.73,VungTau
2006-02-25,3.1,VungTau
2006-02-26,3.4,VungTau
2006-02-27,3.69,VungTau
2006-02-28,3.88,VungTau
2006-03-01,3.83,VungTau
2006-03-02,3.71,VungTau
2006-03-03,3.54,VungTau
2006-03-04,3.42,VungTau
2006-03-05,3.19,VungTau
2006-03-06,2.89,VungTau
2006-03-07,2.6,VungTau
2006-03-08,2.3,VungTau
2006-03-09,2.42,VungTau
2006-03-10,2.72,VungTau
2006-03-11,3.0,VungTau
2006-03-12,3.14,VungTau
2006-03-13,3.33,VungTau
2006-03-14,3.37,VungTau
2006-03-15,3.45,VungTau
2006-03-16,3.43,VungTau
2006-03-17,3.44,VungTau
2006-03-18,3.4,VungTau
2006-03-19,3.33,VungTau
2006-03-20,3.24,VungTau
2006-03-21,3.03,VungTau
2006-03-22,2.86,VungTau
2006-03-23,2.64,VungTau
2006-03-24,2.49,VungTau
2006-03-25,2.88,VungTau
2006-03-26,3.21,VungTau
2006-03-27,3.49,VungTau
2006-03-28,3.73,VungTau
2006-03-29,3.8,VungTau
2006-03-30,3.83,VungTau
2006-03-31,3.81,VungTau
2006-04-01,3.72,VungTau
2006-04-02,3.53,VungTau
2006-04-03,3.3,VungTau
2006-04-04,3.08,VungTau
2006-04-05,2.78,VungTau
2006-04-06,2.52,VungTau
2006-04-07,2.53,VungTau
2006-04-08,2.8,VungTau
2006-04-09,2.93,VungTau
2006-04-10,3.17,VungTau
2006-04-11,3.23,VungTau
2006-04-12,3.42,VungTau
2006-04-13,3.52,VungTau
2006-04-14,3.63,VungTau
2006-04-15,3.64,VungTau
2006-04-16,3.62,VungTau
2006-04-17,3.6,VungTau
2006-04-18,3.41,VungTau
2006-04-19,3.22,VungTau
2006-04-20,3.0,VungTau
2006-04-21,2.74,VungTau
2006-04-22,2.73,VungTau
2006-04-23,2.95,VungTau
2006-04-24,3.22,VungTau
2006-04-25,3.41,VungTau
2006-04-26,3.57,VungTau
2006-04-27,3.81,VungTau
2006-04-28,3.85,VungTau
2006-04-29,3.82,VungTau
2006-04-30,3.67,VungTau
2006-05-01,3.47,VungTau
2006-05-02,3.32,VungTau
2006-05-03,3.12,VungTau
2006-05-04,2.88,VungTau
2006-05-05,2.71,VungTau
2006-05-06,2.62,VungTau
2006-05-07,2.7,VungTau
2006-05-08,2.88,VungTau
2006-05-09,3.13,VungTau
2006-05-10,3.32,VungTau
2006-05-11,3.38,VungTau
2006-05-12,3.52,VungTau
2006-05-13,3.62,VungTau
2006-05-14,3.65,VungTau
2006-05-15,3.63,VungTau
2006-05-16,3.55,VungTau
2006-05-17,3.44,VungTau
2006-05-18,3.32,VungTau
2006-05-19,3.21,VungTau
2006-05-20,3.03,VungTau
2006-05-21,2.93,VungTau
2006-05-22,3.12,VungTau
2006-05-23,3.22,VungTau
2006-05-24,3.42,VungTau
2006-05-25,3.52,VungTau
2006-05-26,3.62,VungTau
2006-05-27,3.61,VungTau
2006-05-28,3.56,VungTau
2006-05-29,3.53,VungTau
2006-05-30,3.32,VungTau
2006-05-31,3.32,VungTau
2006-06-01,3.19,VungTau
2006-06-02,3.02,VungTau
2006-06-03,2.9,VungTau
2006-06-04,2.72,VungTau
2006-06-05,2.64,VungTau
2006-06-06,2.78,VungTau
2006-06-07,2.92,VungTau
2006-06-08,3.13,VungTau
2006-06-09,3.22,VungTau
2006-06-10,3.33,VungTau
2006-06-11,3.43,VungTau
2006-06-12,3.43,VungTau
2006-06-13,3.57,VungTau
2006-06-14,3.51,VungTau
2006-06-15,3.44,VungTau
2006-06-16,3.42,VungTau
2006-06-17,3.32,VungTau
2006-06-18,3.11,VungTau
2006-06-19,3.03,VungTau
2006-06-20,2.9,VungTau
2006-06-21,2.95,VungTau
2006-06-22,3.06,VungTau
2006-06-23,3.19,VungTau
2006-06-24,3.36,VungTau
2006-06-25,3.32,VungTau
2006-06-26,3.42,VungTau
2006-06-27,3.46,VungTau
2006-06-28,3.43,VungTau
2006-06-29,3.43,VungTau
2006-06-30,3.34,VungTau
2006-07-01,3.29,VungTau
2006-07-02,3.21,VungTau
2006-07-03,2.99,VungTau
2006-07-04,2.81,VungTau
2006-07-05,2.73,VungTau
2006-07-06,2.8,VungTau
2006-07-07,2.92,VungTau
2006-07-08,3.1,VungTau
2006-07-09,3.23,VungTau
2006-07-10,3.39,VungTau
2006-07-11,3.61,VungTau
2006-07-12,3.71,VungTau
2006-07-13,3.81,VungTau
2006-07-14,3.81,VungTau
2006-07-15,3.7,VungTau
2006-07-16,3.51,VungTau
2006-07-17,3.22,VungTau
2006-07-18,3.02,VungTau
2006-07-19,2.92,VungTau
2006-07-20,2.92,VungTau
2006-07-21,2.94,VungTau
2006-07-22,3.06,VungTau
2006-07-23,3.22,VungTau
2006-07-24,3.39,VungTau
2006-07-25,3.44,VungTau
2006-07-26,3.61,VungTau
2006-07-27,3.62,VungTau
2006-07-28,3.612,VungTau
2006-07-29,3.507,VungTau
2006-07-30,3.431,VungTau
2006-07-31,3.235,VungTau
2006-08-01,3.062,VungTau
2006-08-02,2.847,VungTau
2006-08-03,2.712,VungTau
2006-08-04,2.695,VungTau
2006-08-05,2.769,VungTau
2006-08-06,2.952,VungTau
2006-08-07,3.194,VungTau
2006-08-08,3.501,VungTau
2006-08-09,3.72,VungTau
2006-08-10,3.824,VungTau
2006-08-11,3.891,VungTau
2006-08-12,3.826,VungTau
2006-08-13,3.659,VungTau
2006-08-14,3.368,VungTau
2006-08-15,3.113,VungTau
2006-08-16,2.846,VungTau
2006-08-17,2.572,VungTau
2006-08-18,2.508,VungTau
2006-08-19,2.617,VungTau
2006-08-20,2.808,VungTau
2006-08-21,3.056,VungTau
2006-08-22,3.236,VungTau
2006-08-23,3.351,VungTau
2006-08-24,3.381,VungTau
2006-08-25,3.463,VungTau
2006-08-26,3.433,VungTau
2006-08-27,3.408,VungTau
2006-08-28,3.264,VungTau
2006-08-29,3.114,VungTau
2006-08-30,2.967,VungTau
2006-08-31,2.737,VungTau
2006-09-01,2.512,VungTau
2006-09-02,2.422,VungTau
2006-09-03,2.405,VungTau
2006-09-04,2.678,VungTau
2006-09-05,2.992,VungTau
2006-09-06,3.317,VungTau
2006-09-07,3.62,VungTau
2006-09-08,3.756,VungTau
2006-09-09,3.821,VungTau
2006-09-10,3.652,VungTau
2006-09-11,3.51,VungTau
2006-09-12,3.333,VungTau
2006-09-13,3.001,VungTau
2006-09-14,2.714,VungTau
2006-09-15,2.375,VungTau
2006-09-16,2.322,VungTau
2006-09-17,2.475,VungTau
2006-09-18,2.744,VungTau
2006-09-19,3.021,VungTau
2006-09-20,3.248,VungTau
2006-09-21,3.446,VungTau
2006-09-22,3.446,VungTau
2006-09-23,3.495,VungTau
2006-09-24,3.513,VungTau
2006-09-25,3.476,VungTau
2006-09-26,3.431,VungTau
2006-09-27,3.328,VungTau
2006-09-28,3.165,VungTau
2006-09-29,2.945,VungTau
2006-09-30,2.699,VungTau
2006-10-01,2.609,VungTau
2006-10-02,2.585,VungTau
2006-10-03,2.864,VungTau
2006-10-04,3.263,VungTau
2006-10-05,3.554,VungTau
2006-10-06,3.76,VungTau
2006-10-07,3.906,VungTau
2006-10-08,4.001,VungTau
2006-10-09,3.778,VungTau
2006-10-10,3.591,VungTau
2006-10-11,3.301,VungTau
2006-10-12,3.052,VungTau
2006-10-13,2.754,VungTau
2006-10-14,2.471,VungTau
2006-10-15,2.469,VungTau
2006-10-16,2.583,VungTau
2006-10-17,2.841,VungTau
2006-10-18,2.765,VungTau
2006-10-19,2.8106875000000002,VungTau
2006-10-20,2.856375,VungTau
2006-10-21,2.9020625,VungTau
2006-10-22,2.94775,VungTau
2006-10-23,2.9934375,VungTau
2006-10-24,3.0391250000000003,VungTau
2006-10-25,3.0848125,VungTau
2006-10-26,3.1305,VungTau
2006-10-27,3.1761875,VungTau
2006-10-28,3.221875,VungTau
2006-10-29,3.2675625,VungTau
2006-10-30,3.31325,VungTau
2006-10-31,3.3589375,VungTau
2006-11-01,3.4046250000000002,VungTau
2006-11-02,3.4503125,VungTau
2006-11-03,3.496,VungTau
2006-11-04,3.708,VungTau
2006-11-05,3.831,VungTau
2006-11-06,3.756,VungTau
2006-11-07,3.661,VungTau
2006-11-08,3.491,VungTau
2006-11-09,3.251,VungTau
2006-11-10,3.012,VungTau
2006-11-11,2.711,VungTau
2006-11-12,2.523,VungTau
2006-11-13,2.372,VungTau
2006-11-14,2.457,VungTau
2006-11-15,2.722,VungTau
2006-11-16,2.892,VungTau
2006-11-17,3.074,VungTau
2006-11-18,3.293,VungTau
2006-11-19,3.365,VungTau
2006-11-20,3.497,VungTau
2006-11-21,3.508,VungTau
2006-11-22,3.505,VungTau
2006-11-23,3.403,VungTau
2006-11-24,3.312,VungTau
2006-11-25,3.193,VungTau
2006-11-26,3.002,VungTau
2006-11-27,2.781,VungTau
2006-11-28,2.608,VungTau
2006-11-29,2.572,VungTau
2006-11-30,2.796,VungTau
2006-12-01,3.047,VungTau
2006-12-02,3.236,VungTau
2006-12-03,3.435,VungTau
2006-12-04,3.523,VungTau
2006-12-05,3.532,VungTau
2006-12-06,3.506,VungTau
2006-12-07,3.403,VungTau
2006-12-08,3.295,VungTau
2006-12-09,3.161,VungTau
2006-12-10,2.919,VungTau
2006-12-11,2.732,VungTau
2006-12-12,2.574,VungTau
2006-12-13,2.506,VungTau
2006-12-14,2.567,VungTau
2006-12-15,2.721,VungTau
2006-12-16,2.826,VungTau
2006-12-17,2.956,VungTau
2006-12-18,3.124,VungTau
2006-12-19,3.166,VungTau
2006-12-20,3.255,VungTau
2006-12-21,3.331,VungTau
2006-12-22,3.294,VungTau
2006-12-23,3.324,VungTau
2006-12-24,3.242,VungTau
2006-12-25,3.105,VungTau
2006-12-26,2.927,VungTau
2006-12-27,2.716,VungTau
2006-12-28,2.672,VungTau
2006-12-29,2.685,VungTau
2006-12-30,2.845,VungTau
2006-12-31,2.931,VungTau
2007-01-01,3.078,VungTau
2007-01-02,3.205,VungTau
2007-01-03,3.308,VungTau
2007-01-04,3.409,VungTau
2007-01-05,3.459,VungTau
2007-01-06,3.464,VungTau
2007-01-07,3.296,VungTau
2007-01-08,3.151,VungTau
2007-01-09,2.951,VungTau
2007-01-10,2.78,VungTau
2007-01-11,2.688,VungTau
2007-01-12,2.62,VungTau
2007-01-13,2.548,VungTau
2007-01-14,2.595,VungTau
2007-01-15,2.767,VungTau
2007-01-16,2.914,VungTau
2007-01-17,3.116,VungTau
2007-01-18,3.359,VungTau
2007-01-19,3.519,VungTau
2007-01-20,3.614,VungTau
2007-01-21,3.657,VungTau
2007-01-22,3.563,VungTau
2007-01-23,3.363,VungTau
2007-01-24,3.172,VungTau
2007-01-25,3.037,VungTau
2007-01-26,2.902,VungTau
2007-01-27,2.717,VungTau
2007-01-28,2.613,VungTau
2007-01-29,2.783,VungTau
2007-01-30,2.924,VungTau
2007-01-31,3.052,VungTau
2007-02-01,3.212,VungTau
2007-02-02,3.295,VungTau
2007-02-03,3.322,VungTau
2007-02-04,3.338,VungTau
2007-02-05,3.261,VungTau
2007-02-06,3.139,VungTau
2007-02-07,3.017,VungTau
2007-02-08,2.881,VungTau
2007-02-09,2.801,VungTau
2007-02-10,2.684,VungTau
2007-02-11,2.523,VungTau
2007-02-12,2.373,VungTau
2007-02-13,2.55,VungTau
2007-02-14,2.842,VungTau
2007-02-15,3.14,VungTau
2007-02-16,3.41,VungTau
2007-02-17,3.569,VungTau
2007-02-18,3.725,VungTau
2007-02-19,3.709,VungTau
2007-02-20,3.559,VungTau
2007-02-21,3.475,VungTau
2007-02-22,3.322,VungTau
2007-02-23,3.12,VungTau
2007-02-24,2.871,VungTau
2007-02-25,2.575,VungTau
2007-02-26,2.369,VungTau
2007-02-27,2.636,VungTau
2007-02-28,2.921,VungTau
2007-03-01,3.081,VungTau
2007-03-02,3.263,VungTau
2007-03-03,3.343,VungTau
2007-03-04,3.394,VungTau
2007-03-05,3.304,VungTau
2007-03-06,3.272,VungTau
2007-03-07,3.249,VungTau
2007-03-08,3.171,VungTau
2007-03-09,3.109,VungTau
2007-03-10,2.963,VungTau
2007-03-11,2.773,VungTau
2007-03-12,2.558,VungTau
2007-03-13,2.328,VungTau
2007-03-14,2.516,VungTau
2007-03-15,2.856,VungTau
2007-03-16,3.191,VungTau
2007-03-17,3.448,VungTau
2007-03-18,3.665,VungTau
2007-03-19,3.7,VungTau
2007-03-20,3.664,VungTau
2007-03-21,3.686,VungTau
2007-03-22,3.553,VungTau
2007-03-23,3.385,VungTau
2007-03-24,3.118,VungTau
2007-03-25,2.775,VungTau
2007-03-26,2.467,VungTau
2007-03-27,2.404,VungTau
2007-03-28,2.631,VungTau
2007-03-29,2.82,VungTau
2007-03-30,3.059,VungTau
2007-03-31,3.229,VungTau
2007-04-01,3.32,VungTau
2007-04-02,3.366,VungTau
2007-04-03,3.432,VungTau
2007-04-04,3.448,VungTau
2007-04-05,3.411,VungTau
2007-04-06,3.429,VungTau
2007-04-07,3.333,VungTau
2007-04-08,3.221,VungTau
2007-04-09,3.08,VungTau
2007-04-10,2.848,VungTau
2007-04-11,2.615,VungTau
2007-04-12,2.734,VungTau
2007-04-13,2.952,VungTau
2007-04-14,3.223,VungTau
2007-04-15,3.507,VungTau
2007-04-16,3.612,VungTau
2007-04-17,3.869,VungTau
2007-04-18,3.969,VungTau
2007-04-19,3.902,VungTau
2007-04-20,3.8,VungTau
2007-04-21,3.62,VungTau
2007-04-22,3.369,VungTau
2007-04-23,3.135,VungTau
2007-04-24,2.785,VungTau
2007-04-25,2.615,VungTau
2007-04-26,2.735,VungTau
2007-04-27,2.853,VungTau
2007-04-28,3.015,VungTau
2007-04-29,3.236,VungTau
2007-04-30,3.325,VungTau
2007-05-01,3.526,VungTau
2007-05-02,3.617,VungTau
2007-05-03,3.652,VungTau
2007-05-04,3.619,VungTau
2007-05-05,3.576,VungTau
2007-05-06,3.561,VungTau
2007-05-07,3.35,VungTau
2007-05-08,3.263,VungTau
2007-05-09,3.144,VungTau
2007-05-10,2.964,VungTau
2007-05-11,2.953,VungTau
2007-05-12,3.012,VungTau
2007-05-13,3.195,VungTau
2007-05-14,3.518,VungTau
2007-05-15,3.718,VungTau
2007-05-16,3.806,VungTau
2007-05-17,3.815,VungTau
2007-05-18,3.758,VungTau
2007-05-19,3.597,VungTau
2007-05-20,3.434,VungTau
2007-05-21,3.331,VungTau
2007-05-22,3.132,VungTau
2007-05-23,2.914,VungTau
2007-05-24,2.772,VungTau
2007-05-25,2.657,VungTau
2007-05-26,2.747,VungTau
2007-05-27,2.943,VungTau
2007-05-28,3.07,VungTau
2007-05-29,3.163,VungTau
2007-05-30,3.305,VungTau
2007-05-31,3.37,VungTau
2007-06-01,3.445,VungTau
2007-06-02,3.432,VungTau
2007-06-03,3.391,VungTau
2007-06-04,3.383,VungTau
2007-06-05,3.311,VungTau
2007-06-06,3.233,VungTau
2007-06-07,3.103,VungTau
2007-06-08,2.954,VungTau
2007-06-09,2.886,VungTau
2007-06-10,2.924,VungTau
2007-06-11,3.077,VungTau
2007-06-12,3.222,VungTau
2007-06-13,3.352,VungTau
2007-06-14,3.452,VungTau
2007-06-15,3.606,VungTau
2007-06-16,3.585,VungTau
2007-06-17,3.52,VungTau
2007-06-18,3.595,VungTau
2007-06-19,3.506,VungTau
2007-06-20,3.254,VungTau
2007-06-21,3.113,VungTau
2007-06-22,2.864,VungTau
2007-06-23,2.665,VungTau
2007-06-24,2.7,VungTau
2007-06-25,2.782,VungTau
2007-06-26,2.898,VungTau
2007-06-27,3.051,VungTau
2007-06-28,3.155,VungTau
2007-06-29,3.349,VungTau
2007-06-30,3.445,VungTau
2007-07-01,3.577,VungTau
2007-07-02,3.615,VungTau
2007-07-03,3.637,VungTau
2007-07-04,3.53,VungTau
2007-07-05,3.427,VungTau
2007-07-06,3.298,VungTau
2007-07-07,3.14,VungTau
2007-07-08,3.009,VungTau
2007-07-09,2.942,VungTau
2007-07-10,2.991,VungTau
2007-07-11,3.075,VungTau
2007-07-12,3.199,VungTau
2007-07-13,3.355,VungTau
2007-07-14,3.514,VungTau
2007-07-15,3.665,VungTau
2007-07-16,3.652,VungTau
2007-07-17,3.601,VungTau
2007-07-18,3.506,VungTau
2007-07-19,3.403,VungTau
2007-07-20,3.202,VungTau
2007-07-21,3.008,VungTau
2007-07-22,2.76,VungTau
2007-07-23,2.647,VungTau
2007-07-24,2.535,VungTau
2007-07-25,2.6,VungTau
2007-07-26,2.756,VungTau
2007-07-27,2.915,VungTau
2007-07-28,3.193,VungTau
2007-07-29,3.373,VungTau
2007-07-30,3.613,VungTau
2007-07-31,3.746,VungTau
2007-08-01,3.804,VungTau
2007-08-02,3.779,VungTau
2007-08-03,3.715,VungTau
2007-08-04,3.474,VungTau
2007-08-05,3.247,VungTau
2007-08-06,2.998,VungTau
2007-08-07,2.879,VungTau
2007-08-08,2.861,VungTau
2007-08-09,2.943,VungTau
2007-08-10,3.127,VungTau
2007-08-11,3.348,VungTau
2007-08-12,3.593,VungTau
2007-08-13,3.632,VungTau
2007-08-14,3.734,VungTau
2007-08-15,3.615,VungTau
2007-08-16,3.628,VungTau
2007-08-17,3.424,VungTau
2007-08-18,3.271,VungTau
2007-08-19,3.07,VungTau
2007-08-20,2.886,VungTau
2007-08-21,2.672,VungTau
2007-08-22,2.494,VungTau
2007-08-23,2.461,VungTau
2007-08-24,2.597,VungTau
2007-08-25,2.902,VungTau
2007-08-26,3.137,VungTau
2007-08-27,3.436,VungTau
2007-08-28,3.728,VungTau
2007-08-29,3.704,VungTau
2007-08-30,3.814,VungTau
2007-08-31,3.715,VungTau
2007-09-01,3.624,VungTau
2007-09-02,3.335,VungTau
2007-09-03,3.082,VungTau
2007-09-04,2.712,VungTau
2007-09-05,2.504,VungTau
2007-09-06,2.494,VungTau
2007-09-07,2.725,VungTau
2007-09-08,2.976,VungTau
2007-09-09,3.198,VungTau
2007-09-10,3.345,VungTau
2007-09-11,3.443,VungTau
2007-09-12,3.49,VungTau
2007-09-13,3.526,VungTau
2007-09-14,3.512,VungTau
2007-09-15,3.488,VungTau
2007-09-16,3.292,VungTau
2007-09-17,3.161,VungTau
2007-09-18,2.929,VungTau
2007-09-19,2.69,VungTau
2007-09-20,2.467,VungTau
2007-09-21,2.446,VungTau
2007-09-22,2.594,VungTau
2007-09-23,2.915,VungTau
2007-09-24,3.229,VungTau
2007-09-25,3.552,VungTau
2007-09-26,3.731,VungTau
2007-09-27,3.843,VungTau
2007-09-28,3.958,VungTau
2007-09-29,3.833,VungTau
2007-09-30,3.744,VungTau
2007-10-01,3.457,VungTau
2007-10-02,3.075,VungTau
2007-10-03,2.793,VungTau
2007-10-04,2.594,VungTau
2007-10-05,2.554,VungTau
2007-10-06,2.827,VungTau
2007-10-07,3.069,VungTau
2007-10-08,3.23,VungTau
2007-10-09,3.363,VungTau
2007-10-10,3.511,VungTau
2007-10-11,3.499,VungTau
2007-10-12,3.591,VungTau
2007-10-13,3.564,VungTau
2007-10-14,3.42,VungTau
2007-10-15,3.325,VungTau
2007-10-16,3.154,VungTau
2007-10-17,2.985,VungTau
2007-10-18,2.79,VungTau
2007-10-19,2.56,VungTau
2007-10-20,2.568,VungTau
2007-10-21,2.628,VungTau
2007-10-22,3.071,VungTau
2007-10-23,3.347,VungTau
2007-10-24,3.642,VungTau
2007-10-25,3.803,VungTau
2007-10-26,3.946,VungTau
2007-10-27,3.979,VungTau
2007-10-28,3.819,VungTau
2007-10-29,3.651,VungTau
2007-10-30,3.442,VungTau
2007-10-31,3.173,VungTau
2007-11-01,2.916,VungTau
2007-11-02,2.732,VungTau
2007-11-03,2.706,VungTau
2007-11-04,2.935,VungTau
2007-11-05,3.184,VungTau
2007-11-06,3.311,VungTau
2007-11-07,3.48,VungTau
2007-11-08,3.573,VungTau
2007-11-09,3.723,VungTau
2007-11-10,3.713,VungTau
2007-11-11,3.726,VungTau
2007-11-12,3.701,VungTau
2007-11-13,3.599,VungTau
2007-11-14,3.459,VungTau
2007-11-15,3.286,VungTau
2007-11-16,3.06,VungTau
2007-11-17,2.92,VungTau
2007-11-18,2.908,VungTau
2007-11-19,2.982,VungTau
2007-11-20,3.205,VungTau
2007-11-21,3.46,VungTau
2007-11-22,3.683,VungTau
2007-11-23,3.852,VungTau
2007-11-24,3.903,VungTau
2007-11-25,3.887,VungTau
2007-11-26,3.812,VungTau
2007-11-27,3.671,VungTau
2007-11-28,3.391,VungTau
2007-11-29,3.164,VungTau
2007-11-30,2.925,VungTau
2007-12-01,2.683,VungTau
2007-12-02,2.544,VungTau
2007-12-03,2.685,VungTau
2007-12-04,2.832,VungTau
2007-12-05,3.007,VungTau
2007-12-06,3.126,VungTau
2007-12-07,3.261,VungTau
2007-12-08,3.36,VungTau
2007-12-09,3.481,VungTau
2007-12-10,3.484,VungTau
2007-12-11,3.54,VungTau
2007-12-12,3.517,VungTau
2007-12-13,3.379,VungTau
2007-12-14,3.289,VungTau
2007-12-15,3.133,VungTau
2007-12-16,2.858,VungTau
2007-12-17,2.768,VungTau
2007-12-18,2.796,VungTau
2007-12-19,2.892,VungTau
2007-12-20,3.159,VungTau
2007-12-21,3.303,VungTau
2007-12-22,3.526,VungTau
2007-12-23,3.726,VungTau
2007-12-24,3.773,VungTau
2007-12-25,3.763,VungTau
2007-12-26,3.716,VungTau
2007-12-27,3.582,VungTau
2007-12-28,3.452,VungTau
2007-12-29,3.181,VungTau
2007-12-30,2.955,VungTau
2007-12-31,2.899,VungTau
2008-01-01,2.696,VungTau
2008-01-02,2.653,VungTau
2008-01-03,2.765,VungTau
2008-01-04,2.897,VungTau
2008-01-05,3.103,VungTau
2008-01-06,3.239,VungTau
2008-01-07,3.375,VungTau
2008-01-08,3.491,VungTau
2008-01-09,3.625,VungTau
2008-01-10,3.617,VungTau
2008-01-11,3.59,VungTau
2008-01-12,3.518,VungTau
2008-01-13,3.333,VungTau
2008-01-14,3.124,VungTau
2008-01-15,3.033,VungTau
2008-01-16,2.914,VungTau
2008-01-17,2.744,VungTau
2008-01-18,2.774,VungTau
2008-01-19,2.946,VungTau
2008-01-20,3.186,VungTau
2008-01-21,3.374,VungTau
2008-01-22,3.563,VungTau
2008-01-23,3.639,VungTau
2008-01-24,3.655,VungTau
2008-01-25,3.542,VungTau
2008-01-26,3.401,VungTau
2008-01-27,3.232,VungTau
2008-01-28,3.07,VungTau
2008-01-29,2.952,VungTau
2008-01-30,2.781,VungTau
2008-01-31,2.572,VungTau
2008-02-01,2.438,VungTau
2008-02-02,2.603,VungTau
2008-02-03,2.826,VungTau
2008-02-04,3.047,VungTau
2008-02-05,3.224,VungTau
2008-02-06,3.443,VungTau
2008-02-07,3.639,VungTau
2008-02-08,3.647,VungTau
2008-02-09,3.679,VungTau
2008-02-10,3.496,VungTau
2008-02-11,3.427,VungTau
2008-02-12,3.275,VungTau
2008-02-13,3.135,VungTau
2008-02-14,2.925,VungTau
2008-02-15,2.682,VungTau
2008-02-16,2.649,VungTau
2008-02-17,2.889,VungTau
2008-02-18,3.137,VungTau
2008-02-19,3.382,VungTau
2008-02-20,3.482,VungTau
2008-02-21,3.597,VungTau
2008-02-22,3.61,VungTau
2008-02-23,3.53,VungTau
2008-02-24,3.475,VungTau
2008-02-25,3.379,VungTau
2008-02-26,3.248,VungTau
2008-02-27,3.101,VungTau
2008-02-28,2.892,VungTau
2008-02-29,2.653,VungTau
2008-03-01,2.39,VungTau
2008-03-02,2.499,VungTau
2008-03-03,2.793,VungTau
2008-03-04,3.022,VungTau
2008-03-05,3.278,VungTau
2008-03-06,3.547,VungTau
2008-03-07,3.611,VungTau
2008-03-08,3.688,VungTau
2008-03-09,3.638,VungTau
2008-03-10,3.712,VungTau
2008-03-11,3.652,VungTau
2008-03-12,3.581,VungTau
2008-03-13,3.338,VungTau
2008-03-14,3.002,VungTau
2008-03-15,2.665,VungTau
2008-03-16,2.632,VungTau
2008-03-17,2.972,VungTau
2008-03-18,3.201,VungTau
2008-03-19,3.391,VungTau
2008-03-20,3.518,VungTau
2008-03-21,3.52,VungTau
2008-03-22,3.574,VungTau
2008-03-23,3.628,VungTau
2008-03-24,3.634,VungTau
2008-03-25,3.557,VungTau
2008-03-26,3.394,VungTau
2008-03-27,3.246,VungTau
2008-03-28,3.1,VungTau
2008-03-29,2.978,VungTau
2008-03-30,2.748,VungTau
2008-03-31,2.647,VungTau
2008-04-01,2.922,VungTau
2008-04-02,3.196,VungTau
2008-04-03,3.352,VungTau
2008-04-04,3.46,VungTau
2008-04-05,3.571,VungTau
2008-04-06,3.675,VungTau
2008-04-07,3.855,VungTau
2008-04-08,3.817,VungTau
2008-04-09,3.767,VungTau
2008-04-10,3.566,VungTau
2008-04-11,3.239,VungTau
2008-04-12,3.053,VungTau
2008-04-13,2.771,VungTau
2008-04-14,2.694,VungTau
2008-04-15,2.902,VungTau
2008-04-16,3.089,VungTau
2008-04-17,3.221,VungTau
2008-04-18,3.303,VungTau
2008-04-19,3.445,VungTau
2008-04-20,3.57,VungTau
2008-04-21,3.651,VungTau
2008-04-22,3.625,VungTau
2008-04-23,3.555,VungTau
2008-04-24,3.466,VungTau
2008-04-25,3.334,VungTau
2008-04-26,3.269,VungTau
2008-04-27,3.113,VungTau
2008-04-28,2.999,VungTau
2008-04-29,2.768,VungTau
2008-04-30,2.897,VungTau
2008-05-01,3.109,VungTau
2008-05-02,3.305,VungTau
2008-05-03,3.559,VungTau
2008-05-04,3.786,VungTau
2008-05-05,3.951,VungTau
2008-05-06,3.925,VungTau
2008-05-07,3.843,VungTau
2008-05-08,3.749,VungTau
2008-05-09,3.573,VungTau
2008-05-10,3.387,VungTau
2008-05-11,3.16,VungTau
2008-05-12,2.968,VungTau
2008-05-13,2.82,VungTau
2008-05-14,2.793,VungTau
2008-05-15,2.984,VungTau
2008-05-16,3.164,VungTau
2008-05-17,3.307,VungTau
2008-05-18,3.421,VungTau
2008-05-19,3.469,VungTau
2008-05-20,3.48,VungTau
2008-05-21,3.503,VungTau
2008-05-22,3.519,VungTau
2008-05-23,3.478,VungTau
2008-05-24,3.422,VungTau
2008-05-25,3.295,VungTau
2008-05-26,3.173,VungTau
2008-05-27,3.045,VungTau
2008-05-28,2.881,VungTau
2008-05-29,2.771,VungTau
2008-05-30,2.893,VungTau
2008-05-31,3.13,VungTau
2008-06-01,3.339,VungTau
2008-06-02,3.513,VungTau
2008-06-03,3.58,VungTau
2008-06-04,3.682,VungTau
2008-06-05,3.712,VungTau
2008-06-06,3.641,VungTau
2008-06-07,3.515,VungTau
2008-06-08,3.334,VungTau
2008-06-09,3.153,VungTau
2008-06-10,2.946,VungTau
2008-06-11,2.767,VungTau
2008-06-12,2.753,VungTau
2008-06-13,2.859,VungTau
2008-06-14,2.915,VungTau
2008-06-15,3.064,VungTau
2008-06-16,3.153,VungTau
2008-06-17,3.229,VungTau
2008-06-18,3.337,VungTau
2008-06-19,3.314,VungTau
2008-06-20,3.436,VungTau
2008-06-21,3.439,VungTau
2008-06-22,3.424,VungTau
2008-06-23,3.343,VungTau
2008-06-24,3.267,VungTau
2008-06-25,3.141,VungTau
2008-06-26,2.921,VungTau
2008-06-27,2.93,VungTau
2008-06-28,2.885,VungTau
2008-06-29,3.02,VungTau
2008-06-30,3.148,VungTau
2008-07-01,3.254,VungTau
2008-07-02,3.411,VungTau
2008-07-03,3.481,VungTau
2008-07-04,3.688,VungTau
2008-07-05,3.665,VungTau
2008-07-06,3.63,VungTau
2008-07-07,3.543,VungTau
2008-07-08,3.267,VungTau
2008-07-09,3.017,VungTau
2008-07-10,2.758,VungTau
2008-07-11,2.672,VungTau
2008-07-12,2.627,VungTau
2008-07-13,2.684,VungTau
2008-07-14,2.81,VungTau
2008-07-15,2.893,VungTau
2008-07-16,3.101,VungTau
2008-07-17,3.289,VungTau
2008-07-18,3.401,VungTau
2008-07-19,3.551,VungTau
2008-07-20,3.522,VungTau
2008-07-21,3.603,VungTau
2008-07-22,3.516,VungTau
2008-07-23,3.423,VungTau
2008-07-24,3.273,VungTau
2008-07-25,3.135,VungTau
2008-07-26,2.989,VungTau
2008-07-27,2.924,VungTau
2008-07-28,2.942,VungTau
2008-07-29,3.153,VungTau
2008-07-30,3.378,VungTau
2008-07-31,3.565,VungTau
2008-08-01,3.78,VungTau
2008-08-02,3.872,VungTau
2008-08-03,3.881,VungTau
2008-08-04,3.789,VungTau
2008-08-05,3.611,VungTau
2008-08-06,3.486,VungTau
2008-08-07,3.235,VungTau
2008-08-08,3.04,VungTau
2008-08-09,2.833,VungTau
2008-08-10,2.62,VungTau
2008-08-11,2.587,VungTau
2008-08-12,2.729,VungTau
2008-08-13,2.909,VungTau
2008-08-14,3.147,VungTau
2008-08-15,3.324,VungTau
2008-08-16,3.535,VungTau
2008-08-17,3.668,VungTau
2008-08-18,3.753,VungTau
2008-08-19,3.75,VungTau
2008-08-20,3.632,VungTau
2008-08-21,3.462,VungTau
2008-08-22,3.3,VungTau
2008-08-23,3.075,VungTau
2008-08-24,2.851,VungTau
2008-08-25,2.645,VungTau
2008-08-26,2.638,VungTau
2008-08-27,2.884,VungTau
2008-08-28,3.141,VungTau
2008-08-29,3.468,VungTau
2008-08-30,3.604,VungTau
2008-08-31,3.666,VungTau
2008-09-01,3.737,VungTau
2008-09-02,3.559,VungTau
2008-09-03,3.479,VungTau
2008-09-04,3.358,VungTau
2008-09-05,3.213,VungTau
2008-09-06,2.975,VungTau
2008-09-07,2.822,VungTau
2008-09-08,2.6,VungTau
2008-09-09,2.605,VungTau
2008-09-10,2.657,VungTau
2008-09-11,2.886,VungTau
2008-09-12,3.139,VungTau
2008-09-13,3.354,VungTau
2008-09-14,3.534,VungTau
2008-09-15,3.685,VungTau
2008-09-16,3.732,VungTau
2008-09-17,3.73,VungTau
2008-09-18,3.773,VungTau
2008-09-19,3.609,VungTau
2008-09-20,3.397,VungTau
2008-09-21,3.121,VungTau
2008-09-22,2.768,VungTau
2008-09-23,2.636,VungTau
2008-09-24,2.666,VungTau
2008-09-25,2.96,VungTau
2008-09-26,3.244,VungTau
2008-09-27,3.425,VungTau
2008-09-28,3.525,VungTau
2008-09-29,3.674,VungTau
2008-09-30,3.744,VungTau
2008-10-01,3.669,VungTau
2008-10-02,3.541,VungTau
2008-10-03,3.418,VungTau
2008-10-04,3.22,VungTau
2008-10-05,3.094,VungTau
2008-10-06,2.806,VungTau
2008-10-07,2.569,VungTau
2008-10-08,2.513,VungTau
2008-10-09,2.579,VungTau
2008-10-10,2.856,VungTau
2008-10-11,3.111,VungTau
2008-10-12,3.401,VungTau
2008-10-13,3.616,VungTau
2008-10-14,3.825,VungTau
2008-10-15,3.895,VungTau
2008-10-16,3.907,VungTau
2008-10-17,3.751,VungTau
2008-10-18,3.532,VungTau
2008-10-19,3.347,VungTau
2008-10-20,3.099,VungTau
2008-10-21,2.907,VungTau
2008-10-22,2.711,VungTau
2008-10-23,2.736,VungTau
2008-10-24,3.059,VungTau
2008-10-25,3.22,VungTau
2008-10-26,3.443,VungTau
2008-10-27,3.556,VungTau
2008-10-28,3.718,VungTau
2008-10-29,3.753,VungTau
2008-10-30,3.76,VungTau
2008-10-31,3.691,VungTau
2008-11-01,3.583,VungTau
2008-11-02,3.452,VungTau
2008-11-03,3.262,VungTau
2008-11-04,3.088,VungTau
2008-11-05,2.885,VungTau
2008-11-06,2.705,VungTau
2008-11-07,2.697,VungTau
2008-11-08,2.9,VungTau
2008-11-09,3.179,VungTau
2008-11-10,3.466,VungTau
2008-11-11,3.697,VungTau
2008-11-12,3.819,VungTau
2008-11-13,3.929,VungTau
2008-11-14,3.931,VungTau
2008-11-15,3.788,VungTau
2008-11-16,3.675,VungTau
2008-11-17,3.467,VungTau
2008-11-18,3.177,VungTau
2008-11-19,2.945,VungTau
2008-11-20,2.756,VungTau
2008-11-21,2.739,VungTau
2008-11-22,2.921,VungTau
2008-11-23,3.177,VungTau
2008-11-24,3.386,VungTau
2008-11-25,3.542,VungTau
2008-11-26,3.529,VungTau
2008-11-27,3.551,VungTau
2008-11-28,3.52,VungTau
2008-11-29,3.525,VungTau
2008-11-30,3.416,VungTau
2008-12-01,3.378,VungTau
2008-12-02,3.351,VungTau
2008-12-03,3.258,VungTau
2008-12-04,3.191,VungTau
2008-12-05,3.03,VungTau
2008-12-06,2.924,VungTau
2008-12-07,2.876,VungTau
2008-12-08,3.043,VungTau
2008-12-09,3.215,VungTau
2008-12-10,3.435,VungTau
2008-12-11,3.637,VungTau
2008-12-12,3.722,VungTau
2008-12-13,3.779,VungTau
2008-12-14,3.76,VungTau
2008-12-15,3.737,VungTau
2008-12-16,3.606,VungTau
2008-12-17,3.364,VungTau
2008-12-18,3.135,VungTau
2008-12-19,2.94,VungTau
2008-12-20,2.861,VungTau
2008-12-21,2.781,VungTau
2008-12-22,2.806,VungTau
2008-12-23,2.923,VungTau
2008-12-24,2.99,VungTau
2008-12-25,3.087,VungTau
2008-12-26,3.261,VungTau
2008-12-27,3.358,VungTau
2008-12-28,3.507,VungTau
2008-12-29,3.444,VungTau
2008-12-30,3.466,VungTau
2008-12-31,3.36,VungTau
2009-01-01,3.267,VungTau
2009-01-02,3.078,VungTau
2009-01-03,2.96,VungTau
2009-01-04,2.862,VungTau
2009-01-05,2.835,VungTau
2009-01-06,2.854,VungTau
2009-01-07,2.927,VungTau
2009-01-08,3.115,VungTau
2009-01-09,3.265,VungTau
2009-01-10,3.449,VungTau
2009-01-11,3.56,VungTau
2009-01-12,3.573,VungTau
2009-01-13,3.587,VungTau
2009-01-14,3.416,VungTau
2009-01-15,3.188,VungTau
2009-01-16,2.956,VungTau
2009-01-17,2.844,VungTau
2009-01-18,2.745,VungTau
2009-01-19,2.569,VungTau
2009-01-20,2.45,VungTau
2009-01-21,2.523,VungTau
2009-01-22,2.661,VungTau
2009-01-23,2.926,VungTau
2009-01-24,3.095,VungTau
2009-01-25,3.218,VungTau
2009-01-26,3.356,VungTau
2009-01-27,3.442,VungTau
2009-01-28,3.443,VungTau
2009-01-29,3.395,VungTau
2009-01-30,3.234,VungTau
2009-01-31,3.131,VungTau
2009-02-01,3.099,VungTau
2009-02-02,2.981,VungTau
2009-02-03,2.796,VungTau
2009-02-04,2.626,VungTau
2009-02-05,2.627,VungTau
2009-02-06,2.852,VungTau
2009-02-07,3.171,VungTau
2009-02-08,3.395,VungTau
2009-02-09,3.549,VungTau
2009-02-10,3.694,VungTau
2009-02-11,3.711,VungTau
2009-02-12,3.552,VungTau
2009-02-13,3.412,VungTau
2009-02-14,3.317,VungTau
2009-02-15,3.108,VungTau
2009-02-16,2.907,VungTau
2009-02-17,2.636,VungTau
2009-02-18,2.428,VungTau
2009-02-19,2.393,VungTau
2009-02-20,2.691,VungTau
2009-02-21,2.922,VungTau
2009-02-22,3.137,VungTau
2009-02-23,3.327,VungTau
2009-02-24,3.433,VungTau
2009-02-25,3.592,VungTau
2009-02-26,3.599,VungTau
2009-02-27,3.54,VungTau
2009-02-28,3.518,VungTau
2009-03-01,3.424,VungTau
2009-03-02,3.35,VungTau
2009-03-03,3.129,VungTau
2009-03-04,2.864,VungTau
2009-03-05,2.624,VungTau
2009-03-06,2.666,VungTau
2009-03-07,2.947,VungTau
2009-03-08,3.258,VungTau
2009-03-09,3.467,VungTau
2009-03-10,3.683,VungTau
2009-03-11,3.7,VungTau
2009-03-12,3.636,VungTau
2009-03-13,3.606,VungTau
2009-03-14,3.585,VungTau
2009-03-15,3.388,VungTau
2009-03-16,3.262,VungTau
2009-03-17,3.038,VungTau
2009-03-18,2.74,VungTau
2009-03-19,2.557,VungTau
2009-03-20,2.388,VungTau
2009-03-21,2.684,VungTau
2009-03-22,2.916,VungTau
2009-03-23,3.144,VungTau
2009-03-24,3.32,VungTau
2009-03-25,3.495,VungTau
2009-03-26,3.547,VungTau
2009-03-27,3.651,VungTau
2009-03-28,3.649,VungTau
2009-03-29,3.666,VungTau
2009-03-30,3.569,VungTau
2009-03-31,3.416,VungTau
2009-04-01,3.161,VungTau
2009-04-02,2.951,VungTau
2009-04-03,2.673,VungTau
2009-04-04,2.712,VungTau
2009-04-05,3.006,VungTau
2009-04-06,3.203,VungTau
2009-04-07,3.328,VungTau
2009-04-08,3.435,VungTau
2009-04-09,3.586,VungTau
2009-04-10,3.637,VungTau
2009-04-11,3.635,VungTau
2009-04-12,3.552,VungTau
2009-04-13,3.446,VungTau
2009-04-14,3.249,VungTau
2009-04-15,3.114,VungTau
2009-04-16,2.95,VungTau
2009-04-17,2.741,VungTau
2009-04-18,2.581,VungTau
2009-04-19,2.674,VungTau
2009-04-20,2.826,VungTau
2009-04-21,3.095,VungTau
2009-04-22,3.283,VungTau
2009-04-23,3.539,VungTau
2009-04-24,3.66,VungTau
2009-04-25,3.757,VungTau
2009-04-26,3.827,VungTau
2009-04-27,3.755,VungTau
2009-04-28,3.67,VungTau
2009-04-29,3.502,VungTau
2009-04-30,3.288,VungTau
2009-05-01,3.088,VungTau
2009-05-02,2.902,VungTau
2009-05-03,2.901,VungTau
2009-05-04,2.945,VungTau
2009-05-05,3.204,VungTau
2009-05-06,3.313,VungTau
2009-05-07,3.47,VungTau
2009-05-08,3.57,VungTau
2009-05-09,3.654,VungTau
2009-05-10,3.532,VungTau
2009-05-11,3.527,VungTau
2009-05-12,3.465,VungTau
2009-05-13,3.392,VungTau
2009-05-14,3.249,VungTau
2009-05-15,3.059,VungTau
2009-05-16,2.896,VungTau
2009-05-17,2.69,VungTau
2009-05-18,2.66,VungTau
2009-05-19,2.748,VungTau
2009-05-20,2.963,VungTau
2009-05-21,3.153,VungTau
2009-05-22,3.368,VungTau
2009-05-23,3.539,VungTau
2009-05-24,3.681,VungTau
2009-05-25,3.766,VungTau
2009-05-26,3.812,VungTau
2009-05-27,3.755,VungTau
2009-05-28,3.693,VungTau
2009-05-29,3.48,VungTau
2009-05-30,3.36,VungTau
2009-05-31,3.105,VungTau
2009-06-01,2.916,VungTau
2009-06-02,2.968,VungTau
2009-06-03,3.057,VungTau
2009-06-04,3.211,VungTau
2009-06-05,3.273,VungTau
2009-06-06,3.432,VungTau
2009-06-07,3.504,VungTau
2009-06-08,3.539,VungTau
2009-06-09,3.501,VungTau
2009-06-10,3.494,VungTau
2009-06-11,3.525,VungTau
2009-06-12,3.441,VungTau
2009-06-13,3.326,VungTau
2009-06-14,3.155,VungTau
2009-06-15,3.098,VungTau
2009-06-16,2.897,VungTau
2009-06-17,2.921,VungTau
2009-06-18,2.97,VungTau
2009-06-19,3.124,VungTau
2009-06-20,3.293,VungTau
2009-06-21,3.467,VungTau
2009-06-22,3.571,VungTau
2009-06-23,3.646,VungTau
2009-06-24,3.781,VungTau
2009-06-25,3.764,VungTau
2009-06-26,3.68,VungTau
2009-06-27,3.428,VungTau
2009-06-28,3.274,VungTau
2009-06-29,3.028,VungTau
2009-06-30,2.84,VungTau
2009-07-01,2.743,VungTau
2009-07-02,2.807,VungTau
2009-07-03,2.85,VungTau
2009-07-04,3.03,VungTau
2009-07-05,3.081,VungTau
2009-07-06,3.272,VungTau
2009-07-07,3.382,VungTau
2009-07-08,3.429,VungTau
2009-07-09,3.506,VungTau
2009-07-10,3.506,VungTau
2009-07-11,3.5,VungTau
2009-07-12,3.426,VungTau
2009-07-13,3.246,VungTau
2009-07-14,3.078,VungTau
2009-07-15,2.906,VungTau
2009-07-16,2.803,VungTau
2009-07-17,2.763,VungTau
2009-07-18,2.852,VungTau
2009-07-19,3.044,VungTau
2009-07-20,3.232,VungTau
2009-07-21,3.478,VungTau
2009-07-22,3.632,VungTau
2009-07-23,3.836,VungTau
2009-07-24,3.829,VungTau
2009-07-25,3.736,VungTau
2009-07-26,3.505,VungTau
2009-07-27,3.262,VungTau
2009-07-28,2.963,VungTau
2009-07-29,2.751,VungTau
2009-07-30,2.669,VungTau
2009-07-31,2.619,VungTau
2009-08-01,2.696,VungTau
2009-08-02,2.835,VungTau
2009-08-03,3.021,VungTau
2009-08-04,3.198,VungTau
2009-08-05,3.442,VungTau
2009-08-06,3.522,VungTau
2009-08-07,3.665,VungTau
2009-08-08,3.565,VungTau
2009-08-09,3.524,VungTau
2009-08-10,3.423,VungTau
2009-08-11,3.267,VungTau
2009-08-12,3.082,VungTau
2009-08-13,2.944,VungTau
2009-08-14,2.757,VungTau
2009-08-15,2.699,VungTau
2009-08-16,2.728,VungTau
2009-08-17,2.897,VungTau
2009-08-18,3.174,VungTau
2009-08-19,3.478,VungTau
2009-08-20,3.766,VungTau
2009-08-21,3.867,VungTau
2009-08-22,3.954,VungTau
2009-08-23,3.855,VungTau
2009-08-24,3.542,VungTau
2009-08-25,3.372,VungTau
2009-08-26,3.131,VungTau
2009-08-27,2.858,VungTau
2009-08-28,2.552,VungTau
2009-08-29,2.518,VungTau
2009-08-30,2.583,VungTau
2009-08-31,2.728,VungTau
2009-09-01,2.984,VungTau
2009-09-02,3.149,VungTau
2009-09-03,3.362,VungTau
2009-09-04,3.507,VungTau
2009-09-05,3.584,VungTau
2009-09-06,3.642,VungTau
2009-09-07,3.618,VungTau
2009-09-08,3.545,VungTau
2009-09-09,3.411,VungTau
2009-09-10,3.175,VungTau
2009-09-11,2.979,VungTau
2009-09-12,2.756,VungTau
2009-09-13,2.66,VungTau
2009-09-14,2.66,VungTau
2009-09-15,3.06,VungTau
2009-09-16,3.34,VungTau
2009-09-17,3.585,VungTau
2009-09-18,3.673,VungTau
2009-09-19,3.744,VungTau
2009-09-20,3.754,VungTau
2009-09-21,3.732,VungTau
2009-09-22,3.495,VungTau
2009-09-23,3.296,VungTau
2009-09-24,3.093,VungTau
2009-09-25,2.88,VungTau
2009-09-26,2.729,VungTau
2009-09-27,2.591,VungTau
2009-09-28,2.646,VungTau
2009-09-29,2.9,VungTau
2009-09-30,3.107,VungTau
2009-10-01,3.263,VungTau
2009-10-02,3.445,VungTau
2009-10-03,3.596,VungTau
2009-10-04,3.667,VungTau
2009-10-05,3.743,VungTau
2009-10-06,3.688,VungTau
2009-10-07,3.63,VungTau
2009-10-08,3.459,VungTau
2009-10-09,3.296,VungTau
2009-10-10,3.025,VungTau
2009-10-11,2.81,VungTau
2009-10-12,2.728,VungTau
2009-10-13,2.778,VungTau
2009-10-14,3.102,VungTau
2009-10-15,3.374,VungTau
2009-10-16,3.624,VungTau
2009-10-17,3.742,VungTau
2009-10-18,3.766,VungTau
2009-10-19,3.774,VungTau
2009-10-20,3.679,VungTau
2009-10-21,3.542,VungTau
2009-10-22,3.409,VungTau
2009-10-23,3.153,VungTau
2009-10-24,2.964,VungTau
2009-10-25,2.726,VungTau
2009-10-26,2.52,VungTau
2009-10-27,2.543,VungTau
2009-10-28,2.698,VungTau
2009-10-29,2.919,VungTau
2009-10-30,3.143,VungTau
2009-10-31,3.333,VungTau
2009-11-01,3.505,VungTau
2009-11-02,3.635,VungTau
2009-11-03,3.654,VungTau
2009-11-04,3.658,VungTau
2009-11-05,3.538,VungTau
2009-11-06,3.461,VungTau
2009-11-07,3.312,VungTau
2009-11-08,3.159,VungTau
2009-11-09,2.926,VungTau
2009-11-10,2.757,VungTau
2009-11-11,2.845,VungTau
2009-11-12,3.044,VungTau
2009-11-13,3.306,VungTau
2009-11-14,3.451,VungTau
2009-11-15,3.59,VungTau
2009-11-16,3.631,VungTau
2009-11-17,3.647,VungTau
2009-11-18,3.631,VungTau
2009-11-19,3.521,VungTau
2009-11-20,3.424,VungTau
2009-11-21,3.237,VungTau
2009-11-22,3.056,VungTau
2009-11-23,2.905,VungTau
2009-11-24,2.761,VungTau
2009-11-25,2.649,VungTau
2009-11-26,2.868,VungTau
2009-11-27,3.053,VungTau
2009-11-28,3.189,VungTau
2009-11-29,3.341,VungTau
2009-11-30,3.551,VungTau
2009-12-01,3.624,VungTau
2009-12-02,3.639,VungTau
2009-12-03,3.664,VungTau
2009-12-04,3.667,VungTau
2009-12-05,3.61,VungTau
2009-12-06,3.534,VungTau
2009-12-07,3.308,VungTau
2009-12-08,3.07,VungTau
2009-12-09,2.885,VungTau
2009-12-10,2.915,VungTau
2009-12-11,2.876,VungTau
2009-12-12,3.016,VungTau
2009-12-13,3.156,VungTau
2009-12-14,3.24,VungTau
2009-12-15,3.326,VungTau
2009-12-16,3.408,VungTau
2009-12-17,3.479,VungTau
2009-12-18,3.397,VungTau
2009-12-19,3.386,VungTau
2009-12-20,3.28,VungTau
2009-12-21,3.158,VungTau
2009-12-22,3.036,VungTau
2009-12-23,2.88,VungTau
2009-12-24,2.758,VungTau
2009-12-25,2.715,VungTau
2009-12-26,2.716,VungTau
2009-12-27,2.827,VungTau
2009-12-28,3.0,VungTau
2009-12-29,3.169,VungTau
2009-12-30,3.374,VungTau
2009-12-31,3.528,VungTau
2010-01-01,3.7,VungTau
2010-01-02,3.723,VungTau
2010-01-03,3.724,VungTau
2010-01-04,3.664,VungTau
2010-01-05,3.453,VungTau
2010-01-06,3.22,VungTau
2010-01-07,3.098,VungTau
2010-01-08,2.989,VungTau
2010-01-09,2.925,VungTau
2010-01-10,2.905,VungTau
2010-01-11,2.977,VungTau
2010-01-12,3.093,VungTau
2010-01-13,3.205,VungTau
2010-01-14,3.298,VungTau
2010-01-15,3.333,VungTau
2010-01-16,3.36,VungTau
2010-01-17,3.343,VungTau
2010-01-18,3.37,VungTau
2010-01-19,3.273,VungTau
2010-01-20,3.165,VungTau
2010-01-21,3.019,VungTau
2010-01-22,2.975,VungTau
2010-01-23,2.849,VungTau
2010-01-24,2.711,VungTau
2010-01-25,2.65,VungTau
2010-01-26,2.751,VungTau
2010-01-27,2.985,VungTau
2010-01-28,3.276,VungTau
2010-01-29,3.523,VungTau
2010-01-30,3.74,VungTau
2010-01-31,3.741,VungTau
2010-02-01,3.707,VungTau
2010-02-02,3.527,VungTau
2010-02-03,3.336,VungTau
2010-02-04,3.193,VungTau
2010-02-05,2.93,VungTau
2010-02-06,2.725,VungTau
2010-02-07,2.464,VungTau
2010-02-08,2.409,VungTau
2010-02-09,2.6,VungTau
2010-02-10,2.816,VungTau
2010-02-11,2.998,VungTau
2010-02-12,3.16,VungTau
2010-02-13,3.244,VungTau
2010-02-14,3.339,VungTau
2010-02-15,3.306,VungTau
2010-02-16,3.314,VungTau
2010-02-17,3.242,VungTau
2010-02-18,3.156,VungTau
2010-02-19,3.094,VungTau
2010-02-20,2.982,VungTau
2010-02-21,2.872,VungTau
2010-02-22,2.652,VungTau
2010-02-23,2.507,VungTau
2010-02-24,2.627,VungTau
2010-02-25,2.901,VungTau
2010-02-26,3.284,VungTau
2010-02-27,3.567,VungTau
2010-02-28,3.681,VungTau
2010-03-01,3.732,VungTau
2010-03-02,3.65,VungTau
2010-03-03,3.613,VungTau
2010-03-04,3.469,VungTau
2010-03-05,3.293,VungTau
2010-03-06,3.052,VungTau
2010-03-07,2.793,VungTau
2010-03-08,2.512,VungTau
2010-03-09,2.277,VungTau
2010-03-10,2.433,VungTau
2010-03-11,2.676,VungTau
2010-03-12,2.917,VungTau
2010-03-13,3.054,VungTau
2010-03-14,3.262,VungTau
2010-03-15,3.291,VungTau
2010-03-16,3.361,VungTau
2010-03-17,3.348,VungTau
2010-03-18,3.389,VungTau
2010-03-19,3.415,VungTau
2010-03-20,3.308,VungTau
2010-03-21,3.17,VungTau
2010-03-22,3.005,VungTau
2010-03-23,2.763,VungTau
2010-03-24,2.6,VungTau
2010-03-25,2.73,VungTau
2010-03-26,3.02,VungTau
2010-03-27,3.287,VungTau
2010-03-28,3.518,VungTau
2010-03-29,3.634,VungTau
2010-03-30,3.677,VungTau
2010-03-31,3.747,VungTau
2010-04-01,3.739,VungTau
2010-04-02,3.595,VungTau
2010-04-03,3.417,VungTau
2010-04-04,3.174,VungTau
2010-04-05,2.932,VungTau
2010-04-06,2.679,VungTau
2010-04-07,2.478,VungTau
2010-04-08,2.547,VungTau
2010-04-09,2.79,VungTau
2010-04-10,3.013,VungTau
2010-04-11,3.189,VungTau
2010-04-12,3.36,VungTau
2010-04-13,3.523,VungTau
2010-04-14,3.642,VungTau
2010-04-15,3.669,VungTau
2010-04-16,3.673,VungTau
2010-04-17,3.579,VungTau
2010-04-18,3.482,VungTau
2010-04-19,3.372,VungTau
2010-04-20,3.176,VungTau
2010-04-21,2.973,VungTau
2010-04-22,2.865,VungTau
2010-04-23,2.851,VungTau
2010-04-24,3.012,VungTau
2010-04-25,3.207,VungTau
2010-04-26,3.412,VungTau
2010-04-27,3.568,VungTau
2010-04-28,3.683,VungTau
2010-04-29,3.691,VungTau
2010-04-30,3.665,VungTau
2010-05-01,3.59,VungTau
2010-05-02,3.489,VungTau
2010-05-03,3.344,VungTau
2010-05-04,3.157,VungTau
2010-05-05,2.992,VungTau
2010-05-06,2.757,VungTau
2010-05-07,2.638,VungTau
2010-05-08,2.638,VungTau
2010-05-09,2.838,VungTau
2010-05-10,3.03,VungTau
2010-05-11,3.19,VungTau
2010-05-12,3.349,VungTau
2010-05-13,3.479,VungTau
2010-05-14,3.581,VungTau
2010-05-15,3.584,VungTau
2010-05-16,3.615,VungTau
2010-05-17,3.623,VungTau
2010-05-18,3.546,VungTau
2010-05-19,3.393,VungTau
2010-05-20,3.263,VungTau
2010-05-21,3.062,VungTau
2010-05-22,2.926,VungTau
2010-05-23,3.048,VungTau
2010-05-24,3.275,VungTau
2010-05-25,3.434,VungTau
2010-05-26,3.533,VungTau
2010-05-27,3.633,VungTau
2010-05-28,3.668,VungTau
2010-05-29,3.694,VungTau
2010-05-30,3.587,VungTau
2010-05-31,3.563,VungTau
2010-06-01,3.398,VungTau
2010-06-02,3.242,VungTau
2010-06-03,3.037,VungTau
2010-06-04,2.906,VungTau
2010-06-05,2.798,VungTau
2010-06-06,2.863,VungTau
2010-06-07,2.914,VungTau
2010-06-08,2.977,VungTau
2010-06-09,3.143,VungTau
2010-06-10,3.182,VungTau
2010-06-11,3.443,VungTau
2010-06-12,3.564,VungTau
2010-06-13,3.609,VungTau
2010-06-14,3.617,VungTau
2010-06-15,3.654,VungTau
2010-06-16,3.602,VungTau
2010-06-17,3.494,VungTau
2010-06-18,3.312,VungTau
2010-06-19,3.161,VungTau
2010-06-20,3.019,VungTau
2010-06-21,3.056,VungTau
2010-06-22,3.125,VungTau
2010-06-23,3.189,VungTau
2010-06-24,3.272,VungTau
2010-06-25,3.387,VungTau
2010-06-26,3.417,VungTau
2010-06-27,3.463,VungTau
2010-06-28,3.544,VungTau
2010-06-29,3.505,VungTau
2010-06-30,3.454,VungTau
2010-07-01,3.351,VungTau
2010-07-02,3.258,VungTau
2010-07-03,3.011,VungTau
2010-07-04,2.833,VungTau
2010-07-05,2.739,VungTau
2010-07-06,2.751,VungTau
2010-07-07,2.791,VungTau
2010-07-08,2.93,VungTau
2010-07-09,3.106,VungTau
2010-07-10,3.355,VungTau
2010-07-11,3.583,VungTau
2010-07-12,3.715,VungTau
2010-07-13,3.859,VungTau
2010-07-14,3.844,VungTau
2010-07-15,3.831,VungTau
2010-07-16,3.605,VungTau
2010-07-17,3.359,VungTau
2010-07-18,3.027,VungTau
2010-07-19,2.823,VungTau
2010-07-20,2.797,VungTau
2010-07-21,2.861,VungTau
2010-07-22,2.947,VungTau
2010-07-23,3.162,VungTau
2010-07-24,3.455,VungTau
2010-07-25,3.617,VungTau
2010-07-26,3.7,VungTau
2010-07-27,3.772,VungTau
2010-07-28,3.632,VungTau
2010-07-29,3.588,VungTau
2010-07-30,3.51,VungTau
2010-07-31,3.378,VungTau
2010-08-01,3.213,VungTau
2010-08-02,3.033,VungTau
2010-08-03,2.884,VungTau
2010-08-04,2.762,VungTau
2010-08-05,2.745,VungTau
2010-08-06,2.862,VungTau
2010-08-07,3.156,VungTau
2010-08-08,3.374,VungTau
2010-08-09,3.601,VungTau
2010-08-10,3.808,VungTau
2010-08-11,3.973,VungTau
2010-08-12,3.945,VungTau
2010-08-13,3.842,VungTau
2010-08-14,3.602,VungTau
2010-08-15,3.346,VungTau
2010-08-16,3.047,VungTau
2010-08-17,2.749,VungTau
2010-08-18,2.615,VungTau
2010-08-19,2.617,VungTau
2010-08-20,2.789,VungTau
2010-08-21,3.014,VungTau
2010-08-22,3.319,VungTau
2010-08-23,3.502,VungTau
2010-08-24,3.71,VungTau
2010-08-25,3.775,VungTau
2010-08-26,3.795,VungTau
2010-08-27,3.676,VungTau
2010-08-28,3.6,VungTau
2010-08-29,3.45,VungTau
2010-08-30,3.324,VungTau
2010-08-31,3.158,VungTau
2010-09-01,2.97,VungTau
2010-09-02,2.802,VungTau
2010-09-03,2.757,VungTau
2010-09-04,2.814,VungTau
2010-09-05,3.151,VungTau
2010-09-06,3.45,VungTau
2010-09-07,3.641,VungTau
2010-09-08,3.877,VungTau
2010-09-09,3.91,VungTau
2010-09-10,3.873,VungTau
2010-09-11,3.729,VungTau
2010-09-12,3.505,VungTau
2010-09-13,3.287,VungTau
2010-09-14,3.061,VungTau
2010-09-15,2.769,VungTau
2010-09-16,2.663,VungTau
2010-09-17,2.623,VungTau
2010-09-18,2.778,VungTau
2010-09-19,2.96,VungTau
2010-09-20,3.149,VungTau
2010-09-21,3.345,VungTau
2010-09-22,3.475,VungTau
2010-09-23,3.504,VungTau
2010-09-24,3.612,VungTau
2010-09-25,3.644,VungTau
2010-09-26,3.638,VungTau
2010-09-27,3.487,VungTau
2010-09-28,3.376,VungTau
2010-09-29,3.265,VungTau
2010-09-30,3.053,VungTau
2010-10-01,2.856,VungTau
2010-10-02,2.828,VungTau
2010-10-03,2.925,VungTau
2010-10-04,3.301,VungTau
2010-10-05,3.644,VungTau
2010-10-06,3.888,VungTau
2010-10-07,4.024,VungTau
2010-10-08,4.033,VungTau
2010-10-09,4.04,VungTau
2010-10-10,3.893,VungTau
2010-10-11,3.746,VungTau
2010-10-12,3.548,VungTau
2010-10-13,3.259,VungTau
2010-10-14,2.988,VungTau
2010-10-15,2.814,VungTau
2010-10-16,2.735,VungTau
2010-10-17,2.879,VungTau
2010-10-18,3.096,VungTau
2010-10-19,3.283,VungTau
2010-10-20,3.529,VungTau
2010-10-21,3.603,VungTau
2010-10-22,3.738,VungTau
2010-10-23,3.77,VungTau
2010-10-24,3.788,VungTau
2010-10-25,3.731,VungTau
2010-10-26,3.655,VungTau
2010-10-27,3.514,VungTau
2010-10-28,3.367,VungTau
2010-10-29,3.127,VungTau
2010-10-30,2.931,VungTau
2010-10-31,2.924,VungTau
2010-11-01,3.012,VungTau
2010-11-02,3.313,VungTau
2010-11-03,3.551,VungTau
2010-11-04,3.74,VungTau
2010-11-05,3.821,VungTau
2010-11-06,3.891,VungTau
2010-11-07,3.815,VungTau
2010-11-08,3.756,VungTau
2010-11-09,3.618,VungTau
2010-11-10,3.417,VungTau
2010-11-11,3.219,VungTau
2010-11-12,3.008,VungTau
2010-11-13,2.854,VungTau
2010-11-14,2.72,VungTau
2010-11-15,2.769,VungTau
2010-11-16,2.931,VungTau
2010-11-17,3.134,VungTau
2010-11-18,3.296,VungTau
2010-11-19,3.43,VungTau
2010-11-20,3.539,VungTau
2010-11-21,3.685,VungTau
2010-11-22,3.746,VungTau
2010-11-23,3.767,VungTau
2010-11-24,3.703,VungTau
2010-11-25,3.551,VungTau
2010-11-26,3.499,VungTau
2010-11-27,3.266,VungTau
2010-11-28,3.092,VungTau
2010-11-29,2.894,VungTau
2010-11-30,2.963,VungTau
2010-12-01,3.169,VungTau
2010-12-02,3.338,VungTau
2010-12-03,3.552,VungTau
2010-12-04,3.779,VungTau
2010-12-05,3.967,VungTau
2010-12-06,3.998,VungTau
2010-12-07,3.9,VungTau
2010-12-08,3.79,VungTau
2010-12-09,3.605,VungTau
2010-12-10,3.452,VungTau
2010-12-11,3.202,VungTau
2010-12-12,3.002,VungTau
2010-12-13,2.807,VungTau
2010-12-14,2.776,VungTau
2010-12-15,2.783,VungTau
2010-12-16,2.976,VungTau
2010-12-17,3.175,VungTau
2010-12-18,3.312,VungTau
2010-12-19,3.481,VungTau
2010-12-20,3.637,VungTau
2010-12-21,3.708,VungTau
2010-12-22,3.823,VungTau
2010-12-23,3.794,VungTau
2010-12-24,3.719,VungTau
2010-12-25,3.564,VungTau
2010-12-26,3.415,VungTau
2010-12-27,3.129,VungTau
2010-12-28,2.986,VungTau
2010-12-29,2.96,VungTau
2010-12-30,2.984,VungTau
2010-12-31,3.146,VungTau
2011-01-01,3.326,VungTau
2011-01-02,3.472,VungTau
2011-01-03,3.585,VungTau
2011-01-04,3.629,VungTau
2011-01-05,3.685,VungTau
2011-01-06,3.586,VungTau
2011-01-07,3.592,VungTau
2011-01-08,3.516,VungTau
2011-01-09,3.418,VungTau
2011-01-10,3.264,VungTau
2011-01-11,3.104,VungTau
2011-01-12,2.905,VungTau
2011-01-13,2.808,VungTau
2011-01-14,2.685,VungTau
2011-01-15,2.729,VungTau
2011-01-16,2.976,VungTau
2011-01-17,3.216,VungTau
2011-01-18,3.434,VungTau
2011-01-19,3.698,VungTau
2011-01-20,3.884,VungTau
2011-01-21,3.897,VungTau
2011-01-22,3.867,VungTau
2011-01-23,3.643,VungTau
2011-01-24,3.405,VungTau
2011-01-25,3.236,VungTau
2011-01-26,3.009,VungTau
2011-01-27,2.82,VungTau
2011-01-28,2.701,VungTau
2011-01-29,2.766,VungTau
2011-01-30,2.982,VungTau
2011-01-31,3.145,VungTau
2011-02-01,3.308,VungTau
2011-02-02,3.38,VungTau
2011-02-03,3.514,VungTau
2011-02-04,3.494,VungTau
2011-02-05,3.428,VungTau
2011-02-06,3.358,VungTau
2011-02-07,3.244,VungTau
2011-02-08,3.208,VungTau
2011-02-09,3.117,VungTau
2011-02-10,2.974,VungTau
2011-02-11,2.805,VungTau
2011-02-12,2.624,VungTau
2011-02-13,2.598,VungTau
2011-02-14,2.802,VungTau
2011-02-15,3.109,VungTau
2011-02-16,3.337,VungTau
2011-02-17,3.622,VungTau
2011-02-18,3.794,VungTau
2011-02-19,3.816,VungTau
2011-02-20,3.768,VungTau
2011-02-21,3.618,VungTau
2011-02-22,3.528,VungTau
2011-02-23,3.369,VungTau
2011-02-24,3.101,VungTau
2011-02-25,2.833,VungTau
2011-02-26,2.571,VungTau
2011-02-27,2.583,VungTau
2011-02-28,2.87,VungTau
2011-03-01,3.116,VungTau
2011-03-02,3.262,VungTau
2011-03-03,3.384,VungTau
2011-03-04,3.403,VungTau
2011-03-05,3.441,VungTau
2011-03-06,3.413,VungTau
2011-03-07,3.42,VungTau
2011-03-08,3.425,VungTau
2011-03-09,3.357,VungTau
2011-03-10,3.306,VungTau
2011-03-11,3.145,VungTau
2011-03-12,2.891,VungTau
2011-03-13,2.719,VungTau
2011-03-14,2.614,VungTau
2011-03-15,2.867,VungTau
2011-03-16,3.128,VungTau
2011-03-17,3.405,VungTau
2011-03-18,3.611,VungTau
2011-03-19,3.692,VungTau
2011-03-20,3.784,VungTau
2011-03-21,3.783,VungTau
2011-03-22,3.766,VungTau
2011-03-23,3.59,VungTau
2011-03-24,3.413,VungTau
2011-03-25,3.19,VungTau
2011-03-26,2.912,VungTau
2011-03-27,2.648,VungTau
2011-03-28,2.685,VungTau
2011-03-29,2.806,VungTau
2011-03-30,2.923,VungTau
2011-03-31,3.128,VungTau
2011-04-01,3.211,VungTau
2011-04-02,3.39,VungTau
2011-04-03,3.442,VungTau
2011-04-04,3.565,VungTau
2011-04-05,3.574,VungTau
2011-04-06,3.524,VungTau
2011-04-07,3.471,VungTau
2011-04-08,3.358,VungTau
2011-04-09,3.245,VungTau
2011-04-10,3.066,VungTau
2011-04-11,2.872,VungTau
2011-04-12,2.77,VungTau
2011-04-13,2.831,VungTau
2011-04-14,3.054,VungTau
2011-04-15,3.25,VungTau
2011-04-16,3.466,VungTau
2011-04-17,3.655,VungTau
2011-04-18,3.833,VungTau
2011-04-19,3.855,VungTau
2011-04-20,3.76,VungTau
2011-04-21,3.66,VungTau
2011-04-22,3.425,VungTau
2011-04-23,3.176,VungTau
2011-04-24,2.983,VungTau
2011-04-25,2.803,VungTau
2011-04-26,2.57,VungTau
2011-04-27,2.679,VungTau
2011-04-28,2.819,VungTau
2011-04-29,3.003,VungTau
2011-04-30,3.166,VungTau
2011-05-01,3.252,VungTau
2011-05-02,3.405,VungTau
2011-05-03,3.498,VungTau
2011-05-04,3.483,VungTau
2011-05-05,3.499,VungTau
2011-05-06,3.468,VungTau
2011-05-07,3.439,VungTau
2011-05-08,3.362,VungTau
2011-05-09,3.325,VungTau
2011-05-10,3.166,VungTau
2011-05-11,3.001,VungTau
2011-05-12,2.942,VungTau
2011-05-13,3.106,VungTau
2011-05-14,3.31,VungTau
2011-05-15,3.507,VungTau
2011-05-16,3.676,VungTau
2011-05-17,3.782,VungTau
2011-05-18,3.755,VungTau
2011-05-19,3.634,VungTau
2011-05-20,3.647,VungTau
2011-05-21,3.511,VungTau
2011-05-22,3.345,VungTau
2011-05-23,3.149,VungTau
2011-05-24,2.919,VungTau
2011-05-25,2.705,VungTau
2011-05-26,2.684,VungTau
2011-05-27,2.749,VungTau
2011-05-28,2.924,VungTau
2011-05-29,3.056,VungTau
2011-05-30,3.171,VungTau
2011-05-31,3.368,VungTau
2011-06-01,3.455,VungTau
2011-06-02,3.489,VungTau
2011-06-03,3.592,VungTau
2011-06-04,3.596,VungTau
2011-06-05,3.543,VungTau
2011-06-06,3.468,VungTau
2011-06-07,3.318,VungTau
2011-06-08,3.224,VungTau
2011-06-09,3.043,VungTau
2011-06-10,2.969,VungTau
2011-06-11,3.031,VungTau
2011-06-12,3.22,VungTau
2011-06-13,3.358,VungTau
2011-06-14,3.498,VungTau
2011-06-15,3.544,VungTau
2011-06-16,3.614,VungTau
2011-06-17,3.716,VungTau
2011-06-18,3.645,VungTau
2011-06-19,3.587,VungTau
2011-06-20,3.438,VungTau
2011-06-21,3.259,VungTau
2011-06-22,3.071,VungTau
2011-06-23,2.87,VungTau
2011-06-24,2.707,VungTau
2011-06-25,2.749,VungTau
2011-06-26,2.818,VungTau
2011-06-27,2.923,VungTau
2011-06-28,3.069,VungTau
2011-06-29,3.242,VungTau
2011-06-30,3.397,VungTau
2011-07-01,3.54,VungTau
2011-07-02,3.656,VungTau
2011-07-03,3.618,VungTau
2011-07-04,3.698,VungTau
2011-07-05,3.644,VungTau
2011-07-06,3.551,VungTau
2011-07-07,3.353,VungTau
2011-07-08,3.125,VungTau
2011-07-09,3.063,VungTau
2011-07-10,3.005,VungTau
2011-07-11,3.05,VungTau
2011-07-12,3.241,VungTau
2011-07-13,3.372,VungTau
2011-07-14,3.467,VungTau
2011-07-15,3.577,VungTau
2011-07-16,3.527,VungTau
2011-07-17,3.629,VungTau
2011-07-18,3.638,VungTau
2011-07-19,3.557,VungTau
2011-07-20,3.431,VungTau
2011-07-21,3.226,VungTau
2011-07-22,3.051,VungTau
2011-07-23,2.895,VungTau
2011-07-24,2.748,VungTau
2011-07-25,2.758,VungTau
2011-07-26,2.841,VungTau
2011-07-27,2.942,VungTau
2011-07-28,3.128,VungTau
2011-07-29,3.356,VungTau
2011-07-30,3.541,VungTau
2011-07-31,3.654,VungTau
2011-08-01,3.827,VungTau
2011-08-02,3.818,VungTau
2011-08-03,3.665,VungTau
2011-08-04,3.518,VungTau
2011-08-05,3.267,VungTau
2011-08-06,3.013,VungTau
2011-08-07,2.8,VungTau
2011-08-08,2.681,VungTau
2011-08-09,2.773,VungTau
2011-08-10,2.985,VungTau
2011-08-11,3.187,VungTau
2011-08-12,3.372,VungTau
2011-08-13,3.516,VungTau
2011-08-14,3.576,VungTau
2011-08-15,3.575,VungTau
2011-08-16,3.488,VungTau
2011-08-17,3.447,VungTau
2011-08-18,3.288,VungTau
2011-08-19,3.112,VungTau
2011-08-20,2.919,VungTau
2011-08-21,2.74,VungTau
2011-08-22,2.647,VungTau
2011-08-23,2.557,VungTau
2011-08-24,2.596,VungTau
2011-08-25,2.855,VungTau
2011-08-26,3.124,VungTau
2011-08-27,3.364,VungTau
2011-08-28,3.524,VungTau
2011-08-29,3.685,VungTau
2011-08-30,3.766,VungTau
2011-08-31,3.753,VungTau
2011-09-01,3.584,VungTau
2011-09-02,3.439,VungTau
2011-09-03,3.188,VungTau
2011-09-04,2.949,VungTau
2011-09-05,2.714,VungTau
2011-09-06,2.653,VungTau
2011-09-07,2.702,VungTau
2011-09-08,2.895,VungTau
2011-09-09,3.088,VungTau
2011-09-10,3.344,VungTau
2011-09-11,3.518,VungTau
2011-09-12,3.478,VungTau
2011-09-13,3.49,VungTau
2011-09-14,3.465,VungTau
2011-09-15,3.379,VungTau
2011-09-16,3.357,VungTau
2011-09-17,3.213,VungTau
2011-09-18,3.107,VungTau
2011-09-19,2.889,VungTau
2011-09-20,2.648,VungTau
2011-09-21,2.546,VungTau
2011-09-22,2.552,VungTau
2011-09-23,2.724,VungTau
2011-09-24,3.029,VungTau
2011-09-25,3.36,VungTau
2011-09-26,3.671,VungTau
2011-09-27,3.794,VungTau
2011-09-28,3.924,VungTau
2011-09-29,3.872,VungTau
2011-09-30,3.778,VungTau
2011-10-01,3.529,VungTau
2011-10-02,3.306,VungTau
2011-10-03,2.968,VungTau
2011-10-04,2.661,VungTau
2011-10-05,2.609,VungTau
2011-10-06,2.709,VungTau
2011-10-07,2.992,VungTau
2011-10-08,3.221,VungTau
2011-10-09,3.402,VungTau
2011-10-10,3.467,VungTau
2011-10-11,3.586,VungTau
2011-10-12,3.607,VungTau
2011-10-13,3.62,VungTau
2011-10-14,3.569,VungTau
2011-10-15,3.509,VungTau
2011-10-16,3.424,VungTau
2011-10-17,3.26,VungTau
2011-10-18,3.122,VungTau
2011-10-19,2.932,VungTau
2011-10-20,2.772,VungTau
2011-10-21,2.779,VungTau
2011-10-22,2.894,VungTau
2011-10-23,3.207,VungTau
2011-10-24,3.479,VungTau
2011-10-25,3.706,VungTau
2011-10-26,3.852,VungTau
2011-10-27,3.843,VungTau
2011-10-28,3.833,VungTau
2011-10-29,3.66,VungTau
2011-10-30,3.446,VungTau
2011-10-31,3.282,VungTau
2011-11-01,3.04,VungTau
2011-11-02,2.748,VungTau
2011-11-03,2.574,VungTau
2011-11-04,2.596,VungTau
2011-11-05,2.82,VungTau
2011-11-06,3.017,VungTau
2011-11-07,3.192,VungTau
2011-11-08,3.339,VungTau
2011-11-09,3.466,VungTau
2011-11-10,3.639,VungTau
2011-11-11,3.662,VungTau
2011-11-12,3.72,VungTau
2011-11-13,3.598,VungTau
2011-11-14,3.495,VungTau
2011-11-15,3.322,VungTau
2011-11-16,3.225,VungTau
2011-11-17,3.022,VungTau
2011-11-18,2.796,VungTau
2011-11-19,2.691,VungTau
2011-11-20,2.845,VungTau
2011-11-21,3.1,VungTau
2011-11-22,3.348,VungTau
2011-11-23,3.526,VungTau
2011-11-24,3.681,VungTau
2011-11-25,3.769,VungTau
2011-11-26,3.734,VungTau
2011-11-27,3.677,VungTau
2011-11-28,3.508,VungTau
2011-11-29,3.316,VungTau
2011-11-30,3.069,VungTau
2011-12-01,2.849,VungTau
2011-12-02,2.65,VungTau
2011-12-03,2.622,VungTau
2011-12-04,2.755,VungTau
2011-12-05,2.867,VungTau
2011-12-06,3.042,VungTau
2011-12-07,3.207,VungTau
2011-12-08,3.319,VungTau
2011-12-09,3.357,VungTau
2011-12-10,3.476,VungTau
2011-12-11,3.525,VungTau
2011-12-12,3.516,VungTau
2011-12-13,3.549,VungTau
2011-12-14,3.506,VungTau
2011-12-15,3.435,VungTau
2011-12-16,3.225,VungTau
2011-12-17,3.03,VungTau
2011-12-18,2.964,VungTau
2011-12-19,3.001,VungTau
2011-12-20,3.034,VungTau
2011-12-21,3.157,VungTau
2011-12-22,3.418,VungTau
2011-12-23,3.603,VungTau
2011-12-24,3.701,VungTau
2011-12-25,3.734,VungTau
2011-12-26,3.699,VungTau
2011-12-27,3.669,VungTau
2011-12-28,3.612,VungTau
2011-12-29,3.339,VungTau
2011-12-30,3.106,VungTau
2011-12-31,3.019,VungTau
2012-01-01,2.92,VungTau
2012-01-02,2.91,VungTau
2012-01-03,2.91,VungTau
2012-01-04,2.98,VungTau
2012-01-05,3.1,VungTau
2012-01-06,3.24,VungTau
2012-01-07,3.38,VungTau
2012-01-08,3.48,VungTau
2012-01-09,3.63,VungTau
2012-01-10,3.67,VungTau
2012-01-11,3.69,VungTau
2012-01-12,3.63,VungTau
2012-01-13,3.56,VungTau
2012-01-14,3.35,VungTau
2012-01-15,3.22,VungTau
2012-01-16,3.14,VungTau
2012-01-17,3.06,VungTau
2012-01-18,3.01,VungTau
2012-01-19,3.14,VungTau
2012-01-20,3.31,VungTau
2012-01-21,3.5,VungTau
2012-01-22,3.64,VungTau
2012-01-23,3.68,VungTau
2012-01-24,3.71,VungTau
2012-01-25,3.65,VungTau
2012-01-26,3.5,VungTau
2012-01-27,3.35,VungTau
2012-01-28,3.23,VungTau
2012-01-29,3.16,VungTau
2012-01-30,3.02,VungTau
2012-01-31,2.79,VungTau
2012-02-01,2.65,VungTau
2012-02-02,2.57,VungTau
2012-02-03,2.78,VungTau
2012-02-04,2.99,VungTau
2012-02-05,3.23,VungTau
2012-02-06,3.44,VungTau
2012-02-07,3.61,VungTau
2012-02-08,3.72,VungTau
2012-02-09,3.66,VungTau
2012-02-10,3.61,VungTau
2012-02-11,3.45,VungTau
2012-02-12,3.38,VungTau
2012-02-13,3.31,VungTau
2012-02-14,3.1,VungTau
2012-02-15,2.9,VungTau
2012-02-16,2.75,VungTau
2012-02-17,2.89,VungTau
2012-02-18,3.13,VungTau
2012-02-19,3.32,VungTau
2012-02-20,3.5,VungTau
2012-02-21,3.55,VungTau
2012-02-22,3.6,VungTau
2012-02-23,3.53,VungTau
2012-02-24,3.46,VungTau
2012-02-25,3.43,VungTau
2012-02-26,3.34,VungTau
2012-02-27,3.29,VungTau
2012-02-28,3.17,VungTau
2012-02-29,3.0,VungTau
2012-03-01,2.77,VungTau
2012-03-02,2.57,VungTau
2012-03-03,2.67,VungTau
2012-03-04,2.96,VungTau
2012-03-05,3.2,VungTau
2012-03-06,3.45,VungTau
2012-03-07,3.67,VungTau
2012-03-08,3.77,VungTau
2012-03-09,3.79,VungTau
2012-03-10,3.74,VungTau
2012-03-11,3.75,VungTau
2012-03-12,3.65,VungTau
2012-03-13,3.45,VungTau
2012-03-14,3.25,VungTau
2012-03-15,2.98,VungTau
2012-03-16,2.73,VungTau
2012-03-17,2.8,VungTau
2012-03-18,3.01,VungTau
2012-03-19,3.24,VungTau
2012-03-20,3.37,VungTau
2012-03-21,3.54,VungTau
2012-03-22,3.56,VungTau
2012-03-23,3.63,VungTau
2012-03-24,3.64,VungTau
2012-03-25,3.62,VungTau
2012-03-26,3.58,VungTau
2012-03-27,3.42,VungTau
2012-03-28,3.31,VungTau
2012-03-29,3.12,VungTau
2012-03-30,2.91,VungTau
2012-03-31,2.71,VungTau
2012-04-01,2.68,VungTau
2012-04-02,2.82,VungTau
2012-04-03,3.15,VungTau
2012-04-04,3.38,VungTau
2012-04-05,3.58,VungTau
2012-04-06,3.73,VungTau
2012-04-07,3.84,VungTau
2012-04-08,3.89,VungTau
2012-04-09,3.83,VungTau
2012-04-10,3.64,VungTau
2012-04-11,3.51,VungTau
2012-04-12,3.28,VungTau
2012-04-13,2.98,VungTau
2012-04-14,2.81,VungTau
2012-04-15,2.81,VungTau
2012-04-16,2.94,VungTau
2012-04-17,3.08,VungTau
2012-04-18,3.23,VungTau
2012-04-19,3.4,VungTau
2012-04-20,3.51,VungTau
2012-04-21,3.56,VungTau
2012-04-22,3.63,VungTau
2012-04-23,3.59,VungTau
2012-04-24,3.49,VungTau
2012-04-25,3.43,VungTau
2012-04-26,3.34,VungTau
2012-04-27,3.22,VungTau
2012-04-28,3.02,VungTau
2012-04-29,2.87,VungTau
2012-04-30,2.81,VungTau
2012-05-01,2.92,VungTau
2012-05-02,3.11,VungTau
2012-05-03,3.39,VungTau
2012-05-04,3.69,VungTau
2012-05-05,3.85,VungTau
2012-05-06,3.96,VungTau
2012-05-07,3.99,VungTau
2012-05-08,3.89,VungTau
2012-05-09,3.74,VungTau
2012-05-10,3.61,VungTau
2012-05-11,3.38,VungTau
2012-05-12,3.18,VungTau
2012-05-13,2.9,VungTau
2012-05-14,2.81,VungTau
2012-05-15,2.89,VungTau
2012-05-16,3.15,VungTau
2012-05-17,3.21,VungTau
2012-05-18,3.36,VungTau
2012-05-19,3.47,VungTau
2012-05-20,3.57,VungTau
2012-05-21,3.56,VungTau
2012-05-22,3.63,VungTau
2012-05-23,3.67,VungTau
2012-05-24,3.62,VungTau
2012-05-25,3.57,VungTau
2012-05-26,3.42,VungTau
2012-05-27,3.35,VungTau
2012-05-28,3.11,VungTau
2012-05-29,2.97,VungTau
2012-05-30,2.92,VungTau
2012-05-31,3.05,VungTau
2012-06-01,3.33,VungTau
2012-06-02,3.55,VungTau
2012-06-03,3.78,VungTau
2012-06-04,3.85,VungTau
2012-06-05,3.98,VungTau
2012-06-06,3.98,VungTau
2012-06-07,3.91,VungTau
2012-06-08,3.75,VungTau
2012-06-09,3.53,VungTau
2012-06-10,3.32,VungTau
2012-06-11,3.06,VungTau
2012-06-12,2.94,VungTau
2012-06-13,2.91,VungTau
2012-06-14,2.94,VungTau
2012-06-15,3.12,VungTau
2012-06-16,3.25,VungTau
2012-06-17,3.33,VungTau
2012-06-18,3.44,VungTau
2012-06-19,3.57,VungTau
2012-06-20,3.65,VungTau
2012-06-21,3.67,VungTau
2012-06-22,3.65,VungTau
2012-06-23,3.67,VungTau
2012-06-24,3.6,VungTau
2012-06-25,3.43,VungTau
2012-06-26,3.32,VungTau
2012-06-27,3.08,VungTau
2012-06-28,3.06,VungTau
2012-06-29,3.06,VungTau
2012-06-30,3.22,VungTau
2012-07-01,3.41,VungTau
2012-07-02,3.65,VungTau
2012-07-03,3.78,VungTau
2012-07-04,3.81,VungTau
2012-07-05,3.82,VungTau
2012-07-06,3.82,VungTau
2012-07-07,3.69,VungTau
2012-07-08,3.5,VungTau
2012-07-09,3.25,VungTau
2012-07-10,3.04,VungTau
2012-07-11,2.81,VungTau
2012-07-12,2.77,VungTau
2012-07-13,2.71,VungTau
2012-07-14,2.79,VungTau
2012-07-15,2.9,VungTau
2012-07-16,3.13,VungTau
2012-07-17,3.34,VungTau
2012-07-18,3.46,VungTau
2012-07-19,3.58,VungTau
2012-07-20,3.67,VungTau
2012-07-21,3.71,VungTau
2012-07-22,3.71,VungTau
2012-07-23,3.63,VungTau
2012-07-24,3.49,VungTau
2012-07-25,3.3,VungTau
2012-07-26,3.06,VungTau
2012-07-27,2.99,VungTau
2012-07-28,2.92,VungTau
2012-07-29,3.08,VungTau
2012-07-30,3.32,VungTau
2012-07-31,3.61,VungTau
2012-08-01,3.75,VungTau
2012-08-02,3.82,VungTau
2012-08-03,3.88,VungTau
2012-08-04,3.77,VungTau
2012-08-05,3.72,VungTau
2012-08-06,3.52,VungTau
2012-08-07,3.35,VungTau
2012-08-08,3.07,VungTau
2012-08-09,2.89,VungTau
2012-08-10,2.72,VungTau
2012-08-11,2.62,VungTau
2012-08-12,2.62,VungTau
2012-08-13,2.8,VungTau
2012-08-14,3.05,VungTau
2012-08-15,3.27,VungTau
2012-08-16,3.43,VungTau
2012-08-17,3.7,VungTau
2012-08-18,3.72,VungTau
2012-08-19,3.76,VungTau
2012-08-20,3.72,VungTau
2012-08-21,3.59,VungTau
2012-08-22,3.49,VungTau
2012-08-23,3.22,VungTau
2012-08-24,3.01,VungTau
2012-08-25,2.8,VungTau
2012-08-26,2.78,VungTau
2012-08-27,2.89,VungTau
2012-08-28,3.15,VungTau
2012-08-29,3.31,VungTau
2012-08-30,3.51,VungTau
2012-08-31,3.67,VungTau
2012-09-01,3.69,VungTau
2012-09-02,3.62,VungTau
2012-09-03,3.56,VungTau
2012-09-04,3.42,VungTau
2012-09-05,3.32,VungTau
2012-09-06,3.15,VungTau
2012-09-07,3.0,VungTau
2012-09-08,2.81,VungTau
2012-09-09,2.58,VungTau
2012-09-10,2.53,VungTau
2012-09-11,2.67,VungTau
2012-09-12,2.92,VungTau
2012-09-13,3.26,VungTau
2012-09-14,3.4,VungTau
2012-09-15,3.6,VungTau
2012-09-16,3.7,VungTau
2012-09-17,3.8,VungTau
2012-09-18,3.86,VungTau
2012-09-19,3.75,VungTau
2012-09-20,3.52,VungTau
2012-09-21,3.3,VungTau
2012-09-22,2.99,VungTau
2012-09-23,2.74,VungTau
2012-09-24,2.72,VungTau
2012-09-25,2.83,VungTau
2012-09-26,3.05,VungTau
2012-09-27,3.28,VungTau
2012-09-28,3.43,VungTau
2012-09-29,3.62,VungTau
2012-09-30,3.57,VungTau
2012-10-01,3.6,VungTau
2012-10-02,3.51,VungTau
2012-10-03,3.48,VungTau
2012-10-04,3.35,VungTau
2012-10-05,3.23,VungTau
2012-10-06,3.06,VungTau
2012-10-07,2.86,VungTau
2012-10-08,2.67,VungTau
2012-10-09,2.63,VungTau
2012-10-10,2.75,VungTau
2012-10-11,3.05,VungTau
2012-10-12,3.29,VungTau
2012-10-13,3.51,VungTau
2012-10-14,3.71,VungTau
2012-10-15,3.86,VungTau
2012-10-16,3.9,VungTau
2012-10-17,3.85,VungTau
2012-10-18,3.74,VungTau
2012-10-19,3.55,VungTau
2012-10-20,3.3,VungTau
2012-10-21,3.03,VungTau
2012-10-22,2.84,VungTau
2012-10-23,2.78,VungTau
2012-10-24,2.91,VungTau
2012-10-25,3.19,VungTau
2012-10-26,3.35,VungTau
2012-10-27,3.48,VungTau
2012-10-28,3.53,VungTau
2012-10-29,3.61,VungTau
2012-10-30,3.61,VungTau
2012-10-31,3.61,VungTau
2012-11-01,3.51,VungTau
2012-11-02,3.52,VungTau
2012-11-03,3.36,VungTau
2012-11-04,3.2,VungTau
2012-11-05,3.08,VungTau
2012-11-06,2.93,VungTau
2012-11-07,2.82,VungTau
2012-11-08,2.87,VungTau
2012-11-09,3.16,VungTau
2012-11-10,3.38,VungTau
2012-11-11,3.56,VungTau
2012-11-12,3.78,VungTau
2012-11-13,3.95,VungTau
2012-11-14,4.05,VungTau
2012-11-15,4.08,VungTau
2012-11-16,4.04,VungTau
2012-11-17,3.83,VungTau
2012-11-18,3.6,VungTau
2012-11-19,3.36,VungTau
2012-11-20,3.04,VungTau
2012-11-21,2.88,VungTau
2012-11-22,2.95,VungTau
2012-11-23,3.08,VungTau
2012-11-24,3.23,VungTau
2012-11-25,3.38,VungTau
2012-11-26,3.48,VungTau
2012-11-27,3.61,VungTau
2012-11-28,3.66,VungTau
2012-11-29,3.7,VungTau
2012-11-30,3.74,VungTau
2012-12-01,3.6,VungTau
2012-12-02,3.59,VungTau
2012-12-03,3.43,VungTau
2012-12-04,3.27,VungTau
2012-12-05,3.09,VungTau
2012-12-06,2.91,VungTau
2012-12-07,2.89,VungTau
2012-12-08,3.07,VungTau
2012-12-09,3.24,VungTau
2012-12-10,3.49,VungTau
2012-12-11,3.75,VungTau
2012-12-12,3.89,VungTau
2012-12-13,3.89,VungTau
2012-12-14,3.91,VungTau
2012-12-15,3.81,VungTau
2012-12-16,3.71,VungTau
2012-12-17,3.56,VungTau
2012-12-18,3.25,VungTau
2012-12-19,2.99,VungTau
2012-12-20,2.81,VungTau
2012-12-21,2.81,VungTau
2012-12-22,2.86,VungTau
2012-12-23,2.99,VungTau
2012-12-24,3.03,VungTau
2012-12-25,3.19,VungTau
2012-12-26,3.31,VungTau
2012-12-27,3.43,VungTau
2012-12-28,3.51,VungTau
2012-12-29,3.62,VungTau
2012-12-30,3.56,VungTau
2012-12-31,3.62,VungTau
2013-01-01,3.47,VungTau
2013-01-02,3.39,VungTau
2013-01-03,3.25,VungTau
2013-01-04,3.1,VungTau
2013-01-05,3.07,VungTau
2013-01-06,3.02,VungTau
2013-01-07,3.12,VungTau
2013-01-08,3.27,VungTau
2013-01-09,3.47,VungTau
2013-01-10,3.65,VungTau
2013-01-11,3.85,VungTau
2013-01-12,3.9,VungTau
2013-01-13,3.82,VungTau
2013-01-14,3.8,VungTau
2013-01-15,3.62,VungTau
2013-01-16,3.32,VungTau
2013-01-17,3.23,VungTau
2013-01-18,3.1,VungTau
2013-01-19,2.9,VungTau
2013-01-20,2.71,VungTau
2013-01-21,2.73,VungTau
2013-01-22,2.84,VungTau
2013-01-23,3.04,VungTau
2013-01-24,3.2,VungTau
2013-01-25,3.33,VungTau
2013-01-26,3.5,VungTau
2013-01-27,3.57,VungTau
2013-01-28,3.57,VungTau
2013-01-29,3.58,VungTau
2013-01-30,3.5,VungTau
2013-01-31,3.43,VungTau
2013-02-01,3.26,VungTau
2013-02-02,3.18,VungTau
2013-02-03,3.11,VungTau
2013-02-04,2.86,VungTau
2013-02-05,2.76,VungTau
2013-02-06,2.96,VungTau
2013-02-07,3.23,VungTau
2013-02-08,3.5,VungTau
2013-02-09,3.65,VungTau
2013-02-10,3.77,VungTau
2013-02-11,3.78,VungTau
2013-02-12,3.7,VungTau
2013-02-13,3.51,VungTau
2013-02-14,3.46,VungTau
2013-02-15,3.31,VungTau
2013-02-16,3.14,VungTau
2013-02-17,2.91,VungTau
2013-02-18,2.68,VungTau
2013-02-19,2.46,VungTau
2013-02-20,2.53,VungTau
2013-02-21,2.76,VungTau
2013-02-22,2.97,VungTau
2013-02-23,3.15,VungTau
2013-02-24,3.38,VungTau
2013-02-25,3.48,VungTau
2013-02-26,3.59,VungTau
2013-02-27,3.58,VungTau
2013-02-28,3.57,VungTau
2013-03-01,3.54,VungTau
2013-03-02,3.49,VungTau
2013-03-03,3.35,VungTau
2013-03-04,3.15,VungTau
2013-03-05,2.86,VungTau
2013-03-06,2.74,VungTau
2013-03-07,2.86,VungTau
2013-03-08,3.15,VungTau
2013-03-09,3.4,VungTau
2013-03-10,3.56,VungTau
2013-03-11,3.57,VungTau
2013-03-12,3.59,VungTau
2013-03-13,3.61,VungTau
2013-03-14,3.59,VungTau
2013-03-15,3.49,VungTau
2013-03-16,3.39,VungTau
2013-03-17,3.27,VungTau
2013-03-18,3.07,VungTau
2013-03-19,2.84,VungTau
2013-03-20,2.6,VungTau
2013-03-21,2.5,VungTau
2013-03-22,2.66,VungTau
2013-03-23,2.93,VungTau
2013-03-24,3.17,VungTau
2013-03-25,3.39,VungTau
2013-03-26,3.56,VungTau
2013-03-27,3.64,VungTau
2013-03-28,3.74,VungTau
2013-03-29,3.73,VungTau
2013-03-30,3.7,VungTau
2013-03-31,3.58,VungTau
2013-04-01,3.36,VungTau
2013-04-02,3.19,VungTau
2013-04-03,2.95,VungTau
2013-04-04,2.82,VungTau
2013-04-05,2.92,VungTau
2013-04-06,3.13,VungTau
2013-04-07,3.34,VungTau
2013-04-08,3.46,VungTau
2013-04-09,3.6,VungTau
2013-04-10,3.65,VungTau
2013-04-11,3.74,VungTau
2013-04-12,3.66,VungTau
2013-04-13,3.65,VungTau
2013-04-14,3.48,VungTau
2013-04-15,3.31,VungTau
2013-04-16,3.19,VungTau
2013-04-17,3.15,VungTau
2013-04-18,2.96,VungTau
2013-04-19,2.75,VungTau
2013-04-20,2.76,VungTau
2013-04-21,2.93,VungTau
2013-04-22,3.13,VungTau
2013-04-23,3.34,VungTau
2013-04-24,3.54,VungTau
2013-04-25,3.75,VungTau
2013-04-26,3.87,VungTau
2013-04-27,3.91,VungTau
2013-04-28,3.9,VungTau
2013-04-29,3.74,VungTau
2013-04-30,3.6,VungTau
2013-05-01,3.4,VungTau
2013-05-02,3.2,VungTau
2013-05-03,2.94,VungTau
2013-05-04,2.9,VungTau
2013-05-05,3.0,VungTau
2013-05-06,3.22,VungTau
2013-05-07,3.34,VungTau
2013-05-08,3.49,VungTau
2013-05-09,3.62,VungTau
2013-05-10,3.66,VungTau
2013-05-11,3.75,VungTau
2013-05-12,3.73,VungTau
2013-05-13,3.82,VungTau
2013-05-14,3.78,VungTau
2013-05-15,3.61,VungTau
2013-05-16,3.42,VungTau
2013-05-17,3.2,VungTau
2013-05-18,3.04,VungTau
2013-05-19,3.0,VungTau
2013-05-20,3.09,VungTau
2013-05-21,3.29,VungTau
2013-05-22,3.54,VungTau
2013-05-23,3.73,VungTau
2013-05-24,3.91,VungTau
2013-05-25,3.96,VungTau
2013-05-26,4.0,VungTau
2013-05-27,3.99,VungTau
2013-05-28,3.85,VungTau
2013-05-29,3.74,VungTau
2013-05-30,3.56,VungTau
2013-05-31,3.33,VungTau
2013-06-01,3.09,VungTau
2013-06-02,3.01,VungTau
2013-06-03,3.07,VungTau
2013-06-04,3.17,VungTau
2013-06-05,3.29,VungTau
2013-06-06,3.35,VungTau
2013-06-07,3.45,VungTau
2013-06-08,3.57,VungTau
2013-06-09,3.64,VungTau
2013-06-10,3.62,VungTau
2013-06-11,3.62,VungTau
2013-06-12,3.62,VungTau
2013-06-13,3.65,VungTau
2013-06-14,3.41,VungTau
2013-06-15,3.3,VungTau
2013-06-16,3.18,VungTau
2013-06-17,3.06,VungTau
2013-06-18,3.11,VungTau
2013-06-19,3.15,VungTau
2013-06-20,3.37,VungTau
2013-06-21,3.48,VungTau
2013-06-22,3.66,VungTau
2013-06-23,3.88,VungTau
2013-06-24,3.93,VungTau
2013-06-25,3.94,VungTau
2013-06-26,3.88,VungTau
2013-06-27,3.71,VungTau
2013-06-28,3.47,VungTau
2013-06-29,3.21,VungTau
2013-06-30,2.97,VungTau
2013-07-01,2.89,VungTau
2013-07-02,2.9,VungTau
2013-07-03,2.95,VungTau
2013-07-04,3.11,VungTau
2013-07-05,3.2,VungTau
2013-07-06,3.33,VungTau
2013-07-07,3.4,VungTau
2013-07-08,3.49,VungTau
2013-07-09,3.56,VungTau
2013-07-10,3.59,VungTau
2013-07-11,3.54,VungTau
2013-07-12,3.55,VungTau
2013-07-13,3.51,VungTau
2013-07-14,3.29,VungTau
2013-07-15,3.17,VungTau
2013-07-16,2.99,VungTau
2013-07-17,2.99,VungTau
2013-07-18,2.97,VungTau
2013-07-19,3.098,VungTau
2013-07-20,3.36,VungTau
2013-07-21,3.59,VungTau
2013-07-22,3.72,VungTau
2013-07-23,3.85,VungTau
2013-07-24,3.94,VungTau
2013-07-25,3.85,VungTau
2013-07-26,3.66,VungTau
2013-07-27,3.48,VungTau
2013-07-28,3.24,VungTau
2013-07-29,3.02,VungTau
2013-07-30,2.79,VungTau
2013-07-31,2.74,VungTau
2013-08-01,2.74,VungTau
2013-08-02,2.88,VungTau
2013-08-03,3.0,VungTau
2013-08-04,3.16,VungTau
2013-08-05,3.3,VungTau
2013-08-06,3.56,VungTau
2013-08-07,3.56,VungTau
2013-08-08,3.64,VungTau
2013-08-09,3.6,VungTau
2013-08-10,3.64,VungTau
2013-08-11,3.55,VungTau
2013-08-12,3.47,VungTau
2013-08-13,3.26,VungTau
2013-08-14,3.12,VungTau
2013-08-15,2.98,VungTau
2013-08-16,2.93,VungTau
2013-08-17,3.07,VungTau
2013-08-18,3.29,VungTau
2013-08-19,3.566,VungTau
2013-08-20,3.691,VungTau
2013-08-21,3.851,VungTau
2013-08-22,3.854,VungTau
2013-08-23,3.744,VungTau
2013-08-24,3.638,VungTau
2013-08-25,3.403,VungTau
2013-08-26,3.248,VungTau
2013-08-27,3.018,VungTau
2013-08-28,2.78,VungTau
2013-08-29,2.59,VungTau
2013-08-30,2.55,VungTau
2013-08-31,2.62,VungTau
2013-09-01,2.86,VungTau
2013-09-02,3.04,VungTau
2013-09-03,3.23,VungTau
2013-09-04,3.46,VungTau
2013-09-05,3.61,VungTau
2013-09-06,3.62,VungTau
2013-09-07,3.63,VungTau
2013-09-08,3.63,VungTau
2013-09-09,3.57,VungTau
2013-09-10,3.5,VungTau
2013-09-11,3.34,VungTau
2013-09-12,3.06,VungTau
2013-09-13,2.85,VungTau
2013-09-14,2.8,VungTau
2013-09-15,2.91,VungTau
2013-09-16,3.16,VungTau
2013-09-17,3.45,VungTau
2013-09-18,3.59,VungTau
2013-09-19,3.71,VungTau
2013-09-20,3.77,VungTau
2013-09-21,3.8,VungTau
2013-09-22,3.78,VungTau
2013-09-23,3.64,VungTau
2013-09-24,3.41,VungTau
2013-09-25,3.15,VungTau
2013-09-26,2.9,VungTau
2013-09-27,2.7,VungTau
2013-09-28,2.65,VungTau
2013-09-29,2.67,VungTau
2013-09-30,2.89,VungTau
2013-10-01,3.12,VungTau
2013-10-02,3.34,VungTau
2013-10-03,3.5,VungTau
2013-10-04,3.71,VungTau
2013-10-05,3.8,VungTau
2013-10-06,3.83,VungTau
2013-10-07,3.76,VungTau
2013-10-08,3.69,VungTau
2013-10-09,3.48,VungTau
2013-10-10,3.29,VungTau
2013-10-11,3.07,VungTau
2013-10-12,2.88,VungTau
2013-10-13,2.89,VungTau
2013-10-14,3.05,VungTau
2013-10-15,3.32,VungTau
2013-10-16,3.47,VungTau
2013-10-17,3.6,VungTau
2013-10-18,3.71,VungTau
2013-10-19,3.67,VungTau
2013-10-20,3.67,VungTau
2013-10-21,3.56,VungTau
2013-10-22,3.47,VungTau
2013-10-23,3.31,VungTau
2013-10-24,3.17,VungTau
2013-10-25,3.05,VungTau
2013-10-26,2.83,VungTau
2013-10-27,2.66,VungTau
2013-10-28,2.67,VungTau
2013-10-29,2.91,VungTau
2013-10-30,3.1,VungTau
2013-10-31,3.34,VungTau
2013-11-01,3.53,VungTau
2013-11-02,3.7,VungTau
2013-11-03,3.84,VungTau
2013-11-04,3.88,VungTau
2013-11-05,3.83,VungTau
2013-11-06,3.76,VungTau
2013-11-07,3.59,VungTau
2013-11-08,3.42,VungTau
2013-11-09,3.24,VungTau
2013-11-10,3.0,VungTau
2013-11-11,2.94,VungTau
2013-11-12,3.08,VungTau
2013-11-13,3.25,VungTau
2013-11-14,3.46,VungTau
2013-11-15,3.59,VungTau
2013-11-16,3.6,VungTau
2013-11-17,3.66,VungTau
2013-11-18,3.7,VungTau
2013-11-19,3.66,VungTau
2013-11-20,3.58,VungTau
2013-11-21,3.56,VungTau
2013-11-22,3.43,VungTau
2013-11-23,3.27,VungTau
2013-11-24,3.04,VungTau
2013-11-25,2.83,VungTau
2013-11-26,2.7,VungTau
2013-11-27,2.76,VungTau
2013-11-28,2.92,VungTau
2013-11-29,3.19,VungTau
2013-11-30,3.39,VungTau
2013-12-01,3.63,VungTau
2013-12-02,3.73,VungTau
2013-12-03,3.83,VungTau
2013-12-04,3.91,VungTau
2013-12-05,3.88,VungTau
2013-12-06,3.68,VungTau
2013-12-07,3.46,VungTau
2013-12-08,3.19,VungTau
2013-12-09,2.92,VungTau
2013-12-10,2.81,VungTau
2013-12-11,2.88,VungTau
2013-12-12,3.01,VungTau
2013-12-13,3.15,VungTau
2013-12-14,3.29,VungTau
2013-12-15,3.5,VungTau
2013-12-16,3.66,VungTau
2013-12-17,3.72,VungTau
2013-12-18,3.72,VungTau
2013-12-19,3.65,VungTau
2013-12-20,3.59,VungTau
2013-12-21,3.4,VungTau
2013-12-22,3.3,VungTau
2013-12-23,3.15,VungTau
2013-12-24,2.98,VungTau
2013-12-25,2.82,VungTau
2013-12-26,2.8,VungTau
2013-12-27,2.93,VungTau
2013-12-28,3.07,VungTau
2013-12-29,3.3,VungTau
2013-12-30,3.5,VungTau
2013-12-31,3.65,VungTau
2014-01-01,3.6324,VungTau
2014-01-02,3.6148,VungTau
2014-01-03,3.5972,VungTau
2014-01-04,3.5796,VungTau
2014-01-05,3.562,VungTau
2014-01-06,3.5444,VungTau
2014-01-07,3.5267999999999997,VungTau
2014-01-08,3.5092,VungTau
2014-01-09,3.4916,VungTau
2014-01-10,3.4739999999999998,VungTau
2014-01-11,3.4564,VungTau
2014-01-12,3.4388,VungTau
2014-01-13,3.4212,VungTau
2014-01-14,3.4036,VungTau
2014-01-15,3.386,VungTau
2014-01-16,3.3684,VungTau
2014-01-17,3.3508,VungTau
2014-01-18,3.3331999999999997,VungTau
2014-01-19,3.3156,VungTau
2014-01-20,3.298,VungTau
2014-01-21,3.2804,VungTau
2014-01-22,3.2628,VungTau
2014-01-23,3.2452,VungTau
2014-01-24,3.2276,VungTau
2014-01-25,3.21,VungTau
2014-01-26,3.1924,VungTau
2014-01-27,3.1748,VungTau
2014-01-28,3.1572,VungTau
2014-01-29,3.1395999999999997,VungTau
2014-01-30,3.122,VungTau
2014-01-31,3.1044,VungTau
2014-02-01,3.0868,VungTau
2014-02-02,3.0692,VungTau
2014-02-03,3.0516,VungTau
2014-02-04,3.034,VungTau
2014-02-05,3.0164,VungTau
2014-02-06,2.9988,VungTau
2014-02-07,2.9812,VungTau
2014-02-08,2.9636,VungTau
2014-02-09,2.9459999999999997,VungTau
2014-02-10,2.9284,VungTau
2014-02-11,2.9108,VungTau
2014-02-12,2.8932,VungTau
2014-02-13,2.8756,VungTau
2014-02-14,2.858,VungTau
2014-02-15,2.8404,VungTau
2014-02-16,2.8228,VungTau
2014-02-17,2.8052,VungTau
2014-02-18,2.7876000000000003,VungTau
2014-02-19,2.77,VungTau
2014-02-20,2.7524,VungTau
2014-02-21,2.7348,VungTau
2014-02-22,2.7172,VungTau
2014-02-23,2.6996,VungTau
2014-02-24,2.682,VungTau
2014-02-25,2.6644,VungTau
2014-02-26,2.6468,VungTau
2014-02-27,2.6292,VungTau
2014-02-28,2.6116,VungTau
2014-03-01,2.5940000000000003,VungTau
2014-03-02,2.5764,VungTau
2014-03-03,2.5587999999999997,VungTau
2014-03-04,2.5412,VungTau
2014-03-05,2.5236,VungTau
2014-03-06,2.5060000000000002,VungTau
2014-03-07,2.4884000000000004,VungTau
2014-03-08,2.4708,VungTau
2014-03-09,2.4532,VungTau
2014-03-10,2.4356,VungTau
2014-03-11,2.418,VungTau
2014-03-12,2.699,VungTau
2014-03-13,2.901,VungTau
2014-03-14,3.059,VungTau
2014-03-15,3.241,VungTau
2014-03-16,3.269,VungTau
2014-03-17,3.311,VungTau
2014-03-18,3.345,VungTau
2014-03-19,3.408,VungTau
2014-03-20,3.397,VungTau
2014-03-21,3.33,VungTau
2014-03-22,3.126,VungTau
2014-03-23,2.923,VungTau
2014-03-24,2.672,VungTau
2014-03-25,2.59,VungTau
2014-03-26,2.785,VungTau
2014-03-27,3.053,VungTau
2014-03-28,3.292,VungTau
2014-03-29,3.383,VungTau
2014-03-30,3.511,VungTau
2014-03-31,3.615,VungTau
2014-04-01,3.637,VungTau
2014-04-02,3.577,VungTau
2014-04-03,3.429,VungTau
2014-04-04,3.244,VungTau
2014-04-05,3.087,VungTau
2014-04-06,2.856,VungTau
2014-04-07,2.611,VungTau
2014-04-08,2.412,VungTau
2014-04-09,2.476,VungTau
2014-04-10,2.658,VungTau
2014-04-11,2.88,VungTau
2014-04-12,3.055,VungTau
2014-04-13,3.177,VungTau
2014-04-14,3.345,VungTau
2014-04-15,3.452,VungTau
2014-04-16,3.567,VungTau
2014-04-17,3.595,VungTau
2014-04-18,3.592,VungTau
2014-04-19,3.488,VungTau
2014-04-20,3.325,VungTau
2014-04-21,3.166,VungTau
2014-04-22,2.942,VungTau
2014-04-23,2.817,VungTau
2014-04-24,2.831,VungTau
2014-04-25,3.074,VungTau
2014-04-26,3.288,VungTau
2014-04-27,3.519,VungTau
2014-04-28,3.663,VungTau
2014-04-29,3.762,VungTau
2014-04-30,3.815,VungTau
2014-05-01,3.717,VungTau
2014-05-02,3.682,VungTau
2014-05-03,3.532,VungTau
2014-05-04,3.422,VungTau
2014-05-05,3.218,VungTau
2014-05-06,3.012,VungTau
2014-05-07,2.785,VungTau
2014-05-08,2.664,VungTau
2014-05-09,2.76,VungTau
2014-05-10,2.994,VungTau
2014-05-11,3.204,VungTau
2014-05-12,3.413,VungTau
2014-05-13,3.58,VungTau
2014-05-14,3.769,VungTau
2014-05-15,3.794,VungTau
2014-05-16,3.82,VungTau
2014-05-17,3.802,VungTau
2014-05-18,3.645,VungTau
2014-05-19,3.533,VungTau
2014-05-20,3.34,VungTau
2014-05-21,3.155,VungTau
2014-05-22,2.969,VungTau
2014-05-23,2.891,VungTau
2014-05-24,3.041,VungTau
2014-05-25,3.246,VungTau
2014-05-26,3.4,VungTau
2014-05-27,3.496,VungTau
2014-05-28,3.59,VungTau
2014-05-29,3.64,VungTau
2014-05-30,3.653,VungTau
2014-05-31,3.614,VungTau
2014-06-01,3.544,VungTau
2014-06-02,3.394,VungTau
2014-06-03,3.282,VungTau
2014-06-04,3.176,VungTau
2014-06-05,2.946,VungTau
2014-06-06,2.798,VungTau
2014-06-07,2.896,VungTau
2014-06-08,2.973,VungTau
2014-06-09,3.089,VungTau
2014-06-10,3.364,VungTau
2014-06-11,3.562,VungTau
2014-06-12,3.719,VungTau
2014-06-13,3.842,VungTau
2014-06-14,3.869,VungTau
2014-06-15,3.927,VungTau
2014-06-16,3.838,VungTau
2014-06-17,3.675,VungTau
2014-06-18,3.524,VungTau
2014-06-19,3.308,VungTau
2014-06-20,3.024,VungTau
2014-06-21,2.933,VungTau
2014-06-22,3.025,VungTau
2014-06-23,3.16,VungTau
2014-06-24,3.278,VungTau
2014-06-25,3.396,VungTau
2014-06-26,3.462,VungTau
2014-06-27,3.552,VungTau
2014-06-28,3.584,VungTau
2014-06-29,3.608,VungTau
2014-06-30,3.612,VungTau
2014-07-01,3.462,VungTau
2014-07-02,3.373,VungTau
2014-07-03,3.259,VungTau
2014-07-04,3.12,VungTau
2014-07-05,2.976,VungTau
2014-07-06,3.041,VungTau
2014-07-07,3.034,VungTau
2014-07-08,3.124,VungTau
2014-07-09,3.267,VungTau
2014-07-10,3.453,VungTau
2014-07-11,3.662,VungTau
2014-07-12,3.899,VungTau
2014-07-13,3.904,VungTau
2014-07-14,3.915,VungTau
2014-07-15,3.868,VungTau
2014-07-16,3.692,VungTau
2014-07-17,3.478,VungTau
2014-07-18,3.22,VungTau
2014-07-19,3.069,VungTau
2014-07-20,2.94,VungTau
2014-07-21,2.902,VungTau
2014-07-22,3.013,VungTau
2014-07-23,3.037,VungTau
2014-07-24,3.189,VungTau
2014-07-25,3.413,VungTau
2014-07-26,3.503,VungTau
2014-07-27,3.531,VungTau
2014-07-28,3.622,VungTau
2014-07-29,3.592,VungTau
2014-07-30,3.559,VungTau
2014-07-31,3.469,VungTau
2014-08-01,3.393,VungTau
2014-08-02,3.232,VungTau
2014-08-03,3.071,VungTau
2014-08-04,2.941,VungTau
2014-08-05,2.936,VungTau
2014-08-06,2.891,VungTau
2014-08-07,3.048,VungTau
2014-08-08,3.286,VungTau
2014-08-09,3.596,VungTau
2014-08-10,3.774,VungTau
2014-08-11,3.918,VungTau
2014-08-12,3.968,VungTau
2014-08-13,3.82,VungTau
2014-08-14,3.622,VungTau
2014-08-15,3.387,VungTau
2014-08-16,3.105,VungTau
2014-08-17,2.878,VungTau
2014-08-18,2.658,VungTau
2014-08-19,2.593,VungTau
2014-08-20,2.642,VungTau
2014-08-21,2.835,VungTau
2014-08-22,3.01,VungTau
2014-08-23,3.201,VungTau
2014-08-24,3.35,VungTau
2014-08-25,3.487,VungTau
2014-08-26,3.6,VungTau
2014-08-27,3.56,VungTau
2014-08-28,3.471,VungTau
2014-08-29,3.471,VungTau
2014-08-30,3.313,VungTau
2014-08-31,3.17,VungTau
2014-09-01,3.028,VungTau
2014-09-02,2.834,VungTau
2014-09-03,2.738,VungTau
2014-09-04,2.746,VungTau
2014-09-05,2.903,VungTau
2014-09-06,3.167,VungTau
2014-09-07,3.432,VungTau
2014-09-08,3.656,VungTau
2014-09-09,3.829,VungTau
2014-09-10,3.816,VungTau
2014-09-11,3.658,VungTau
2014-09-12,3.559,VungTau
2014-09-13,3.381,VungTau
2014-09-14,3.174,VungTau
2014-09-15,2.883,VungTau
2014-09-16,2.601,VungTau
2014-09-17,2.469,VungTau
2014-09-18,2.457,VungTau
2014-09-19,2.668,VungTau
2014-09-20,2.856,VungTau
2014-09-21,3.064,VungTau
2014-09-22,3.224,VungTau
2014-09-23,3.403,VungTau
2014-09-24,3.443,VungTau
2014-09-25,3.536,VungTau
2014-09-26,3.512,VungTau
2014-09-27,3.507,VungTau
2014-09-28,3.375,VungTau
2014-09-29,3.286,VungTau
2014-09-30,3.072,VungTau
2014-10-01,2.841,VungTau
2014-10-02,2.731,VungTau
2014-10-03,2.832,VungTau
2014-10-04,2.996,VungTau
2014-10-05,3.335,VungTau
2014-10-06,3.639,VungTau
2014-10-07,3.852,VungTau
2014-10-08,3.91,VungTau
2014-10-09,3.92,VungTau
2014-10-10,3.845,VungTau
2014-10-11,3.702,VungTau
2014-10-12,3.425,VungTau
2014-10-13,3.213,VungTau
2014-10-14,2.97,VungTau
2014-10-15,2.716,VungTau
2014-10-16,2.511,VungTau
2014-10-17,2.524,VungTau
2014-10-18,2.782,VungTau
2014-10-19,3.041,VungTau
2014-10-20,3.234,VungTau
2014-10-21,3.456,VungTau
2014-10-22,3.571,VungTau
2014-10-23,3.653,VungTau
2014-10-24,3.693,VungTau
2014-10-25,3.688,VungTau
2014-10-26,3.655,VungTau
2014-10-27,3.552,VungTau
2014-10-28,3.417,VungTau
2014-10-29,3.223,VungTau
2014-10-30,2.988,VungTau
2014-10-31,2.862,VungTau
2014-11-01,2.823,VungTau
2014-11-02,3.003,VungTau
2014-11-03,3.321,VungTau
2014-11-04,3.484,VungTau
2014-11-05,3.695,VungTau
2014-11-06,3.782,VungTau
2014-11-07,3.801,VungTau
2014-11-08,3.84,VungTau
2014-11-09,3.674,VungTau
2014-11-10,3.549,VungTau
2014-11-11,3.373,VungTau
2014-11-12,3.166,VungTau
2014-11-13,3.032,VungTau
2014-11-14,2.837,VungTau
2014-11-15,2.626,VungTau
2014-11-16,2.757,VungTau
2014-11-17,2.955,VungTau
2014-11-18,3.146,VungTau
2014-11-19,3.308,VungTau
2014-11-20,3.438,VungTau
2014-11-21,3.624,VungTau
2014-11-22,3.782,VungTau
2014-11-23,3.815,VungTau
2014-11-24,3.768,VungTau
2014-11-25,3.779,VungTau
2014-11-26,3.648,VungTau
2014-11-27,3.446,VungTau
2014-11-28,3.278,VungTau
2014-11-29,3.056,VungTau
2014-11-30,3.004,VungTau
2014-12-01,3.092,VungTau
2014-12-02,3.223,VungTau
2014-12-03,3.391,VungTau
2014-12-04,3.542,VungTau
2014-12-05,3.622,VungTau
2014-12-06,3.722,VungTau
2014-12-07,3.778,VungTau
2014-12-08,3.309,VungTau
2014-12-09,3.702,VungTau
2014-12-10,3.574,VungTau
2014-12-11,3.377,VungTau
2014-12-12,3.14,VungTau
2014-12-13,2.91,VungTau
2014-12-14,2.66,VungTau
2014-12-15,2.609,VungTau
2014-12-16,2.705,VungTau
2014-12-17,2.865,VungTau
2014-12-18,3.05,VungTau
2014-12-19,3.274,VungTau
2014-12-20,3.516,VungTau
2014-12-21,3.699,VungTau
2014-12-22,3.82,VungTau
2014-12-23,3.783,VungTau
2014-12-24,3.805,VungTau
2014-12-25,3.714,VungTau
2014-12-26,3.552,VungTau
2014-12-27,3.322,VungTau
2014-12-28,3.145,VungTau
2014-12-29,2.967,VungTau
2014-12-30,3.018,VungTau
2014-12-31,3.107,VungTau
2015-01-01,3.239,VungTau
2015-01-02,3.392,VungTau
2015-01-03,3.537,VungTau
2015-01-04,3.658,VungTau
2015-01-05,3.741,VungTau
2015-01-06,3.772,VungTau
2015-01-07,3.704,VungTau
2015-01-08,3.604,VungTau
2015-01-09,3.486,VungTau
2015-01-10,3.374,VungTau
2015-01-11,3.176,VungTau
2015-01-12,3.066,VungTau
2015-01-13,2.879,VungTau
2015-01-14,2.694,VungTau
2015-01-15,2.74,VungTau
2015-01-16,2.917,VungTau
2015-01-17,3.103,VungTau
2015-01-18,3.354,VungTau
2015-01-19,3.549,VungTau
2015-01-20,3.676,VungTau
2015-01-21,3.765,VungTau
2015-01-22,3.774,VungTau
2015-01-23,3.723,VungTau
2015-01-24,3.514,VungTau
2015-01-25,3.289,VungTau
2015-01-26,3.133,VungTau
2015-01-27,2.966,VungTau
2015-01-28,2.784,VungTau
2015-01-29,2.693,VungTau
2015-01-30,2.798,VungTau
2015-01-31,2.93,VungTau
2015-02-01,3.057,VungTau
2015-02-02,3.138,VungTau
2015-02-03,3.252,VungTau
2015-02-04,3.354,VungTau
2015-02-05,3.328,VungTau
2015-02-06,3.361,VungTau
2015-02-07,3.233,VungTau
2015-02-08,3.132,VungTau
2015-02-09,3.029,VungTau
2015-02-10,2.948,VungTau
2015-02-11,2.831,VungTau
2015-02-12,2.65,VungTau
2015-02-13,2.544,VungTau
2015-02-14,2.564,VungTau
2015-02-15,2.812,VungTau
2015-02-16,3.114,VungTau
2015-02-17,3.359,VungTau
2015-02-18,3.596,VungTau
2015-02-19,3.684,VungTau
2015-02-20,3.741,VungTau
2015-02-21,3.691,VungTau
2015-02-22,3.593,VungTau
2015-02-23,3.461,VungTau
2015-02-24,3.278,VungTau
2015-02-25,2.995,VungTau
2015-02-26,2.722,VungTau
2015-02-27,2.491,VungTau
2015-02-28,2.563,VungTau
2015-03-01,2.76,VungTau
2015-03-02,2.995,VungTau
2015-03-03,3.167,VungTau
2015-03-04,3.28,VungTau
2015-03-05,3.342,VungTau
2015-03-06,3.408,VungTau
2015-03-07,3.397,VungTau
2015-03-08,3.368,VungTau
2015-03-09,3.355,VungTau
2015-03-10,3.309,VungTau
2015-03-11,3.181,VungTau
2015-03-12,2.971,VungTau
2015-03-13,2.821,VungTau
2015-03-14,2.574,VungTau
2015-03-15,2.57,VungTau
2015-03-16,2.837,VungTau
2015-03-17,3.129,VungTau
2015-03-18,3.428,VungTau
2015-03-19,3.637,VungTau
2015-03-20,3.757,VungTau
2015-03-21,3.767,VungTau
2015-03-22,3.705,VungTau
2015-03-23,3.64,VungTau
2015-03-24,3.497,VungTau
2015-03-25,3.276,VungTau
2015-03-26,3.073,VungTau
2015-03-27,2.793,VungTau
2015-03-28,2.562,VungTau
2015-03-29,2.536,VungTau
2015-03-30,2.692,VungTau
2015-03-31,2.888,VungTau
2015-04-01,3.07,VungTau
2015-04-02,3.179,VungTau
2015-04-03,3.305,VungTau
2015-04-04,3.336,VungTau
2015-04-05,3.481,VungTau
2015-04-06,3.468,VungTau
2015-04-07,3.477,VungTau
2015-04-08,3.424,VungTau
2015-04-09,3.345,VungTau
2015-04-10,3.177,VungTau
2015-04-11,2.995,VungTau
2015-04-12,2.871,VungTau
2015-04-13,2.725,VungTau
2015-04-14,2.821,VungTau
2015-04-15,3.088,VungTau
2015-04-16,3.33,VungTau
2015-04-17,3.498,VungTau
2015-04-18,3.642,VungTau
2015-04-19,3.754,VungTau
2015-04-20,3.759,VungTau
2015-04-21,3.745,VungTau
2015-04-22,3.557,VungTau
2015-04-23,3.317,VungTau
2015-04-24,3.118,VungTau
2015-04-25,2.859,VungTau
2015-04-26,2.623,VungTau
2015-04-27,2.499,VungTau
2015-04-28,2.606,VungTau
2015-04-29,2.766,VungTau
2015-04-30,2.96,VungTau
2015-05-01,3.134,VungTau
2015-05-02,3.322,VungTau
2015-05-03,3.469,VungTau
2015-05-04,3.574,VungTau
2015-05-05,3.635,VungTau
2015-05-06,3.614,VungTau
2015-05-07,3.62,VungTau
2015-05-08,3.496,VungTau
2015-05-09,3.371,VungTau
2015-05-10,3.218,VungTau
2015-05-11,3.036,VungTau
2015-05-12,2.916,VungTau
2015-05-13,2.941,VungTau
2015-05-14,3.099,VungTau
2015-05-15,3.341,VungTau
2015-05-16,3.574,VungTau
2015-05-17,3.731,VungTau
2015-05-18,3.834,VungTau
2015-05-19,3.845,VungTau
2015-05-20,3.789,VungTau
2015-05-21,3.731,VungTau
2015-05-22,3.526,VungTau
2015-05-23,3.369,VungTau
2015-05-24,3.188,VungTau
2015-05-25,2.95,VungTau
2015-05-26,2.76,VungTau
2015-05-27,2.712,VungTau
2015-05-28,2.848,VungTau
2015-05-29,2.984,VungTau
2015-05-30,3.192,VungTau
2015-05-31,3.411,VungTau
2015-06-01,3.516,VungTau
2015-06-02,3.653,VungTau
2015-06-03,3.625,VungTau
2015-06-04,3.709,VungTau
2015-06-05,3.689,VungTau
2015-06-06,3.612,VungTau
2015-06-07,3.503,VungTau
2015-06-08,3.305,VungTau
2015-06-09,3.154,VungTau
2015-06-10,2.957,VungTau
2015-06-11,2.927,VungTau
2015-06-12,3.126,VungTau
2015-06-13,3.249,VungTau
2015-06-14,3.393,VungTau
2015-06-15,3.533,VungTau
2015-06-16,3.709,VungTau
2015-06-17,3.705,VungTau
2015-06-18,3.742,VungTau
2015-06-19,3.66,VungTau
2015-06-20,3.536,VungTau
2015-06-21,3.444,VungTau
2015-06-22,3.309,VungTau
2015-06-23,3.102,VungTau
2015-06-24,2.892,VungTau
2015-06-25,2.752,VungTau
2015-06-26,2.738,VungTau
2015-06-27,2.86,VungTau
2015-06-28,3.048,VungTau
2015-06-29,3.201,VungTau
2015-06-30,3.394,VungTau
2015-07-01,3.511,VungTau
2015-07-02,3.636,VungTau
2015-07-03,3.752,VungTau
2015-07-04,3.758,VungTau
2015-07-05,3.724,VungTau
2015-07-06,3.658,VungTau
2015-07-07,3.533,VungTau
2015-07-08,3.29,VungTau
2015-07-09,3.055,VungTau
2015-07-10,2.906,VungTau
2015-07-11,2.958,VungTau
2015-07-12,3.08,VungTau
2015-07-13,3.288,VungTau
2015-07-14,3.413,VungTau
2015-07-15,3.544,VungTau
2015-07-16,3.577,VungTau
2015-07-17,3.702,VungTau
2015-07-18,3.705,VungTau
2015-07-19,3.601,VungTau
2015-07-20,3.438,VungTau
2015-07-21,3.3,VungTau
2015-07-22,3.109,VungTau
2015-07-23,2.934,VungTau
2015-07-24,2.776,VungTau
2015-07-25,2.755,VungTau
2015-07-26,2.751,VungTau
2015-07-27,2.875,VungTau
2015-07-28,3.105,VungTau
2015-07-29,3.318,VungTau
2015-07-30,3.518,VungTau
2015-07-31,3.704,VungTau
2015-08-01,3.798,VungTau
2015-08-02,3.795,VungTau
2015-08-03,3.788,VungTau
2015-08-04,3.661,VungTau
2015-08-05,3.425,VungTau
2015-08-06,3.201,VungTau
2015-08-07,3.006,VungTau
2015-08-08,2.865,VungTau
2015-08-09,2.815,VungTau
2015-08-10,2.948,VungTau
2015-08-11,3.067,VungTau
2015-08-12,3.256,VungTau
2015-08-13,3.346,VungTau
2015-08-14,3.502,VungTau
2015-08-15,3.515,VungTau
2015-08-16,3.52,VungTau
2015-08-17,3.479,VungTau
2015-08-18,3.418,VungTau
2015-08-19,3.323,VungTau
2015-08-20,3.25,VungTau
2015-08-21,3.056,VungTau
2015-08-22,2.868,VungTau
2015-08-23,2.754,VungTau
2015-08-24,2.745,VungTau
2015-08-25,2.769,VungTau
2015-08-26,2.987,VungTau
2015-08-27,3.263,VungTau
2015-08-28,3.506,VungTau
2015-08-29,3.698,VungTau
2015-08-30,3.759,VungTau
2015-08-31,3.834,VungTau
2015-09-01,3.766,VungTau
2015-09-02,3.557,VungTau
2015-09-03,3.366,VungTau
2015-09-04,3.068,VungTau
2015-09-05,2.836,VungTau
2015-09-06,2.64,VungTau
2015-09-07,2.555,VungTau
2015-09-08,2.682,VungTau
2015-09-09,2.862,VungTau
2015-09-10,3.019,VungTau
2015-09-11,3.246,VungTau
2015-09-12,3.34,VungTau
2015-09-13,3.435,VungTau
2015-09-14,3.478,VungTau
2015-09-15,3.492,VungTau
2015-09-16,3.448,VungTau
2015-09-17,3.324,VungTau
2015-09-18,3.244,VungTau
2015-09-19,3.12,VungTau
2015-09-20,2.953,VungTau
2015-09-21,2.698,VungTau
2015-09-22,2.632,VungTau
2015-09-23,2.576,VungTau
2015-09-24,2.873,VungTau
2015-09-25,3.19,VungTau
2015-09-26,3.496,VungTau
2015-09-27,3.785,VungTau
2015-09-28,3.836,VungTau
2015-09-29,3.847,VungTau
2015-09-30,3.856,VungTau
2015-10-01,3.626,VungTau
2015-10-02,3.422,VungTau
2015-10-03,3.124,VungTau
2015-10-04,2.861,VungTau
2015-10-05,2.598,VungTau
2015-10-06,2.571,VungTau
2015-10-07,2.676,VungTau
2015-10-08,2.938,VungTau
2015-10-09,3.123,VungTau
2015-10-10,3.275,VungTau
2015-10-11,3.413,VungTau
2015-10-12,3.489,VungTau
2015-10-13,3.5,VungTau
2015-10-14,3.538,VungTau
2015-10-15,3.474,VungTau
2015-10-16,3.413,VungTau
2015-10-17,3.334,VungTau
2015-10-18,3.234,VungTau
2015-10-19,3.045,VungTau
2015-10-20,2.851,VungTau
2015-10-21,2.719,VungTau
2015-10-22,2.796,VungTau
2015-10-23,3.006,VungTau
2015-10-24,3.223,VungTau
2015-10-25,3.499,VungTau
2015-10-26,3.692,VungTau
2015-10-27,3.81,VungTau
2015-10-28,3.847,VungTau
2015-10-29,3.729,VungTau
2015-10-30,3.582,VungTau
2015-10-31,3.353,VungTau
2015-11-01,3.125,VungTau
2015-11-02,2.879,VungTau
2015-11-03,2.631,VungTau
2015-11-04,2.502,VungTau
2015-11-05,2.631,VungTau
2015-11-06,2.799,VungTau
2015-11-07,3.074,VungTau
2015-11-08,3.202,VungTau
2015-11-09,3.385,VungTau
2015-11-10,3.481,VungTau
2015-11-11,3.562,VungTau
2015-11-12,3.621,VungTau
2015-11-13,3.611,VungTau
2015-11-14,3.561,VungTau
2015-11-15,3.501,VungTau
2015-11-16,3.401,VungTau
2015-11-17,3.211,VungTau
2015-11-18,3.021,VungTau
2015-11-19,2.931,VungTau
2015-11-20,2.921,VungTau
2015-11-21,3.111,VungTau
2015-11-22,3.321,VungTau
2015-11-23,3.521,VungTau
2015-11-24,3.731,VungTau
2015-11-25,3.861,VungTau
2015-11-26,3.891,VungTau
2015-11-27,3.851,VungTau
2015-11-28,3.681,VungTau
2015-11-29,3.551,VungTau
2015-11-30,3.391,VungTau
2015-12-01,3.161,VungTau
2015-12-02,2.951,VungTau
2015-12-03,2.731,VungTau
2015-12-04,2.681,VungTau
2015-12-05,2.821,VungTau
2015-12-06,3.011,VungTau
2015-12-07,3.171,VungTau
2015-12-08,3.311,VungTau
2015-12-09,3.491,VungTau
2015-12-10,3.651,VungTau
2015-12-11,3.801,VungTau
2015-12-12,3.921,VungTau
2015-12-13,3.781,VungTau
2015-12-14,3.781,VungTau
2015-12-15,3.681,VungTau
2015-12-16,3.501,VungTau
2015-12-17,3.251,VungTau
2015-12-18,3.011,VungTau
2015-12-19,2.931,VungTau
2015-12-20,3.021,VungTau
2015-12-21,3.261,VungTau
2015-12-22,3.521,VungTau
2015-12-23,3.651,VungTau
2015-12-24,3.761,VungTau
2015-12-25,3.801,VungTau
2015-12-26,3.771,VungTau
2015-12-27,3.681,VungTau
2015-12-28,3.601,VungTau
2015-12-29,3.401,VungTau
2015-12-30,3.231,VungTau
2015-12-31,3.011,VungTau
2016-01-01,3.012758503401361,VungTau
2016-01-02,3.014517006802721,VungTau
2016-01-03,3.016275510204082,VungTau
2016-01-04,3.018034013605442,VungTau
2016-01-05,3.019792517006803,VungTau
2016-01-06,3.0215510204081633,VungTau
2016-01-07,3.023309523809524,VungTau
2016-01-08,3.0250680272108843,VungTau
2016-01-09,3.026826530612245,VungTau
2016-01-10,3.0285850340136053,VungTau
2016-01-11,3.030343537414966,VungTau
2016-01-12,3.032102040816327,VungTau
2016-01-13,3.033860544217687,VungTau
2016-01-14,3.035619047619048,VungTau
2016-01-15,3.037377551020408,VungTau
2016-01-16,3.039136054421769,VungTau
2016-01-17,3.0408945578231292,VungTau
2016-01-18,3.04265306122449,VungTau
2016-01-19,3.0444115646258503,VungTau
2016-01-20,3.046170068027211,VungTau
2016-01-21,3.0479285714285718,VungTau
2016-01-22,3.049687074829932,VungTau
2016-01-23,3.051445578231293,VungTau
2016-01-24,3.053204081632653,VungTau
2016-01-25,3.054962585034014,VungTau
2016-01-26,3.056721088435374,VungTau
2016-01-27,3.058479591836735,VungTau
2016-01-28,3.060238095238095,VungTau
2016-01-29,3.061996598639456,VungTau
2016-01-30,3.0637551020408162,VungTau
2016-01-31,3.065513605442177,VungTau
2016-02-01,3.0672721088435377,VungTau
2016-02-02,3.069030612244898,VungTau
2016-02-03,3.070789115646259,VungTau
2016-02-04,3.072547619047619,VungTau
2016-02-05,3.07430612244898,VungTau
2016-02-06,3.07606462585034,VungTau
2016-02-07,3.077823129251701,VungTau
2016-02-08,3.079581632653061,VungTau
2016-02-09,3.081340136054422,VungTau
2016-02-10,3.083098639455782,VungTau
2016-02-11,3.084857142857143,VungTau
2016-02-12,3.0866156462585037,VungTau
2016-02-13,3.088374149659864,VungTau
2016-02-14,3.0901326530612248,VungTau
2016-02-15,3.091891156462585,VungTau
2016-02-16,3.093649659863946,VungTau
2016-02-17,3.095408163265306,VungTau
2016-02-18,3.097166666666667,VungTau
2016-02-19,3.098925170068027,VungTau
2016-02-20,3.100683673469388,VungTau
2016-02-21,3.102442176870748,VungTau
2016-02-22,3.104200680272109,VungTau
2016-02-23,3.1059591836734697,VungTau
2016-02-24,3.10771768707483,VungTau
2016-02-25,3.1094761904761907,VungTau
2016-02-26,3.111234693877551,VungTau
2016-02-27,3.1129931972789118,VungTau
2016-02-28,3.114751700680272,VungTau
2016-02-29,3.116510204081633,VungTau
2016-03-01,3.118268707482993,VungTau
2016-03-02,3.120027210884354,VungTau
2016-03-03,3.121785714285714,VungTau
2016-03-04,3.123544217687075,VungTau
2016-03-05,3.1253027210884357,VungTau
2016-03-06,3.127061224489796,VungTau
2016-03-07,3.1288197278911567,VungTau
2016-03-08,3.130578231292517,VungTau
2016-03-09,3.1323367346938777,VungTau
2016-03-10,3.134095238095238,VungTau
2016-03-11,3.135853741496599,VungTau
2016-03-12,3.137612244897959,VungTau
2016-03-13,3.13937074829932,VungTau
2016-03-14,3.1411292517006806,VungTau
2016-03-15,3.142887755102041,VungTau
2016-03-16,3.1446462585034016,VungTau
2016-03-17,3.146404761904762,VungTau
2016-03-18,3.1481632653061227,VungTau
2016-03-19,3.149921768707483,VungTau
2016-03-20,3.1516802721088437,VungTau
2016-03-21,3.153438775510204,VungTau
2016-03-22,3.1551972789115648,VungTau
2016-03-23,3.1569557823129255,VungTau
2016-03-24,3.158714285714286,VungTau
2016-03-25,3.1604727891156466,VungTau
2016-03-26,3.162231292517007,VungTau
2016-03-27,3.1639897959183676,VungTau
2016-03-28,3.165748299319728,VungTau
2016-03-29,3.1675068027210886,VungTau
2016-03-30,3.169265306122449,VungTau
2016-03-31,3.1710238095238097,VungTau
2016-04-01,3.17278231292517,VungTau
2016-04-02,3.1745408163265307,VungTau
2016-04-03,3.1762993197278915,VungTau
2016-04-04,3.178057823129252,VungTau
2016-04-05,3.1798163265306125,VungTau
2016-04-06,3.181574829931973,VungTau
2016-04-07,3.1833333333333336,VungTau
2016-04-08,3.185091836734694,VungTau
2016-04-09,3.1868503401360546,VungTau
2016-04-10,3.188608843537415,VungTau
2016-04-11,3.1903673469387757,VungTau
2016-04-12,3.192125850340136,VungTau
2016-04-13,3.1938843537414967,VungTau
2016-04-14,3.1956428571428575,VungTau
2016-04-15,3.1974013605442178,VungTau
2016-04-16,3.1991598639455785,VungTau
2016-04-17,3.200918367346939,VungTau
2016-04-18,3.2026768707482995,VungTau
2016-04-19,3.20443537414966,VungTau
2016-04-20,3.2061938775510206,VungTau
2016-04-21,3.207952380952381,VungTau
2016-04-22,3.2097108843537416,VungTau
2016-04-23,3.211469387755102,VungTau
2016-04-24,3.2132278911564627,VungTau
2016-04-25,3.2149863945578234,VungTau
2016-04-26,3.2167448979591837,VungTau
2016-04-27,3.2185034013605445,VungTau
2016-04-28,3.2202619047619048,VungTau
2016-04-29,3.2220204081632655,VungTau
2016-04-30,3.223778911564626,VungTau
2016-05-01,3.2255374149659866,VungTau
2016-05-02,3.227295918367347,VungTau
2016-05-03,3.2290544217687076,VungTau
2016-05-04,3.230812925170068,VungTau
2016-05-05,3.2325714285714287,VungTau
2016-05-06,3.2343299319727894,VungTau
2016-05-07,3.2360884353741497,VungTau
2016-05-08,3.2378469387755104,VungTau
2016-05-09,3.2396054421768707,VungTau
2016-05-10,3.2413639455782315,VungTau
2016-05-11,3.243122448979592,VungTau
2016-05-12,3.2448809523809525,VungTau
2016-05-13,3.246639455782313,VungTau
2016-05-14,3.2483979591836736,VungTau
2016-05-15,3.250156462585034,VungTau
2016-05-16,3.2519149659863946,VungTau
2016-05-17,3.2536734693877554,VungTau
2016-05-18,3.2554319727891157,VungTau
2016-05-19,3.2571904761904764,VungTau
2016-05-20,3.2589489795918367,VungTau
2016-05-21,3.2607074829931975,VungTau
2016-05-22,3.2624659863945578,VungTau
2016-05-23,3.2642244897959185,VungTau
2016-05-24,3.2659829931972792,VungTau
2016-05-25,3.2677414965986396,VungTau
2016-05-26,3.2695,VungTau
2016-05-27,3.2712585034013606,VungTau
2016-05-28,3.2730170068027213,VungTau
2016-05-29,3.2747755102040816,VungTau
2016-05-30,3.2765340136054424,VungTau
2016-05-31,3.2782925170068027,VungTau
2016-06-01,3.2800510204081634,VungTau
2016-06-02,3.2818095238095237,VungTau
2016-06-03,3.2835680272108845,VungTau
2016-06-04,3.285326530612245,VungTau
2016-06-05,3.2870850340136055,VungTau
2016-06-06,3.288843537414966,VungTau
2016-06-07,3.2906020408163266,VungTau
2016-06-08,3.2923605442176873,VungTau
2016-06-09,3.2941190476190476,VungTau
2016-06-10,3.2958775510204084,VungTau
2016-06-11,3.2976360544217687,VungTau
2016-06-12,3.2993945578231294,VungTau
2016-06-13,3.3011530612244897,VungTau
2016-06-14,3.3029115646258504,VungTau
2016-06-15,3.304670068027211,VungTau
2016-06-16,3.3064285714285715,VungTau
2016-06-17,3.3081870748299322,VungTau
2016-06-18,3.3099455782312925,VungTau
2016-06-19,3.3117040816326533,VungTau
2016-06-20,3.3134625850340136,VungTau
2016-06-21,3.3152210884353743,VungTau
2016-06-22,3.3169795918367346,VungTau
2016-06-23,3.3187380952380954,VungTau
2016-06-24,3.3204965986394557,VungTau
2016-06-25,3.3222551020408164,VungTau
2016-06-26,3.324013605442177,VungTau
2016-06-27,3.3257721088435375,VungTau
2016-06-28,3.327530612244898,VungTau
2016-06-29,3.3292891156462585,VungTau
2016-06-30,3.3310476190476193,VungTau
2016-07-01,3.3328061224489796,VungTau
2016-07-02,3.3345646258503403,VungTau
2016-07-03,3.3363231292517006,VungTau
2016-07-04,3.3380816326530613,VungTau
2016-07-05,3.3398401360544216,VungTau
2016-07-06,3.3415986394557824,VungTau
2016-07-07,3.343357142857143,VungTau
2016-07-08,3.3451156462585034,VungTau
2016-07-09,3.346874149659864,VungTau
2016-07-10,3.3486326530612245,VungTau
2016-07-11,3.3503911564625852,VungTau
2016-07-12,3.3521496598639455,VungTau
2016-07-13,3.3539081632653063,VungTau
2016-07-14,3.3556666666666666,VungTau
2016-07-15,3.3574251700680273,VungTau
2016-07-16,3.3591836734693876,VungTau
2016-07-17,3.3609421768707484,VungTau
2016-07-18,3.362700680272109,VungTau
2016-07-19,3.3644591836734694,VungTau
2016-07-20,3.36621768707483,VungTau
2016-07-21,3.3679761904761905,VungTau
2016-07-22,3.369734693877551,VungTau
2016-07-23,3.3714931972789115,VungTau
2016-07-24,3.3732517006802722,VungTau
2016-07-25,3.3750102040816325,VungTau
2016-07-26,3.3767687074829933,VungTau
2016-07-27,3.3785272108843536,VungTau
2016-07-28,3.3802857142857143,VungTau
2016-07-29,3.382044217687075,VungTau
2016-07-30,3.3838027210884354,VungTau
2016-07-31,3.385561224489796,VungTau
2016-08-01,3.3873197278911564,VungTau
2016-08-02,3.389078231292517,VungTau
2016-08-03,3.3908367346938775,VungTau
2016-08-04,3.392595238095238,VungTau
2016-08-05,3.3943537414965985,VungTau
2016-08-06,3.3961122448979593,VungTau
2016-08-07,3.3978707482993196,VungTau
2016-08-08,3.3996292517006803,VungTau
2016-08-09,3.401387755102041,VungTau
2016-08-10,3.4031462585034014,VungTau
2016-08-11,3.404904761904762,VungTau
2016-08-12,3.4066632653061224,VungTau
2016-08-13,3.408421768707483,VungTau
2016-08-14,3.4101802721088434,VungTau
2016-08-15,3.411938775510204,VungTau
2016-08-16,3.413697278911565,VungTau
2016-08-17,3.4154557823129252,VungTau
2016-08-18,3.4172142857142855,VungTau
2016-08-19,3.4189727891156463,VungTau
2016-08-20,3.420731292517007,VungTau
2016-08-21,3.4224897959183673,VungTau
2016-08-22,3.424248299319728,VungTau
2016-08-23,3.4260068027210884,VungTau
2016-08-24,3.427765306122449,VungTau
2016-08-25,3.4295238095238094,VungTau
2016-08-26,3.43128231292517,VungTau
2016-08-27,3.433040816326531,VungTau
2016-08-28,3.434799319727891,VungTau
2016-08-29,3.436557823129252,VungTau
2016-08-30,3.4383163265306123,VungTau
2016-08-31,3.440074829931973,VungTau
2016-09-01,3.4418333333333333,VungTau
2016-09-02,3.443591836734694,VungTau
2016-09-03,3.4453503401360543,VungTau
2016-09-04,3.447108843537415,VungTau
2016-09-05,3.4488673469387754,VungTau
2016-09-06,3.450625850340136,VungTau
2016-09-07,3.452384353741497,VungTau
2016-09-08,3.454142857142857,VungTau
2016-09-09,3.455901360544218,VungTau
2016-09-10,3.4576598639455782,VungTau
2016-09-11,3.459418367346939,VungTau
2016-09-12,3.4611768707482993,VungTau
2016-09-13,3.46293537414966,VungTau
2016-09-14,3.4646938775510203,VungTau
2016-09-15,3.466452380952381,VungTau
2016-09-16,3.4682108843537414,VungTau
2016-09-17,3.469969387755102,VungTau
2016-09-18,3.471727891156463,VungTau
2016-09-19,3.473486394557823,VungTau
2016-09-20,3.475244897959184,VungTau
2016-09-21,3.477003401360544,VungTau
2016-09-22,3.478761904761905,VungTau
2016-09-23,3.4805204081632652,VungTau
2016-09-24,3.482278911564626,VungTau
2016-09-25,3.4840374149659863,VungTau
2016-09-26,3.485795918367347,VungTau
2016-09-27,3.4875544217687073,VungTau
2016-09-28,3.489312925170068,VungTau
2016-09-29,3.491071428571429,VungTau
2016-09-30,3.492829931972789,VungTau
2016-10-01,3.49458843537415,VungTau
2016-10-02,3.49634693877551,VungTau
2016-10-03,3.498105442176871,VungTau
2016-10-04,3.499863945578231,VungTau
2016-10-05,3.501622448979592,VungTau
2016-10-06,3.5033809523809523,VungTau
2016-10-07,3.505139455782313,VungTau
2016-10-08,3.5068979591836733,VungTau
2016-10-09,3.508656462585034,VungTau
2016-10-10,3.510414965986395,VungTau
2016-10-11,3.512173469387755,VungTau
2016-10-12,3.513931972789116,VungTau
2016-10-13,3.515690476190476,VungTau
2016-10-14,3.517448979591837,VungTau
2016-10-15,3.519207482993197,VungTau
2016-10-16,3.520965986394558,VungTau
2016-10-17,3.5227244897959187,VungTau
2016-10-18,3.524482993197279,VungTau
2016-10-19,3.5262414965986393,VungTau
2016-10-20,3.528,VungTau
2016-10-21,3.28,VungTau
2016-10-22,2.96,VungTau
2016-10-23,2.767,VungTau
2016-10-24,2.821,VungTau
2016-10-25,2.883,VungTau
2016-10-26,3.099,VungTau
2016-10-27,3.287,VungTau
2016-10-28,3.411,VungTau
2016-10-29,3.516,VungTau
2016-10-30,3.631,VungTau
2016-10-31,3.658,VungTau
2016-11-01,3.637,VungTau
2016-11-02,3.596,VungTau
2016-11-03,3.539,VungTau
2016-11-04,3.459,VungTau
2016-11-05,3.277,VungTau
2016-11-06,3.086,VungTau
2016-11-07,2.887,VungTau
2016-11-08,2.742,VungTau
2016-11-09,2.765,VungTau
2016-11-10,3.06,VungTau
2016-11-11,3.385,VungTau
2016-11-12,3.608,VungTau
2016-11-13,3.772,VungTau
2016-11-14,3.979,VungTau
2016-11-15,4.058,VungTau
2016-11-16,3.984,VungTau
2016-11-17,3.86,VungTau
2016-11-18,3.631,VungTau
2016-11-19,3.404,VungTau
2016-11-20,3.074,VungTau
2016-11-21,2.858,VungTau
2016-11-22,2.754,VungTau
2016-11-23,2.885,VungTau
2016-11-24,3.068,VungTau
2016-11-25,3.225,VungTau
2016-11-26,3.357,VungTau
2016-11-27,3.484,VungTau
2016-11-28,3.548,VungTau
2016-11-29,3.601,VungTau
2016-11-30,3.658,VungTau
2016-12-01,3.649,VungTau
2016-12-02,3.617,VungTau
2016-12-03,3.489,VungTau
2016-12-04,3.396,VungTau
2016-12-05,3.192,VungTau
2016-12-06,3.048,VungTau
2016-12-07,2.858,VungTau
2016-12-08,2.896,VungTau
2016-12-09,3.225,VungTau
2016-12-10,3.47,VungTau
2016-12-11,3.666,VungTau
2016-12-12,3.858,VungTau
2016-12-13,3.899,VungTau
2016-12-14,3.858,VungTau
2016-12-15,3.859,VungTau
2016-12-16,3.757,VungTau
2016-12-17,3.538,VungTau
2016-12-18,3.383,VungTau
2016-12-19,3.213,VungTau
2016-12-20,2.924,VungTau
2016-12-21,2.827,VungTau
2016-12-22,2.846,VungTau
2016-12-23,2.941,VungTau
2016-12-24,3.065,VungTau
2016-12-25,3.133,VungTau
2016-12-26,3.277,VungTau
2016-12-27,3.375,VungTau
2016-12-28,3.456,VungTau
2016-12-29,3.504,VungTau
2016-12-30,3.627,VungTau
2016-12-31,3.579,VungTau
2017-01-01,3.505,VungTau
2017-01-02,3.446,VungTau
2017-01-03,3.323,VungTau
2017-01-04,3.202,VungTau
2017-01-05,3.011,VungTau
2017-01-06,2.949,VungTau
2017-01-07,3.055,VungTau
2017-01-08,3.259,VungTau
2017-01-09,3.445,VungTau
2017-01-10,3.658,VungTau
2017-01-11,3.781,VungTau
2017-01-12,3.883,VungTau
2017-01-13,3.877,VungTau
2017-01-14,3.841,VungTau
2017-01-15,3.7,VungTau
2017-01-16,3.525,VungTau
2017-01-17,3.264,VungTau
2017-01-18,3.042,VungTau
2017-01-19,2.867,VungTau
2017-01-20,2.687,VungTau
2017-01-21,2.611,VungTau
2017-01-22,2.665,VungTau
2017-01-23,2.856,VungTau
2017-01-24,2.926,VungTau
2017-01-25,3.15,VungTau
2017-01-26,3.334,VungTau
2017-01-27,3.464,VungTau
2017-01-28,3.586,VungTau
2017-01-29,3.581,VungTau
2017-01-30,3.627,VungTau
2017-01-31,3.484,VungTau
2017-02-01,3.346,VungTau
2017-02-02,3.126,VungTau
2017-02-03,3.007,VungTau
2017-02-04,2.871,VungTau
2017-02-05,2.786,VungTau
2017-02-06,2.815,VungTau
2017-02-07,3.052,VungTau
2017-02-08,3.271,VungTau
2017-02-09,3.466,VungTau
2017-02-10,3.596,VungTau
2017-02-11,3.677,VungTau
2017-02-12,3.561,VungTau
2017-02-13,3.434,VungTau
2017-02-14,3.256,VungTau
2017-02-15,3.139,VungTau
2017-02-16,2.994,VungTau
2017-02-17,2.887,VungTau
2017-02-18,2.724,VungTau
2017-02-19,2.587,VungTau
2017-02-20,2.455,VungTau
2017-02-21,2.557,VungTau
2017-02-22,2.792,VungTau
2017-02-23,3.016,VungTau
2017-02-24,3.243,VungTau
2017-02-25,3.447,VungTau
2017-02-26,3.531,VungTau
2017-02-27,3.623,VungTau
2017-02-28,3.638,VungTau
2017-03-01,3.548,VungTau
2017-03-02,3.476,VungTau
2017-03-03,3.371,VungTau
2017-03-04,3.224,VungTau
2017-03-05,2.947,VungTau
2017-03-06,2.735,VungTau
2017-03-07,2.696,VungTau
2017-03-08,2.888,VungTau
2017-03-09,3.14,VungTau
2017-03-10,3.311,VungTau
2017-03-11,3.471,VungTau
2017-03-12,3.516,VungTau
2017-03-13,3.537,VungTau
2017-03-14,3.451,VungTau
2017-03-15,3.4,VungTau
2017-03-16,3.297,VungTau
2017-03-17,3.213,VungTau
2017-03-18,3.08,VungTau
2017-03-19,2.907,VungTau
2017-03-20,2.743,VungTau
2017-03-21,2.541,VungTau
2017-03-22,2.496,VungTau
2017-03-23,2.724,VungTau
2017-03-24,2.97,VungTau
2017-03-25,3.188,VungTau
2017-03-26,3.412,VungTau
2017-03-27,3.563,VungTau
2017-03-28,3.626,VungTau
2017-03-29,3.699,VungTau
2017-03-30,3.712,VungTau
2017-03-31,3.662,VungTau
2017-04-01,3.588,VungTau
2017-04-02,3.298,VungTau
2017-04-03,3.008,VungTau
2017-04-04,2.763,VungTau
2017-04-05,2.656,VungTau
2017-04-06,2.833,VungTau
2017-04-07,3.031,VungTau
2017-04-08,3.187,VungTau
2017-04-09,3.337,VungTau
2017-04-10,3.421,VungTau
2017-04-11,3.478,VungTau
2017-04-12,3.552,VungTau
2017-04-13,3.545,VungTau
2017-04-14,3.548,VungTau
2017-04-15,3.481,VungTau
2017-04-16,3.339,VungTau
2017-04-17,3.194,VungTau
2017-04-18,3.006,VungTau
2017-04-19,2.813,VungTau
2017-04-20,2.638,VungTau
2017-04-21,2.716,VungTau
2017-04-22,2.899,VungTau
2017-04-23,3.159,VungTau
2017-04-24,3.403,VungTau
2017-04-25,3.626,VungTau
2017-04-26,3.818,VungTau
2017-04-27,3.987,VungTau
2017-04-28,3.922,VungTau
2017-04-29,3.862,VungTau
2017-04-30,3.615,VungTau
2017-05-01,3.365,VungTau
2017-05-02,3.131,VungTau
2017-05-03,2.847,VungTau
2017-05-04,2.722,VungTau
2017-05-05,2.784,VungTau
2017-05-06,2.937,VungTau
2017-05-07,3.084,VungTau
2017-05-08,3.338,VungTau
2017-05-09,3.405,VungTau
2017-05-10,3.553,VungTau
2017-05-11,3.546,VungTau
2017-05-12,3.56,VungTau
2017-05-13,3.529,VungTau
2017-05-14,3.53,VungTau
2017-05-15,3.365,VungTau
2017-05-16,3.254,VungTau
2017-05-17,3.134,VungTau
2017-05-18,2.982,VungTau
2017-05-19,2.783,VungTau
2017-05-20,2.781,VungTau
2017-05-21,2.894,VungTau
2017-05-22,3.128,VungTau
2017-05-23,3.406,VungTau
2017-05-24,3.674,VungTau
2017-05-25,3.85,VungTau
2017-05-26,3.948,VungTau
2017-05-27,3.999,VungTau
2017-05-28,3.906,VungTau
2017-05-29,3.766,VungTau
2017-05-30,3.608,VungTau
2017-05-31,3.344,VungTau
2017-06-01,3.09,VungTau
2017-06-02,2.886,VungTau
2017-06-03,2.843,VungTau
2017-06-04,2.995,VungTau
2017-06-05,3.167,VungTau
2017-06-06,3.282,VungTau
2017-06-07,3.467,VungTau
2017-06-08,3.575,VungTau
2017-06-09,3.666,VungTau
2017-06-10,3.622,VungTau
2017-06-11,3.6,VungTau
2017-06-12,3.594,VungTau
2017-06-13,3.587,VungTau
2017-06-14,3.436,VungTau
2017-06-15,3.337,VungTau
2017-06-16,3.212,VungTau
2017-06-17,3.018,VungTau
2017-06-18,2.906,VungTau
2017-06-19,2.936,VungTau
2017-06-20,3.113,VungTau
2017-06-21,3.355,VungTau
2017-06-22,3.544,VungTau
2017-06-23,3.777,VungTau
2017-06-24,3.799,VungTau
2017-06-25,3.859,VungTau
2017-06-26,3.796,VungTau
2017-06-27,3.68,VungTau
2017-06-28,3.537,VungTau
2017-06-29,3.3,VungTau
2017-06-30,3.103,VungTau
2017-07-01,2.864,VungTau
2017-07-02,2.742,VungTau
2017-07-03,2.766,VungTau
2017-07-04,2.873,VungTau
2017-07-05,2.992,VungTau
2017-07-06,3.167,VungTau
2017-07-07,3.307,VungTau
2017-07-08,3.421,VungTau
2017-07-09,3.505,VungTau
2017-07-10,3.586,VungTau
2017-07-11,3.618,VungTau
2017-07-12,3.572,VungTau
2017-07-13,3.478,VungTau
2017-07-14,3.448,VungTau
2017-07-15,3.3,VungTau
2017-07-16,3.138,VungTau
2017-07-17,3.012,VungTau
2017-07-18,3.05,VungTau
2017-07-19,3.135,VungTau
2017-07-20,3.268,VungTau
2017-07-21,3.448,VungTau
2017-07-22,3.647,VungTau
2017-07-23,3.775,VungTau
2017-07-24,3.846,VungTau
2017-07-25,3.819,VungTau
2017-07-26,3.797,VungTau
2017-07-27,3.621,VungTau
2017-07-28,3.421,VungTau
2017-07-29,3.178,VungTau
2017-07-30,2.99,VungTau
2017-07-31,2.753,VungTau
2017-08-01,2.712,VungTau
2017-08-02,2.764,VungTau
2017-08-03,2.873,VungTau
2017-08-04,2.953,VungTau
2017-08-05,3.161,VungTau
2017-08-06,3.339,VungTau
2017-08-07,3.519,VungTau
2017-08-08,3.523,VungTau
2017-08-09,3.636,VungTau
2017-08-10,3.633,VungTau
2017-08-11,3.584,VungTau
2017-08-12,3.555,VungTau
2017-08-13,3.316,VungTau
2017-08-14,3.22,VungTau
2017-08-15,3.019,VungTau
2017-08-16,2.992,VungTau
2017-08-17,3.01,VungTau
2017-08-18,3.122,VungTau
2017-08-19,3.41,VungTau
2017-08-20,3.614,VungTau
2017-08-21,3.74,VungTau
2017-08-22,3.794,VungTau
2017-08-23,3.754,VungTau
2017-08-24,3.776,VungTau
2017-08-25,3.681,VungTau
2017-08-26,3.51,VungTau
2017-08-27,3.262,VungTau
2017-08-28,2.967,VungTau
2017-08-29,2.749,VungTau
2017-08-30,2.595,VungTau
2017-08-31,2.561,VungTau
2017-09-01,2.688,VungTau
2017-09-02,2.878,VungTau
2017-09-03,3.143,VungTau
2017-09-04,3.309,VungTau
2017-09-05,3.501,VungTau
2017-09-06,3.6,VungTau
2017-09-07,3.737,VungTau
2017-09-08,3.73,VungTau
2017-09-09,3.659,VungTau
2017-09-10,3.524,VungTau
2017-09-11,3.34,VungTau
2017-09-12,3.164,VungTau
2017-09-13,3.013,VungTau
2017-09-14,2.986,VungTau
2017-09-15,2.967,VungTau
2017-09-16,3.138,VungTau
2017-09-17,3.42,VungTau
2017-09-18,3.602,VungTau
2017-09-19,3.799,VungTau
2017-09-20,3.81,VungTau
2017-09-21,3.827,VungTau
2017-09-22,3.665,VungTau
2017-09-23,3.611,VungTau
2017-09-24,3.433,VungTau
2017-09-25,3.318,VungTau
2017-09-26,3.179,VungTau
2017-09-27,2.954,VungTau
2017-09-28,2.703,VungTau
2017-09-29,2.6,VungTau
2017-09-30,2.663,VungTau
2017-10-01,2.895,VungTau
2017-10-02,3.086,VungTau
2017-10-03,3.343,VungTau
2017-10-04,3.552,VungTau
2017-10-05,3.72,VungTau
2017-10-06,3.911,VungTau
2017-10-07,3.924,VungTau
2017-10-08,3.906,VungTau
2017-10-09,3.678,VungTau
2017-10-10,3.499,VungTau
2017-10-11,3.183,VungTau
2017-10-12,2.923,VungTau
2017-10-13,2.779,VungTau
2017-10-14,2.718,VungTau
2017-10-15,2.97,VungTau
2017-10-16,3.274,VungTau
2017-10-17,3.516,VungTau
2017-10-18,3.669,VungTau
2017-10-19,3.814,VungTau
2017-10-20,3.836,VungTau
2017-10-21,3.807,VungTau
2017-10-22,3.686,VungTau
2017-10-23,3.522,VungTau
2017-10-24,3.388,VungTau
2017-10-25,3.215,VungTau
2017-10-26,2.994,VungTau
2017-10-27,2.781,VungTau
2017-10-28,2.606,VungTau
2017-10-29,2.647,VungTau
2017-10-30,2.836,VungTau
2017-10-31,3.145,VungTau
2017-11-01,3.396,VungTau
2017-11-02,3.622,VungTau
2017-11-03,3.842,VungTau
2017-11-04,3.871,VungTau
2017-11-05,3.951,VungTau
2017-11-06,3.901,VungTau
2017-11-07,3.741,VungTau
2017-11-08,3.545,VungTau
2017-11-09,3.29,VungTau
2017-11-10,2.985,VungTau
2017-11-11,2.823,VungTau
2017-11-12,2.771,VungTau
2017-11-13,2.993,VungTau
2017-11-14,3.236,VungTau
2017-11-15,3.362,VungTau
2017-11-16,3.515,VungTau
2017-11-17,3.608,VungTau
2017-11-18,3.701,VungTau
2017-11-19,3.722,VungTau
2017-11-20,3.703,VungTau
2017-11-21,3.66,VungTau
2017-11-22,3.588,VungTau
2017-11-23,3.463,VungTau
2017-11-24,3.27,VungTau
2017-11-25,3.042,VungTau
2017-11-26,2.847,VungTau
2017-11-27,2.713,VungTau
2017-11-28,2.812,VungTau
2017-11-29,3.105,VungTau
2017-11-30,3.326,VungTau
2017-12-01,3.485,VungTau
2017-12-02,3.682,VungTau
2017-12-03,3.898,VungTau
2017-12-04,3.997,VungTau
2017-12-05,3.982,VungTau
2017-12-06,3.912,VungTau
2017-12-07,3.748,VungTau
2017-12-08,3.569,VungTau
2017-12-09,3.268,VungTau
2017-12-10,3.013,VungTau
2017-12-11,2.922,VungTau
2017-12-12,3.025,VungTau
2017-12-13,3.126,VungTau
2017-12-14,3.263,VungTau
2017-12-15,3.343,VungTau
2017-12-16,3.41,VungTau
2017-12-17,3.464,VungTau
2017-12-18,3.496,VungTau
2017-12-19,3.543,VungTau
2017-12-20,3.478,VungTau
2017-12-21,3.499,VungTau
2017-12-22,3.396,VungTau
2017-12-23,3.292,VungTau
2017-12-24,3.102,VungTau
2017-12-25,2.891,VungTau
2017-12-26,2.736,VungTau
2017-12-27,2.764,VungTau
2017-12-28,2.932,VungTau
2017-12-29,3.104,VungTau
2017-12-30,3.349,VungTau
2017-12-31,3.552,VungTau
2018-01-01,3.729,VungTau
2018-01-02,3.826,VungTau
2018-01-03,3.835,VungTau
2018-01-04,3.779,VungTau
2018-01-05,3.652,VungTau
2018-01-06,3.422,VungTau
2018-01-07,3.176,VungTau
2018-01-08,2.925,VungTau
2018-01-09,2.825,VungTau
2018-01-10,2.725,VungTau
2018-01-11,2.768,VungTau
2018-01-12,2.903,VungTau
2018-01-13,2.975,VungTau
2018-01-14,3.159,VungTau
2018-01-15,3.27,VungTau
2018-01-16,3.381,VungTau
2018-01-17,3.474,VungTau
2018-01-18,3.489,VungTau
2018-01-19,3.474,VungTau
2018-01-20,3.406,VungTau
2018-01-21,3.394,VungTau
2018-01-22,3.244,VungTau
2018-01-23,3.1,VungTau
2018-01-24,2.958,VungTau
2018-01-25,2.898,VungTau
2018-01-26,2.846,VungTau
2018-01-27,3.002,VungTau
2018-01-28,3.213,VungTau
2018-01-29,3.445,VungTau
2018-01-30,3.629,VungTau
2018-01-31,3.762,VungTau
2018-02-01,3.862,VungTau
2018-02-02,3.787,VungTau
2018-02-03,3.525,VungTau
2018-02-04,3.364,VungTau
2018-02-05,3.117,VungTau
2018-02-06,2.956,VungTau
2018-02-07,2.813,VungTau
2018-02-08,2.676,VungTau
2018-02-09,2.515,VungTau
2018-02-10,2.584,VungTau
2018-02-11,2.762,VungTau
2018-02-12,2.935,VungTau
2018-02-13,3.103,VungTau
2018-02-14,3.282,VungTau
2018-02-15,3.406,VungTau
2018-02-16,3.533,VungTau
2018-02-17,3.561,VungTau
2018-02-18,3.528,VungTau
2018-02-19,3.408,VungTau
2018-02-20,3.326,VungTau
2018-02-21,3.206,VungTau
2018-02-22,3.081,VungTau
2018-02-23,2.94,VungTau
2018-02-24,2.724,VungTau
2018-02-25,2.746,VungTau
2018-02-26,2.982,VungTau
2018-02-27,3.228,VungTau
2018-02-28,3.452,VungTau
2018-03-01,3.678,VungTau
2018-03-02,3.789,VungTau
2018-03-03,3.698,VungTau
2018-03-04,3.614,VungTau
2018-03-05,3.428,VungTau
2018-03-06,3.328,VungTau
2018-03-07,3.144,VungTau
2018-03-08,2.962,VungTau
2018-03-09,2.725,VungTau
2018-03-10,2.478,VungTau
2018-03-11,2.393,VungTau
2018-03-12,2.592,VungTau
2018-03-13,2.829,VungTau
2018-03-14,3.05,VungTau
2018-03-15,3.235,VungTau
2018-03-16,3.406,VungTau
2018-03-17,3.494,VungTau
2018-03-18,3.543,VungTau
2018-03-19,3.538,VungTau
2018-03-20,3.576,VungTau
2018-03-21,3.5,VungTau
2018-03-22,3.439,VungTau
2018-03-23,3.196,VungTau
2018-03-24,2.917,VungTau
2018-03-25,2.668,VungTau
2018-03-26,2.655,VungTau
2018-03-27,2.905,VungTau
2018-03-28,3.192,VungTau
2018-03-29,3.431,VungTau
2018-03-30,3.677,VungTau
2018-03-31,3.706,VungTau
2018-04-01,3.741,VungTau
2018-04-02,3.67,VungTau
2018-04-03,3.644,VungTau
2018-04-04,3.452,VungTau
2018-04-05,3.31,VungTau
2018-04-06,3.114,VungTau
2018-04-07,2.869,VungTau
2018-04-08,2.646,VungTau
2018-04-09,2.457,VungTau
2018-04-10,2.54,VungTau
2018-04-11,2.808,VungTau
2018-04-12,3.065,VungTau
2018-04-13,3.258,VungTau
2018-04-14,3.326,VungTau
2018-04-15,3.477,VungTau
2018-04-16,3.554,VungTau
2018-04-17,3.667,VungTau
2018-04-18,3.644,VungTau
2018-04-19,3.601,VungTau
2018-04-20,3.469,VungTau
2018-04-21,3.227,VungTau
2018-04-22,3.026,VungTau
2018-04-23,2.792,VungTau
2018-04-24,2.727,VungTau
2018-04-25,2.925,VungTau
2018-04-26,3.117,VungTau
2018-04-27,3.345,VungTau
2018-04-28,3.429,VungTau
2018-04-29,3.601,VungTau
2018-04-30,3.57,VungTau
2018-05-01,3.636,VungTau
2018-05-02,3.599,VungTau
2018-05-03,3.549,VungTau
2018-05-04,3.396,VungTau
2018-05-05,3.24,VungTau
2018-05-06,3.094,VungTau
2018-05-07,2.897,VungTau
2018-05-08,2.74,VungTau
2018-05-09,2.607,VungTau
2018-05-10,2.798,VungTau
2018-05-11,3.044,VungTau
2018-05-12,3.205,VungTau
2018-05-13,3.464,VungTau
2018-05-14,3.584,VungTau
2018-05-15,3.748,VungTau
2018-05-16,3.805,VungTau
2018-05-17,3.772,VungTau
2018-05-18,3.724,VungTau
2018-05-19,3.597,VungTau
2018-05-20,3.407,VungTau
2018-05-21,3.16,VungTau
2018-05-22,2.933,VungTau
2018-05-23,2.817,VungTau
2018-05-24,2.815,VungTau
2018-05-25,2.991,VungTau
2018-05-26,3.191,VungTau
2018-05-27,3.299,VungTau
2018-05-28,3.424,VungTau
2018-05-29,3.521,VungTau
2018-05-30,3.53,VungTau
2018-05-31,3.521,VungTau
2018-06-01,3.497,VungTau
2018-06-02,3.444,VungTau
2018-06-03,3.347,VungTau
2018-06-04,3.228,VungTau
2018-06-05,3.085,VungTau
2018-06-06,2.891,VungTau
2018-06-07,2.801,VungTau
2018-06-08,2.819,VungTau
2018-06-09,3.011,VungTau
2018-06-10,3.226,VungTau
2018-06-11,3.515,VungTau
2018-06-12,3.676,VungTau
2018-06-13,3.795,VungTau
2018-06-14,3.832,VungTau
2018-06-15,3.927,VungTau
2018-06-16,3.888,VungTau
2018-06-17,3.739,VungTau
2018-06-18,3.556,VungTau
2018-06-19,3.432,VungTau
2018-06-20,3.134,VungTau
2018-06-21,2.891,VungTau
2018-06-22,2.887,VungTau
2018-06-23,2.975,VungTau
2018-06-24,3.071,VungTau
2018-06-25,3.214,VungTau
2018-06-26,3.286,VungTau
2018-06-27,3.438,VungTau
2018-06-28,3.44,VungTau
2018-06-29,3.483,VungTau
2018-06-30,3.495,VungTau
2018-07-01,3.504,VungTau
2018-07-02,3.363,VungTau
2018-07-03,3.328,VungTau
2018-07-04,3.208,VungTau
2018-07-05,3.076,VungTau
2018-07-06,2.885,VungTau
2018-07-07,2.879,VungTau
2018-07-08,2.883,VungTau
2018-07-09,3.097,VungTau
2018-07-10,3.363,VungTau
2018-07-11,3.504,VungTau
2018-07-12,3.68,VungTau
2018-07-13,3.819,VungTau
2018-07-14,3.88,VungTau
2018-07-15,3.864,VungTau
2018-07-16,3.755,VungTau
2018-07-17,3.607,VungTau
2018-07-18,3.422,VungTau
2018-07-19,3.229,VungTau
2018-07-20,2.974,VungTau
2018-07-21,2.851,VungTau
2018-07-22,2.883,VungTau
2018-07-23,2.992,VungTau
2018-07-24,3.071,VungTau
2018-07-25,3.281,VungTau
2018-07-26,3.322,VungTau
2018-07-27,3.442,VungTau
2018-07-28,3.564,VungTau
2018-07-29,3.604,VungTau
2018-07-30,3.575,VungTau
2018-07-31,3.574,VungTau
2018-08-01,3.496,VungTau
2018-08-02,3.381,VungTau
2018-08-03,3.211,VungTau
2018-08-04,3.073,VungTau
2018-08-05,2.902,VungTau
2018-08-06,2.97,VungTau
2018-08-07,3.057,VungTau
2018-08-08,3.165,VungTau
2018-08-09,3.435,VungTau
2018-08-10,3.694,VungTau
2018-08-11,3.889,VungTau
2018-08-12,3.999,VungTau
2018-08-13,3.98,VungTau
2018-08-14,3.86,VungTau
2018-08-15,3.725,VungTau
2018-08-16,3.453,VungTau
2018-08-17,3.253,VungTau
2018-08-18,2.928,VungTau
2018-08-19,2.755,VungTau
2018-08-20,2.731,VungTau
2018-08-21,2.799,VungTau
2018-08-22,3.001,VungTau
2018-08-23,3.151,VungTau
2018-08-24,3.254,VungTau
2018-08-25,3.448,VungTau
2018-08-26,3.539,VungTau
2018-08-27,3.62,VungTau
2018-08-28,3.664,VungTau
2018-08-29,3.645,VungTau
2018-08-30,3.554,VungTau
2018-08-31,3.395,VungTau
2018-09-01,3.244,VungTau
2018-09-02,3.031,VungTau
2018-09-03,2.868,VungTau
2018-09-04,2.795,VungTau
2018-09-05,2.756,VungTau
2018-09-06,2.92,VungTau
2018-09-07,3.289,VungTau
2018-09-08,3.486,VungTau
2018-09-09,3.67,VungTau
2018-09-10,3.755,VungTau
2018-09-11,3.82,VungTau
2018-09-12,3.68,VungTau
2018-09-13,3.502,VungTau
2018-09-14,3.27,VungTau
2018-09-15,3.096,VungTau
2018-09-16,2.826,VungTau
2018-09-17,2.601,VungTau
2018-09-18,2.485,VungTau
2018-09-19,2.504,VungTau
2018-09-20,2.76,VungTau
2018-09-21,2.962,VungTau
2018-09-22,3.167,VungTau
2018-09-23,3.314,VungTau
2018-09-24,3.431,VungTau
2018-09-25,3.529,VungTau
2018-09-26,3.583,VungTau
2018-09-27,3.573,VungTau
2018-09-28,3.533,VungTau
2018-09-29,3.465,VungTau
2018-09-30,3.293,VungTau
2018-10-01,3.098,VungTau
2018-10-02,2.88,VungTau
2018-10-03,2.777,VungTau
2018-10-04,2.722,VungTau
2018-10-05,2.973,VungTau
2018-10-06,3.222,VungTau
2018-10-07,3.459,VungTau
2018-10-08,3.638,VungTau
2018-10-09,3.707,VungTau
2018-10-10,3.772,VungTau
2018-10-11,3.715,VungTau
2018-10-12,3.628,VungTau
2018-10-13,3.419,VungTau
2018-10-14,3.241,VungTau
2018-10-15,3.03,VungTau
2018-10-16,2.811,VungTau
2018-10-17,2.624,VungTau
2018-10-18,2.571,VungTau
2018-10-19,2.845,VungTau
2018-10-20,3.037,VungTau
2018-10-21,3.266,VungTau
2018-10-22,3.444,VungTau
2018-10-23,3.641,VungTau
2018-10-24,3.709,VungTau
2018-10-25,3.82,VungTau
2018-10-26,3.828,VungTau
2018-10-27,3.757,VungTau
2018-10-28,3.596,VungTau
2018-10-29,3.367,VungTau
2018-10-30,3.104,VungTau
2018-10-31,2.812,VungTau
2018-11-01,2.736,VungTau
2018-11-02,2.704,VungTau
2018-11-03,3.054,VungTau
2018-11-04,3.316,VungTau
2018-11-05,3.576,VungTau
2018-11-06,3.764,VungTau
2018-11-07,3.884,VungTau
2018-11-08,3.875,VungTau
2018-11-09,3.789,VungTau
2018-11-10,3.657,VungTau
2018-11-11,3.532,VungTau
2018-11-12,3.361,VungTau
2018-11-13,3.19,VungTau
2018-11-14,2.98,VungTau
2018-11-15,2.74,VungTau
2018-11-16,2.693,VungTau
2018-11-17,2.838,VungTau
2018-11-18,3.101,VungTau
2018-11-19,3.429,VungTau
2018-11-20,3.668,VungTau
2018-11-21,3.807,VungTau
2018-11-22,3.871,VungTau
2018-11-23,3.921,VungTau
2018-11-24,3.951,VungTau
2018-11-25,3.851,VungTau
2018-11-26,3.752,VungTau
2018-11-27,3.549,VungTau
2018-11-28,3.299,VungTau
2018-11-29,3.027,VungTau
2018-11-30,2.841,VungTau
2018-12-01,2.774,VungTau
2018-12-02,3.014,VungTau
2018-12-03,3.241,VungTau
2018-12-04,3.398,VungTau
2018-12-05,3.519,VungTau
2018-12-06,3.628,VungTau
2018-12-07,3.637,VungTau
2018-12-08,3.656,VungTau
2018-12-09,3.592,VungTau
2018-12-10,3.519,VungTau
2018-12-11,3.353,VungTau
2018-12-12,3.184,VungTau
2018-12-13,3.011,VungTau
2018-12-14,2.862,VungTau
2018-12-15,2.73,VungTau
2018-12-16,2.631,VungTau
2018-12-17,2.794,VungTau
2018-12-18,3.037,VungTau
2018-12-19,3.283,VungTau
2018-12-20,3.55,VungTau
2018-12-21,3.792,VungTau
2018-12-22,3.92,VungTau
2018-12-23,3.948,VungTau
2018-12-24,3.89,VungTau
2018-12-25,3.772,VungTau
2018-12-26,3.588,VungTau
2018-12-27,3.386,VungTau
2018-12-28,3.133,VungTau
2018-12-29,2.824,VungTau
2018-12-30,2.733,VungTau
2018-12-31,2.788,VungTau
2019-01-01,2.936,VungTau
2019-01-02,3.112,VungTau
2019-01-03,3.176,VungTau
2019-01-04,3.34,VungTau
2019-01-05,3.427,VungTau
2019-01-06,3.481,VungTau
2019-01-07,3.448,VungTau
2019-01-08,3.438,VungTau
2019-01-09,3.368,VungTau
2019-01-10,3.243,VungTau
2019-01-11,3.084,VungTau
2019-01-12,2.99,VungTau
2019-01-13,2.788,VungTau
2019-01-14,2.719,VungTau
2019-01-15,2.646,VungTau
2019-01-16,2.702,VungTau
2019-01-17,2.905,VungTau
2019-01-18,3.133,VungTau
2019-01-19,3.325,VungTau
2019-01-20,3.505,VungTau
2019-01-21,3.651,VungTau
2019-01-22,3.709,VungTau
2019-01-23,3.68,VungTau
2019-01-24,3.523,VungTau
2019-01-25,3.234,VungTau
2019-01-26,2.994,VungTau
2019-01-27,2.825,VungTau
2019-01-28,2.706,VungTau
2019-01-29,2.585,VungTau
2019-01-30,2.605,VungTau
2019-01-31,2.828,VungTau
2019-02-01,3.0,VungTau
2019-02-02,3.127,VungTau
2019-02-03,3.296,VungTau
2019-02-04,3.393,VungTau
2019-02-05,3.459,VungTau
2019-02-06,3.421,VungTau
2019-02-07,3.462,VungTau
2019-02-08,3.343,VungTau
2019-02-09,3.175,VungTau
2019-02-10,2.986,VungTau
2019-02-11,2.877,VungTau
2019-02-12,2.768,VungTau
2019-02-13,2.644,VungTau
2019-02-14,2.59,VungTau
2019-02-15,2.633,VungTau
2019-02-16,2.94,VungTau
2019-02-17,3.249,VungTau
2019-02-18,3.474,VungTau
2019-02-19,3.647,VungTau
2019-02-20,3.722,VungTau
2019-02-21,3.711,VungTau
2019-02-22,3.518,VungTau
2019-02-23,3.386,VungTau
2019-02-24,3.199,VungTau
2019-02-25,3.018,VungTau
2019-02-26,2.757,VungTau
2019-02-27,2.567,VungTau
2019-02-28,2.435,VungTau
2019-03-01,2.485,VungTau
2019-03-02,2.76,VungTau
2019-03-03,3.003,VungTau
2019-03-04,3.154,VungTau
2019-03-05,3.302,VungTau
2019-03-06,3.383,VungTau
2019-03-07,3.413,VungTau
2019-03-08,3.397,VungTau
2019-03-09,3.384,VungTau
2019-03-10,3.297,VungTau
2019-03-11,3.258,VungTau
2019-03-12,3.144,VungTau
2019-03-13,2.964,VungTau
2019-03-14,2.782,VungTau
2019-03-15,2.633,VungTau
2019-03-16,2.67,VungTau
2019-03-17,2.98,VungTau
2019-03-18,3.319,VungTau
2019-03-19,3.546,VungTau
2019-03-20,3.758,VungTau
2019-03-21,3.845,VungTau
2019-03-22,3.76,VungTau
2019-03-23,3.769,VungTau
2019-03-24,3.577,VungTau
2019-03-25,3.399,VungTau
2019-03-26,3.169,VungTau
2019-03-27,2.971,VungTau
2019-03-28,2.688,VungTau
2019-03-29,2.449,VungTau
2019-03-30,2.552,VungTau
2019-03-31,2.809,VungTau
2019-04-01,2.929,VungTau
2019-04-02,3.091,VungTau
2019-04-03,3.274,VungTau
2019-04-04,3.369,VungTau
2019-04-05,3.444,VungTau
2019-04-06,3.51,VungTau
2019-04-07,3.502,VungTau
2019-04-08,3.518,VungTau
2019-04-09,3.418,VungTau
2019-04-10,3.308,VungTau
2019-04-11,3.108,VungTau
2019-04-12,2.908,VungTau
2019-04-13,2.678,VungTau
2019-04-14,2.688,VungTau
2019-04-15,2.908,VungTau
2019-04-16,3.188,VungTau
2019-04-17,3.448,VungTau
2019-04-18,3.608,VungTau
2019-04-19,3.708,VungTau
2019-04-20,3.808,VungTau
2019-04-21,3.728,VungTau
2019-04-22,3.708,VungTau
2019-04-23,3.498,VungTau
2019-04-24,3.318,VungTau
2019-04-25,3.098,VungTau
2019-04-26,2.898,VungTau
2019-04-27,2.698,VungTau
2019-04-28,2.678,VungTau
2019-04-29,2.898,VungTau
2019-04-30,3.098,VungTau
2019-05-01,3.278,VungTau
2019-05-02,3.418,VungTau
2019-05-03,3.538,VungTau
2019-05-04,3.658,VungTau
2019-05-05,3.658,VungTau
2019-05-06,3.778,VungTau
2019-05-07,3.708,VungTau
2019-05-08,3.678,VungTau
2019-05-09,3.518,VungTau
2019-05-10,3.318,VungTau
2019-05-11,3.108,VungTau
2019-05-12,2.898,VungTau
2019-05-13,2.898,VungTau
2019-05-14,3.018,VungTau
2019-05-15,3.198,VungTau
2019-05-16,3.408,VungTau
2019-05-17,3.588,VungTau
2019-05-18,3.728,VungTau
2019-05-19,3.678,VungTau
2019-05-20,3.678,VungTau
2019-05-21,3.608,VungTau
2019-05-22,3.518,VungTau
2019-05-23,3.378,VungTau
2019-05-24,3.198,VungTau
2019-05-25,2.968,VungTau
2019-05-26,2.758,VungTau
2019-05-27,2.698,VungTau
2019-05-28,2.708,VungTau
2019-05-29,2.818,VungTau
2019-05-30,3.028,VungTau
2019-05-31,3.218,VungTau
2019-06-01,3.368,VungTau
2019-06-02,3.518,VungTau
2019-06-03,3.678,VungTau
2019-06-04,3.658,VungTau
2019-06-05,3.678,VungTau
2019-06-06,3.598,VungTau
2019-06-07,3.518,VungTau
2019-06-08,3.318,VungTau
2019-06-09,3.178,VungTau
2019-06-10,3.018,VungTau
2019-06-11,2.938,VungTau
2019-06-12,2.968,VungTau
2019-06-13,3.208,VungTau
2019-06-14,3.348,VungTau
2019-06-15,3.438,VungTau
2019-06-16,3.588,VungTau
2019-06-17,3.618,VungTau
2019-06-18,3.588,VungTau
2019-06-19,3.608,VungTau
2019-06-20,3.608,VungTau
2019-06-21,3.508,VungTau
2019-06-22,3.358,VungTau
2019-06-23,3.248,VungTau
2019-06-24,3.128,VungTau
2019-06-25,2.848,VungTau
2019-06-26,2.748,VungTau
2019-06-27,2.818,VungTau
2019-06-28,2.958,VungTau
2019-06-29,3.118,VungTau
2019-06-30,3.308,VungTau
2019-07-01,3.478,VungTau
2019-07-02,3.638,VungTau
2019-07-03,3.708,VungTau
2019-07-04,3.828,VungTau
2019-07-05,3.888,VungTau
2019-07-06,3.748,VungTau
2019-07-07,3.618,VungTau
2019-07-08,3.428,VungTau
2019-07-09,3.188,VungTau
2019-07-10,2.948,VungTau
2019-07-11,2.938,VungTau
2019-07-12,3.008,VungTau
2019-07-13,3.168,VungTau
2019-07-14,3.298,VungTau
2019-07-15,3.398,VungTau
2019-07-16,3.558,VungTau
2019-07-17,3.488,VungTau
2019-07-18,3.588,VungTau
2019-07-19,3.588,VungTau
2019-07-20,3.578,VungTau
2019-07-21,3.458,VungTau
2019-07-22,3.328,VungTau
2019-07-23,3.158,VungTau
2019-07-24,2.948,VungTau
2019-07-25,2.778,VungTau
2019-07-26,2.798,VungTau
2019-07-27,2.788,VungTau
2019-07-28,3.028,VungTau
2019-07-29,3.228,VungTau
2019-07-30,3.418,VungTau
2019-07-31,3.578,VungTau
2019-08-01,3.788,VungTau
2019-08-02,3.918,VungTau
2019-08-03,3.898,VungTau
2019-08-04,3.928,VungTau
2019-08-05,3.758,VungTau
2019-08-06,3.467,VungTau
2019-08-07,3.146,VungTau
2019-08-08,2.954,VungTau
2019-08-09,2.858,VungTau
2019-08-10,2.88,VungTau
2019-08-11,2.877,VungTau
2019-08-12,3.094,VungTau
2019-08-13,3.307,VungTau
2019-08-14,3.411,VungTau
2019-08-15,3.472,VungTau
2019-08-16,3.578,VungTau
2019-08-17,3.568,VungTau
2019-08-18,3.513,VungTau
2019-08-19,3.424,VungTau
2019-08-20,3.346,VungTau
2019-08-21,3.171,VungTau
2019-08-22,2.994,VungTau
2019-08-23,2.865,VungTau
2019-08-24,2.785,VungTau
2019-08-25,2.761,VungTau
2019-08-26,2.793,VungTau
2019-08-27,2.998,VungTau
2019-08-28,3.282,VungTau
2019-08-29,3.565,VungTau
2019-08-30,3.811,VungTau
2019-08-31,3.923,VungTau
2019-09-01,3.893,VungTau
2019-09-02,3.82,VungTau
2019-09-03,3.574,VungTau
2019-09-04,3.298,VungTau
2019-09-05,3.028,VungTau
2019-09-06,2.808,VungTau
2019-09-07,2.634,VungTau
2019-09-08,2.608,VungTau
2019-09-09,2.772,VungTau
2019-09-10,2.946,VungTau
2019-09-11,3.104,VungTau
2019-09-12,3.279,VungTau
2019-09-13,3.452,VungTau
2019-09-14,3.517,VungTau
2019-09-15,3.53,VungTau
2019-09-16,3.497,VungTau
2019-09-17,3.454,VungTau
2019-09-18,3.409,VungTau
2019-09-19,3.271,VungTau
2019-09-20,3.112,VungTau
2019-09-21,2.925,VungTau
2019-09-22,2.728,VungTau
2019-09-23,2.6,VungTau
2019-09-24,2.62,VungTau
2019-09-25,2.883,VungTau
2019-09-26,3.196,VungTau
2019-09-27,3.512,VungTau
2019-09-28,3.716,VungTau
2019-09-29,3.765,VungTau
2019-09-30,3.763,VungTau
2019-10-01,3.676,VungTau
2019-10-02,3.541,VungTau
2019-10-03,3.321,VungTau
2019-10-04,3.045,VungTau
2019-10-05,2.758,VungTau
2019-10-06,2.479,VungTau
2019-10-07,2.391,VungTau
2019-10-08,2.588,VungTau
2019-10-09,2.794,VungTau
2019-10-10,2.955,VungTau
2019-10-11,3.135,VungTau
2019-10-12,3.345,VungTau
2019-10-13,3.432,VungTau
2019-10-14,3.511,VungTau
2019-10-15,3.546,VungTau
2019-10-16,3.502,VungTau
2019-10-17,3.455,VungTau
2019-10-18,3.245,VungTau
2019-10-19,3.102,VungTau
2019-10-20,2.911,VungTau
2019-10-21,2.659,VungTau
2019-10-22,2.581,VungTau
2019-10-23,2.559,VungTau
2019-10-24,2.931,VungTau
2019-10-25,3.196,VungTau
2019-10-26,3.434,VungTau
2019-10-27,3.712,VungTau
2019-10-28,3.729,VungTau
2019-10-29,3.776,VungTau
2019-10-30,3.7,VungTau
2019-10-31,3.521,VungTau
2019-11-01,3.34,VungTau
2019-11-02,3.045,VungTau
2019-11-03,2.758,VungTau
2019-11-04,2.511,VungTau
2019-11-05,2.437,VungTau
2019-11-06,2.571,VungTau
2019-11-07,2.807,VungTau
2019-11-08,2.984,VungTau
2019-11-09,3.236,VungTau
2019-11-10,3.377,VungTau
2019-11-11,3.508,VungTau
2019-11-12,3.586,VungTau
2019-11-13,3.63,VungTau
2019-11-14,3.61,VungTau
2019-11-15,3.555,VungTau
2019-11-16,3.42,VungTau
2019-11-17,3.234,VungTau
2019-11-18,3.072,VungTau
2019-11-19,2.823,VungTau
2019-11-20,2.668,VungTau
2019-11-21,2.711,VungTau
2019-11-22,2.973,VungTau
2019-11-23,3.255,VungTau
2019-11-24,3.503,VungTau
2019-11-25,3.556,VungTau
2019-11-26,3.637,VungTau
2019-11-27,3.626,VungTau
2019-11-28,3.542,VungTau
2019-11-29,3.448,VungTau
2019-11-30,3.234,VungTau
2019-12-01,3.066,VungTau
2019-12-02,2.832,VungTau
2019-12-03,2.595,VungTau
2019-12-04,2.393,VungTau
2019-12-05,2.325,VungTau
2019-12-06,2.461,VungTau
2019-12-07,2.698,VungTau
2019-12-08,2.883,VungTau
2019-12-09,3.071,VungTau
2019-12-10,3.217,VungTau
2019-12-11,3.384,VungTau
2019-12-12,3.36,VungTau
2019-12-13,3.456,VungTau
2019-12-14,3.395,VungTau
2019-12-15,3.284,VungTau
2019-12-16,3.22,VungTau
2019-12-17,3.099,VungTau
2019-12-18,2.923,VungTau
2019-12-19,2.734,VungTau
2019-12-20,2.736,VungTau
2019-12-21,2.863,VungTau
2019-12-22,3.067,VungTau
2019-12-23,3.209,VungTau
2019-12-24,3.373,VungTau
2019-12-25,3.421,VungTau
2019-12-26,3.427,VungTau
2019-12-27,3.462,VungTau
2019-12-28,3.398,VungTau
2019-12-29,3.309,VungTau
2019-12-30,3.153,VungTau
2019-12-31,2.98,VungTau
2020-01-01,2.774,VungTau
2020-01-02,2.599,VungTau
2020-01-03,2.464,VungTau
2020-01-04,2.466,VungTau
2020-01-05,2.602,VungTau
2020-01-06,2.75,VungTau
2020-01-07,3.0,VungTau
2020-01-08,3.162,VungTau
2020-01-09,3.282,VungTau
2020-01-10,3.463,VungTau
2020-01-11,3.587,VungTau
2020-01-12,3.643,VungTau
2020-01-13,3.57,VungTau
2020-01-14,3.486,VungTau
2020-01-15,3.243,VungTau
2020-01-16,2.999,VungTau
2020-01-17,2.83,VungTau
2020-01-18,2.765,VungTau
2020-01-19,2.775,VungTau
2020-01-20,2.886,VungTau
2020-01-21,2.96,VungTau
2020-01-22,3.11,VungTau
2020-01-23,3.276,VungTau
2020-01-24,3.318,VungTau
2020-01-25,3.421,VungTau
2020-01-26,3.435,VungTau
2020-01-27,3.455,VungTau
2020-01-28,3.31,VungTau
2020-01-29,3.238,VungTau
2020-01-30,3.017,VungTau
2020-01-31,2.893,VungTau
2020-02-01,2.751,VungTau
2020-02-02,2.625,VungTau
2020-02-03,2.511,VungTau
2020-02-04,2.597,VungTau
2020-02-05,2.812,VungTau
2020-02-06,3.046,VungTau
2020-02-07,3.264,VungTau
2020-02-08,3.494,VungTau
2020-02-09,3.673,VungTau
2020-02-10,3.676,VungTau
2020-02-11,3.718,VungTau
2020-02-12,3.608,VungTau
2020-02-13,3.448,VungTau
2020-02-14,3.32,VungTau
2020-02-15,3.087,VungTau
2020-02-16,2.866,VungTau
2020-02-17,2.682,VungTau
2020-02-18,2.655,VungTau
2020-02-19,2.808,VungTau
2020-02-20,2.918,VungTau
2020-02-21,3.018,VungTau
2020-02-22,3.22,VungTau
2020-02-23,3.303,VungTau
2020-02-24,3.388,VungTau
2020-02-25,3.387,VungTau
2020-02-26,3.347,VungTau
2020-02-27,3.241,VungTau
2020-02-28,3.204,VungTau
2020-02-29,3.083,VungTau
2020-03-01,2.928,VungTau
2020-03-02,2.808,VungTau
2020-03-03,2.596,VungTau
2020-03-04,2.462,VungTau
2020-03-05,2.656,VungTau
2020-03-06,2.947,VungTau
2020-03-07,3.256,VungTau
2020-03-08,3.563,VungTau
2020-03-09,3.687,VungTau
2020-03-10,3.824,VungTau
2020-03-11,3.755,VungTau
2020-03-12,3.623,VungTau
2020-03-13,3.586,VungTau
2020-03-14,3.383,VungTau
2020-03-15,3.15,VungTau
2020-03-16,2.823,VungTau
2020-03-17,2.505,VungTau
2020-03-18,2.438,VungTau
2020-03-19,2.688,VungTau
2020-03-20,2.908,VungTau
2020-03-21,3.138,VungTau
2020-03-22,3.298,VungTau
2020-03-23,3.398,VungTau
2020-03-24,3.491,VungTau
2020-03-25,3.43,VungTau
2020-03-26,3.408,VungTau
2020-03-27,3.408,VungTau
2020-03-28,3.4,VungTau
2020-03-29,3.329,VungTau
2020-03-30,3.145,VungTau
2020-03-31,2.993,VungTau
2020-04-01,2.749,VungTau
2020-04-02,2.561,VungTau
2020-04-03,2.66,VungTau
2020-04-04,2.953,VungTau
2020-04-05,3.222,VungTau
2020-04-06,3.498,VungTau
2020-04-07,3.688,VungTau
2020-04-08,3.708,VungTau
2020-04-09,3.818,VungTau
2020-04-10,3.765,VungTau
2020-04-11,3.628,VungTau
2020-04-12,3.455,VungTau
2020-04-13,3.194,VungTau
2020-04-14,3.017,VungTau
2020-04-15,2.678,VungTau
2020-04-16,2.518,VungTau
2020-04-17,2.708,VungTau
2020-04-18,2.888,VungTau
2020-04-19,3.008,VungTau
2020-04-20,3.188,VungTau
2020-04-21,3.308,VungTau
2020-04-22,3.488,VungTau
2020-04-23,3.508,VungTau
2020-04-24,3.568,VungTau
2020-04-25,3.528,VungTau
2020-04-26,3.505,VungTau
2020-04-27,3.458,VungTau
2020-04-28,3.288,VungTau
2020-04-29,3.2743333333333333,VungTau
2020-04-30,3.2606666666666664,VungTau
2020-05-01,3.247,VungTau
2020-05-02,3.2333333333333334,VungTau
2020-05-03,3.2196666666666665,VungTau
2020-05-04,3.206,VungTau
2020-05-05,3.205435897435897,VungTau
2020-05-06,3.204871794871795,VungTau
2020-05-07,3.204307692307692,VungTau
2020-05-08,3.2037435897435897,VungTau
2020-05-09,3.203179487179487,VungTau
2020-05-10,3.2026153846153846,VungTau
2020-05-11,3.202051282051282,VungTau
2020-05-12,3.2014871794871795,VungTau
2020-05-13,3.2009230769230768,VungTau
2020-05-14,3.2003589743589744,VungTau
2020-05-15,3.1997948717948717,VungTau
2020-05-16,3.1992307692307693,VungTau
2020-05-17,3.1986666666666665,VungTau
2020-05-18,3.198102564102564,VungTau
2020-05-19,3.1975384615384614,VungTau
2020-05-20,3.196974358974359,VungTau
2020-05-21,3.1964102564102563,VungTau
2020-05-22,3.195846153846154,VungTau
2020-05-23,3.1952820512820512,VungTau
2020-05-24,3.1947179487179485,VungTau
2020-05-25,3.194153846153846,VungTau
2020-05-26,3.1935897435897433,VungTau
2020-05-27,3.193025641025641,VungTau
2020-05-28,3.1924615384615382,VungTau
2020-05-29,3.191897435897436,VungTau
2020-05-30,3.191333333333333,VungTau
2020-05-31,3.190769230769231,VungTau
2020-06-01,3.190205128205128,VungTau
2020-06-02,3.1896410256410257,VungTau
2020-06-03,3.189076923076923,VungTau
2020-06-04,3.1885128205128206,VungTau
2020-06-05,3.187948717948718,VungTau
2020-06-06,3.1873846153846155,VungTau
2020-06-07,3.1868205128205127,VungTau
2020-06-08,3.1862564102564104,VungTau
2020-06-09,3.1856923076923076,VungTau
2020-06-10,3.1851282051282053,VungTau
2020-06-11,3.1845641025641025,VungTau
2020-06-12,3.184,VungTau
2020-06-13,3.1834358974358974,VungTau
2020-06-14,3.1828717948717946,VungTau
2020-06-15,3.1823076923076923,VungTau
2020-06-16,3.1817435897435895,VungTau
2020-06-17,3.181179487179487,VungTau
2020-06-18,3.1806153846153844,VungTau
2020-06-19,3.180051282051282,VungTau
2020-06-20,3.1794871794871793,VungTau
2020-06-21,3.178923076923077,VungTau
2020-06-22,3.178358974358974,VungTau
2020-06-23,3.177794871794872,VungTau
2020-06-24,3.177230769230769,VungTau
2020-06-25,3.1766666666666667,VungTau
2020-06-26,3.176102564102564,VungTau
2020-06-27,3.1755384615384616,VungTau
2020-06-28,3.174974358974359,VungTau
2020-06-29,3.1744102564102565,VungTau
2020-06-30,3.1738461538461538,VungTau
2020-07-01,3.1732820512820514,VungTau
2020-07-02,3.1727179487179487,VungTau
2020-07-03,3.172153846153846,VungTau
2020-07-04,3.1715897435897435,VungTau
2020-07-05,3.1710256410256408,VungTau
2020-07-06,3.1704615384615384,VungTau
2020-07-07,3.1698974358974357,VungTau
2020-07-08,3.1693333333333333,VungTau
2020-07-09,3.1687692307692306,VungTau
2020-07-10,3.1682051282051282,VungTau
2020-07-11,3.1676410256410255,VungTau
2020-07-12,3.167076923076923,VungTau
2020-07-13,3.1665128205128203,VungTau
2020-07-14,3.165948717948718,VungTau
2020-07-15,3.1653846153846152,VungTau
2020-07-16,3.164820512820513,VungTau
2020-07-17,3.16425641025641,VungTau
2020-07-18,3.163692307692308,VungTau
2020-07-19,3.163128205128205,VungTau
2020-07-20,3.1625641025641027,VungTau
2020-07-21,3.162,VungTau
2020-07-22,3.667,VungTau
2020-07-23,3.724,VungTau
2020-07-24,3.65,VungTau
2020-07-25,3.542,VungTau
2020-07-26,3.378,VungTau
2020-07-27,3.158,VungTau
2020-07-28,2.94,VungTau
2020-07-29,2.9,VungTau
2020-07-30,3.017,VungTau
2020-07-31,3.261,VungTau
2020-08-01,3.353,VungTau
2020-08-02,3.585,VungTau
2020-08-03,3.72,VungTau
2020-08-04,3.799,VungTau
2020-08-05,3.744,VungTau
2020-08-06,3.69,VungTau
2020-08-07,3.325,VungTau
2020-08-08,3.47,VungTau
2020-08-09,3.35,VungTau
2020-08-10,3.13,VungTau
2020-08-11,2.941,VungTau
2020-08-12,2.692,VungTau
2020-08-13,2.6946511627906977,VungTau
2020-08-14,2.6973023255813957,VungTau
2020-08-15,2.6999534883720933,VungTau
2020-08-16,2.702604651162791,VungTau
2020-08-17,2.7052558139534884,VungTau
2020-08-18,2.7079069767441863,VungTau
2020-08-19,2.710558139534884,VungTau
2020-08-20,2.7132093023255814,VungTau
2020-08-21,2.7158604651162794,VungTau
2020-08-22,2.718511627906977,VungTau
2020-08-23,2.7211627906976745,VungTau
2020-08-24,2.723813953488372,VungTau
2020-08-25,2.72646511627907,VungTau
2020-08-26,2.7291162790697676,VungTau
2020-08-27,2.731767441860465,VungTau
2020-08-28,2.7344186046511627,VungTau
2020-08-29,2.7370697674418607,VungTau
2020-08-30,2.7397209302325582,VungTau
2020-08-31,2.742372093023256,VungTau
2020-09-01,2.745023255813954,VungTau
2020-09-02,2.7476744186046513,VungTau
2020-09-03,2.750325581395349,VungTau
2020-09-04,2.7529767441860464,VungTau
2020-09-05,2.7556279069767444,VungTau
2020-09-06,2.758279069767442,VungTau
2020-09-07,2.7609302325581395,VungTau
2020-09-08,2.7635813953488375,VungTau
2020-09-09,2.766232558139535,VungTau
2020-09-10,2.7688837209302326,VungTau
2020-09-11,2.77153488372093,VungTau
2020-09-12,2.774186046511628,VungTau
2020-09-13,2.7768372093023257,VungTau
2020-09-14,2.7794883720930232,VungTau
2020-09-15,2.7821395348837212,VungTau
2020-09-16,2.784790697674419,VungTau
2020-09-17,2.7874418604651163,VungTau
2020-09-18,2.790093023255814,VungTau
2020-09-19,2.792744186046512,VungTau
2020-09-20,2.7953953488372094,VungTau
2020-09-21,2.798046511627907,VungTau
2020-09-22,2.8006976744186045,VungTau
2020-09-23,2.8033488372093025,VungTau
2020-09-24,2.806,VungTau
2020-09-25,2.613,VungTau
2020-09-26,2.621,VungTau
2020-09-27,2.86,VungTau
2020-09-28,3.074,VungTau
2020-09-29,3.249,VungTau
2020-09-30,3.46,VungTau
2020-10-01,3.554,VungTau
2020-10-02,3.62,VungTau
2020-10-03,3.6165000000000003,VungTau
2020-10-04,3.613,VungTau
2020-10-05,3.526,VungTau
2020-10-06,3.392,VungTau
2020-10-07,3.073,VungTau
2020-10-08,3.1673,VungTau
2020-10-09,3.2616,VungTau
2020-10-10,3.3559,VungTau
2020-10-11,3.4502,VungTau
2020-10-12,3.5445,VungTau
2020-10-13,3.6388,VungTau
2020-10-14,3.7331,VungTau
2020-10-15,3.8274,VungTau
2020-10-16,3.9217,VungTau
2020-10-17,4.016,VungTau
2020-10-18,3.979,VungTau
2020-10-19,3.742,VungTau
2020-10-20,3.658,VungTau
2020-10-21,3.511,VungTau
2020-10-22,2.92,VungTau
2020-10-23,2.73,VungTau
2020-10-24,2.54,VungTau
2020-10-25,2.726,VungTau
2020-10-26,2.9323333333333332,VungTau
2020-10-27,3.138666666666667,VungTau
2020-10-28,3.345,VungTau
2020-10-29,3.491,VungTau
2020-10-30,3.679,VungTau
2020-10-31,3.706,VungTau
2020-11-01,3.384,VungTau
2020-11-02,3.387,VungTau
2020-11-03,3.3899999999999997,VungTau
2020-11-04,3.393,VungTau
2020-11-05,3.396,VungTau
2020-11-06,3.196,VungTau
2020-11-07,2.986,VungTau
2020-11-08,2.843,VungTau
2020-11-09,2.82,VungTau
2020-11-10,2.931,VungTau
2020-11-11,2.998,VungTau
2020-11-12,3.531,VungTau
2020-11-13,3.765,VungTau
2020-11-14,3.939,VungTau
2020-11-15,3.996,VungTau
2020-11-16,3.982,VungTau
2020-11-17,3.57,VungTau
2020-11-18,3.5185,VungTau
2020-11-19,3.467,VungTau
2020-11-20,3.4824545454545457,VungTau
2020-11-21,3.497909090909091,VungTau
2020-11-22,3.5133636363636365,VungTau
2020-11-23,3.528818181818182,VungTau
2020-11-24,3.5442727272727272,VungTau
2020-11-25,3.559727272727273,VungTau
2020-11-26,3.575181818181818,VungTau
2020-11-27,3.5906363636363636,VungTau
2020-11-28,3.6060909090909092,VungTau
2020-11-29,3.6215454545454544,VungTau
2020-11-30,3.637,VungTau
2020-12-01,3.542666666666667,VungTau
2020-12-02,3.4483333333333333,VungTau
2020-12-03,3.354,VungTau
2020-12-04,3.259666666666667,VungTau
2020-12-05,3.1653333333333333,VungTau
2020-12-06,3.071,VungTau
2020-12-07,3.006,VungTau
2020-12-08,2.93,VungTau
2020-12-09,2.971,VungTau
2020-12-10,3.09,VungTau
2020-12-11,3.429,VungTau
2020-12-12,3.128,VungTau
2020-12-13,4.508,VungTau
2020-12-14,4.295444444444445,VungTau
2020-12-15,4.082888888888889,VungTau
2020-12-16,3.8703333333333334,VungTau
2020-12-17,3.657777777777778,VungTau
2020-12-18,3.445222222222222,VungTau
2020-12-19,3.232666666666667,VungTau
2020-12-20,3.0201111111111114,VungTau
2020-12-21,2.807555555555556,VungTau
2020-12-22,2.595,VungTau
2020-12-23,2.763,VungTau
2020-12-24,2.918,VungTau
2020-12-25,3.069,VungTau
2020-12-26,2.65,VungTau
2020-12-27,3.06,VungTau
2020-12-28,3.47,VungTau
2020-12-29,3.637,VungTau
2020-12-30,3.653,VungTau
2020-12-31,3.698,VungTau
2021-01-01,3.678,VungTau
2021-01-02,3.588,VungTau
2021-01-03,3.478,VungTau
2021-01-04,3.288,VungTau
2021-01-05,3.128,VungTau
2021-01-06,2.978,VungTau
2021-01-07,2.958,VungTau
2021-01-08,3.048,VungTau
2021-01-09,3.178,VungTau
2021-01-10,3.308,VungTau
2021-01-11,3.478,VungTau
2021-01-12,3.648,VungTau
2021-01-13,3.658,VungTau
2021-01-14,3.698,VungTau
2021-01-15,3.668,VungTau
2021-01-16,3.538,VungTau
2021-01-17,3.368,VungTau
2021-01-18,3.188,VungTau
2021-01-19,3.048,VungTau
2021-01-20,2.908,VungTau
2021-01-21,2.798,VungTau
2021-01-22,2.738,VungTau
2021-01-23,2.798,VungTau
2021-01-24,2.938,VungTau
2021-01-25,3.07,VungTau
2021-01-26,3.318,VungTau
2021-01-27,3.498,VungTau
2021-01-28,3.576,VungTau
2021-01-29,3.738,VungTau
2021-01-30,3.818,VungTau
2021-01-31,3.748,VungTau
2021-02-01,3.628,VungTau
2021-02-02,3.408,VungTau
2021-02-03,3.278,VungTau
2021-02-04,3.188,VungTau
2021-02-05,2.998,VungTau
2021-02-06,2.871,VungTau
2021-02-07,2.917,VungTau
2021-02-08,3.118,VungTau
2021-02-09,3.288,VungTau
2021-02-10,3.478,VungTau
2021-02-11,3.568,VungTau
2021-02-12,3.658,VungTau
2021-02-13,3.608,VungTau
2021-02-14,3.539,VungTau
2021-02-15,3.408,VungTau
2021-02-16,3.258,VungTau
2021-02-17,3.078,VungTau
2021-02-18,2.908,VungTau
2021-02-19,2.768,VungTau
2021-02-20,2.588,VungTau
2021-02-21,2.468,VungTau
2021-02-22,2.598,VungTau
2021-02-23,2.848,VungTau
2021-02-24,3.138,VungTau
2021-02-25,3.378,VungTau
2021-02-26,3.598,VungTau
2021-02-27,3.758,VungTau
2021-02-28,3.808,VungTau
2021-03-01,3.738,VungTau
2021-03-02,3.548,VungTau
2021-03-03,3.478,VungTau
2021-03-04,3.318,VungTau
2021-03-05,3.128,VungTau
2021-03-06,2.828,VungTau
2021-03-07,2.638,VungTau
2021-03-08,2.698,VungTau
2021-03-09,2.928,VungTau
2021-03-10,3.118,VungTau
2021-03-11,3.358,VungTau
2021-03-12,3.468,VungTau
2021-03-13,3.568,VungTau
2021-03-14,3.488,VungTau
2021-03-15,3.448,VungTau
2021-03-16,3.458,VungTau
2021-03-17,3.368,VungTau
2021-03-18,3.298,VungTau
2021-03-19,3.188,VungTau
2021-03-20,2.978,VungTau
2021-03-21,2.778,VungTau
2021-03-22,2.548,VungTau
2021-03-23,2.468,VungTau
2021-03-24,2.698,VungTau
2021-03-25,2.998,VungTau
2021-03-26,3.308,VungTau
2021-03-27,3.658,VungTau
2021-03-28,3.738,VungTau
2021-03-29,3.838,VungTau
2021-03-30,3.858,VungTau
2021-03-31,3.898,VungTau
2021-04-01,3.768,VungTau
2021-04-02,3.618,VungTau
2021-04-03,3.318,VungTau
2021-04-04,2.978,VungTau
2021-04-05,2.678,VungTau
2021-04-06,2.778,VungTau
2021-04-07,3.018,VungTau
2021-04-08,3.238,VungTau
2021-04-09,3.388,VungTau
2021-04-10,3.488,VungTau
2021-04-11,3.558,VungTau
2021-04-12,3.638,VungTau
2021-04-13,3.668,VungTau
2021-04-14,3.628,VungTau
2021-04-15,3.638,VungTau
2021-04-16,3.568,VungTau
2021-04-17,3.418,VungTau
2021-04-18,3.298,VungTau
2021-04-19,3.078,VungTau
2021-04-20,2.858,VungTau
2021-04-21,2.638,VungTau
2021-04-22,2.778,VungTau
2021-04-23,3.078,VungTau
2021-04-24,3.378,VungTau
2021-04-25,3.478,VungTau
2021-04-26,3.678,VungTau
2021-04-27,3.778,VungTau
2021-04-28,3.878,VungTau
2021-04-29,3.878,VungTau
2021-04-30,3.678,VungTau
2021-05-01,3.478,VungTau
2021-05-02,3.178,VungTau
2021-05-03,2.978,VungTau
2021-05-04,2.778,VungTau
2021-05-05,2.678,VungTau
2021-05-06,2.778,VungTau
2021-05-07,2.978,VungTau
2021-05-08,3.078,VungTau
2021-05-09,3.278,VungTau
2021-05-10,3.378,VungTau
2021-05-11,3.578,VungTau
2021-05-12,3.478,VungTau
2021-05-13,3.578,VungTau
2021-05-14,3.478,VungTau
2021-05-15,3.478,VungTau
2021-05-16,3.278,VungTau
2021-05-17,3.178,VungTau
2021-05-18,2.978,VungTau
2021-05-19,2.878,VungTau
2021-05-20,2.878,VungTau
2021-05-21,2.878,VungTau
2021-05-22,2.978,VungTau
2021-05-23,3.278,VungTau
2021-05-24,3.478,VungTau
2021-05-25,3.678,VungTau
2021-05-26,3.778,VungTau
2021-05-27,3.878,VungTau
2021-05-28,3.778,VungTau
2021-05-29,3.578,VungTau
2021-05-30,3.478,VungTau
2021-05-31,3.378,VungTau
2021-06-01,3.078,VungTau
2021-06-02,2.978,VungTau
2021-06-03,2.878,VungTau
2021-06-04,2.978,VungTau
2021-06-05,3.078,VungTau
2021-06-06,3.278,VungTau
2021-06-07,3.378,VungTau
2021-06-08,3.478,VungTau
2021-06-09,3.578,VungTau
2021-06-10,3.678,VungTau
2021-06-11,3.678,VungTau
2021-06-12,3.678,VungTau
2021-06-13,3.478,VungTau
2021-06-14,3.478,VungTau
2021-06-15,3.478,VungTau
2021-06-16,3.378,VungTau
2021-06-17,3.178,VungTau
2021-06-18,3.078,VungTau
2021-06-19,2.978,VungTau
2021-06-20,3.078,VungTau
2021-06-21,3.278,VungTau
2021-06-22,3.478,VungTau
2021-06-23,3.678,VungTau
2021-06-24,3.778,VungTau
2021-06-25,3.778,VungTau
2021-06-26,3.778,VungTau
2021-06-27,3.678,VungTau
2021-06-28,3.578,VungTau
2021-06-29,3.478,VungTau
2021-06-30,3.178,VungTau
2021-07-01,2.978,VungTau
2021-07-02,2.878,VungTau
2021-07-03,2.878,VungTau
2021-07-04,2.878,VungTau
2021-07-05,2.978,VungTau
2021-07-06,3.078,VungTau
2021-07-07,3.278,VungTau
2021-07-08,3.378,VungTau
2021-07-09,3.578,VungTau
2021-07-10,3.578,VungTau
2021-07-11,3.678,VungTau
2021-07-12,3.578,VungTau
2021-07-13,3.578,VungTau
2021-07-14,3.478,VungTau
2021-07-15,3.378,VungTau
2021-07-16,3.278,VungTau
2021-07-17,3.178,VungTau
2021-07-18,3.078,VungTau
2021-07-19,3.098,VungTau
2021-07-20,3.278,VungTau
2021-07-21,3.378,VungTau
2021-07-22,3.478,VungTau
2021-07-23,3.578,VungTau
2021-07-24,3.678,VungTau
2021-07-25,3.778,VungTau
2021-07-26,3.778,VungTau
2021-07-27,3.678,VungTau
2021-07-28,3.578,VungTau
2021-07-29,3.378,VungTau
2021-07-30,3.178,VungTau
2021-07-31,3.078,VungTau
2021-08-01,2.778,VungTau
2021-08-02,2.778,VungTau
2021-08-03,2.778,VungTau
2021-08-04,2.878,VungTau
2021-08-05,3.078,VungTau
2021-08-06,3.178,VungTau
2021-08-07,3.278,VungTau
2021-08-08,3.378,VungTau
2021-08-09,3.578,VungTau
2021-08-10,3.678,VungTau
2021-08-11,3.678,VungTau
2021-08-12,3.578,VungTau
2021-08-13,3.478,VungTau
2021-08-14,3.278,VungTau
2021-08-15,3.078,VungTau
2021-08-16,2.878,VungTau
2021-08-17,2.848,VungTau
2021-08-18,2.938,VungTau
2021-08-19,3.108,VungTau
2021-08-20,3.335,VungTau
2021-08-21,3.541,VungTau
2021-08-22,3.702,VungTau
2021-08-23,3.791,VungTau
2021-08-24,3.781,VungTau
2021-08-25,3.76,VungTau
2021-08-26,3.568,VungTau
2021-08-27,3.363,VungTau
2021-08-28,3.167,VungTau
2021-08-29,3.014,VungTau
2021-08-30,2.873,VungTau
2021-08-31,2.668,VungTau
2021-09-01,2.655,VungTau
2021-09-02,2.697,VungTau
2021-09-03,2.93,VungTau
2021-09-04,3.205,VungTau
2021-09-05,3.457,VungTau
2021-09-06,3.617,VungTau
2021-09-07,3.694,VungTau
2021-09-08,3.808,VungTau
2021-09-09,3.772,VungTau
2021-09-10,3.672,VungTau
2021-09-11,3.533,VungTau
2021-09-12,3.411,VungTau
2021-09-13,3.12,VungTau
2021-09-14,2.853,VungTau
2021-09-15,2.771,VungTau
2021-09-16,2.832,VungTau
2021-09-17,3.067,VungTau
2021-09-18,3.238,VungTau
2021-09-19,3.426,VungTau
2021-09-20,3.643,VungTau
2021-09-21,3.666,VungTau
2021-09-22,3.662,VungTau
2021-09-23,3.61,VungTau
2021-09-24,3.597,VungTau
2021-09-25,3.429,VungTau
2021-09-26,3.298,VungTau
2021-09-27,3.065,VungTau
2021-09-28,2.826,VungTau
2021-09-29,2.618,VungTau
2021-09-30,2.473,VungTau
2021-10-01,2.536,VungTau
2021-10-02,2.802,VungTau
2021-10-03,3.169,VungTau
2021-10-04,3.418,VungTau
2021-10-05,3.703,VungTau
2021-10-06,3.874,VungTau
2021-10-07,3.991,VungTau
2021-10-08,3.933,VungTau
2021-10-09,3.85,VungTau
2021-10-10,3.677,VungTau
2021-10-11,3.388,VungTau
2021-10-12,3.096,VungTau
2021-10-13,2.793,VungTau
2021-10-14,2.751,VungTau
2021-10-15,2.852,VungTau
2021-10-16,3.079,VungTau
2021-10-17,3.298,VungTau
2021-10-18,3.454,VungTau
2021-10-19,3.626,VungTau
2021-10-20,3.752,VungTau
2021-10-21,3.771,VungTau
2021-10-22,3.731,VungTau
2021-10-23,3.623,VungTau
2021-10-24,3.511,VungTau
2021-10-25,3.367,VungTau
2021-10-26,3.233,VungTau
2021-10-27,3.081,VungTau
2021-10-28,2.804,VungTau
2021-10-29,2.753,VungTau
2021-10-30,2.803,VungTau
2021-10-31,3.023,VungTau
2021-11-01,3.337,VungTau
2021-11-02,3.656,VungTau
2021-11-03,3.852,VungTau
2021-11-04,4.088,VungTau
2021-11-05,4.15,VungTau
2021-11-06,4.1,VungTau
2021-11-07,3.956,VungTau
2021-11-08,3.658,VungTau
2021-11-09,3.404,VungTau
2021-11-10,3.149,VungTau
2021-11-11,2.983,VungTau
2021-11-12,2.926,VungTau
2021-11-13,3.026,VungTau
2021-11-14,3.233,VungTau
2021-11-15,3.42,VungTau
2021-11-16,3.542,VungTau
2021-11-17,3.656,VungTau
2021-11-18,3.728,VungTau
2021-11-19,3.699,VungTau
2021-11-20,3.698,VungTau
2021-11-21,3.7,VungTau
2021-11-22,3.655,VungTau
2021-11-23,3.492,VungTau
2021-11-24,3.358,VungTau
2021-11-25,3.228,VungTau
2021-11-26,2.993,VungTau
2021-11-27,2.898,VungTau
2021-11-28,2.906,VungTau
2021-11-29,3.092,VungTau
2021-11-30,3.359,VungTau
2021-12-01,3.615,VungTau
2021-12-02,3.794,VungTau
2021-12-03,3.874,VungTau
2021-12-04,3.951,VungTau
2021-12-05,3.956,VungTau
2021-12-06,3.834,VungTau
2021-12-07,3.688,VungTau
2021-12-08,3.504,VungTau
2021-12-09,3.253,VungTau
2021-12-10,2.979,VungTau
2021-12-11,2.788,VungTau
2021-12-12,2.759,VungTau
2021-12-13,2.886,VungTau
2021-12-14,3.007,VungTau
2021-12-15,3.198,VungTau
2021-12-16,3.348,VungTau
2021-12-17,3.378,VungTau
2021-12-18,3.425,VungTau
2021-12-19,3.439,VungTau
2021-12-20,3.503,VungTau
2021-12-21,3.497,VungTau
2021-12-22,3.492,VungTau
2021-12-23,3.368,VungTau
2021-12-24,3.258,VungTau
2021-12-25,3.106,VungTau
2021-12-26,2.905,VungTau
2021-12-27,2.778,VungTau
2021-12-28,2.848,VungTau
2021-12-29,2.985,VungTau
2021-12-30,3.148,VungTau
2021-12-31,3.368,VungTau
2022-01-01,3.526,VungTau
2022-01-02,3.654,VungTau
2022-01-03,3.554,VungTau
2022-01-04,3.356,VungTau
2022-01-05,3.617,VungTau
2022-01-06,3.511,VungTau
2022-01-07,3.041,VungTau
2022-01-08,2.982,VungTau
2022-01-09,2.508,VungTau
2022-01-10,2.546,VungTau
2022-01-11,2.612,VungTau
2022-01-12,2.558,VungTau
2022-01-13,2.623,VungTau
2022-01-14,2.864,VungTau
2022-01-15,3.07,VungTau
2022-01-16,3.035,VungTau
2022-01-17,2.984,VungTau
2022-01-18,3.47,VungTau
2022-01-19,3.461,VungTau
2022-01-20,3.542,VungTau
2022-01-21,3.464,VungTau
2022-01-22,3.107,VungTau
2022-01-23,3.046,VungTau
2022-01-24,3.015,VungTau
2022-01-25,2.902,VungTau
2022-01-26,2.843,VungTau
2022-01-27,2.801,VungTau
2022-01-28,2.932,VungTau
2022-01-29,3.134,VungTau
2022-01-30,3.384,VungTau
2022-01-31,3.576,VungTau
2022-02-01,3.702,VungTau
2022-02-02,3.699,VungTau
2022-02-03,3.666,VungTau
2022-02-04,3.506,VungTau
2022-02-05,3.297,VungTau
2022-02-06,3.077,VungTau
2022-02-07,2.986,VungTau
2022-02-08,2.86,VungTau
2022-02-09,2.662,VungTau
2022-02-10,2.517,VungTau
2022-02-11,2.555,VungTau
2022-02-12,2.817,VungTau
2022-02-13,3.033,VungTau
2022-02-14,3.197,VungTau
2022-02-15,3.359,VungTau
2022-02-16,3.55,VungTau
2022-02-17,3.637,VungTau
2022-02-18,3.648,VungTau
2022-02-19,3.653,VungTau
2022-02-20,3.598,VungTau
2022-02-21,3.5,VungTau
2022-02-22,3.357,VungTau
2022-02-23,3.148,VungTau
2022-02-24,2.932,VungTau
2022-02-25,2.636,VungTau
2022-02-26,2.65,VungTau
2022-02-27,2.93,VungTau
2022-02-28,3.262,VungTau
2022-03-01,3.479,VungTau
2022-03-02,3.651,VungTau
2022-03-03,3.757,VungTau
2022-03-04,3.68,VungTau
2022-03-05,3.539,VungTau
2022-03-06,3.481,VungTau
2022-03-07,3.375,VungTau
2022-03-08,3.13,VungTau
2022-03-09,2.93,VungTau
2022-03-10,2.505,VungTau
2022-03-11,2.523,VungTau
2022-03-12,2.416,VungTau
2022-03-13,2.677,VungTau
2022-03-14,2.924,VungTau
2022-03-15,3.169,VungTau
2022-03-16,3.435,VungTau
2022-03-17,3.566,VungTau
2022-03-18,3.736,VungTau
2022-03-19,3.755,VungTau
2022-03-20,3.757,VungTau
2022-03-21,3.735,VungTau
2022-03-22,3.681,VungTau
2022-03-23,3.528,VungTau
2022-03-24,3.171,VungTau
2022-03-25,3.03,VungTau
2022-03-26,2.542,VungTau
2022-03-27,2.823,VungTau
2022-03-28,3.144,VungTau
2022-03-29,3.408,VungTau
2022-03-30,3.543,VungTau
2022-03-31,3.635,VungTau
2022-04-01,3.647,VungTau
2022-04-02,3.706,VungTau
2022-04-03,3.658,VungTau
2022-04-04,3.588,VungTau
2022-04-05,3.458,VungTau
2022-04-06,3.331,VungTau
2022-04-07,3.062,VungTau
2022-04-08,2.948,VungTau
2022-04-09,2.539,VungTau
2022-04-10,2.471,VungTau
2022-04-11,2.543,VungTau
2022-04-12,2.946,VungTau
2022-04-13,3.175,VungTau
2022-04-14,3.4,VungTau
2022-04-15,3.577,VungTau
2022-04-16,3.669,VungTau
2022-04-17,3.667,VungTau
2022-04-18,3.484,VungTau
2022-04-19,3.66,VungTau
2022-04-20,3.661,VungTau
2022-04-21,3.549,VungTau
2022-04-22,3.137,VungTau
2022-04-23,3.024,VungTau
2022-04-24,2.505,VungTau
2022-04-25,2.913,VungTau
2022-04-26,3.087,VungTau
2022-04-27,3.048,VungTau
2022-04-28,3.427,VungTau
2022-04-29,3.526,VungTau
2022-04-30,3.662,VungTau
2022-05-01,3.644,VungTau
2022-05-02,3.667,VungTau
2022-05-03,3.639,VungTau
2022-05-04,3.542,VungTau
2022-05-05,3.446,VungTau
2022-05-06,3.163,VungTau
2022-05-07,3.139,VungTau
2022-05-08,2.981,VungTau
2022-05-09,2.577,VungTau
2022-05-10,2.838,VungTau
2022-05-11,3.038,VungTau
2022-05-12,3.158,VungTau
2022-05-13,3.53,VungTau
2022-05-14,3.72,VungTau
2022-05-15,3.912,VungTau
2022-05-16,4.026,VungTau
2022-05-17,4.07,VungTau
2022-05-18,3.958,VungTau
2022-05-19,3.743,VungTau
2022-05-20,3.679,VungTau
2022-05-21,3.493,VungTau
2022-05-22,3.115,VungTau
2022-05-23,3.022,VungTau
2022-05-24,2.94,VungTau
2022-05-25,3.062,VungTau
2022-05-26,3.087,VungTau
2022-05-27,3.368,VungTau
2022-05-28,3.504,VungTau
2022-05-29,3.554,VungTau
2022-05-30,3.626,VungTau
2022-05-31,3.584,VungTau
2022-06-01,3.553,VungTau
2022-06-02,3.565,VungTau
2022-06-03,3.443,VungTau
2022-06-04,3.323,VungTau
2022-06-05,3.164,VungTau
2022-06-06,3.158,VungTau
2022-06-07,2.981,VungTau
2022-06-08,2.859,VungTau
2022-06-09,2.899,VungTau
2022-06-10,3.139,VungTau
2022-06-11,3.181,VungTau
2022-06-12,3.495,VungTau
2022-06-13,3.4898288973384033,VungTau
2022-06-14,3.484657794676806,VungTau
2022-06-15,3.479486692015209,VungTau
2022-06-16,3.4743155893536124,VungTau
2022-06-17,3.469144486692015,VungTau
2022-06-18,3.4639733840304183,VungTau
2022-06-19,3.4588022813688215,VungTau
2022-06-20,3.4536311787072242,VungTau
2022-06-21,3.4484600760456274,VungTau
2022-06-22,3.4432889733840306,VungTau
2022-06-23,3.4381178707224334,VungTau
2022-06-24,3.4329467680608365,VungTau
2022-06-25,3.4277756653992397,VungTau
2022-06-26,3.422604562737643,VungTau
2022-06-27,3.4174334600760456,VungTau
2022-06-28,3.412262357414449,VungTau
2022-06-29,3.407091254752852,VungTau
2022-06-30,3.4019201520912548,VungTau
2022-07-01,3.396749049429658,VungTau
2022-07-02,3.391577946768061,VungTau
2022-07-03,3.386406844106464,VungTau
2022-07-04,3.381235741444867,VungTau
2022-07-05,3.3760646387832702,VungTau
2022-07-06,3.370893536121673,VungTau
2022-07-07,3.365722433460076,VungTau
2022-07-08,3.3605513307984793,VungTau
2022-07-09,3.355380228136882,VungTau
2022-07-10,3.3502091254752853,VungTau
2022-07-11,3.3450380228136884,VungTau
2022-07-12,3.339866920152091,VungTau
2022-07-13,3.3346958174904944,VungTau
2022-07-14,3.3295247148288976,VungTau
2022-07-15,3.3243536121673003,VungTau
2022-07-16,3.3191825095057035,VungTau
2022-07-17,3.3140114068441067,VungTau
2022-07-18,3.3088403041825094,VungTau
2022-07-19,3.3036692015209126,VungTau
2022-07-20,3.2984980988593158,VungTau
2022-07-21,3.2933269961977185,VungTau
2022-07-22,3.2881558935361217,VungTau
2022-07-23,3.282984790874525,VungTau
2022-07-24,3.2778136882129276,VungTau
2022-07-25,3.272642585551331,VungTau
2022-07-26,3.267471482889734,VungTau
2022-07-27,3.2623003802281367,VungTau
2022-07-28,3.25712927756654,VungTau
2022-07-29,3.251958174904943,VungTau
2022-07-30,3.246787072243346,VungTau
2022-07-31,3.241615969581749,VungTau
2022-08-01,3.236444866920152,VungTau
2022-08-02,3.2312737642585554,VungTau
2022-08-03,3.226102661596958,VungTau
2022-08-04,3.2209315589353613,VungTau
2022-08-05,3.2157604562737645,VungTau
2022-08-06,3.2105893536121672,VungTau
2022-08-07,3.2054182509505704,VungTau
2022-08-08,3.2002471482889736,VungTau
2022-08-09,3.1950760456273763,VungTau
2022-08-10,3.1899049429657795,VungTau
2022-08-11,3.1847338403041827,VungTau
2022-08-12,3.1795627376425855,VungTau
2022-08-13,3.1743916349809886,VungTau
2022-08-14,3.169220532319392,VungTau
2022-08-15,3.1640494296577946,VungTau
2022-08-16,3.1588783269961977,VungTau
2022-08-17,3.153707224334601,VungTau
2022-08-18,3.1485361216730037,VungTau
2022-08-19,3.143365019011407,VungTau
2022-08-20,3.13819391634981,VungTau
2022-08-21,3.1330228136882132,VungTau
2022-08-22,3.127851711026616,VungTau
2022-08-23,3.122680608365019,VungTau
2022-08-24,3.1175095057034223,VungTau
2022-08-25,3.112338403041825,VungTau
2022-08-26,3.1071673003802283,VungTau
2022-08-27,3.1019961977186314,VungTau
2022-08-28,3.096825095057034,VungTau
2022-08-29,3.0916539923954374,VungTau
2022-08-30,3.0864828897338406,VungTau
2022-08-31,3.0813117870722433,VungTau
2022-09-01,3.0761406844106465,VungTau
2022-09-02,3.0709695817490497,VungTau
2022-09-03,3.0657984790874524,VungTau
2022-09-04,3.0606273764258556,VungTau
2022-09-05,3.0554562737642588,VungTau
2022-09-06,3.0502851711026615,VungTau
2022-09-07,3.0451140684410647,VungTau
2022-09-08,3.039942965779468,VungTau
2022-09-09,3.0347718631178706,VungTau
2022-09-10,3.029600760456274,VungTau
2022-09-11,3.024429657794677,VungTau
2022-09-12,3.0192585551330797,VungTau
2022-09-13,3.014087452471483,VungTau
2022-09-14,3.008916349809886,VungTau
2022-09-15,3.003745247148289,VungTau
2022-09-16,2.998574144486692,VungTau
2022-09-17,2.993403041825095,VungTau
2022-09-18,2.988231939163498,VungTau
2022-09-19,2.983060836501901,VungTau
2022-09-20,2.9778897338403043,VungTau
2022-09-21,2.972718631178707,VungTau
2022-09-22,2.9675475285171102,VungTau
2022-09-23,2.9623764258555134,VungTau
2022-09-24,2.957205323193916,VungTau
2022-09-25,2.9520342205323193,VungTau
2022-09-26,2.9468631178707225,VungTau
2022-09-27,2.9416920152091253,VungTau
2022-09-28,2.9365209125475285,VungTau
2022-09-29,2.9313498098859316,VungTau
2022-09-30,2.9261787072243344,VungTau
2022-10-01,2.9210076045627376,VungTau
2022-10-02,2.9158365019011407,VungTau
2022-10-03,2.9106653992395435,VungTau
2022-10-04,2.9054942965779467,VungTau
2022-10-05,2.90032319391635,VungTau
2022-10-06,2.8951520912547526,VungTau
2022-10-07,2.8899809885931558,VungTau
2022-10-08,2.884809885931559,VungTau
2022-10-09,2.879638783269962,VungTau
2022-10-10,2.874467680608365,VungTau
2022-10-11,2.869296577946768,VungTau
2022-10-12,2.8641254752851713,VungTau
2022-10-13,2.858954372623574,VungTau
2022-10-14,2.853783269961977,VungTau
2022-10-15,2.8486121673003804,VungTau
2022-10-16,2.8434410646387835,VungTau
2022-10-17,2.8382699619771863,VungTau
2022-10-18,2.8330988593155895,VungTau
2022-10-19,2.8279277566539927,VungTau
2022-10-20,2.8227566539923954,VungTau
2022-10-21,2.8175855513307986,VungTau
2022-10-22,2.8124144486692018,VungTau
2022-10-23,2.8072433460076045,VungTau
2022-10-24,2.8020722433460077,VungTau
2022-10-25,2.796901140684411,VungTau
2022-10-26,2.7917300380228136,VungTau
2022-10-27,2.786558935361217,VungTau
2022-10-28,2.78138783269962,VungTau
2022-10-29,2.7762167300380227,VungTau
2022-10-30,2.771045627376426,VungTau
2022-10-31,2.765874524714829,VungTau
2022-11-01,2.760703422053232,VungTau
2022-11-02,2.755532319391635,VungTau
2022-11-03,2.750361216730038,VungTau
2022-11-04,2.745190114068441,VungTau
2022-11-05,2.740019011406844,VungTau
2022-11-06,2.7348479087452473,VungTau
2022-11-07,2.72967680608365,VungTau
2022-11-08,2.7245057034220532,VungTau
2022-11-09,2.7193346007604564,VungTau
2022-11-10,2.714163498098859,VungTau
2022-11-11,2.7089923954372623,VungTau
2022-11-12,2.7038212927756655,VungTau
2022-11-13,2.6986501901140683,VungTau
2022-11-14,2.6934790874524714,VungTau
2022-11-15,2.6883079847908746,VungTau
2022-11-16,2.6831368821292774,VungTau
2022-11-17,2.6779657794676806,VungTau
2022-11-18,2.6727946768060837,VungTau
2022-11-19,2.6676235741444865,VungTau
2022-11-20,2.6624524714828897,VungTau
2022-11-21,2.657281368821293,VungTau
2022-11-22,2.6521102661596956,VungTau
2022-11-23,2.6469391634980988,VungTau
2022-11-24,2.641768060836502,VungTau
2022-11-25,2.6365969581749047,VungTau
2022-11-26,2.631425855513308,VungTau
2022-11-27,2.626254752851711,VungTau
2022-11-28,2.621083650190114,VungTau
2022-11-29,2.615912547528517,VungTau
2022-11-30,2.61074144486692,VungTau
2022-12-01,2.605570342205323,VungTau
2022-12-02,2.600399239543726,VungTau
2022-12-03,2.5952281368821293,VungTau
2022-12-04,2.590057034220532,VungTau
2022-12-05,2.584885931558935,VungTau
2022-12-06,2.5797148288973384,VungTau
2022-12-07,2.5745437262357416,VungTau
2022-12-08,2.5693726235741443,VungTau
2022-12-09,2.5642015209125475,VungTau
2022-12-10,2.5590304182509507,VungTau
2022-12-11,2.5538593155893534,VungTau
2022-12-12,2.5486882129277566,VungTau
2022-12-13,2.54351711026616,VungTau
2022-12-14,2.538346007604563,VungTau
2022-12-15,2.5331749049429657,VungTau
2022-12-16,2.528003802281369,VungTau
2022-12-17,2.522832699619772,VungTau
2022-12-18,2.517661596958175,VungTau
2022-12-19,2.512490494296578,VungTau
2022-12-20,2.507319391634981,VungTau
2022-12-21,2.502148288973384,VungTau
2022-12-22,2.496977186311787,VungTau
2022-12-23,2.4918060836501903,VungTau
2022-12-24,2.486634980988593,VungTau
2022-12-25,2.481463878326996,VungTau
2022-12-26,2.4762927756653994,VungTau
2022-12-27,2.471121673003802,VungTau
2022-12-28,2.4659505703422053,VungTau
2022-12-29,2.4607794676806085,VungTau
2022-12-30,2.4556083650190113,VungTau
2022-12-31,2.4504372623574144,VungTau
2023-01-01,2.4452661596958176,VungTau
2023-01-02,2.4400950570342204,VungTau
2023-01-03,2.4349239543726235,VungTau
2023-01-04,2.4297528517110267,VungTau
2023-01-05,2.4245817490494295,VungTau
2023-01-06,2.4194106463878327,VungTau
2023-01-07,2.414239543726236,VungTau
2023-01-08,2.4090684410646386,VungTau
2023-01-09,2.4038973384030418,VungTau
2023-01-10,2.398726235741445,VungTau
2023-01-11,2.3935551330798477,VungTau
2023-01-12,2.388384030418251,VungTau
2023-01-13,2.383212927756654,VungTau
2023-01-14,2.378041825095057,VungTau
2023-01-15,2.37287072243346,VungTau
2023-01-16,2.367699619771863,VungTau
2023-01-17,2.362528517110266,VungTau
2023-01-18,2.357357414448669,VungTau
2023-01-19,2.3521863117870723,VungTau
2023-01-20,2.347015209125475,VungTau
2023-01-21,2.341844106463878,VungTau
2023-01-22,2.3366730038022814,VungTau
2023-01-23,2.331501901140684,VungTau
2023-01-24,2.3263307984790873,VungTau
2023-01-25,2.3211596958174905,VungTau
2023-01-26,2.3159885931558932,VungTau
2023-01-27,2.3108174904942964,VungTau
2023-01-28,2.3056463878326996,VungTau
2023-01-29,2.3004752851711023,VungTau
2023-01-30,2.2953041825095055,VungTau
2023-01-31,2.2901330798479087,VungTau
2023-02-01,2.2849619771863114,VungTau
2023-02-02,2.279790874524715,VungTau
2023-02-03,2.274619771863118,VungTau
2023-02-04,2.2694486692015206,VungTau
2023-02-05,2.264277566539924,VungTau
2023-02-06,2.259106463878327,VungTau
2023-02-07,2.2539353612167297,VungTau
2023-02-08,2.2487642585551333,VungTau
2023-02-09,2.243593155893536,VungTau
2023-02-10,2.2384220532319388,VungTau
2023-02-11,2.2332509505703424,VungTau
2023-02-12,2.228079847908745,VungTau
2023-02-13,2.222908745247148,VungTau
2023-02-14,2.2177376425855515,VungTau
2023-02-15,2.2125665399239542,VungTau
2023-02-16,2.2073954372623574,VungTau
2023-02-17,2.2022243346007606,VungTau
2023-02-18,2.1970532319391634,VungTau
2023-02-19,2.1918821292775665,VungTau
2023-02-20,2.1867110266159697,VungTau
2023-02-21,2.1815399239543725,VungTau
2023-02-22,2.1763688212927756,VungTau
2023-02-23,2.171197718631179,VungTau
2023-02-24,2.1660266159695816,VungTau
2023-02-25,2.1608555133079848,VungTau
2023-02-26,2.155684410646388,VungTau
2023-02-27,2.1505133079847907,VungTau
2023-02-28,2.145342205323194,VungTau
2023-03-01,2.140171102661597,VungTau
2023-03-02,2.135,VungTau
2023-03-03,2.804,VungTau
2023-03-04,3.026,VungTau
2023-03-05,3.198,VungTau
2023-03-06,3.35,VungTau
2023-03-07,3.437,VungTau
2023-03-08,3.518,VungTau
2023-03-09,3.429,VungTau
2023-03-10,3.423,VungTau
2023-03-11,3.398,VungTau
2023-03-12,3.347,VungTau
2023-03-13,3.146,VungTau
2023-03-14,3.026,VungTau
2023-03-15,2.764,VungTau
2023-03-16,2.515,VungTau
2023-03-17,2.695,VungTau
2023-03-18,3.067,VungTau
2023-03-19,3.368,VungTau
2023-03-20,3.606,VungTau
2023-03-21,3.677,VungTau
2023-03-22,3.707,VungTau
2023-03-23,3.621,VungTau
2023-03-24,3.636,VungTau
2023-03-25,3.499,VungTau
2023-03-26,3.341,VungTau
2023-03-27,3.105,VungTau
2023-03-28,2.839,VungTau
2023-03-29,2.55,VungTau
2023-03-30,2.295,VungTau
2023-03-31,2.457,VungTau
2023-04-01,2.762,VungTau
2023-04-02,2.996,VungTau
2023-04-03,3.138,VungTau
2023-04-04,3.35,VungTau
2023-04-05,3.363,VungTau
2023-04-06,3.487,VungTau
2023-04-07,3.598,VungTau
2023-04-08,3.578,VungTau
2023-04-09,3.513,VungTau
2023-04-10,3.41,VungTau
2023-04-11,3.29,VungTau
2023-04-12,3.035,VungTau
2023-04-13,2.817,VungTau
2023-04-14,2.636,VungTau
2023-04-15,2.822,VungTau
2023-04-16,3.097,VungTau
2023-04-17,3.298,VungTau
2023-04-18,3.406,VungTau
2023-04-19,3.573,VungTau
2023-04-20,3.636,VungTau
2023-04-21,3.686,VungTau
2023-04-22,3.612,VungTau
2023-04-23,3.538,VungTau
2023-04-24,3.356,VungTau
2023-04-25,3.202,VungTau
2023-04-26,2.979,VungTau
2023-04-27,2.722,VungTau
2023-04-28,2.529,VungTau
2023-04-29,2.478,VungTau
2023-04-30,2.68,VungTau
2023-05-01,2.205,VungTau
2023-05-02,2.205804526748971,VungTau
2023-05-03,2.2066090534979423,VungTau
2023-05-04,2.2074135802469135,VungTau
2023-05-05,2.208218106995885,VungTau
2023-05-06,2.209022633744856,VungTau
2023-05-07,2.2098271604938273,VungTau
2023-05-08,2.2106316872427985,VungTau
2023-05-09,2.2114362139917696,VungTau
2023-05-10,2.2122407407407407,VungTau
2023-05-11,2.213045267489712,VungTau
2023-05-12,2.213849794238683,VungTau
2023-05-13,2.2146543209876546,VungTau
2023-05-14,2.2154588477366257,VungTau
2023-05-15,2.216263374485597,VungTau
2023-05-16,2.217067901234568,VungTau
2023-05-17,2.217872427983539,VungTau
2023-05-18,2.2186769547325103,VungTau
2023-05-19,2.2194814814814814,VungTau
2023-05-20,2.2202860082304525,VungTau
2023-05-21,2.221090534979424,VungTau
2023-05-22,2.2218950617283952,VungTau
2023-05-23,2.2226995884773664,VungTau
2023-05-24,2.2235041152263375,VungTau
2023-05-25,2.2243086419753086,VungTau
2023-05-26,2.2251131687242798,VungTau
2023-05-27,2.225917695473251,VungTau
2023-05-28,2.2267222222222225,VungTau
2023-05-29,2.2275267489711936,VungTau
2023-05-30,2.2283312757201648,VungTau
2023-05-31,2.229135802469136,VungTau
2023-06-01,2.229940329218107,VungTau
2023-06-02,2.230744855967078,VungTau
2023-06-03,2.2315493827160493,VungTau
2023-06-04,2.2323539094650204,VungTau
2023-06-05,2.233158436213992,VungTau
2023-06-06,2.233962962962963,VungTau
2023-06-07,2.2347674897119343,VungTau
2023-06-08,2.2355720164609054,VungTau
2023-06-09,2.2363765432098766,VungTau
2023-06-10,2.2371810699588477,VungTau
2023-06-11,2.237985596707819,VungTau
2023-06-12,2.2387901234567904,VungTau
2023-06-13,2.2395946502057615,VungTau
2023-06-14,2.2403991769547327,VungTau
2023-06-15,2.241203703703704,VungTau
2023-06-16,2.242008230452675,VungTau
2023-06-17,2.242812757201646,VungTau
2023-06-18,2.243617283950617,VungTau
2023-06-19,2.2444218106995883,VungTau
2023-06-20,2.24522633744856,VungTau
2023-06-21,2.246030864197531,VungTau
2023-06-22,2.246835390946502,VungTau
2023-06-23,2.2476399176954733,VungTau
2023-06-24,2.2484444444444445,VungTau
2023-06-25,2.2492489711934156,VungTau
2023-06-26,2.2500534979423867,VungTau
2023-06-27,2.2508580246913583,VungTau
2023-06-28,2.2516625514403295,VungTau
2023-06-29,2.2524670781893006,VungTau
2023-06-30,2.2532716049382717,VungTau
2023-07-01,2.254076131687243,VungTau
2023-07-02,2.254880658436214,VungTau
2023-07-03,2.255685185185185,VungTau
2023-07-04,2.2564897119341563,VungTau
2023-07-05,2.257294238683128,VungTau
2023-07-06,2.258098765432099,VungTau
2023-07-07,2.25890329218107,VungTau
2023-07-08,2.2597078189300412,VungTau
2023-07-09,2.2605123456790124,VungTau
2023-07-10,2.2613168724279835,VungTau
2023-07-11,2.2621213991769547,VungTau
2023-07-12,2.262925925925926,VungTau
2023-07-13,2.2637304526748974,VungTau
2023-07-14,2.2645349794238685,VungTau
2023-07-15,2.2653395061728396,VungTau
2023-07-16,2.2661440329218108,VungTau
2023-07-17,2.266948559670782,VungTau
2023-07-18,2.267753086419753,VungTau
2023-07-19,2.268557613168724,VungTau
2023-07-20,2.2693621399176958,VungTau
2023-07-21,2.270166666666667,VungTau
2023-07-22,2.270971193415638,VungTau
2023-07-23,2.271775720164609,VungTau
2023-07-24,2.2725802469135803,VungTau
2023-07-25,2.2733847736625514,VungTau
2023-07-26,2.2741893004115226,VungTau
2023-07-27,2.2749938271604937,VungTau
2023-07-28,2.2757983539094653,VungTau
2023-07-29,2.2766028806584364,VungTau
2023-07-30,2.2774074074074075,VungTau
2023-07-31,2.2782119341563787,VungTau
2023-08-01,2.27901646090535,VungTau
2023-08-02,2.279820987654321,VungTau
2023-08-03,2.280625514403292,VungTau
2023-08-04,2.281430041152263,VungTau
2023-08-05,2.282234567901235,VungTau
2023-08-06,2.283039094650206,VungTau
2023-08-07,2.283843621399177,VungTau
2023-08-08,2.284648148148148,VungTau
2023-08-09,2.2854526748971193,VungTau
2023-08-10,2.2862572016460905,VungTau
2023-08-11,2.2870617283950616,VungTau
2023-08-12,2.287866255144033,VungTau
2023-08-13,2.2886707818930043,VungTau
2023-08-14,2.2894753086419755,VungTau
2023-08-15,2.2902798353909466,VungTau
2023-08-16,2.2910843621399177,VungTau
2023-08-17,2.291888888888889,VungTau
2023-08-18,2.29269341563786,VungTau
2023-08-19,2.293497942386831,VungTau
2023-08-20,2.2943024691358027,VungTau
2023-08-21,2.295106995884774,VungTau
2023-08-22,2.295911522633745,VungTau
2023-08-23,2.296716049382716,VungTau
2023-08-24,2.2975205761316873,VungTau
2023-08-25,2.2983251028806584,VungTau
2023-08-26,2.2991296296296295,VungTau
2023-08-27,2.299934156378601,VungTau
2023-08-28,2.3007386831275722,VungTau
2023-08-29,2.3015432098765434,VungTau
2023-08-30,2.3023477366255145,VungTau
2023-08-31,2.3031522633744856,VungTau
2023-09-01,2.3039567901234568,VungTau
2023-09-02,2.304761316872428,VungTau
2023-09-03,2.305565843621399,VungTau
2023-09-04,2.3063703703703706,VungTau
2023-09-05,2.3071748971193418,VungTau
2023-09-06,2.307979423868313,VungTau
2023-09-07,2.308783950617284,VungTau
2023-09-08,2.309588477366255,VungTau
2023-09-09,2.3103930041152263,VungTau
2023-09-10,2.3111975308641974,VungTau
2023-09-11,2.312002057613169,VungTau
2023-09-12,2.31280658436214,VungTau
2023-09-13,2.3136111111111113,VungTau
2023-09-14,2.3144156378600824,VungTau
2023-09-15,2.3152201646090536,VungTau
2023-09-16,2.3160246913580247,VungTau
2023-09-17,2.316829218106996,VungTau
2023-09-18,2.317633744855967,VungTau
2023-09-19,2.3184382716049385,VungTau
2023-09-20,2.3192427983539097,VungTau
2023-09-21,2.320047325102881,VungTau
2023-09-22,2.320851851851852,VungTau
2023-09-23,2.321656378600823,VungTau
2023-09-24,2.322460905349794,VungTau
2023-09-25,2.3232654320987653,VungTau
2023-09-26,2.3240699588477365,VungTau
2023-09-27,2.324874485596708,VungTau
2023-09-28,2.325679012345679,VungTau
2023-09-29,2.3264835390946503,VungTau
2023-09-30,2.3272880658436215,VungTau
2023-10-01,2.3280925925925926,VungTau
2023-10-02,2.3288971193415637,VungTau
2023-10-03,2.329701646090535,VungTau
2023-10-04,2.330506172839506,VungTau
2023-10-05,2.3313106995884776,VungTau
2023-10-06,2.3321152263374487,VungTau
2023-10-07,2.33291975308642,VungTau
2023-10-08,2.333724279835391,VungTau
2023-10-09,2.334528806584362,VungTau
2023-10-10,2.3353333333333333,VungTau
2023-10-11,2.3361378600823044,VungTau
2023-10-12,2.336942386831276,VungTau
2023-10-13,2.337746913580247,VungTau
2023-10-14,2.3385514403292182,VungTau
2023-10-15,2.3393559670781894,VungTau
2023-10-16,2.3401604938271605,VungTau
2023-10-17,2.3409650205761316,VungTau
2023-10-18,2.341769547325103,VungTau
2023-10-19,2.342574074074074,VungTau
2023-10-20,2.3433786008230455,VungTau
2023-10-21,2.3441831275720166,VungTau
2023-10-22,2.3449876543209878,VungTau
2023-10-23,2.345792181069959,VungTau
2023-10-24,2.34659670781893,VungTau
2023-10-25,2.347401234567901,VungTau
2023-10-26,2.3482057613168723,VungTau
2023-10-27,2.349010288065844,VungTau
2023-10-28,2.349814814814815,VungTau
2023-10-29,2.350619341563786,VungTau
2023-10-30,2.3514238683127573,VungTau
2023-10-31,2.3522283950617284,VungTau
2023-11-01,2.3530329218106996,VungTau
2023-11-02,2.3538374485596707,VungTau
2023-11-03,2.354641975308642,VungTau
2023-11-04,2.3554465020576134,VungTau
2023-11-05,2.3562510288065845,VungTau
2023-11-06,2.3570555555555557,VungTau
2023-11-07,2.357860082304527,VungTau
2023-11-08,2.358664609053498,VungTau
2023-11-09,2.359469135802469,VungTau
2023-11-10,2.36027366255144,VungTau
2023-11-11,2.361078189300412,VungTau
2023-11-12,2.361882716049383,VungTau
2023-11-13,2.362687242798354,VungTau
2023-11-14,2.363491769547325,VungTau
2023-11-15,2.3642962962962963,VungTau
2023-11-16,2.3651008230452675,VungTau
2023-11-17,2.3659053497942386,VungTau
2023-11-18,2.3667098765432097,VungTau
2023-11-19,2.3675144032921813,VungTau
2023-11-20,2.3683189300411525,VungTau
2023-11-21,2.3691234567901236,VungTau
2023-11-22,2.3699279835390947,VungTau
2023-11-23,2.370732510288066,VungTau
2023-11-24,2.371537037037037,VungTau
2023-11-25,2.372341563786008,VungTau
2023-11-26,2.3731460905349797,VungTau
2023-11-27,2.373950617283951,VungTau
2023-11-28,2.374755144032922,VungTau
2023-11-29,2.375559670781893,VungTau
2023-11-30,2.3763641975308643,VungTau
2023-12-01,2.3771687242798354,VungTau
2023-12-02,2.3779732510288065,VungTau
2023-12-03,2.3787777777777777,VungTau
2023-12-04,2.3795823045267492,VungTau
2023-12-05,2.3803868312757204,VungTau
2023-12-06,2.3811913580246915,VungTau
2023-12-07,2.3819958847736626,VungTau
2023-12-08,2.3828004115226338,VungTau
2023-12-09,2.383604938271605,VungTau
2023-12-10,2.384409465020576,VungTau
2023-12-11,2.3852139917695476,VungTau
2023-12-12,2.3860185185185188,VungTau
2023-12-13,2.38682304526749,VungTau
2023-12-14,2.387627572016461,VungTau
2023-12-15,2.388432098765432,VungTau
2023-12-16,2.3892366255144033,VungTau
2023-12-17,2.3900411522633744,VungTau
2023-12-18,2.3908456790123456,VungTau
2023-12-19,2.3916502057613167,VungTau
2023-12-20,2.3924547325102883,VungTau
2023-12-21,2.3932592592592594,VungTau
2023-12-22,2.3940637860082306,VungTau
2023-12-23,2.3948683127572017,VungTau
2023-12-24,2.395672839506173,VungTau
2023-12-25,2.396477366255144,VungTau
2023-12-26,2.397281893004115,VungTau
2023-12-27,2.3980864197530867,VungTau
2023-12-28,2.398890946502058,VungTau
2023-12-29,2.399695473251029,VungTau
2023-12-30,2.4005,VungTau
2023-12-31,2.401304526748971,VungTau
2024-01-01,2.4021090534979423,VungTau
2024-01-02,2.4029135802469135,VungTau
2024-01-03,2.4037181069958846,VungTau
2024-01-04,2.404522633744856,VungTau
2024-01-05,2.4053271604938273,VungTau
2024-01-06,2.4061316872427985,VungTau
2024-01-07,2.4069362139917696,VungTau
2024-01-08,2.4077407407407407,VungTau
2024-01-09,2.408545267489712,VungTau
2024-01-10,2.409349794238683,VungTau
2024-01-11,2.4101543209876546,VungTau
2024-01-12,2.4109588477366257,VungTau
2024-01-13,2.411763374485597,VungTau
2024-01-14,2.412567901234568,VungTau
2024-01-15,2.413372427983539,VungTau
2024-01-16,2.4141769547325103,VungTau
2024-01-17,2.4149814814814814,VungTau
2024-01-18,2.4157860082304525,VungTau
2024-01-19,2.416590534979424,VungTau
2024-01-20,2.4173950617283952,VungTau
2024-01-21,2.4181995884773664,VungTau
2024-01-22,2.4190041152263375,VungTau
2024-01-23,2.4198086419753086,VungTau
2024-01-24,2.42061316872428,VungTau
2024-01-25,2.421417695473251,VungTau
2024-01-26,2.4222222222222225,VungTau
2024-01-27,2.4230267489711936,VungTau
2024-01-28,2.4238312757201648,VungTau
2024-01-29,2.424635802469136,VungTau
2024-01-30,2.425440329218107,VungTau
2024-01-31,2.426244855967078,VungTau
2024-02-01,2.4270493827160493,VungTau
2024-02-02,2.4278539094650204,VungTau
2024-02-03,2.428658436213992,VungTau
2024-02-04,2.429462962962963,VungTau
2024-02-05,2.4302674897119343,VungTau
2024-02-06,2.4310720164609054,VungTau
2024-02-07,2.4318765432098766,VungTau
2024-02-08,2.4326810699588477,VungTau
2024-02-09,2.433485596707819,VungTau
2024-02-10,2.4342901234567904,VungTau
2024-02-11,2.4350946502057615,VungTau
2024-02-12,2.4358991769547327,VungTau
2024-02-13,2.436703703703704,VungTau
2024-02-14,2.437508230452675,VungTau
2024-02-15,2.438312757201646,VungTau
2024-02-16,2.439117283950617,VungTau
2024-02-17,2.4399218106995884,VungTau
2024-02-18,2.44072633744856,VungTau
2024-02-19,2.441530864197531,VungTau
2024-02-20,2.442335390946502,VungTau
2024-02-21,2.4431399176954733,VungTau
2024-02-22,2.4439444444444445,VungTau
2024-02-23,2.4447489711934156,VungTau
2024-02-24,2.4455534979423867,VungTau
2024-02-25,2.4463580246913583,VungTau
2024-02-26,2.4471625514403295,VungTau
2024-02-27,2.4479670781893006,VungTau
2024-02-28,2.4487716049382717,VungTau
2024-02-29,2.449576131687243,VungTau
2024-03-01,2.450380658436214,VungTau
2024-03-02,2.451185185185185,VungTau
2024-03-03,2.4519897119341563,VungTau
2024-03-04,2.4527942386831274,VungTau
2024-03-05,2.453598765432099,VungTau
2024-03-06,2.45440329218107,VungTau
2024-03-07,2.4552078189300413,VungTau
2024-03-08,2.4560123456790124,VungTau
2024-03-09,2.4568168724279835,VungTau
2024-03-10,2.4576213991769547,VungTau
2024-03-11,2.4584259259259262,VungTau
2024-03-12,2.4592304526748974,VungTau
2024-03-13,2.4600349794238685,VungTau
2024-03-14,2.4608395061728396,VungTau
2024-03-15,2.4616440329218108,VungTau
2024-03-16,2.462448559670782,VungTau
2024-03-17,2.463253086419753,VungTau
2024-03-18,2.464057613168724,VungTau
2024-03-19,2.4648621399176953,VungTau
2024-03-20,2.465666666666667,VungTau
2024-03-21,2.466471193415638,VungTau
2024-03-22,2.467275720164609,VungTau
2024-03-23,2.4680802469135803,VungTau
2024-03-24,2.4688847736625514,VungTau
2024-03-25,2.4696893004115226,VungTau
2024-03-26,2.4704938271604937,VungTau
2024-03-27,2.4712983539094653,VungTau
2024-03-28,2.4721028806584364,VungTau
2024-03-29,2.4729074074074076,VungTau
2024-03-30,2.4737119341563787,VungTau
2024-03-31,2.47451646090535,VungTau
2024-04-01,2.475320987654321,VungTau
2024-04-02,2.476125514403292,VungTau
2024-04-03,2.4769300411522632,VungTau
2024-04-04,2.477734567901235,VungTau
2024-04-05,2.478539094650206,VungTau
2024-04-06,2.479343621399177,VungTau
2024-04-07,2.480148148148148,VungTau
2024-04-08,2.4809526748971193,VungTau
2024-04-09,2.4817572016460905,VungTau
2024-04-10,2.4825617283950616,VungTau
2024-04-11,2.483366255144033,VungTau
2024-04-12,2.4841707818930043,VungTau
2024-04-13,2.4849753086419755,VungTau
2024-04-14,2.4857798353909466,VungTau
2024-04-15,2.4865843621399177,VungTau
2024-04-16,2.487388888888889,VungTau
2024-04-17,2.48819341563786,VungTau
2024-04-18,2.488997942386831,VungTau
2024-04-19,2.4898024691358027,VungTau
2024-04-20,2.490606995884774,VungTau
2024-04-21,2.491411522633745,VungTau
2024-04-22,2.492216049382716,VungTau
2024-04-23,2.4930205761316873,VungTau
2024-04-24,2.4938251028806584,VungTau
2024-04-25,2.4946296296296295,VungTau
2024-04-26,2.495434156378601,VungTau
2024-04-27,2.4962386831275722,VungTau
2024-04-28,2.4970432098765434,VungTau
2024-04-29,2.4978477366255145,VungTau
2024-04-30,2.4986522633744856,VungTau
2024-05-01,2.499456790123457,VungTau
2024-05-02,2.500261316872428,VungTau
2024-05-03,2.501065843621399,VungTau
2024-05-04,2.50187037037037,VungTau
2024-05-05,2.5026748971193418,VungTau
2024-05-06,2.503479423868313,VungTau
2024-05-07,2.504283950617284,VungTau
2024-05-08,2.505088477366255,VungTau
2024-05-09,2.5058930041152263,VungTau
2024-05-10,2.5066975308641974,VungTau
2024-05-11,2.507502057613169,VungTau
2024-05-12,2.50830658436214,VungTau
2024-05-13,2.5091111111111113,VungTau
2024-05-14,2.5099156378600824,VungTau
2024-05-15,2.5107201646090536,VungTau
2024-05-16,2.5115246913580247,VungTau
2024-05-17,2.512329218106996,VungTau
2024-05-18,2.513133744855967,VungTau
2024-05-19,2.513938271604938,VungTau
2024-05-20,2.5147427983539097,VungTau
2024-05-21,2.515547325102881,VungTau
2024-05-22,2.516351851851852,VungTau
2024-05-23,2.517156378600823,VungTau
2024-05-24,2.517960905349794,VungTau
2024-05-25,2.5187654320987654,VungTau
2024-05-26,2.519569958847737,VungTau
2024-05-27,2.520374485596708,VungTau
2024-05-28,2.521179012345679,VungTau
2024-05-29,2.5219835390946503,VungTau
2024-05-30,2.5227880658436215,VungTau
2024-05-31,2.5235925925925926,VungTau
2024-06-01,2.5243971193415637,VungTau
2024-06-02,2.525201646090535,VungTau
2024-06-03,2.526006172839506,VungTau
2024-06-04,2.5268106995884776,VungTau
2024-06-05,2.5276152263374487,VungTau
2024-06-06,2.52841975308642,VungTau
2024-06-07,2.529224279835391,VungTau
2024-06-08,2.530028806584362,VungTau
2024-06-09,2.5308333333333333,VungTau
2024-06-10,2.5316378600823044,VungTau
2024-06-11,2.532442386831276,VungTau
2024-06-12,2.533246913580247,VungTau
2024-06-13,2.5340514403292183,VungTau
2024-06-14,2.5348559670781894,VungTau
2024-06-15,2.5356604938271605,VungTau
2024-06-16,2.5364650205761317,VungTau
2024-06-17,2.537269547325103,VungTau
2024-06-18,2.538074074074074,VungTau
2024-06-19,2.5388786008230455,VungTau
2024-06-20,2.5396831275720166,VungTau
2024-06-21,2.5404876543209878,VungTau
2024-06-22,2.541292181069959,VungTau
2024-06-23,2.54209670781893,VungTau
2024-06-24,2.542901234567901,VungTau
2024-06-25,2.5437057613168723,VungTau
2024-06-26,2.544510288065844,VungTau
2024-06-27,2.545314814814815,VungTau
2024-06-28,2.546119341563786,VungTau
2024-06-29,2.5469238683127573,VungTau
2024-06-30,2.5477283950617284,VungTau
2024-07-01,2.5485329218106996,VungTau
2024-07-02,2.5493374485596707,VungTau
2024-07-03,2.550141975308642,VungTau
2024-07-04,2.5509465020576134,VungTau
2024-07-05,2.5517510288065846,VungTau
2024-07-06,2.5525555555555557,VungTau
2024-07-07,2.553360082304527,VungTau
2024-07-08,2.554164609053498,VungTau
2024-07-09,2.554969135802469,VungTau
2024-07-10,2.5557736625514402,VungTau
2024-07-11,2.556578189300412,VungTau
2024-07-12,2.557382716049383,VungTau
2024-07-13,2.558187242798354,VungTau
2024-07-14,2.558991769547325,VungTau
2024-07-15,2.5597962962962963,VungTau
2024-07-16,2.5606008230452675,VungTau
2024-07-17,2.5614053497942386,VungTau
2024-07-18,2.5622098765432098,VungTau
2024-07-19,2.563014403292181,VungTau
2024-07-20,2.5638189300411525,VungTau
2024-07-21,2.5646234567901236,VungTau
2024-07-22,2.5654279835390947,VungTau
2024-07-23,2.566232510288066,VungTau
2024-07-24,2.567037037037037,VungTau
2024-07-25,2.567841563786008,VungTau
2024-07-26,2.5686460905349797,VungTau
2024-07-27,2.569450617283951,VungTau
2024-07-28,2.570255144032922,VungTau
2024-07-29,2.571059670781893,VungTau
2024-07-30,2.5718641975308643,VungTau
2024-07-31,2.5726687242798354,VungTau
2024-08-01,2.5734732510288065,VungTau
2024-08-02,2.5742777777777777,VungTau
2024-08-03,2.575082304526749,VungTau
2024-08-04,2.5758868312757204,VungTau
2024-08-05,2.5766913580246915,VungTau
2024-08-06,2.5774958847736626,VungTau
2024-08-07,2.578300411522634,VungTau
2024-08-08,2.579104938271605,VungTau
2024-08-09,2.579909465020576,VungTau
2024-08-10,2.5807139917695476,VungTau
2024-08-11,2.5815185185185188,VungTau
2024-08-12,2.58232304526749,VungTau
2024-08-13,2.583127572016461,VungTau
2024-08-14,2.583932098765432,VungTau
2024-08-15,2.5847366255144033,VungTau
2024-08-16,2.5855411522633744,VungTau
2024-08-17,2.5863456790123456,VungTau
2024-08-18,2.5871502057613167,VungTau
2024-08-19,2.5879547325102883,VungTau
2024-08-20,2.5887592592592594,VungTau
2024-08-21,2.5895637860082306,VungTau
2024-08-22,2.5903683127572017,VungTau
2024-08-23,2.591172839506173,VungTau
2024-08-24,2.591977366255144,VungTau
2024-08-25,2.592781893004115,VungTau
2024-08-26,2.5935864197530867,VungTau
2024-08-27,2.594390946502058,VungTau
2024-08-28,2.595195473251029,VungTau
2024-08-29,2.596,VungTau
2024-08-30,2.967,VungTau
2024-08-31,3.222,VungTau
2024-09-01,3.403,VungTau
2024-09-02,3.58,VungTau
2024-09-03,3.607,VungTau
2024-09-04,3.662,VungTau
2024-09-05,3.655,VungTau
2024-09-06,3.56,VungTau
2024-09-07,3.422,VungTau
2024-09-08,3.308,VungTau
2024-09-09,3.194,VungTau
2024-09-10,2.967,VungTau
2024-09-11,2.682,VungTau
2024-09-12,2.611,VungTau
2024-09-13,2.616,VungTau
2024-09-14,2.874,VungTau
2024-09-15,3.227,VungTau
2024-09-16,3.542,VungTau
2024-09-17,3.803,VungTau
2024-09-18,4.046,VungTau
2024-09-19,4.058,VungTau
2024-09-20,3.926,VungTau
2024-09-21,3.82,VungTau
2024-09-22,3.585,VungTau
2024-09-23,3.274,VungTau
2024-09-24,2.897,VungTau
2024-09-25,2.564,VungTau
2024-09-26,2.492,VungTau
2024-09-27,2.671,VungTau
2024-09-28,2.942,VungTau
2024-09-29,3.181,VungTau
2024-09-30,3.375,VungTau
2024-10-01,3.524,VungTau
2024-10-02,3.634,VungTau
2024-10-03,3.719,VungTau
2024-10-04,3.734,VungTau
2024-10-05,3.672,VungTau
2024-10-06,3.622,VungTau
2024-10-07,3.494,VungTau
2024-10-08,3.309,VungTau
2024-10-09,3.113,VungTau
2024-10-10,2.891,VungTau
2024-10-11,2.714,VungTau
2024-10-12,2.795,VungTau
2024-10-13,3.052,VungTau
2024-10-14,3.424,VungTau
2024-10-15,3.757,VungTau
2024-10-16,3.939,VungTau
2024-10-17,4.063,VungTau
2024-10-18,4.151,VungTau
2024-10-19,4.031,VungTau
2024-10-20,3.883,VungTau
2024-10-21,3.653,VungTau
2024-10-22,3.348,VungTau
2024-10-23,3.102,VungTau
2024-10-24,2.839,VungTau
2024-10-25,2.77,VungTau
2024-10-26,2.964,VungTau
2024-10-27,3.114,VungTau
2024-10-28,3.256,VungTau
2024-10-29,3.473,VungTau
2024-10-30,3.581,VungTau
2024-10-31,3.711,VungTau
2024-11-01,3.78,VungTau
2024-11-02,3.775,VungTau
2024-11-03,3.801,VungTau
2024-11-04,3.666,VungTau
2024-11-05,3.573,VungTau
2024-11-06,3.436,VungTau
2024-11-07,3.225,VungTau
2024-11-08,3.007,VungTau
2024-11-09,2.884,VungTau
2024-11-10,2.956,VungTau
2024-11-11,3.122,VungTau
2024-11-12,3.433,VungTau
2024-11-13,3.722,VungTau
2024-11-14,3.949,VungTau
2024-11-15,4.068,VungTau
2024-11-16,4.0,VungTau
2024-11-17,3.963,VungTau
2024-11-18,3.766,VungTau
2024-11-19,3.601,VungTau
2024-11-20,3.33,VungTau
2024-11-21,3.159,VungTau
2024-11-22,2.907,VungTau
2024-11-23,2.748,VungTau
2024-11-24,2.754,VungTau
2024-11-25,3.019,VungTau
2024-11-26,3.238,VungTau
2024-11-27,3.428,VungTau
2024-11-28,3.541,VungTau
2024-11-29,3.691,VungTau
2024-11-30,3.827,VungTau
2024-12-01,3.837,VungTau
2024-12-02,3.845,VungTau
2024-12-03,3.727,VungTau
2024-12-04,3.636,VungTau
2024-12-05,3.523,VungTau
2024-12-06,3.485,VungTau
2024-12-07,3.353,VungTau
2024-12-08,3.263,VungTau
2024-12-09,3.227,VungTau
2024-12-10,3.382,VungTau
2024-12-11,3.555,VungTau
2024-12-12,3.693,VungTau
2024-12-13,3.833,VungTau
2024-12-14,3.787,VungTau
2024-12-15,3.828,VungTau
2024-12-16,3.795,VungTau
2024-12-17,3.751,VungTau
2024-12-18,3.643,VungTau
2024-12-19,3.531,VungTau
2024-12-20,3.343,VungTau
2024-12-21,3.136,VungTau
2024-12-22,2.937,VungTau
2024-12-23,2.898,VungTau
2024-12-24,2.881,VungTau
2024-12-25,2.954,VungTau
2024-12-26,3.094,VungTau
2024-12-27,3.226,VungTau
2024-12-28,3.357,VungTau
2024-12-29,3.453,VungTau
2024-12-30,3.663,VungTau
2024-12-31,3.808,VungTau
2025-01-01,3.913,VungTau
2025-01-02,3.783,VungTau
2025-01-03,3.754,VungTau
2025-01-04,3.618,VungTau
2025-01-05,3.368,VungTau
2025-01-06,3.21,VungTau
2025-01-07,3.194,VungTau
2025-01-08,3.162,VungTau
2025-01-09,3.14,VungTau
2025-01-10,3.193,VungTau
2025-01-11,3.329,VungTau
2025-01-12,3.446,VungTau
2025-01-13,3.537,VungTau
2025-01-14,3.625,VungTau
2025-01-15,3.648,VungTau
2025-01-16,3.614,VungTau
2025-01-17,3.527,VungTau
2025-01-18,3.412,VungTau
2025-01-19,3.27,VungTau
2025-01-20,3.128,VungTau
2025-01-21,2.997,VungTau
2025-01-22,2.834,VungTau
2025-01-23,2.786,VungTau
2025-01-24,2.703,VungTau
2025-01-25,2.883,VungTau
2025-01-26,3.077,VungTau
2025-01-27,3.32,VungTau
2025-01-28,3.528,VungTau
2025-01-29,3.654,VungTau
2025-01-30,3.785,VungTau
2025-01-31,3.827,VungTau
2025-02-01,3.774,VungTau
2025-02-02,3.598,VungTau
2025-02-03,3.416,VungTau
2025-02-04,3.295,VungTau
2025-02-05,3.099,VungTau
2025-02-06,2.901,VungTau
2025-02-07,2.753,VungTau
2025-02-08,2.892,VungTau
2025-02-09,3.107,VungTau
2025-02-10,3.352,VungTau
2025-02-11,3.565,VungTau
2025-02-12,3.645,VungTau
2025-02-13,3.716,VungTau
2025-02-14,3.723,VungTau
2025-02-15,3.627,VungTau
2025-02-16,3.435,VungTau
2025-02-17,3.403,VungTau
2025-02-18,3.295,VungTau
2025-02-19,3.124,VungTau
2025-02-20,2.933,VungTau
2025-02-21,2.723,VungTau
2025-02-22,2.497,VungTau
2025-02-23,2.627,VungTau
2025-02-24,2.906,VungTau
2025-02-25,3.189,VungTau
2025-02-26,3.439,VungTau
2025-02-27,3.69,VungTau
2025-02-28,3.856,VungTau
2025-03-01,3.846,VungTau
2025-03-02,3.755,VungTau
2025-03-03,3.7,VungTau
2025-03-04,3.577,VungTau
2025-03-05,3.359,VungTau
2025-03-06,3.06,VungTau
2025-03-07,2.781,VungTau
2025-03-08,2.517,VungTau
2025-03-09,2.722,VungTau
2025-03-10,3.087,VungTau
2025-03-11,3.326,VungTau
2025-03-12,3.614,VungTau
2025-03-13,3.626,VungTau
2025-03-14,3.658,VungTau
2025-03-15,3.6,VungTau
2025-03-16,3.599,VungTau
2025-03-17,3.591,VungTau
2025-03-18,3.49,VungTau
2025-03-19,3.334,VungTau
2025-03-20,3.228,VungTau
2025-03-21,2.979,VungTau
2025-03-22,2.791,VungTau
2025-03-23,2.556,VungTau
2025-03-24,2.684,VungTau
2025-03-25,3.05,VungTau
2025-03-26,3.321,VungTau
2025-03-27,3.571,VungTau
2025-03-28,3.746,VungTau
2025-03-29,3.755,VungTau
2025-03-30,3.886,VungTau
2025-03-31,3.882,VungTau
2025-04-01,3.852,VungTau
2025-04-02,3.646,VungTau
2025-04-03,3.389,VungTau
2025-04-04,3.12,VungTau
2025-04-05,2.801,VungTau
2025-04-06,2.569,VungTau
2025-04-07,2.816,VungTau
2025-04-08,2.971,VungTau
2025-04-09,3.135,VungTau
2025-04-10,3.334,VungTau
2025-04-11,3.453,VungTau
2025-04-12,3.542,VungTau
2025-04-13,3.621,VungTau
2025-04-14,3.617,VungTau
2025-04-15,3.573,VungTau
2025-04-16,3.521,VungTau
2025-04-17,3.462,VungTau
2025-04-18,3.28,VungTau
2025-04-19,3.156,VungTau
2025-04-20,2.968,VungTau
2025-04-21,2.736,VungTau
2025-04-22,2.775,VungTau
2025-04-23,2.967,VungTau
2025-04-24,3.2,VungTau
2025-04-25,3.394,VungTau
2025-04-26,3.655,VungTau
2025-04-27,3.839,VungTau
2025-04-28,3.947,VungTau
2025-04-29,3.98,VungTau
2025-04-30,3.829,VungTau
2025-05-01,3.674,VungTau
2025-05-02,3.501,VungTau
2025-05-03,3.196,VungTau
2025-05-04,2.961,VungTau
2025-05-05,2.775,VungTau
2025-05-06,2.774,VungTau
2025-05-07,2.931,VungTau
2025-05-08,3.106,VungTau
2025-05-09,3.26,VungTau
2025-05-10,3.348,VungTau
2025-05-11,3.461,VungTau
2025-05-12,3.582,VungTau
2025-05-13,3.606,VungTau
2025-05-14,3.625,VungTau
2025-05-15,3.545,VungTau
2025-05-16,3.525,VungTau
2025-05-17,3.432,VungTau
2025-05-18,3.357,VungTau
2025-05-19,3.228,VungTau
2025-05-20,3.108,VungTau
2025-05-21,3.014,VungTau
2025-05-22,3.148,VungTau
2025-05-23,3.301,VungTau
2025-05-24,3.618,VungTau
2025-05-25,3.766,VungTau
2025-05-26,3.906,VungTau
2025-05-27,3.938,VungTau
2025-05-28,3.923,VungTau
2025-05-29,3.872,VungTau
2025-05-30,3.713,VungTau
2025-05-31,3.552,VungTau
2025-06-01,3.389,VungTau
2025-06-02,3.172,VungTau
2025-06-03,2.98,VungTau
2025-06-04,2.799,VungTau
2025-06-05,2.884,VungTau
2025-06-06,3.021,VungTau
2025-06-07,3.241,VungTau
2025-06-08,3.35,VungTau
2025-06-09,3.45,VungTau
2025-06-10,3.514,VungTau
2025-06-11,3.589,VungTau
2025-06-12,3.607,VungTau
2025-06-13,3.64,VungTau
2025-06-14,3.655,VungTau
2025-06-15,3.632,VungTau
2025-06-16,3.5,VungTau
2025-06-17,3.362,VungTau
2025-06-18,3.256,VungTau
2025-06-19,3.1,VungTau
2025-06-20,3.131,VungTau
2025-06-21,3.21,VungTau
2025-06-22,3.478,VungTau
2025-06-23,3.507,VungTau
2025-06-24,3.619,VungTau
2025-06-25,3.619,VungTau
2025-06-26,3.728,VungTau
2025-06-27,3.715,VungTau
2025-06-28,3.698,VungTau
2025-06-29,3.656,VungTau
2025-06-30,3.494,VungTau
2025-07-01,3.337,VungTau
2025-07-02,3.076,VungTau
2025-07-03,2.894,VungTau
2025-07-04,2.873,VungTau
2025-07-05,2.88,VungTau
2025-07-06,2.965,VungTau
2025-07-07,3.045,VungTau
2025-07-08,3.206,VungTau
2025-07-09,3.32,VungTau
2025-07-10,3.5,VungTau
2025-07-11,3.619,VungTau
2025-07-12,3.72,VungTau
2025-07-13,3.742,VungTau
2025-07-14,3.792,VungTau
2025-07-15,3.717,VungTau
2025-07-16,3.577,VungTau
2025-07-17,3.39,VungTau
2025-07-18,3.193,VungTau
2025-07-19,3.102,VungTau
2025-07-20,3.078,VungTau
2025-07-21,3.193,VungTau
2025-07-22,3.405,VungTau
2025-07-23,3.615,VungTau
2025-07-24,3.765,VungTau
2025-07-25,3.892,VungTau
2025-07-26,3.907,VungTau
2025-07-27,3.885,VungTau
2025-07-28,3.748,VungTau
2025-07-29,3.582,VungTau
2025-07-30,3.394,VungTau
2025-07-31,3.212,VungTau
2025-08-01,3.036,VungTau
2025-08-02,2.939,VungTau
2025-08-03,2.881,VungTau
2025-08-04,2.886,VungTau
2025-08-05,2.961,VungTau
2025-08-06,3.122,VungTau
2025-08-07,3.331,VungTau
2025-08-08,3.593,VungTau
2025-08-09,3.72,VungTau
2025-08-10,3.902,VungTau
2025-08-11,3.851,VungTau
2025-08-12,3.889,VungTau
2025-08-13,3.763,VungTau
2025-08-14,3.727,VungTau
2025-08-15,3.508,VungTau
2025-08-16,3.206,VungTau
2025-08-17,2.985,VungTau
2025-08-18,2.891,VungTau
2025-08-19,3.012,VungTau
2025-08-20,3.184,VungTau
2025-08-21,3.462,VungTau
2025-08-22,3.653,VungTau
2025-08-23,3.808,VungTau
2025-08-24,3.827,VungTau
2025-08-25,3.825,VungTau
2025-08-26,3.746,VungTau
2025-08-27,3.639,VungTau
2025-08-28,3.46,VungTau
2025-08-29,3.295,VungTau
2025-08-30,3.068,VungTau
2025-08-31,2.893,VungTau
2025-09-01,2.766,VungTau
2025-09-02,2.654,VungTau
2025-09-03,2.812,VungTau
2025-09-04,3.056,VungTau
2025-09-05,3.332,VungTau
2025-09-06,3.627,VungTau
2025-09-07,3.796,VungTau
2025-09-08,3.921,VungTau
2025-09-09,3.919,VungTau
2025-09-10,3.901,VungTau
2025-09-11,3.799,VungTau
2025-09-12,3.609,VungTau
2025-09-13,3.371,VungTau
2025-09-14,3.05,VungTau
2025-09-15,2.845,VungTau
2025-09-16,2.776,VungTau
2025-09-17,3.005,VungTau
2025-09-18,3.227,VungTau
2025-09-19,3.443,VungTau
2025-09-20,3.64,VungTau
2025-09-21,3.789,VungTau
2025-09-22,3.713,VungTau
2025-09-23,3.702,VungTau
2025-09-24,3.717,VungTau
2025-09-25,3.608,VungTau
2025-09-26,3.517,VungTau
2025-09-27,3.327,VungTau
2025-09-28,3.243,VungTau
2025-09-29,2.902,VungTau
2025-09-30,2.629,VungTau
2025-10-01,2.619,VungTau
2025-10-02,2.766,VungTau
2025-10-03,3.037,VungTau
2025-10-04,3.329,VungTau
2025-10-05,3.599,VungTau
2025-10-06,3.691,VungTau
2025-10-07,3.868,VungTau
2025-10-08,3.936,VungTau
2025-10-09,3.872,VungTau
2025-10-10,3.736,VungTau
2025-10-11,3.506,VungTau
2025-10-12,3.252,VungTau
2025-10-13,2.935,VungTau
2025-10-14,2.706,VungTau
2025-10-15,2.718,VungTau
2025-10-16,2.969,VungTau
2025-10-17,3.178,VungTau
2025-10-18,3.424,VungTau
2025-10-19,3.558,VungTau
2025-10-20,3.707,VungTau
2025-10-21,3.775,VungTau
2025-10-22,3.789,VungTau
2025-10-23,3.735,VungTau
2025-10-24,3.615,VungTau
2025-10-25,3.474,VungTau
2025-10-26,3.367,VungTau
2025-10-27,3.212,VungTau
2025-10-28,3.003,VungTau
2025-10-29,2.862,VungTau
2025-10-30,2.935,VungTau
2025-10-31,3.043,VungTau
2025-11-01,3.371,VungTau
2025-11-02,3.634,VungTau
2025-11-03,3.831,VungTau
2025-11-04,3.969,VungTau
2025-11-05,4.098,VungTau
2025-11-06,4.086,VungTau
2025-11-07,3.977,VungTau
2025-11-08,3.803,VungTau
2025-11-09,3.603,VungTau
2025-11-10,3.37,VungTau
2025-11-11,3.128,VungTau
2025-11-12,2.914,VungTau
2025-11-13,2.89,VungTau
2025-11-14,3.117,VungTau
2025-11-15,3.288,VungTau
2025-11-16,3.411,VungTau
2025-11-17,3.534,VungTau
2025-11-18,3.606,VungTau
2025-11-19,3.699,VungTau
2025-11-20,3.694,VungTau
2025-11-21,3.678,VungTau
2025-11-22,3.687,VungTau
2025-11-23,3.599,VungTau
2025-11-24,3.547,VungTau
2025-11-25,3.337,VungTau
2025-11-26,3.235,VungTau
2025-11-27,3.046,VungTau
2025-11-28,2.851,VungTau
2025-11-29,2.848,VungTau
2025-11-30,3.068,VungTau
2025-12-01,3.29,VungTau
2025-12-02,3.618,VungTau
2025-12-03,3.808,VungTau
2025-12-04,3.898,VungTau
2025-12-05,3.869,VungTau
2025-12-06,3.831,VungTau
2025-12-07,3.694,VungTau
2025-12-08,3.562,VungTau
2025-12-09,3.385,VungTau
2025-12-10,3.193,VungTau
2025-12-11,2.961,VungTau
2025-12-12,2.771,VungTau
2025-12-13,2.807,VungTau
2025-12-14,2.915,VungTau
2025-12-15,3.073,VungTau
2025-12-16,3.168,VungTau
2025-12-17,3.273,VungTau
2025-12-18,3.396,VungTau
2025-12-19,3.51,VungTau
2025-12-20,3.545,VungTau
2025-12-21,3.553,VungTau
2025-12-22,3.645,VungTau
2025-12-23,3.571,VungTau
2025-12-24,3.428,VungTau
2025-12-25,3.342,VungTau
2025-12-26,3.164,VungTau
2025-12-27,2.94,VungTau
2025-12-28,2.95,VungTau
2025-12-29,3.044,VungTau
2025-12-30,3.178,VungTau
2025-12-31,3.352,VungTau
2026-01-01,3.449,VungTau
2026-01-02,3.538,VungTau
2026-01-03,3.67,VungTau
2026-01-04,3.748,VungTau
2026-01-05,3.695,VungTau
2026-01-06,3.65,VungTau
2026-01-07,3.535,VungTau
2026-01-08,3.272,VungTau
2026-01-09,3.057,VungTau
2026-01-10,2.99,VungTau
2026-01-11,2.848,VungTau
2026-01-12,2.747,VungTau
2026-01-13,2.718,VungTau
2026-01-14,2.803,VungTau
2026-01-15,2.98,VungTau
2026-01-16,3.161,VungTau
2026-01-17,3.36,VungTau
2026-01-18,3.45,VungTau
2026-01-19,3.557,VungTau
2026-01-20,3.593,VungTau
2026-01-21,3.582,VungTau
2026-01-22,3.48,VungTau
2026-01-23,3.357,VungTau
2026-01-24,3.233,VungTau
2026-01-25,3.136,VungTau
2026-01-26,3.034,VungTau
2026-01-27,2.877,VungTau
2026-01-28,2.805,VungTau
2026-01-29,2.935,VungTau
2026-01-30,3.186,VungTau
2026-01-31,3.401,VungTau
2026-02-01,3.539,VungTau
2026-02-02,3.595,VungTau
2026-02-03,3.616,VungTau
2026-02-04,3.647,VungTau
2026-02-05,3.475,VungTau
2026-02-06,3.334,VungTau
2026-02-07,3.209,VungTau
2026-02-08,3.085,VungTau
2026-02-09,2.895,VungTau
2026-02-10,2.635,VungTau
2026-02-11,2.415,VungTau
2026-02-12,2.569,VungTau
2026-02-13,2.836,VungTau
2026-02-14,3.065,VungTau
2026-02-15,3.341,VungTau
2026-02-16,3.581,VungTau
2026-02-17,3.66,VungTau
2026-02-18,3.679,VungTau
2026-02-19,3.63,VungTau
2026-02-20,3.559,VungTau
2026-02-21,3.512,VungTau
2026-02-22,3.434,VungTau
2026-02-23,3.321,VungTau
2026-02-24,3.063,VungTau
2026-02-25,2.824,VungTau
2026-02-26,2.67,VungTau
2026-02-27,2.879,VungTau
2026-02-28,3.183,VungTau
2026-03-01,3.448,VungTau
2026-03-02,3.642,VungTau
2026-03-03,3.726,VungTau
2026-03-04,3.751,VungTau
2026-03-05,3.632,VungTau
2026-03-06,3.576,VungTau
2026-03-07,3.472,VungTau
2026-03-08,3.426,VungTau
2026-03-09,3.231,VungTau
2026-03-10,2.957,VungTau
2026-03-11,2.775,VungTau
2026-03-12,2.551,VungTau
2026-03-13,2.523,VungTau
2026-03-14,2.81,VungTau
2026-03-15,3.089,VungTau
2026-03-16,3.349,VungTau
2026-03-17,3.465,VungTau
2026-03-18,3.637,VungTau
2026-03-19,3.687,VungTau
2026-03-20,3.752,VungTau
2026-03-21,3.812,VungTau
2026-03-22,3.737,VungTau
2026-03-23,3.595,VungTau
2026-03-24,3.346,VungTau
2026-03-25,3.063,VungTau
2026-03-26,2.766,VungTau
2026-03-27,2.65,VungTau
2026-03-28,2.87,VungTau
2026-03-29,3.113,VungTau
2026-03-30,3.342,VungTau
2026-03-31,3.438,VungTau
2026-04-01,3.505,VungTau
2026-04-02,3.555,VungTau
2026-04-03,3.624,VungTau
2026-04-04,3.572,VungTau
2026-04-05,3.563,VungTau
2026-04-06,3.424,VungTau
2026-04-07,3.215,VungTau
2026-04-08,3.032,VungTau
2026-04-09,2.8,VungTau
2026-04-10,2.643,VungTau
2026-04-11,2.469,VungTau
2026-04-12,2.69,VungTau
2026-04-13,3.031,VungTau
2026-04-14,3.241,VungTau
2026-04-15,3.466,VungTau
2026-04-16,3.662,VungTau
2026-04-17,3.821,VungTau
2026-04-18,3.948,VungTau
2026-04-19,3.934,VungTau
2026-04-20,3.86,VungTau
2026-04-21,3.594,VungTau
2026-04-22,3.412,VungTau
2026-04-23,3.128,VungTau
2026-04-24,2.887,VungTau
2026-04-25,2.839,VungTau
2026-04-26,2.943,VungTau
2026-04-27,3.025,VungTau
2026-04-28,3.203,VungTau
2026-04-29,3.41,VungTau
2026-04-30,3.486,VungTau
2026-05-01,3.556,VungTau
2026-05-02,3.599,VungTau
2026-05-03,3.615,VungTau
2026-05-04,3.528,VungTau
2026-05-05,3.427,VungTau
2026-05-06,3.337,VungTau
2026-05-07,3.202,VungTau
2026-05-08,3.055,VungTau
2026-05-09,2.936,VungTau
2026-05-10,2.74,VungTau
2026-05-11,2.813,VungTau
2026-05-12,3.012,VungTau
2026-05-13,3.251,VungTau
2026-05-14,3.554,VungTau
2026-05-15,3.804,VungTau
2026-05-16,3.88,VungTau
2026-05-17,3.992,VungTau
2026-05-18,4.025,VungTau
2026-05-19,3.901,VungTau
2026-05-20,3.658,VungTau
2026-05-21,3.519,VungTau
2026-05-22,3.34,VungTau
2026-05-23,3.139,VungTau
2026-05-24,2.96,VungTau
2026-05-25,3.032,VungTau
2026-05-26,3.133,VungTau
2026-05-27,3.249,VungTau
2026-05-28,3.388,VungTau
2026-05-29,3.465,VungTau
2026-05-30,3.529,VungTau
2026-05-31,3.615,VungTau
2026-06-01,3.624,VungTau
2026-06-02,3.642,VungTau
2026-06-03,3.534,VungTau
2026-06-04,3.492,VungTau
2026-06-05,3.482,VungTau
2026-06-06,3.346,VungTau
2026-06-07,3.163,VungTau
2026-06-08,3.07,VungTau
2026-06-09,3.043,VungTau
2026-06-10,3.066,VungTau
2026-06-11,3.209,VungTau
2026-06-12,3.357,VungTau
2026-06-13,3.581,VungTau
2026-06-14,3.692,VungTau
2026-06-15,3.776,VungTau
2026-06-16,3.843,VungTau
2026-06-17,3.777,VungTau
2026-06-18,3.738,VungTau
2026-06-19,3.612,VungTau
2026-06-20,3.398,VungTau
2026-06-21,3.157,VungTau
2026-06-22,2.916,VungTau
2026-06-23,2.872,VungTau
2026-06-24,2.927,VungTau
2026-06-25,2.964,VungTau
2026-06-26,3.036,VungTau
2026-06-27,3.108,VungTau
2026-06-28,3.284,VungTau
2026-06-29,3.404,VungTau
2026-06-30,3.446,VungTau
2026-07-01,3.536,VungTau
2026-07-02,3.597,VungTau
2026-07-03,3.614,VungTau
2026-07-04,3.513,VungTau
2026-07-05,3.452,VungTau
2026-07-06,3.328,VungTau
2026-07-07,3.107,VungTau
2026-07-08,2.954,VungTau
2026-07-09,2.996,VungTau
2026-07-10,3.039,VungTau
2026-07-11,3.218,VungTau
2026-07-12,3.396,VungTau
2026-07-13,3.523,VungTau
2026-07-14,3.747,VungTau
2026-07-15,3.929,VungTau
2026-07-16,3.892,VungTau
2026-07-17,3.404,VungTau
2026-07-18,3.694,VungTau
2026-07-19,3.464,VungTau
2026-07-20,3.19,VungTau
2026-07-21,2.934,VungTau
2026-07-22,2.789,VungTau
2026-07-23,2.788,VungTau
2026-07-24,2.811,VungTau
2026-07-25,2.932,VungTau
2026-07-26,3.087,VungTau
2026-07-27,3.245,VungTau
2026-07-28,3.379,VungTau
2026-07-29,3.501,VungTau
2026-07-30,3.598,VungTau
2026-07-31,3.684,VungTau
