location_id,year_month,ec_target,ec_n,ec_source,ec_snapshot_id,ec_quality_flag,ec_lag_1,ec_lag_2,ec_lag_3,ec_lag_12,month,season,rainfall,temperature,wind,meteorology_source,meteorology_snapshot_id,meteorology_quality_flag,discharge_mean,discharge_max,discharge_source,discharge_version,discharge_snapshot_id,discharge_quality_flag,discharge_grid_lat,discharge_grid_lon,dahiti,dahiti_available,dahiti_source,dahiti_snapshot_id,dahiti_quality_flag,tide_mean,tide_max,tide_range,tide_source,tide_snapshot_id,tide_quality_flag,split_type,feature_snapshot_id
TanChau,1985-01,,,,,,,,,,1,dry,10.8,25.98709677419355,2.851935483870968,Open-Meteo_ERA5-Land,OPENMETEO_2026-09-02,VERIFIED,2533.8078125,3534.296875,Copernicus_GloFAS,ERA5_V4,TANCHAU_1985_2023_FILES,SUSPECT,10.825,105.225,,False,,,MISSING,,,,,,MISSING,inference_only,MONTHLY_FEATURE_V2_2026-10-03
TanChau,1985-02,,,,,,,,,,2,dry,21.2,27.582142857142856,3.358571428571429,Open-Meteo_ERA5-Land,OPENMETEO_2026-09-02,VERIFIED,2088.1395089285716,2175.96875,Copernicus_GloFAS,ERA5_V4,TANCHAU_1985_2023_FILES,SUSPECT,10.825,105.225,,False,,,MISSING,,,,,,MISSING,inference_only,MONTHLY_FEATURE_V2_2026-10-03
TanChau,1985-03,,,,,,,,,,3,dry,59.9,28.387096774193548,3.358709677419355,Open-Meteo_ERA5-Land,OPENMETEO_2026-09-02,VERIFIED,1610.953629032258,2817.65625,Copernicus_GloFAS,ERA5_V4,TANCHAU_1985_2023_FILES,SUSPECT,10.825,105.225,,False,,,MISSING,,,,,,MISSING,inference_only,MONTHLY_FEATURE_V2_2026-10-03
TanChau,1985-04,,,,,,,,,,4,transition,172.8,28.39333333333333,3.5883333333333334,Open-Meteo_ERA5-Land,OPENMETEO_2026-09-02,VERIFIED,2166.2208333333333,7321.09375,Copernicus_GloFAS,ERA5_V4,TANCHAU_1985_2023_FILES,SUSPECT,10.825,105.225,,False,,,MISSING,,,,,,MISSING,inference_only,MONTHLY_FEATURE_V2_2026-10-03
TanChau,1985-05,13.8,1.0,MRC_WRUP_VN_019803,MRC_EXPORT_2026-08-31,VERIFIED,,,,,5,transition,203.2,27.154838709677417,3.393548387096774,Open-Meteo_ERA5-Land,OPENMETEO_2026-09-02,VERIFIED,9543.37802419355,17048.03125,Copernicus_GloFAS,ERA5_V4,TANCHAU_1985_2023_FILES,SUSPECT,10.825,105.225,,False,,,MISSING,,,,,,MISSING,train_candidate,MONTHLY_FEATURE_V2_2026-10-03
TanChau,1985-06,7.5,1.0,MRC_WRUP_VN_019803,MRC_EXPORT_2026-08-31,VERIFIED,13.8,,,,6,wet,152.0,27.063333333333333,5.101333333333333,Open-Meteo_ERA5-Land,OPENMETEO_2026-09-02,VERIFIED,22408.840625,52883.0625,Copernicus_GloFAS,ERA5_V4,TANCHAU_1985_2023_FILES,SUSPECT,10.825,105.225,,False,,,MISSING,,,,,,MISSING,train_candidate,MONTHLY_FEATURE_V2_2026-10-03
TanChau,1985-07,9.7,1.0,MRC_WRUP_VN_019803,MRC_EXPORT_2026-08-31,VERIFIED,7.5,13.8,,,7,wet,178.9,26.725806451612904,4.092258064516129,Open-Meteo_ERA5-Land,OPENMETEO_2026-09-02,VERIFIED,26176.595262096773,31164.703125,Copernicus_GloFAS,ERA5_V4,TANCHAU_1985_2023_FILES,SUSPECT,10.825,105.225,,False,,,MISSING,,,,,,MISSING,train_candidate,MONTHLY_FEATURE_V2_2026-10-03
TanChau,1985-08,11.3,1.0,MRC_WRUP_VN_019803,MRC_EXPORT_2026-08-31,VERIFIED,9.7,7.5,13.8,,8,wet,193.0,26.91290322580645,5.605806451612903,Open-Meteo_ERA5-Land,OPENMETEO_2026-09-02,VERIFIED,34684.59122983871,43260.015625,Copernicus_GloFAS,ERA5_V4,TANCHAU_1985_2023_FILES,SUSPECT,10.825,105.225,,False,,,MISSING,,,,,,MISSING,train_candidate,MONTHLY_FEATURE_V2_2026-10-03
TanChau,1985-09,11.2,1.0,MRC_WRUP_VN_019803,MRC_EXPORT_2026-08-31,VERIFIED,11.3,9.7,7.5,,9,wet,331.2,26.39,3.9983333333333335,Open-Meteo_ERA5-Land,OPENMETEO_2026-09-02,VERIFIED,39750.93541666667,49192.078125,Copernicus_GloFAS,ERA5_V4,TANCHAU_1985_2023_FILES,SUSPECT,10.825,105.225,,False,,,MISSING,,,,,,MISSING,train_candidate,MONTHLY_FEATURE_V2_2026-10-03
TanChau,1985-10,14.7,1.0,MRC_WRUP_VN_019803,MRC_EXPORT_2026-08-31,VERIFIED,11.2,11.3,9.7,,10,wet,366.3,25.970967741935485,2.7606451612903227,Open-Meteo_ERA5-Land,OPENMETEO_2026-09-02,VERIFIED,27073.328629032258,37500.1875,Copernicus_GloFAS,ERA5_V4,TANCHAU_1985_2023_FILES,SUSPECT,10.825,105.225,,False,,,MISSING,,,,,,MISSING,train_candidate,MONTHLY_FEATURE_V2_2026-10-03
TanChau,1985-11,12.7,1.0,MRC_WRUP_VN_019803,MRC_EXPORT_2026-08-31,VERIFIED,14.7,11.2,11.3,,11,wet,268.6,26.09,2.9320000000000004,Open-Meteo_ERA5-Land,OPENMETEO_2026-09-02,VERIFIED,12108.3015625,17907.71875,Copernicus_GloFAS,ERA5_V4,TANCHAU_1985_2023_FILES,SUSPECT,10.825,105.225,,False,,,MISSING,,,,,,MISSING,train_candidate,MONTHLY_FEATURE_V2_2026-10-03
TanChau,1985-12,13.0,1.0,MRC_WRUP_VN_019803,MRC_EXPORT_2026-08-31,VERIFIED,12.7,14.7,11.2,,12,dry,38.5,25.138709677419353,3.617096774193548,Open-Meteo_ERA5-Land,OPENMETEO_2026-09-02,VERIFIED,7629.714213709677,12838.546875,Copernicus_GloFAS,ERA5_V4,TANCHAU_1985_2023_FILES,SUSPECT,10.825,105.225,,False,,,MISSING,,,,,,MISSING,train_candidate,MONTHLY_FEATURE_V2_2026-10-03
TanChau,1986-01,13.7,1.0,MRC_WRUP_VN_019803,MRC_EXPORT_2026-08-31,VERIFIED,13.0,12.7,14.7,,1,dry,9.3,25.216129032258067,3.5648387096774194,Open-Meteo_ERA5-Land,OPENMETEO_2026-09-02,VERIFIED,3025.3039314516127,4583.734375,Copernicus_GloFAS,ERA5_V4,TANCHAU_1985_2023_FILES,SUSPECT,10.825,105.225,,False,,,MISSING,,,,,,MISSING,train_candidate,MONTHLY_FEATURE_V2_2026-10-03
TanChau,1986-02,8.6,1.0,MRC_WRUP_VN_019803,MRC_EXPORT_2026-08-31,VERIFIED,13.7,13.0,12.7,,2,dry,87.39999999999999,26.260714285714283,3.2064285714285714,Open-Meteo_ERA5-Land,OPENMETEO_2026-09-02,VERIFIED,1996.1919642857142,2201.78125,Copernicus_GloFAS,ERA5_V4,TANCHAU_1985_2023_FILES,SUSPECT,10.825,105.225,,False,,,MISSING,,,,,,MISSING,train_candidate,MONTHLY_FEATURE_V2_2026-10-03
TanChau,1986-03,,,,,,8.6,13.7,13.0,,3,dry,19.200000000000003,27.770967741935483,3.582258064516129,Open-Meteo_ERA5-Land,OPENMETEO_2026-09-02,VERIFIED,1161.757056451613,1803.21875,Copernicus_GloFAS,ERA5_V4,TANCHAU_1985_2023_FILES,SUSPECT,10.825,105.225,,False,,,MISSING,,,,,,MISSING,inference_only,MONTHLY_FEATURE_V2_2026-10-03
TanChau,1986-04,20.6,1.0,MRC_WRUP_VN_019803,MRC_EXPORT_2026-08-31,VERIFIED,,8.6,13.7,,4,transition,67.2,28.94333333333333,3.489,Open-Meteo_ERA5-Land,OPENMETEO_2026-09-02,VERIFIED,1543.6166666666666,2276.53125,Copernicus_GloFAS,ERA5_V4,TANCHAU_1985_2023_FILES,SUSPECT,10.825,105.225,,False,,,MISSING,,,,,,MISSING,train_candidate,MONTHLY_FEATURE_V2_2026-10-03
TanChau,1986-05,21.4,1.0,MRC_WRUP_VN_019803,MRC_EXPORT_2026-08-31,VERIFIED,20.6,,8.6,13.8,5,transition,153.8,27.677419354838708,4.891935483870968,Open-Meteo_ERA5-Land,OPENMETEO_2026-09-02,VERIFIED,11519.252016129032,31025.4375,Copernicus_GloFAS,ERA5_V4,TANCHAU_1985_2023_FILES,SUSPECT,10.825,105.225,,False,,,MISSING,,,,,,MISSING,train_candidate,MONTHLY_FEATURE_V2_2026-10-03
TanChau,1986-06,13.0,1.0,MRC_WRUP_VN_019803,MRC_EXPORT_2026-08-31,VERIFIED,21.4,20.6,,7.5,6,wet,186.8,27.15,4.444333333333334,Open-Meteo_ERA5-Land,OPENMETEO_2026-09-02,VERIFIED,19528.132291666665,32471.59375,Copernicus_GloFAS,ERA5_V4,TANCHAU_1985_2023_FILES,SUSPECT,10.825,105.225,,False,,,MISSING,,,,,,MISSING,train_candidate,MONTHLY_FEATURE_V2_2026-10-03
TanChau,1986-07,12.0,1.0,MRC_WRUP_VN_019803,MRC_EXPORT_2026-08-31,VERIFIED,13.0,21.4,20.6,9.7,7,wet,209.8,26.951612903225808,4.89483870967742,Open-Meteo_ERA5-Land,OPENMETEO_2026-09-02,VERIFIED,30574.9627016129,41425.15625,Copernicus_GloFAS,ERA5_V4,TANCHAU_1985_2023_FILES,SUSPECT,10.825,105.225,,False,,,MISSING,,,,,,MISSING,train_candidate,MONTHLY_FEATURE_V2_2026-10-03
TanChau,1986-08,9.7,1.0,MRC_WRUP_VN_019803,MRC_EXPORT_2026-08-31,VERIFIED,12.0,13.0,21.4,11.3,8,wet,234.9,26.816129032258065,5.183225806451613,Open-Meteo_ERA5-Land,OPENMETEO_2026-09-02,VERIFIED,41434.1839717742,49175.3125,Copernicus_GloFAS,ERA5_V4,TANCHAU_1985_2023_FILES,SUSPECT,10.825,105.225,,False,,,MISSING,,,,,,MISSING,train_candidate,MONTHLY_FEATURE_V2_2026-10-03
TanChau,1986-09,8.8,1.0,MRC_WRUP_VN_019803,MRC_EXPORT_2026-08-31,VERIFIED,9.7,12.0,13.0,11.2,9,wet,331.7,26.290000000000003,3.909666666666667,Open-Meteo_ERA5-Land,OPENMETEO_2026-09-02,VERIFIED,39678.89166666667,59890.3125,Copernicus_GloFAS,ERA5_V4,TANCHAU_1985_2023_FILES,SUSPECT,10.825,105.225,,False,,,MISSING,,,,,,MISSING,train_candidate,MONTHLY_FEATURE_V2_2026-10-03
TanChau,1986-10,10.2,1.0,MRC_WRUP_VN_019803,MRC_EXPORT_2026-08-31,VERIFIED,8.8,9.7,12.0,14.7,10,wet,280.8,26.241935483870968,2.96,Open-Meteo_ERA5-Land,OPENMETEO_2026-09-02,VERIFIED,28631.267641129034,37348.21875,Copernicus_GloFAS,ERA5_V4,TANCHAU_1985_2023_FILES,SUSPECT,10.825,105.225,,False,,,MISSING,,,,,,MISSING,train_candidate,MONTHLY_FEATURE_V2_2026-10-03
TanChau,1986-11,10.9,1.0,MRC_WRUP_VN_019803,MRC_EXPORT_2026-08-31,VERIFIED,10.2,8.8,9.7,12.7,11,wet,193.20000000000002,25.743333333333332,3.676333333333333,Open-Meteo_ERA5-Land,OPENMETEO_2026-09-02,VERIFIED,14402.911979166667,22440.140625,Copernicus_GloFAS,ERA5_V4,TANCHAU_1985_2023_FILES,SUSPECT,10.825,105.225,,False,,,MISSING,,,,,,MISSING,train_candidate,MONTHLY_FEATURE_V2_2026-10-03
TanChau,1986-12,11.5,1.0,MRC_WRUP_VN_019803,MRC_EXPORT_2026-08-31,VERIFIED,10.9,10.2,8.8,13.0,12,dry,31.9,25.325806451612905,3.44741935483871,Open-Meteo_ERA5-Land,OPENMETEO_2026-09-02,VERIFIED,9452.615927419354,21329.28125,Copernicus_GloFAS,ERA5_V4,TANCHAU_1985_2023_FILES,SUSPECT,10.825,105.225,,False,,,MISSING,,,,,,MISSING,train_candidate,MONTHLY_FEATURE_V2_2026-10-03
TanChau,1987-01,13.1,1.0,MRC_WRUP_VN_019803,MRC_EXPORT_2026-08-31,VERIFIED,11.5,10.9,10.2,13.7,1,dry,0.4,26.70967741935484,3.0345161290322578,Open-Meteo_ERA5-Land,OPENMETEO_2026-09-02,VERIFIED,2839.5211693548385,4181.109375,Copernicus_GloFAS,ERA5_V4,TANCHAU_1985_2023_FILES,SUSPECT,10.825,105.225,,False,,,MISSING,,,,,,MISSING,train_candidate,MONTHLY_FEATURE_V2_2026-10-03
TanChau,1987-02,14.9,1.0,MRC_WRUP_VN_019803,MRC_EXPORT_2026-08-31,VERIFIED,13.1,11.5,10.9,8.6,2,dry,3.3,26.857142857142858,3.5221428571428572,Open-Meteo_ERA5-Land,OPENMETEO_2026-09-02,VERIFIED,1997.671875,2131.40625,Copernicus_GloFAS,ERA5_V4,TANCHAU_1985_2023_FILES,SUSPECT,10.825,105.225,,False,,,MISSING,,,,,,MISSING,train_candidate,MONTHLY_FEATURE_V2_2026-10-03
TanChau,1987-03,17.6,1.0,MRC_WRUP_VN_019803,MRC_EXPORT_2026-08-31,VERIFIED,14.9,13.1,11.5,,3,dry,9.2,29.4741935483871,3.8993548387096775,Open-Meteo_ERA5-Land,OPENMETEO_2026-09-02,VERIFIED,1179.5443548387098,1751.34375,Copernicus_GloFAS,ERA5_V4,TANCHAU_1985_2023_FILES,SUSPECT,10.825,105.225,,False,,,MISSING,,,,,,MISSING,train_candidate,MONTHLY_FEATURE_V2_2026-10-03
TanChau,1987-04,19.1,1.0,MRC_WRUP_VN_019803,MRC_EXPORT_2026-08-31,VERIFIED,17.6,14.9,13.1,20.6,4,transition,33.9,30.493333333333332,3.8506666666666667,Open-Meteo_ERA5-Land,OPENMETEO_2026-09-02,VERIFIED,1412.478125,1826.625,Copernicus_GloFAS,ERA5_V4,TANCHAU_1985_2023_FILES,SUSPECT,10.825,105.225,,False,,,MISSING,,,,,,MISSING,train_candidate,MONTHLY_FEATURE_V2_2026-10-03
TanChau,1987-05,20.1,1.0,MRC_WRUP_VN_019803,MRC_EXPORT_2026-08-31,VERIFIED,19.1,17.6,14.9,21.4,5,transition,104.0,29.14516129032258,3.8774193548387097,Open-Meteo_ERA5-Land,OPENMETEO_2026-09-02,VERIFIED,2362.7268145161293,3243.6875,Copernicus_GloFAS,ERA5_V4,TANCHAU_1985_2023_FILES,SUSPECT,10.825,105.225,,False,,,MISSING,,,,,,MISSING,train_candidate,MONTHLY_FEATURE_V2_2026-10-03
TanChau,1987-06,21.0,1.0,MRC_WRUP_VN_019803,MRC_EXPORT_2026-08-31,VERIFIED,20.1,19.1,17.6,13.0,6,wet,240.7,27.58,4.667666666666666,Open-Meteo_ERA5-Land,OPENMETEO_2026-09-02,VERIFIED,14722.0609375,38546.390625,Copernicus_GloFAS,ERA5_V4,TANCHAU_1985_2023_FILES,SUSPECT,10.825,105.225,,False,,,MISSING,,,,,,MISSING,train_candidate,MONTHLY_FEATURE_V2_2026-10-03
TanChau,1987-07,,,,,,21.0,20.1,19.1,12.0,7,wet,132.5,27.674193548387095,4.952258064516129,Open-Meteo_ERA5-Land,OPENMETEO_2026-09-02,VERIFIED,24012.837197580644,31597.171875,Copernicus_GloFAS,ERA5_V4,TANCHAU_1985_2023_FILES,SUSPECT,10.825,105.225,,False,,,MISSING,,,,,,MISSING,inference_only,MONTHLY_FEATURE_V2_2026-10-03
TanChau,1987-08,,,,,,,21.0,20.1,9.7,8,wet,290.1,27.154838709677417,4.4077419354838705,Open-Meteo_ERA5-Land,OPENMETEO_2026-09-02,VERIFIED,32014.345766129034,62836.71875,Copernicus_GloFAS,ERA5_V4,TANCHAU_1985_2023_FILES,SUSPECT,10.825,105.225,,False,,,MISSING,,,,,,MISSING,inference_only,MONTHLY_FEATURE_V2_2026-10-03
TanChau,1987-09,,,,,,,,21.0,8.8,9,wet,305.1,26.96333333333333,3.5806666666666667,Open-Meteo_ERA5-Land,OPENMETEO_2026-09-02,VERIFIED,45554.684895833336,55616.625,Copernicus_GloFAS,ERA5_V4,TANCHAU_1985_2023_FILES,SUSPECT,10.825,105.225,,False,,,MISSING,,,,,,MISSING,inference_only,MONTHLY_FEATURE_V2_2026-10-03
TanChau,1987-10,13.4,1.0,MRC_WRUP_VN_019803,MRC_EXPORT_2026-08-31,VERIFIED,,,,10.2,10,wet,293.2,26.916129032258063,2.603225806451613,Open-Meteo_ERA5-Land,OPENMETEO_2026-09-02,VERIFIED,26880.15372983871,35980.109375,Copernicus_GloFAS,ERA5_V4,TANCHAU_1985_2023_FILES,SUSPECT,10.825,105.225,,False,,,MISSING,,,,,,MISSING,train_candidate,MONTHLY_FEATURE_V2_2026-10-03
TanChau,1987-11,14.1,1.0,MRC_WRUP_VN_019803,MRC_EXPORT_2026-08-31,VERIFIED,13.4,,,10.9,11,wet,305.0,26.396666666666665,2.9103333333333334,Open-Meteo_ERA5-Land,OPENMETEO_2026-09-02,VERIFIED,15218.983854166667,20688.265625,Copernicus_GloFAS,ERA5_V4,TANCHAU_1985_2023_FILES,SUSPECT,10.825,105.225,,False,,,MISSING,,,,,,MISSING,train_candidate,MONTHLY_FEATURE_V2_2026-10-03
TanChau,1987-12,13.4,1.0,MRC_WRUP_VN_019803,MRC_EXPORT_2026-08-31,VERIFIED,14.1,13.4,,11.5,12,dry,10.1,24.990322580645163,4.880967741935484,Open-Meteo_ERA5-Land,OPENMETEO_2026-09-02,VERIFIED,7986.561491935484,14215.78125,Copernicus_GloFAS,ERA5_V4,TANCHAU_1985_2023_FILES,SUSPECT,10.825,105.225,,False,,,MISSING,,,,,,MISSING,train_candidate,MONTHLY_FEATURE_V2_2026-10-03
TanChau,1988-01,13.8,1.0,MRC_WRUP_VN_019803,MRC_EXPORT_2026-08-31,VERIFIED,13.4,14.1,13.4,13.1,1,dry,6.699999999999999,27.206451612903226,3.0283870967741935,Open-Meteo_ERA5-Land,OPENMETEO_2026-09-02,VERIFIED,2765.1159274193546,4182.265625,Copernicus_GloFAS,ERA5_V4,TANCHAU_1985_2023_FILES,SUSPECT,10.825,105.225,,False,,,MISSING,,,,,,MISSING,train_candidate,MONTHLY_FEATURE_V2_2026-10-03
TanChau,1988-02,16.0,1.0,MRC_WRUP_VN_019803,MRC_EXPORT_2026-08-31,VERIFIED,13.8,13.4,14.1,14.9,2,dry,11.6,28.606896551724137,3.5324137931034483,Open-Meteo_ERA5-Land,OPENMETEO_2026-09-02,VERIFIED,1906.615301724138,2118.53125,Copernicus_GloFAS,ERA5_V4,TANCHAU_1985_2023_FILES,SUSPECT,10.825,105.225,,False,,,MISSING,,,,,,MISSING,train_candidate,MONTHLY_FEATURE_V2_2026-10-03
TanChau,1988-03,18.7,1.0,MRC_WRUP_VN_019803,MRC_EXPORT_2026-08-31,VERIFIED,16.0,13.8,13.4,17.6,3,dry,21.7,30.40967741935484,3.9735483870967743,Open-Meteo_ERA5-Land,OPENMETEO_2026-09-02,VERIFIED,1196.0665322580646,1968.21875,Copernicus_GloFAS,ERA5_V4,TANCHAU_1985_2023_FILES,SUSPECT,10.825,105.225,,False,,,MISSING,,,,,,MISSING,train_candidate,MONTHLY_FEATURE_V2_2026-10-03
TanChau,1988-04,21.6,1.0,MRC_WRUP_VN_019803,MRC_EXPORT_2026-08-31,VERIFIED,18.7,16.0,13.8,19.1,4,transition,161.1,28.776666666666664,3.0563333333333333,Open-Meteo_ERA5-Land,OPENMETEO_2026-09-02,VERIFIED,1769.3989583333334,2778.3125,Copernicus_GloFAS,ERA5_V4,TANCHAU_1985_2023_FILES,SUSPECT,10.825,105.225,,False,,,MISSING,,,,,,MISSING,train_candidate,MONTHLY_FEATURE_V2_2026-10-03
TanChau,1988-05,22.2,1.0,MRC_WRUP_VN_019803,MRC_EXPORT_2026-08-31,VERIFIED,21.6,18.7,16.0,20.1,5,transition,221.0,27.629032258064516,3.6229032258064517,Open-Meteo_ERA5-Land,OPENMETEO_2026-09-02,VERIFIED,7335.804435483871,13090.78125,Copernicus_GloFAS,ERA5_V4,TANCHAU_1985_2023_FILES,SUSPECT,10.825,105.225,,False,,,MISSING,,,,,,MISSING,train_candidate,MONTHLY_FEATURE_V2_2026-10-03
TanChau,1988-06,13.7,1.0,MRC_WRUP_VN_019803,MRC_EXPORT_2026-08-31,VERIFIED,22.2,21.6,18.7,21.0,6,wet,183.7,27.220000000000002,4.364333333333334,Open-Meteo_ERA5-Land,OPENMETEO_2026-09-02,VERIFIED,23351.195833333335,33905.84375,Copernicus_GloFAS,ERA5_V4,TANCHAU_1985_2023_FILES,SUSPECT,10.825,105.225,,False,,,MISSING,,,,,,MISSING,train_candidate,MONTHLY_FEATURE_V2_2026-10-03
TanChau,1988-07,13.8,1.0,MRC_WRUP_VN_019803,MRC_EXPORT_2026-08-31,VERIFIED,13.7,22.2,21.6,,7,wet,238.4,27.02258064516129,4.134838709677419,Open-Meteo_ERA5-Land,OPENMETEO_2026-09-02,VERIFIED,19572.045866935485,26024.515625,Copernicus_GloFAS,ERA5_V4,TANCHAU_1985_2023_FILES,SUSPECT,10.825,105.225,,False,,,MISSING,,,,,,MISSING,train_candidate,MONTHLY_FEATURE_V2_2026-10-03
TanChau,1988-08,10.8,1.0,MRC_WRUP_VN_019803,MRC_EXPORT_2026-08-31,VERIFIED,13.8,13.7,22.2,,8,wet,196.5,27.34193548387097,4.010967741935484,Open-Meteo_ERA5-Land,OPENMETEO_2026-09-02,VERIFIED,28704.75806451613,33033.203125,Copernicus_GloFAS,ERA5_V4,TANCHAU_1985_2023_FILES,SUSPECT,10.825,105.225,,False,,,MISSING,,,,,,MISSING,train_candidate,MONTHLY_FEATURE_V2_2026-10-03
TanChau,1988-09,13.4,1.0,MRC_WRUP_VN_019803,MRC_EXPORT_2026-08-31,VERIFIED,10.8,13.8,13.7,,9,wet,284.4,26.916666666666668,3.6026666666666665,Open-Meteo_ERA5-Land,OPENMETEO_2026-09-02,VERIFIED,26590.148177083334,32358.3515625,Copernicus_GloFAS,ERA5_V4,TANCHAU_1985_2023_FILES,SUSPECT,10.825,105.225,,False,,,MISSING,,,,,,MISSING,train_candidate,MONTHLY_FEATURE_V2_2026-10-03
TanChau,1988-10,9.0,1.0,MRC_WRUP_VN_019803,MRC_EXPORT_2026-08-31,VERIFIED,13.4,10.8,13.8,13.4,10,wet,229.7,26.096774193548388,3.6238709677419356,Open-Meteo_ERA5-Land,OPENMETEO_2026-09-02,VERIFIED,37492.51587701613,52790.8125,Copernicus_GloFAS,ERA5_V4,TANCHAU_1985_2023_FILES,SUSPECT,10.825,105.225,,False,,,MISSING,,,,,,MISSING,train_candidate,MONTHLY_FEATURE_V2_2026-10-03
TanChau,1988-11,11.7,1.0,MRC_WRUP_VN_019803,MRC_EXPORT_2026-08-31,VERIFIED,9.0,13.4,10.8,14.1,11,wet,95.9,25.686666666666667,4.462666666666666,Open-Meteo_ERA5-Land,OPENMETEO_2026-09-02,VERIFIED,14351.268229166666,27571.0234375,Copernicus_GloFAS,ERA5_V4,TANCHAU_1985_2023_FILES,SUSPECT,10.825,105.225,,False,,,MISSING,,,,,,MISSING,train_candidate,MONTHLY_FEATURE_V2_2026-10-03
TanChau,1988-12,12.9,1.0,MRC_WRUP_VN_019803,MRC_EXPORT_2026-08-31,VERIFIED,11.7,9.0,13.4,13.4,12,dry,4.0,25.080645161290324,3.2887096774193547,Open-Meteo_ERA5-Land,OPENMETEO_2026-09-02,VERIFIED,4765.335685483871,6830.390625,Copernicus_GloFAS,ERA5_V4,TANCHAU_1985_2023_FILES,SUSPECT,10.825,105.225,,False,,,MISSING,,,,,,MISSING,train_candidate,MONTHLY_FEATURE_V2_2026-10-03
TanChau,1989-01,15.7,1.0,MRC_WRUP_VN_019803,MRC_EXPORT_2026-08-31,VERIFIED,12.9,11.7,9.0,13.8,1,dry,19.9,27.05806451612903,3.0638709677419356,Open-Meteo_ERA5-Land,OPENMETEO_2026-09-02,VERIFIED,2467.455141129032,3469.859375,Copernicus_GloFAS,ERA5_V4,TANCHAU_1985_2023_FILES,SUSPECT,10.825,105.225,,False,,,MISSING,,,,,,MISSING,train_candidate,MONTHLY_FEATURE_V2_2026-10-03
TanChau,1989-02,16.0,1.0,MRC_WRUP_VN_019803,MRC_EXPORT_2026-08-31,VERIFIED,15.7,12.9,11.7,16.0,2,dry,0.8,26.410714285714285,3.5375,Open-Meteo_ERA5-Land,OPENMETEO_2026-09-02,VERIFIED,1851.3191964285713,2012.71875,Copernicus_GloFAS,ERA5_V4,TANCHAU_1985_2023_FILES,SUSPECT,10.825,105.225,,False,,,MISSING,,,,,,MISSING,train_candidate,MONTHLY_FEATURE_V2_2026-10-03
TanChau,1989-03,19.0,1.0,MRC_WRUP_VN_019803,MRC_EXPORT_2026-08-31,VERIFIED,16.0,15.7,12.9,18.7,3,dry,100.7,27.14516129032258,3.0283870967741935,Open-Meteo_ERA5-Land,OPENMETEO_2026-09-02,VERIFIED,1409.382056451613,2983.28125,Copernicus_GloFAS,ERA5_V4,TANCHAU_1985_2023_FILES,SUSPECT,10.825,105.225,,False,,,MISSING,,,,,,MISSING,train_candidate,MONTHLY_FEATURE_V2_2026-10-03
TanChau,1989-04,20.8,1.0,MRC_WRUP_VN_019803,MRC_EXPORT_2026-08-31,VERIFIED,19.0,16.0,15.7,21.6,4,transition,82.89999999999999,28.173333333333336,3.3956666666666666,Open-Meteo_ERA5-Land,OPENMETEO_2026-09-02,VERIFIED,2047.76875,2569.65625,Copernicus_GloFAS,ERA5_V4,TANCHAU_1985_2023_FILES,SUSPECT,10.825,105.225,,False,,,MISSING,,,,,,MISSING,train_candidate,MONTHLY_FEATURE_V2_2026-10-03
TanChau,1989-05,22.5,1.0,MRC_WRUP_VN_019803,MRC_EXPORT_2026-08-31,VERIFIED,20.8,19.0,16.0,22.2,5,transition,210.8,27.6,3.946451612903226,Open-Meteo_ERA5-Land,OPENMETEO_2026-09-02,VERIFIED,7437.662298387097,29636.09375,Copernicus_GloFAS,ERA5_V4,TANCHAU_1985_2023_FILES,SUSPECT,10.825,105.225,,False,,,MISSING,,,,,,MISSING,train_candidate,MONTHLY_FEATURE_V2_2026-10-03
TanChau,1989-06,16.0,1.0,MRC_WRUP_VN_019803,MRC_EXPORT_2026-08-31,VERIFIED,22.5,20.8,19.0,13.7,6,wet,181.9,27.27,4.087666666666666,Open-Meteo_ERA5-Land,OPENMETEO_2026-09-02,VERIFIED,20024.340625,31514.34375,Copernicus_GloFAS,ERA5_V4,TANCHAU_1985_2023_FILES,SUSPECT,10.825,105.225,,False,,,MISSING,,,,,,MISSING,train_candidate,MONTHLY_FEATURE_V2_2026-10-03
TanChau,1989-07,14.8,1.0,MRC_WRUP_VN_019803,MRC_EXPORT_2026-08-31,VERIFIED,16.0,22.5,20.8,13.8,7,wet,224.2,26.958064516129035,4.352903225806451,Open-Meteo_ERA5-Land,OPENMETEO_2026-09-02,VERIFIED,23547.707661290322,44642.125,Copernicus_GloFAS,ERA5_V4,TANCHAU_1985_2023_FILES,SUSPECT,10.825,105.225,,False,,,MISSING,,,,,,MISSING,train_candidate,MONTHLY_FEATURE_V2_2026-10-03
TanChau,1989-08,11.3,1.0,MRC_WRUP_VN_019803,MRC_EXPORT_2026-08-31,VERIFIED,14.8,16.0,22.5,10.8,8,wet,183.1,27.11935483870968,4.9722580645161285,Open-Meteo_ERA5-Land,OPENMETEO_2026-09-02,VERIFIED,34780.94254032258,39787.59375,Copernicus_GloFAS,ERA5_V4,TANCHAU_1985_2023_FILES,SUSPECT,10.825,105.225,,False,,,MISSING,,,,,,MISSING,train_candidate,MONTHLY_FEATURE_V2_2026-10-03
TanChau,1989-09,11.2,1.0,MRC_WRUP_VN_019803,MRC_EXPORT_2026-08-31,VERIFIED,11.3,14.8,16.0,13.4,9,wet,277.0,26.84333333333333,4.0280000000000005,Open-Meteo_ERA5-Land,OPENMETEO_2026-09-02,VERIFIED,35512.661458333336,39696.265625,Copernicus_GloFAS,ERA5_V4,TANCHAU_1985_2023_FILES,SUSPECT,10.825,105.225,,False,,,MISSING,,,,,,MISSING,train_candidate,MONTHLY_FEATURE_V2_2026-10-03
TanChau,1989-10,13.7,1.0,MRC_WRUP_VN_019803,MRC_EXPORT_2026-08-31,VERIFIED,11.2,11.3,14.8,9.0,10,wet,293.9,26.151612903225807,3.072903225806452,Open-Meteo_ERA5-Land,OPENMETEO_2026-09-02,VERIFIED,27407.97379032258,33361.53125,Copernicus_GloFAS,ERA5_V4,TANCHAU_1985_2023_FILES,SUSPECT,10.825,105.225,,False,,,MISSING,,,,,,MISSING,train_candidate,MONTHLY_FEATURE_V2_2026-10-03
TanChau,1989-11,14.4,1.0,MRC_WRUP_VN_019803,MRC_EXPORT_2026-08-31,VERIFIED,13.7,11.2,11.3,11.7,11,wet,108.0,26.086666666666666,3.4733333333333336,Open-Meteo_ERA5-Land,OPENMETEO_2026-09-02,VERIFIED,11376.4671875,18980.453125,Copernicus_GloFAS,ERA5_V4,TANCHAU_1985_2023_FILES,SUSPECT,10.825,105.225,,False,,,MISSING,,,,,,MISSING,train_candidate,MONTHLY_FEATURE_V2_2026-10-03
TanChau,1989-12,13.4,1.0,MRC_WRUP_VN_019803,MRC_EXPORT_2026-08-31,VERIFIED,14.4,13.7,11.2,12.9,12,dry,1.7,25.85483870967742,3.258387096774194,Open-Meteo_ERA5-Land,OPENMETEO_2026-09-02,VERIFIED,4768.149193548387,6450.609375,Copernicus_GloFAS,ERA5_V4,TANCHAU_1985_2023_FILES,SUSPECT,10.825,105.225,,False,,,MISSING,,,,,,MISSING,train_candidate,MONTHLY_FEATURE_V2_2026-10-03
TanChau,1990-01,14.2,1.0,MRC_WRUP_VN_019803,MRC_EXPORT_2026-08-31,VERIFIED,13.4,14.4,13.7,15.7,1,dry,1.5,26.822580645161292,3.0438709677419356,Open-Meteo_ERA5-Land,OPENMETEO_2026-09-02,VERIFIED,2425.2147177419356,3494.953125,Copernicus_GloFAS,ERA5_V4,TANCHAU_1985_2023_FILES,SUSPECT,10.825,105.225,,False,,,MISSING,,,,,,MISSING,train_candidate,MONTHLY_FEATURE_V2_2026-10-03
TanChau,1990-02,17.5,1.0,MRC_WRUP_VN_019803,MRC_EXPORT_2026-08-31,VERIFIED,14.2,13.4,14.4,16.0,2,dry,0.0,27.75,3.7049999999999996,Open-Meteo_ERA5-Land,OPENMETEO_2026-09-02,VERIFIED,1801.3794642857142,1935.6875,Copernicus_GloFAS,ERA5_V4,TANCHAU_1985_2023_FILES,SUSPECT,10.825,105.225,,False,,,MISSING,,,,,,MISSING,train_candidate,MONTHLY_FEATURE_V2_2026-10-03
TanChau,1990-03,21.3,1.0,MRC_WRUP_VN_019803,MRC_EXPORT_2026-08-31,VERIFIED,17.5,14.2,13.4,19.0,3,dry,15.8,28.980645161290322,3.430967741935484,Open-Meteo_ERA5-Land,OPENMETEO_2026-09-02,VERIFIED,1779.1764112903227,2465.46875,Copernicus_GloFAS,ERA5_V4,TANCHAU_1985_2023_FILES,SUSPECT,10.825,105.225,,False,,,MISSING,,,,,,MISSING,train_candidate,MONTHLY_FEATURE_V2_2026-10-03
TanChau,1990-04,22.7,1.0,MRC_WRUP_VN_019803,MRC_EXPORT_2026-08-31,VERIFIED,21.3,17.5,14.2,20.8,4,transition,32.0,30.503333333333334,3.9166666666666665,Open-Meteo_ERA5-Land,OPENMETEO_2026-09-02,VERIFIED,2543.996875,4539.125,Copernicus_GloFAS,ERA5_V4,TANCHAU_1985_2023_FILES,SUSPECT,10.825,105.225,,False,,,MISSING,,,,,,MISSING,train_candidate,MONTHLY_FEATURE_V2_2026-10-03
TanChau,1990-05,19.9,1.0,MRC_WRUP_VN_019803,MRC_EXPORT_2026-08-31,VERIFIED,22.7,21.3,17.5,22.5,5,transition,149.6,28.822580645161292,3.733548387096774,Open-Meteo_ERA5-Land,OPENMETEO_2026-09-02,VERIFIED,5162.694556451613,17111.34375,Copernicus_GloFAS,ERA5_V4,TANCHAU_1985_2023_FILES,SUSPECT,10.825,105.225,,False,,,MISSING,,,,,,MISSING,train_candidate,MONTHLY_FEATURE_V2_2026-10-03
TanChau,1990-06,16.3,1.0,MRC_WRUP_VN_019803,MRC_EXPORT_2026-08-31,VERIFIED,19.9,22.7,21.3,16.0,6,wet,112.0,27.83,4.8100000000000005,Open-Meteo_ERA5-Land,OPENMETEO_2026-09-02,VERIFIED,26208.86875,41536.78125,Copernicus_GloFAS,ERA5_V4,TANCHAU_1985_2023_FILES,SUSPECT,10.825,105.225,,False,,,MISSING,,,,,,MISSING,train_candidate,MONTHLY_FEATURE_V2_2026-10-03
TanChau,1990-07,14.2,1.0,MRC_WRUP_VN_019803,MRC_EXPORT_2026-08-31,VERIFIED,16.3,19.9,22.7,14.8,7,wet,120.9,28.09032258064516,5.032258064516129,Open-Meteo_ERA5-Land,OPENMETEO_2026-09-02,VERIFIED,30207.240927419356,36431.359375,Copernicus_GloFAS,ERA5_V4,TANCHAU_1985_2023_FILES,SUSPECT,10.825,105.225,,False,,,MISSING,,,,,,MISSING,train_candidate,MONTHLY_FEATURE_V2_2026-10-03
TanChau,1990-08,12.5,1.0,MRC_WRUP_VN_019803,MRC_EXPORT_2026-08-31,VERIFIED,14.2,16.3,19.9,11.3,8,wet,214.9,27.638709677419353,5.500645161290323,Open-Meteo_ERA5-Land,OPENMETEO_2026-09-02,VERIFIED,36159.827116935485,40969.421875,Copernicus_GloFAS,ERA5_V4,TANCHAU_1985_2023_FILES,SUSPECT,10.825,105.225,,False,,,MISSING,,,,,,MISSING,train_candidate,MONTHLY_FEATURE_V2_2026-10-03
TanChau,1990-09,9.8,1.0,MRC_WRUP_VN_019803,MRC_EXPORT_2026-08-31,VERIFIED,12.5,14.2,16.3,11.2,9,wet,243.0,27.246666666666666,4.232666666666667,Open-Meteo_ERA5-Land,OPENMETEO_2026-09-02,VERIFIED,39740.98385416667,68804.4375,Copernicus_GloFAS,ERA5_V4,TANCHAU_1985_2023_FILES,SUSPECT,10.825,105.225,,False,,,MISSING,,,,,,MISSING,train_candidate,MONTHLY_FEATURE_V2_2026-10-03
TanChau,1990-10,14.5,1.0,MRC_WRUP_VN_019803,MRC_EXPORT_2026-08-31,VERIFIED,9.8,12.5,14.2,13.7,10,wet,231.5,26.838709677419356,3.3793548387096775,Open-Meteo_ERA5-Land,OPENMETEO_2026-09-02,VERIFIED,30628.688256048386,40750.203125,Copernicus_GloFAS,ERA5_V4,TANCHAU_1985_2023_FILES,SUSPECT,10.825,105.225,,False,,,MISSING,,,,,,MISSING,train_candidate,MONTHLY_FEATURE_V2_2026-10-03
TanChau,1990-11,13.4,1.0,MRC_WRUP_VN_019803,MRC_EXPORT_2026-08-31,VERIFIED,14.5,9.8,12.5,14.4,11,wet,123.3,25.996666666666666,3.612,Open-Meteo_ERA5-Land,OPENMETEO_2026-09-02,VERIFIED,16527.37578125,30953.9375,Copernicus_GloFAS,ERA5_V4,TANCHAU_1985_2023_FILES,SUSPECT,10.825,105.225,,False,,,MISSING,,,,,,MISSING,train_candidate,MONTHLY_FEATURE_V2_2026-10-03
TanChau,1990-12,13.5,1.0,MRC_WRUP_VN_019803,MRC_EXPORT_2026-08-31,VERIFIED,13.4,14.5,9.8,13.4,12,dry,4.199999999999999,26.541935483870965,3.720322580645161,Open-Meteo_ERA5-Land,OPENMETEO_2026-09-02,VERIFIED,5340.709677419355,9041.21875,Copernicus_GloFAS,ERA5_V4,TANCHAU_1985_2023_FILES,SUSPECT,10.825,105.225,,False,,,MISSING,,,,,,MISSING,train_candidate,MONTHLY_FEATURE_V2_2026-10-03
TanChau,1991-01,14.9,1.0,MRC_WRUP_VN_019803,MRC_EXPORT_2026-08-31,VERIFIED,13.5,13.4,14.5,14.2,1,dry,2.5,27.138709677419357,2.9374193548387098,Open-Meteo_ERA5-Land,OPENMETEO_2026-09-02,VERIFIED,2509.764112903226,3482.140625,Copernicus_GloFAS,ERA5_V4,TANCHAU_1985_2023_FILES,SUSPECT,10.825,105.225,,False,,,MISSING,,,,,,MISSING,train_candidate,MONTHLY_FEATURE_V2_2026-10-03
TanChau,1991-02,15.8,1.0,MRC_WRUP_VN_019803,MRC_EXPORT_2026-08-31,VERIFIED,14.9,13.5,13.4,17.5,2,dry,2.9000000000000004,27.639285714285712,3.2782142857142857,Open-Meteo_ERA5-Land,OPENMETEO_2026-09-02,VERIFIED,1912.0066964285713,2066.59375,Copernicus_GloFAS,ERA5_V4,TANCHAU_1985_2023_FILES,SUSPECT,10.825,105.225,,False,,,MISSING,,,,,,MISSING,train_candidate,MONTHLY_FEATURE_V2_2026-10-03
TanChau,1991-03,16.9,1.0,MRC_WRUP_VN_019803,MRC_EXPORT_2026-08-31,VERIFIED,15.8,14.9,13.5,21.3,3,dry,5.0,28.651612903225807,4.0122580645161285,Open-Meteo_ERA5-Land,OPENMETEO_2026-09-02,VERIFIED,1249.780241935484,1707.46875,Copernicus_GloFAS,ERA5_V4,TANCHAU_1985_2023_FILES,SUSPECT,10.825,105.225,,False,,,MISSING,,,,,,MISSING,train_candidate,MONTHLY_FEATURE_V2_2026-10-03
TanChau,1991-04,19.5,1.0,MRC_WRUP_VN_019803,MRC_EXPORT_2026-08-31,VERIFIED,16.9,15.8,14.9,22.7,4,transition,98.39999999999999,29.290000000000003,3.301,Open-Meteo_ERA5-Land,OPENMETEO_2026-09-02,VERIFIED,1255.9885416666666,1404.28125,Copernicus_GloFAS,ERA5_V4,TANCHAU_1985_2023_FILES,SUSPECT,10.825,105.225,,False,,,MISSING,,,,,,MISSING,train_candidate,MONTHLY_FEATURE_V2_2026-10-03
TanChau,1991-05,22.0,1.0,MRC_WRUP_VN_019803,MRC_EXPORT_2026-08-31,VERIFIED,19.5,16.9,15.8,19.9,5,transition,165.3,28.164516129032258,3.1312903225806448,Open-Meteo_ERA5-Land,OPENMETEO_2026-09-02,VERIFIED,3356.328629032258,6865.3125,Copernicus_GloFAS,ERA5_V4,TANCHAU_1985_2023_FILES,SUSPECT,10.825,105.225,,False,,,MISSING,,,,,,MISSING,train_candidate,MONTHLY_FEATURE_V2_2026-10-03
TanChau,1991-06,21.0,1.0,MRC_WRUP_VN_019803,MRC_EXPORT_2026-08-31,VERIFIED,22.0,19.5,16.9,16.3,6,wet,159.5,27.69,4.088333333333334,Open-Meteo_ERA5-Land,OPENMETEO_2026-09-02,VERIFIED,11759.651041666666,18335.59375,Copernicus_GloFAS,ERA5_V4,TANCHAU_1985_2023_FILES,SUSPECT,10.825,105.225,,False,,,MISSING,,,,,,MISSING,train_candidate,MONTHLY_FEATURE_V2_2026-10-03
TanChau,1991-07,15.9,1.0,MRC_WRUP_VN_019803,MRC_EXPORT_2026-08-31,VERIFIED,21.0,22.0,19.5,14.2,7,wet,230.0,26.919354838709676,4.561290322580645,Open-Meteo_ERA5-Land,OPENMETEO_2026-09-02,VERIFIED,24114.329133064515,33744.234375,Copernicus_GloFAS,ERA5_V4,TANCHAU_1985_2023_FILES,SUSPECT,10.825,105.225,,False,,,MISSING,,,,,,MISSING,train_candidate,MONTHLY_FEATURE_V2_2026-10-03
TanChau,1991-08,10.5,1.0,MRC_WRUP_VN_019803,MRC_EXPORT_2026-08-31,VERIFIED,15.9,21.0,22.0,12.5,8,wet,213.7,26.825806451612905,5.218064516129032,Open-Meteo_ERA5-Land,OPENMETEO_2026-09-02,VERIFIED,38257.76713709677,54705.796875,Copernicus_GloFAS,ERA5_V4,TANCHAU_1985_2023_FILES,SUSPECT,10.825,105.225,,False,,,MISSING,,,,,,MISSING,train_candidate,MONTHLY_FEATURE_V2_2026-10-03
TanChau,1991-09,9.9,1.0,MRC_WRUP_VN_019803,MRC_EXPORT_2026-08-31,VERIFIED,10.5,15.9,21.0,9.8,9,wet,196.2,26.413333333333334,4.387333333333333,Open-Meteo_ERA5-Land,OPENMETEO_2026-09-02,VERIFIED,42522.7171875,54113.171875,Copernicus_GloFAS,ERA5_V4,TANCHAU_1985_2023_FILES,SUSPECT,10.825,105.225,,False,,,MISSING,,,,,,MISSING,train_candidate,MONTHLY_FEATURE_V2_2026-10-03
TanChau,1991-10,10.9,1.0,MRC_WRUP_VN_019803,MRC_EXPORT_2026-08-31,VERIFIED,9.9,10.5,15.9,14.5,10,wet,285.4,25.97741935483871,3.04,Open-Meteo_ERA5-Land,OPENMETEO_2026-09-02,VERIFIED,33959.954385080644,43950.75,Copernicus_GloFAS,ERA5_V4,TANCHAU_1985_2023_FILES,SUSPECT,10.825,105.225,,False,,,MISSING,,,,,,MISSING,train_candidate,MONTHLY_FEATURE_V2_2026-10-03
TanChau,1991-11,13.8,1.0,MRC_WRUP_VN_019803,MRC_EXPORT_2026-08-31,VERIFIED,10.9,9.9,10.5,13.4,11,wet,19.8,26.45,3.585,Open-Meteo_ERA5-Land,OPENMETEO_2026-09-02,VERIFIED,12491.096354166666,22729.9921875,Copernicus_GloFAS,ERA5_V4,TANCHAU_1985_2023_FILES,SUSPECT,10.825,105.225,,False,,,MISSING,,,,,,MISSING,train_candidate,MONTHLY_FEATURE_V2_2026-10-03
TanChau,1991-12,13.5,1.0,MRC_WRUP_VN_019803,MRC_EXPORT_2026-08-31,VERIFIED,13.8,10.9,9.9,13.5,12,dry,14.799999999999999,27.05483870967742,3.2364516129032257,Open-Meteo_ERA5-Land,OPENMETEO_2026-09-02,VERIFIED,5151.778225806452,6923.046875,Copernicus_GloFAS,ERA5_V4,TANCHAU_1985_2023_FILES,SUSPECT,10.825,105.225,,False,,,MISSING,,,,,,MISSING,train_candidate,MONTHLY_FEATURE_V2_2026-10-03
TanChau,1992-01,14.3,1.0,MRC_WRUP_VN_019803,MRC_EXPORT_2026-08-31,VERIFIED,13.5,13.8,10.9,14.9,1,dry,12.700000000000001,25.5258064516129,3.031290322580645,Open-Meteo_ERA5-Land,OPENMETEO_2026-09-02,VERIFIED,3412.9803427419356,4203.140625,Copernicus_GloFAS,ERA5_V4,TANCHAU_1985_2023_FILES,SUSPECT,10.825,105.225,,False,,,MISSING,,,,,,MISSING,train_candidate,MONTHLY_FEATURE_V2_2026-10-03
TanChau,1992-02,15.1,1.0,MRC_WRUP_VN_019803,MRC_EXPORT_2026-08-31,VERIFIED,14.3,13.5,13.8,15.8,2,dry,3.2,27.20344827586207,3.4548275862068967,Open-Meteo_ERA5-Land,OPENMETEO_2026-09-02,VERIFIED,2286.0905172413795,2661.765625,Copernicus_GloFAS,ERA5_V4,TANCHAU_1985_2023_FILES,SUSPECT,10.825,105.225,,False,,,MISSING,,,,,,MISSING,train_candidate,MONTHLY_FEATURE_V2_2026-10-03
TanChau,1992-03,18.0,1.0,MRC_WRUP_VN_019803,MRC_EXPORT_2026-08-31,VERIFIED,15.1,14.3,13.5,16.9,3,dry,1.5,29.02258064516129,3.6670967741935487,Open-Meteo_ERA5-Land,OPENMETEO_2026-09-02,VERIFIED,1315.4092741935483,1961.875,Copernicus_GloFAS,ERA5_V4,TANCHAU_1985_2023_FILES,SUSPECT,10.825,105.225,,False,,,MISSING,,,,,,MISSING,train_candidate,MONTHLY_FEATURE_V2_2026-10-03
TanChau,1992-04,19.4,1.0,MRC_WRUP_VN_019803,MRC_EXPORT_2026-08-31,VERIFIED,18.0,15.1,14.3,19.5,4,transition,51.7,29.8,3.7236666666666665,Open-Meteo_ERA5-Land,OPENMETEO_2026-09-02,VERIFIED,1490.946875,2023.53125,Copernicus_GloFAS,ERA5_V4,TANCHAU_1985_2023_FILES,SUSPECT,10.825,105.225,,False,,,MISSING,,,,,,MISSING,train_candidate,MONTHLY_FEATURE_V2_2026-10-03
TanChau,1992-05,22.8,1.0,MRC_WRUP_VN_019803,MRC_EXPORT_2026-08-31,VERIFIED,19.4,18.0,15.1,22.0,5,transition,69.0,29.870967741935484,3.927741935483871,Open-Meteo_ERA5-Land,OPENMETEO_2026-09-02,VERIFIED,2527.9475806451615,5230.0625,Copernicus_GloFAS,ERA5_V4,TANCHAU_1985_2023_FILES,SUSPECT,10.825,105.225,,False,,,MISSING,,,,,,MISSING,train_candidate,MONTHLY_FEATURE_V2_2026-10-03
TanChau,1992-06,17.7,1.0,MRC_WRUP_VN_019803,MRC_EXPORT_2026-08-31,VERIFIED,22.8,19.4,18.0,21.0,6,wet,207.1,27.733333333333334,4.687666666666667,Open-Meteo_ERA5-Land,OPENMETEO_2026-09-02,VERIFIED,11445.772395833334,27120.3125,Copernicus_GloFAS,ERA5_V4,TANCHAU_1985_2023_FILES,SUSPECT,10.825,105.225,,False,,,MISSING,,,,,,MISSING,train_candidate,MONTHLY_FEATURE_V2_2026-10-03
TanChau,1992-07,11.8,1.0,MRC_WRUP_VN_019803,MRC_EXPORT_2026-08-31,VERIFIED,17.7,22.8,19.4,15.9,7,wet,198.8,26.951612903225808,4.303870967741935,Open-Meteo_ERA5-Land,OPENMETEO_2026-09-02,VERIFIED,20551.262096774193,36291.78125,Copernicus_GloFAS,ERA5_V4,TANCHAU_1985_2023_FILES,SUSPECT,10.825,105.225,,False,,,MISSING,,,,,,MISSING,train_candidate,MONTHLY_FEATURE_V2_2026-10-03
TanChau,1992-08,12.2,1.0,MRC_WRUP_VN_019803,MRC_EXPORT_2026-08-31,VERIFIED,11.8,17.7,22.8,10.5,8,wet,200.9,27.15806451612903,4.909354838709677,Open-Meteo_ERA5-Land,OPENMETEO_2026-09-02,VERIFIED,38285.893649193546,49089.1875,Copernicus_GloFAS,ERA5_V4,TANCHAU_1985_2023_FILES,SUSPECT,10.825,105.225,,False,,,MISSING,,,,,,MISSING,train_candidate,MONTHLY_FEATURE_V2_2026-10-03
TanChau,1992-09,9.6,1.0,MRC_WRUP_VN_019803,MRC_EXPORT_2026-08-31,VERIFIED,12.2,11.8,17.7,9.9,9,wet,216.1,27.14,4.26,Open-Meteo_ERA5-Land,OPENMETEO_2026-09-02,VERIFIED,32964.027604166666,44796.5,Copernicus_GloFAS,ERA5_V4,TANCHAU_1985_2023_FILES,SUSPECT,10.825,105.225,,False,,,MISSING,,,,,,MISSING,train_candidate,MONTHLY_FEATURE_V2_2026-10-03
TanChau,1992-10,11.2,1.0,MRC_WRUP_VN_019803,MRC_EXPORT_2026-08-31,VERIFIED,9.6,12.2,11.8,10.9,10,wet,354.3,25.812903225806455,3.237741935483871,Open-Meteo_ERA5-Land,OPENMETEO_2026-09-02,VERIFIED,24996.00252016129,30758.6875,Copernicus_GloFAS,ERA5_V4,TANCHAU_1985_2023_FILES,SUSPECT,10.825,105.225,,False,,,MISSING,,,,,,MISSING,train_candidate,MONTHLY_FEATURE_V2_2026-10-03
TanChau,1992-11,12.2,1.0,MRC_WRUP_VN_019803,MRC_EXPORT_2026-08-31,VERIFIED,11.2,9.6,12.2,13.8,11,wet,50.0,25.836666666666666,4.388333333333334,Open-Meteo_ERA5-Land,OPENMETEO_2026-09-02,VERIFIED,12738.138541666667,30743.296875,Copernicus_GloFAS,ERA5_V4,TANCHAU_1985_2023_FILES,SUSPECT,10.825,105.225,,False,,,MISSING,,,,,,MISSING,train_candidate,MONTHLY_FEATURE_V2_2026-10-03
TanChau,1992-12,12.9,1.0,MRC_WRUP_VN_019803,MRC_EXPORT_2026-08-31,VERIFIED,12.2,11.2,9.6,13.5,12,dry,27.2,26.225806451612904,3.2025806451612904,Open-Meteo_ERA5-Land,OPENMETEO_2026-09-02,VERIFIED,4397.670866935484,5633.8125,Copernicus_GloFAS,ERA5_V4,TANCHAU_1985_2023_FILES,SUSPECT,10.825,105.225,,False,,,MISSING,,,,,,MISSING,train_candidate,MONTHLY_FEATURE_V2_2026-10-03
TanChau,1993-01,14.3,1.0,MRC_WRUP_VN_019803,MRC_EXPORT_2026-08-31,VERIFIED,12.9,12.2,11.2,14.3,1,dry,33.699999999999996,25.793548387096774,3.2432258064516133,Open-Meteo_ERA5-Land,OPENMETEO_2026-09-02,VERIFIED,2572.0599798387098,3749.90625,Copernicus_GloFAS,ERA5_V4,TANCHAU_1985_2023_FILES,SUSPECT,10.825,105.225,,False,,,MISSING,,,,,,MISSING,train_candidate,MONTHLY_FEATURE_V2_2026-10-03
TanChau,1993-02,15.4,1.0,MRC_WRUP_VN_019803,MRC_EXPORT_2026-08-31,VERIFIED,14.3,12.9,12.2,15.1,2,dry,0.0,26.178571428571427,3.4846428571428567,Open-Meteo_ERA5-Land,OPENMETEO_2026-09-02,VERIFIED,1848.890625,2097.6875,Copernicus_GloFAS,ERA5_V4,TANCHAU_1985_2023_FILES,SUSPECT,10.825,105.225,,False,,,MISSING,,,,,,MISSING,train_candidate,MONTHLY_FEATURE_V2_2026-10-03
TanChau,1993-03,19.0,1.0,MRC_WRUP_VN_019803,MRC_EXPORT_2026-08-31,VERIFIED,15.4,14.3,12.9,18.0,3,dry,73.6,27.603225806451615,3.7670967741935484,Open-Meteo_ERA5-Land,OPENMETEO_2026-09-02,VERIFIED,1337.4022177419354,2496.875,Copernicus_GloFAS,ERA5_V4,TANCHAU_1985_2023_FILES,SUSPECT,10.825,105.225,,False,,,MISSING,,,,,,MISSING,train_candidate,MONTHLY_FEATURE_V2_2026-10-03
TanChau,1993-04,20.3,1.0,MRC_WRUP_VN_019803,MRC_EXPORT_2026-08-31,VERIFIED,19.0,15.4,14.3,19.4,4,transition,29.9,29.15666666666667,3.476,Open-Meteo_ERA5-Land,OPENMETEO_2026-09-02,VERIFIED,1534.20625,2537.9375,Copernicus_GloFAS,ERA5_V4,TANCHAU_1985_2023_FILES,SUSPECT,10.825,105.225,,False,,,MISSING,,,,,,MISSING,train_candidate,MONTHLY_FEATURE_V2_2026-10-03
TanChau,1993-05,21.3,1.0,MRC_WRUP_VN_019803,MRC_EXPORT_2026-08-31,VERIFIED,20.3,19.0,15.4,22.8,5,transition,178.8,28.86774193548387,3.202903225806452,Open-Meteo_ERA5-Land,OPENMETEO_2026-09-02,VERIFIED,3912.5514112903224,10951.6875,Copernicus_GloFAS,ERA5_V4,TANCHAU_1985_2023_FILES,SUSPECT,10.825,105.225,,False,,,MISSING,,,,,,MISSING,train_candidate,MONTHLY_FEATURE_V2_2026-10-03
TanChau,1993-06,21.8,1.0,MRC_WRUP_VN_019803,MRC_EXPORT_2026-08-31,VERIFIED,21.3,20.3,19.0,17.7,6,wet,205.9,27.523333333333333,4.044666666666667,Open-Meteo_ERA5-Land,OPENMETEO_2026-09-02,VERIFIED,12083.6078125,24318.40625,Copernicus_GloFAS,ERA5_V4,TANCHAU_1985_2023_FILES,SUSPECT,10.825,105.225,,False,,,MISSING,,,,,,MISSING,train_candidate,MONTHLY_FEATURE_V2_2026-10-03
TanChau,1993-07,,,,,,21.8,21.3,20.3,11.8,7,wet,180.4,27.13225806451613,4.483870967741935,Open-Meteo_ERA5-Land,OPENMETEO_2026-09-02,VERIFIED,24557.194052419356,31149.234375,Copernicus_GloFAS,ERA5_V4,TANCHAU_1985_2023_FILES,SUSPECT,10.825,105.225,,False,,,MISSING,,,,,,MISSING,inference_only,MONTHLY_FEATURE_V2_2026-10-03
TanChau,1993-08,8.9,1.0,MRC_WRUP_VN_019803,MRC_EXPORT_2026-08-31,VERIFIED,,21.8,21.3,12.2,8,wet,158.8,27.09032258064516,5.190322580645161,Open-Meteo_ERA5-Land,OPENMETEO_2026-09-02,VERIFIED,28763.09677419355,31346.1875,Copernicus_GloFAS,ERA5_V4,TANCHAU_1985_2023_FILES,SUSPECT,10.825,105.225,,False,,,MISSING,,,,,,MISSING,train_candidate,MONTHLY_FEATURE_V2_2026-10-03
TanChau,1993-09,11.4,1.0,MRC_WRUP_VN_019803,MRC_EXPORT_2026-08-31,VERIFIED,8.9,,21.8,9.6,9,wet,272.8,26.496666666666666,4.115,Open-Meteo_ERA5-Land,OPENMETEO_2026-09-02,VERIFIED,34195.309895833336,37997.140625,Copernicus_GloFAS,ERA5_V4,TANCHAU_1985_2023_FILES,SUSPECT,10.825,105.225,,False,,,MISSING,,,,,,MISSING,train_candidate,MONTHLY_FEATURE_V2_2026-10-03
TanChau,1993-10,10.4,1.0,MRC_WRUP_VN_019803,MRC_EXPORT_2026-08-31,VERIFIED,11.4,8.9,,11.2,10,wet,398.9,25.906451612903226,2.9470967741935485,Open-Meteo_ERA5-Land,OPENMETEO_2026-09-02,VERIFIED,26427.046875,41097.578125,Copernicus_GloFAS,ERA5_V4,TANCHAU_1985_2023_FILES,SUSPECT,10.825,105.225,,False,,,MISSING,,,,,,MISSING,train_candidate,MONTHLY_FEATURE_V2_2026-10-03
TanChau,1993-11,13.2,1.0,MRC_WRUP_VN_019803,MRC_EXPORT_2026-08-31,VERIFIED,10.4,11.4,8.9,12.2,11,wet,98.8,26.293333333333333,3.5353333333333334,Open-Meteo_ERA5-Land,OPENMETEO_2026-09-02,VERIFIED,10301.1546875,18497.421875,Copernicus_GloFAS,ERA5_V4,TANCHAU_1985_2023_FILES,SUSPECT,10.825,105.225,,False,,,MISSING,,,,,,MISSING,train_candidate,MONTHLY_FEATURE_V2_2026-10-03
TanChau,1993-12,12.6,1.0,MRC_WRUP_VN_019803,MRC_EXPORT_2026-08-31,VERIFIED,13.2,10.4,11.4,12.9,12,dry,62.0,25.106451612903225,4.687741935483871,Open-Meteo_ERA5-Land,OPENMETEO_2026-09-02,VERIFIED,5642.857358870968,9585.5625,Copernicus_GloFAS,ERA5_V4,TANCHAU_1985_2023_FILES,SUSPECT,10.825,105.225,,False,,,MISSING,,,,,,MISSING,train_candidate,MONTHLY_FEATURE_V2_2026-10-03
TanChau,1994-01,13.3,1.0,MRC_WRUP_VN_019803,MRC_EXPORT_2026-08-31,VERIFIED,12.6,13.2,10.4,14.3,1,dry,5.8999999999999995,26.27741935483871,2.9054838709677417,Open-Meteo_ERA5-Land,OPENMETEO_2026-09-02,VERIFIED,2361.5665322580644,3674.828125,Copernicus_GloFAS,ERA5_V4,TANCHAU_1985_2023_FILES,SUSPECT,10.825,105.225,,False,,,MISSING,,,,,,MISSING,train_candidate,MONTHLY_FEATURE_V2_2026-10-03
TanChau,1994-02,14.7,1.0,MRC_WRUP_VN_019803,MRC_EXPORT_2026-08-31,VERIFIED,13.3,12.6,13.2,15.4,2,dry,1.2,27.760714285714283,3.360357142857143,Open-Meteo_ERA5-Land,OPENMETEO_2026-09-02,VERIFIED,1820.325892857143,2140.375,Copernicus_GloFAS,ERA5_V4,TANCHAU_1985_2023_FILES,SUSPECT,10.825,105.225,,False,,,MISSING,,,,,,MISSING,train_candidate,MONTHLY_FEATURE_V2_2026-10-03
TanChau,1994-03,17.5,1.0,MRC_WRUP_VN_019803,MRC_EXPORT_2026-08-31,VERIFIED,14.7,13.3,12.6,19.0,3,dry,75.1,28.258064516129032,3.4696774193548388,Open-Meteo_ERA5-Land,OPENMETEO_2026-09-02,VERIFIED,1094.0060483870968,1893.03125,Copernicus_GloFAS,ERA5_V4,TANCHAU_1985_2023_FILES,SUSPECT,10.825,105.225,,False,,,MISSING,,,,,,MISSING,train_candidate,MONTHLY_FEATURE_V2_2026-10-03
TanChau,1994-04,23.9,1.0,MRC_WRUP_VN_019803,MRC_EXPORT_2026-08-31,VERIFIED,17.5,14.7,13.3,20.3,4,transition,80.3,28.68,3.1,Open-Meteo_ERA5-Land,OPENMETEO_2026-09-02,VERIFIED,2111.1833333333334,2936.96875,Copernicus_GloFAS,ERA5_V4,TANCHAU_1985_2023_FILES,SUSPECT,10.825,105.225,,False,,,MISSING,,,,,,MISSING,train_candidate,MONTHLY_FEATURE_V2_2026-10-03
TanChau,1994-05,23.4,1.0,MRC_WRUP_VN_019803,MRC_EXPORT_2026-08-31,VERIFIED,23.9,17.5,14.7,21.3,5,transition,223.5,27.761290322580646,4.021612903225806,Open-Meteo_ERA5-Land,OPENMETEO_2026-09-02,VERIFIED,5535.2348790322585,9712.9375,Copernicus_GloFAS,ERA5_V4,TANCHAU_1985_2023_FILES,SUSPECT,10.825,105.225,,False,,,MISSING,,,,,,MISSING,train_candidate,MONTHLY_FEATURE_V2_2026-10-03
TanChau,1994-06,18.4,1.0,MRC_WRUP_VN_019803,MRC_EXPORT_2026-08-31,VERIFIED,23.4,23.9,17.5,21.8,6,wet,143.5,27.12,4.470333333333333,Open-Meteo_ERA5-Land,OPENMETEO_2026-09-02,VERIFIED,19167.135416666668,32409.65625,Copernicus_GloFAS,ERA5_V4,TANCHAU_1985_2023_FILES,SUSPECT,10.825,105.225,,False,,,MISSING,,,,,,MISSING,train_candidate,MONTHLY_FEATURE_V2_2026-10-03
TanChau,1994-07,13.6,1.0,MRC_WRUP_VN_019803,MRC_EXPORT_2026-08-31,VERIFIED,18.4,23.4,23.9,,7,wet,164.2,26.993548387096773,5.6332258064516125,Open-Meteo_ERA5-Land,OPENMETEO_2026-09-02,VERIFIED,34304.14566532258,42713.921875,Copernicus_GloFAS,ERA5_V4,TANCHAU_1985_2023_FILES,SUSPECT,10.825,105.225,,False,,,MISSING,,,,,,MISSING,train_candidate,MONTHLY_FEATURE_V2_2026-10-03
TanChau,1994-08,9.7,1.0,MRC_WRUP_VN_019803,MRC_EXPORT_2026-08-31,VERIFIED,13.6,18.4,23.4,8.9,8,wet,201.1,26.993548387096773,4.980967741935483,Open-Meteo_ERA5-Land,OPENMETEO_2026-09-02,VERIFIED,39947.9158266129,50736.40625,Copernicus_GloFAS,ERA5_V4,TANCHAU_1985_2023_FILES,SUSPECT,10.825,105.225,,False,,,MISSING,,,,,,MISSING,train_candidate,MONTHLY_FEATURE_V2_2026-10-03
TanChau,1994-09,9.0,1.0,MRC_WRUP_VN_019803,MRC_EXPORT_2026-08-31,VERIFIED,9.7,13.6,18.4,11.4,9,wet,278.0,26.3,4.636333333333334,Open-Meteo_ERA5-Land,OPENMETEO_2026-09-02,VERIFIED,45459.972395833334,54743.015625,Copernicus_GloFAS,ERA5_V4,TANCHAU_1985_2023_FILES,SUSPECT,10.825,105.225,,False,,,MISSING,,,,,,MISSING,train_candidate,MONTHLY_FEATURE_V2_2026-10-03
TanChau,1994-10,10.6,1.0,MRC_WRUP_VN_019803,MRC_EXPORT_2026-08-31,VERIFIED,9.0,9.7,13.6,10.4,10,wet,235.0,26.019354838709678,3.255483870967742,Open-Meteo_ERA5-Land,OPENMETEO_2026-09-02,VERIFIED,24950.21068548387,39050.5625,Copernicus_GloFAS,ERA5_V4,TANCHAU_1985_2023_FILES,SUSPECT,10.825,105.225,,False,,,MISSING,,,,,,MISSING,train_candidate,MONTHLY_FEATURE_V2_2026-10-03
TanChau,1994-11,11.3,1.0,MRC_WRUP_VN_019803,MRC_EXPORT_2026-08-31,VERIFIED,10.6,9.0,9.7,13.2,11,wet,10.6,27.009999999999998,3.3603333333333336,Open-Meteo_ERA5-Land,OPENMETEO_2026-09-02,VERIFIED,8424.773958333333,14672.84375,Copernicus_GloFAS,ERA5_V4,TANCHAU_1985_2023_FILES,SUSPECT,10.825,105.225,,False,,,MISSING,,,,,,MISSING,train_candidate,MONTHLY_FEATURE_V2_2026-10-03
TanChau,1994-12,12.1,1.0,MRC_WRUP_VN_019803,MRC_EXPORT_2026-08-31,VERIFIED,11.3,10.6,9.0,12.6,12,dry,22.7,26.916129032258063,3.155806451612903,Open-Meteo_ERA5-Land,OPENMETEO_2026-09-02,VERIFIED,4425.440020161291,5165.640625,Copernicus_GloFAS,ERA5_V4,TANCHAU_1985_2023_FILES,SUSPECT,10.825,105.225,,False,,,MISSING,,,,,,MISSING,train_candidate,MONTHLY_FEATURE_V2_2026-10-03
TanChau,1995-01,16.6,1.0,MRC_WRUP_VN_019803,MRC_EXPORT_2026-08-31,VERIFIED,12.1,11.3,10.6,13.3,1,dry,34.6,26.38064516129032,3.091290322580645,Open-Meteo_ERA5-Land,OPENMETEO_2026-09-02,VERIFIED,2498.9556451612902,3684.265625,Copernicus_GloFAS,ERA5_V4,TANCHAU_1985_2023_FILES,SUSPECT,10.825,105.225,,False,,,MISSING,,,,,,MISSING,train_candidate,MONTHLY_FEATURE_V2_2026-10-03
TanChau,1995-02,13.2,1.0,MRC_WRUP_VN_019803,MRC_EXPORT_2026-08-31,VERIFIED,16.6,12.1,11.3,14.7,2,dry,0.0,26.59642857142857,3.6632142857142855,Open-Meteo_ERA5-Land,OPENMETEO_2026-09-02,VERIFIED,1823.2410714285713,1976.65625,Copernicus_GloFAS,ERA5_V4,TANCHAU_1985_2023_FILES,SUSPECT,10.825,105.225,,False,,,MISSING,,,,,,MISSING,train_candidate,MONTHLY_FEATURE_V2_2026-10-03
TanChau,1995-03,16.3,1.0,MRC_WRUP_VN_019803,MRC_EXPORT_2026-08-31,VERIFIED,13.2,16.6,12.1,17.5,3,dry,45.699999999999996,28.238709677419354,3.573870967741936,Open-Meteo_ERA5-Land,OPENMETEO_2026-09-02,VERIFIED,907.3296370967741,1600.890625,Copernicus_GloFAS,ERA5_V4,TANCHAU_1985_2023_FILES,SUSPECT,10.825,105.225,,False,,,MISSING,,,,,,MISSING,train_candidate,MONTHLY_FEATURE_V2_2026-10-03
TanChau,1995-04,17.8,1.0,MRC_WRUP_VN_019803,MRC_EXPORT_2026-08-31,VERIFIED,16.3,13.2,16.6,23.9,4,transition,11.0,30.273333333333333,3.512,Open-Meteo_ERA5-Land,OPENMETEO_2026-09-02,VERIFIED,1375.5072916666666,1864.3125,Copernicus_GloFAS,ERA5_V4,TANCHAU_1985_2023_FILES,SUSPECT,10.825,105.225,,False,,,MISSING,,,,,,MISSING,train_candidate,MONTHLY_FEATURE_V2_2026-10-03
TanChau,1995-05,21.5,1.0,MRC_WRUP_VN_019803,MRC_EXPORT_2026-08-31,VERIFIED,17.8,16.3,13.2,23.4,5,transition,91.2,29.19677419354839,3.836129032258065,Open-Meteo_ERA5-Land,OPENMETEO_2026-09-02,VERIFIED,3866.7731854838707,8408.84375,Copernicus_GloFAS,ERA5_V4,TANCHAU_1985_2023_FILES,SUSPECT,10.825,105.225,,False,,,MISSING,,,,,,MISSING,train_candidate,MONTHLY_FEATURE_V2_2026-10-03
TanChau,1995-06,21.0,1.0,MRC_WRUP_VN_019803,MRC_EXPORT_2026-08-31,VERIFIED,21.5,17.8,16.3,18.4,6,wet,135.9,28.246666666666666,4.4543333333333335,Open-Meteo_ERA5-Land,OPENMETEO_2026-09-02,VERIFIED,12267.280208333334,17768.8125,Copernicus_GloFAS,ERA5_V4,TANCHAU_1985_2023_FILES,SUSPECT,10.825,105.225,,False,,,MISSING,,,,,,MISSING,train_candidate,MONTHLY_FEATURE_V2_2026-10-03
TanChau,1995-07,,,,,,21.0,21.5,17.8,13.6,7,wet,233.0,27.09032258064516,4.338709677419355,Open-Meteo_ERA5-Land,OPENMETEO_2026-09-02,VERIFIED,24175.015120967742,27925.75,Copernicus_GloFAS,ERA5_V4,TANCHAU_1985_2023_FILES,SUSPECT,10.825,105.225,,False,,,MISSING,,,,,,MISSING,inference_only,MONTHLY_FEATURE_V2_2026-10-03
TanChau,1995-08,10.3,1.0,MRC_WRUP_VN_019803,MRC_EXPORT_2026-08-31,VERIFIED,,21.0,21.5,9.7,8,wet,258.8,27.067741935483873,4.34516129032258,Open-Meteo_ERA5-Land,OPENMETEO_2026-09-02,VERIFIED,35179.090725806454,52736.78125,Copernicus_GloFAS,ERA5_V4,TANCHAU_1985_2023_FILES,SUSPECT,10.825,105.225,,False,,,MISSING,,,,,,MISSING,train_candidate,MONTHLY_FEATURE_V2_2026-10-03
TanChau,1995-09,,,,,,10.3,,21.0,9.0,9,wet,312.9,26.303333333333335,3.8310000000000004,Open-Meteo_ERA5-Land,OPENMETEO_2026-09-02,VERIFIED,45890.84609375,53506.5703125,Copernicus_GloFAS,ERA5_V4,TANCHAU_1985_2023_FILES,SUSPECT,10.825,105.225,,False,,,MISSING,,,,,,MISSING,inference_only,MONTHLY_FEATURE_V2_2026-10-03
TanChau,1995-10,10.9,1.0,MRC_WRUP_VN_019803,MRC_EXPORT_2026-08-31,VERIFIED,,10.3,,10.6,10,wet,239.2,26.783870967741933,3.321935483870968,Open-Meteo_ERA5-Land,OPENMETEO_2026-09-02,VERIFIED,31029.329637096773,39566.46875,Copernicus_GloFAS,ERA5_V4,TANCHAU_1985_2023_FILES,SUSPECT,10.825,105.225,,False,,,MISSING,,,,,,MISSING,train_candidate,MONTHLY_FEATURE_V2_2026-10-03
TanChau,1995-11,15.1,1.0,MRC_WRUP_VN_019803,MRC_EXPORT_2026-08-31,VERIFIED,10.9,,10.3,11.3,11,wet,93.1,26.509999999999998,3.6703333333333332,Open-Meteo_ERA5-Land,OPENMETEO_2026-09-02,VERIFIED,13249.812760416668,24869.3984375,Copernicus_GloFAS,ERA5_V4,TANCHAU_1985_2023_FILES,SUSPECT,10.825,105.225,,False,,,MISSING,,,,,,MISSING,train_candidate,MONTHLY_FEATURE_V2_2026-10-03
TanChau,1995-12,14.4,1.0,MRC_WRUP_VN_019803,MRC_EXPORT_2026-08-31,VERIFIED,15.1,10.9,,12.1,12,dry,30.6,25.67096774193548,4.6490322580645165,Open-Meteo_ERA5-Land,OPENMETEO_2026-09-02,VERIFIED,5063.1300403225805,6801.265625,Copernicus_GloFAS,ERA5_V4,TANCHAU_1985_2023_FILES,SUSPECT,10.825,105.225,,False,,,MISSING,,,,,,MISSING,train_candidate,MONTHLY_FEATURE_V2_2026-10-03
TanChau,1996-01,13.7,1.0,MRC_WRUP_VN_019803,MRC_EXPORT_2026-08-31,VERIFIED,14.4,15.1,10.9,16.6,1,dry,30.1,25.887096774193548,2.9561290322580644,Open-Meteo_ERA5-Land,OPENMETEO_2026-09-02,VERIFIED,2523.624495967742,3722.3125,Copernicus_GloFAS,ERA5_V4,TANCHAU_1985_2023_FILES,SUSPECT,10.825,105.225,,False,,,MISSING,,,,,,MISSING,train_candidate,MONTHLY_FEATURE_V2_2026-10-03
TanChau,1996-02,13.8,1.0,MRC_WRUP_VN_019803,MRC_EXPORT_2026-08-31,VERIFIED,13.7,14.4,15.1,13.2,2,dry,2.2,27.29310344827586,3.7924137931034485,Open-Meteo_ERA5-Land,OPENMETEO_2026-09-02,VERIFIED,1867.3480603448277,1961.46875,Copernicus_GloFAS,ERA5_V4,TANCHAU_1985_2023_FILES,SUSPECT,10.825,105.225,,False,,,MISSING,,,,,,MISSING,train_candidate,MONTHLY_FEATURE_V2_2026-10-03
TanChau,1996-03,15.9,1.0,MRC_WRUP_VN_019803,MRC_EXPORT_2026-08-31,VERIFIED,13.8,13.7,14.4,16.3,3,dry,2.6,29.200000000000003,3.8464516129032256,Open-Meteo_ERA5-Land,OPENMETEO_2026-09-02,VERIFIED,1069.1733870967741,1832.34375,Copernicus_GloFAS,ERA5_V4,TANCHAU_1985_2023_FILES,SUSPECT,10.825,105.225,,False,,,MISSING,,,,,,MISSING,train_candidate,MONTHLY_FEATURE_V2_2026-10-03
TanChau,1996-04,18.5,1.0,MRC_WRUP_VN_019803,MRC_EXPORT_2026-08-31,VERIFIED,15.9,13.8,13.7,17.8,4,transition,108.3,28.64333333333333,3.1233333333333335,Open-Meteo_ERA5-Land,OPENMETEO_2026-09-02,VERIFIED,2154.13125,3242.875,Copernicus_GloFAS,ERA5_V4,TANCHAU_1985_2023_FILES,SUSPECT,10.825,105.225,,False,,,MISSING,,,,,,MISSING,train_candidate,MONTHLY_FEATURE_V2_2026-10-03
TanChau,1996-05,19.7,1.0,MRC_WRUP_VN_019803,MRC_EXPORT_2026-08-31,VERIFIED,18.5,15.9,13.8,21.5,5,transition,195.29999999999998,27.725806451612904,3.8316129032258064,Open-Meteo_ERA5-Land,OPENMETEO_2026-09-02,VERIFIED,9696.010080645161,21215.0,Copernicus_GloFAS,ERA5_V4,TANCHAU_1985_2023_FILES,SUSPECT,10.825,105.225,,False,,,MISSING,,,,,,MISSING,train_candidate,MONTHLY_FEATURE_V2_2026-10-03
TanChau,1996-06,12.8,1.0,MRC_WRUP_VN_019803,MRC_EXPORT_2026-08-31,VERIFIED,19.7,18.5,15.9,21.0,6,wet,179.3,27.2,3.554333333333333,Open-Meteo_ERA5-Land,OPENMETEO_2026-09-02,VERIFIED,12911.880208333334,18999.46875,Copernicus_GloFAS,ERA5_V4,TANCHAU_1985_2023_FILES,SUSPECT,10.825,105.225,,False,,,MISSING,,,,,,MISSING,train_candidate,MONTHLY_FEATURE_V2_2026-10-03
TanChau,1996-07,13.0,1.0,MRC_WRUP_VN_019803,MRC_EXPORT_2026-08-31,VERIFIED,12.8,19.7,18.5,,7,wet,206.5,26.925806451612903,4.5287096774193545,Open-Meteo_ERA5-Land,OPENMETEO_2026-09-02,VERIFIED,18585.98739919355,37414.296875,Copernicus_GloFAS,ERA5_V4,TANCHAU_1985_2023_FILES,SUSPECT,10.825,105.225,,False,,,MISSING,,,,,,MISSING,train_candidate,MONTHLY_FEATURE_V2_2026-10-03
TanChau,1996-08,9.6,1.0,MRC_WRUP_VN_019803,MRC_EXPORT_2026-08-31,VERIFIED,13.0,12.8,19.7,10.3,8,wet,211.4,27.225806451612904,4.385483870967741,Open-Meteo_ERA5-Land,OPENMETEO_2026-09-02,VERIFIED,31174.342741935485,44784.578125,Copernicus_GloFAS,ERA5_V4,TANCHAU_1985_2023_FILES,SUSPECT,10.825,105.225,,False,,,MISSING,,,,,,MISSING,train_candidate,MONTHLY_FEATURE_V2_2026-10-03
TanChau,1996-09,10.7,1.0,MRC_WRUP_VN_019803,MRC_EXPORT_2026-08-31,VERIFIED,9.6,13.0,12.8,,9,wet,309.5,26.71333333333333,4.551,Open-Meteo_ERA5-Land,OPENMETEO_2026-09-02,VERIFIED,44651.9296875,63184.453125,Copernicus_GloFAS,ERA5_V4,TANCHAU_1985_2023_FILES,SUSPECT,10.825,105.225,,False,,,MISSING,,,,,,MISSING,train_candidate,MONTHLY_FEATURE_V2_2026-10-03
TanChau,1996-10,10.1,1.0,MRC_WRUP_VN_019803,MRC_EXPORT_2026-08-31,VERIFIED,10.7,9.6,13.0,10.9,10,wet,319.5,26.251612903225805,3.0503225806451613,Open-Meteo_ERA5-Land,OPENMETEO_2026-09-02,VERIFIED,32759.196068548386,51179.5,Copernicus_GloFAS,ERA5_V4,TANCHAU_1985_2023_FILES,SUSPECT,10.825,105.225,,False,,,MISSING,,,,,,MISSING,train_candidate,MONTHLY_FEATURE_V2_2026-10-03
TanChau,1996-11,10.2,1.0,MRC_WRUP_VN_019803,MRC_EXPORT_2026-08-31,VERIFIED,10.1,10.7,9.6,15.1,11,wet,248.29999999999998,26.09333333333333,3.618333333333333,Open-Meteo_ERA5-Land,OPENMETEO_2026-09-02,VERIFIED,21039.200520833332,38676.796875,Copernicus_GloFAS,ERA5_V4,TANCHAU_1985_2023_FILES,SUSPECT,10.825,105.225,,False,,,MISSING,,,,,,MISSING,train_candidate,MONTHLY_FEATURE_V2_2026-10-03
TanChau,1996-12,11.5,1.0,MRC_WRUP_VN_019803,MRC_EXPORT_2026-08-31,VERIFIED,10.2,10.1,10.7,14.4,12,dry,97.0,24.719354838709677,4.154516129032258,Open-Meteo_ERA5-Land,OPENMETEO_2026-09-02,VERIFIED,6986.992943548387,10544.484375,Copernicus_GloFAS,ERA5_V4,TANCHAU_1985_2023_FILES,SUSPECT,10.825,105.225,,False,,,MISSING,,,,,,MISSING,train_candidate,MONTHLY_FEATURE_V2_2026-10-03
TanChau,1997-01,13.3,1.0,MRC_WRUP_VN_019803,MRC_EXPORT_2026-08-31,VERIFIED,11.5,10.2,10.1,13.7,1,dry,0.30000000000000004,24.75483870967742,2.959032258064516,Open-Meteo_ERA5-Land,OPENMETEO_2026-09-02,VERIFIED,2796.6532258064517,4737.890625,Copernicus_GloFAS,ERA5_V4,TANCHAU_1985_2023_FILES,SUSPECT,10.825,105.225,,False,,,MISSING,,,,,,MISSING,train_candidate,MONTHLY_FEATURE_V2_2026-10-03
TanChau,1997-02,12.2,1.0,MRC_WRUP_VN_019803,MRC_EXPORT_2026-08-31,VERIFIED,13.3,11.5,10.2,13.8,2,dry,46.900000000000006,26.817857142857143,3.1110714285714285,Open-Meteo_ERA5-Land,OPENMETEO_2026-09-02,VERIFIED,2475.0608258928573,3171.625,Copernicus_GloFAS,ERA5_V4,TANCHAU_1985_2023_FILES,SUSPECT,10.825,105.225,,False,,,MISSING,,,,,,MISSING,train_candidate,MONTHLY_FEATURE_V2_2026-10-03
TanChau,1997-03,12.9,1.0,MRC_WRUP_VN_019803,MRC_EXPORT_2026-08-31,VERIFIED,12.2,13.3,11.5,15.9,3,dry,5.6000000000000005,28.351612903225806,3.5412903225806454,Open-Meteo_ERA5-Land,OPENMETEO_2026-09-02,VERIFIED,1226.7207661290322,2071.3125,Copernicus_GloFAS,ERA5_V4,TANCHAU_1985_2023_FILES,SUSPECT,10.825,105.225,,False,,,MISSING,,,,,,MISSING,train_candidate,MONTHLY_FEATURE_V2_2026-10-03
TanChau,1997-04,16.0,1.0,MRC_WRUP_VN_019803,MRC_EXPORT_2026-08-31,VERIFIED,12.9,12.2,13.3,18.5,4,transition,64.2,28.926666666666666,2.9346666666666668,Open-Meteo_ERA5-Land,OPENMETEO_2026-09-02,VERIFIED,2672.764583333333,6092.46875,Copernicus_GloFAS,ERA5_V4,TANCHAU_1985_2023_FILES,SUSPECT,10.825,105.225,,False,,,MISSING,,,,,,MISSING,train_candidate,MONTHLY_FEATURE_V2_2026-10-03
TanChau,1997-05,18.1,1.0,MRC_WRUP_VN_019803,MRC_EXPORT_2026-08-31,VERIFIED,16.0,12.9,12.2,19.7,5,transition,143.79999999999998,28.19677419354839,3.92,Open-Meteo_ERA5-Land,OPENMETEO_2026-09-02,VERIFIED,5910.676411290323,14765.0625,Copernicus_GloFAS,ERA5_V4,TANCHAU_1985_2023_FILES,SUSPECT,10.825,105.225,,False,,,MISSING,,,,,,MISSING,train_candidate,MONTHLY_FEATURE_V2_2026-10-03
TanChau,1997-06,14.2,1.0,MRC_WRUP_VN_019803,MRC_EXPORT_2026-08-31,VERIFIED,18.1,16.0,12.9,12.8,6,wet,116.1,27.816666666666666,4.730333333333333,Open-Meteo_ERA5-Land,OPENMETEO_2026-09-02,VERIFIED,9475.259895833333,18751.515625,Copernicus_GloFAS,ERA5_V4,TANCHAU_1985_2023_FILES,SUSPECT,10.825,105.225,,False,,,MISSING,,,,,,MISSING,train_candidate,MONTHLY_FEATURE_V2_2026-10-03
TanChau,1997-07,12.1,1.0,MRC_WRUP_VN_019803,MRC_EXPORT_2026-08-31,VERIFIED,14.2,18.1,16.0,13.0,7,wet,284.4,26.77741935483871,4.854516129032258,Open-Meteo_ERA5-Land,OPENMETEO_2026-09-02,VERIFIED,26587.53377016129,44654.5625,Copernicus_GloFAS,ERA5_V4,TANCHAU_1985_2023_FILES,SUSPECT,10.825,105.225,,False,,,MISSING,,,,,,MISSING,train_candidate,MONTHLY_FEATURE_V2_2026-10-03
TanChau,1997-08,8.3,1.0,MRC_WRUP_VN_019803,MRC_EXPORT_2026-08-31,VERIFIED,12.1,14.2,18.1,9.6,8,wet,182.9,27.05806451612903,5.356129032258064,Open-Meteo_ERA5-Land,OPENMETEO_2026-09-02,VERIFIED,43303.99420362903,63486.515625,Copernicus_GloFAS,ERA5_V4,TANCHAU_1985_2023_FILES,SUSPECT,10.825,105.225,,False,,,MISSING,,,,,,MISSING,train_candidate,MONTHLY_FEATURE_V2_2026-10-03
TanChau,1997-09,11.1,1.0,MRC_WRUP_VN_019803,MRC_EXPORT_2026-08-31,VERIFIED,8.3,12.1,14.2,10.7,9,wet,238.0,27.0,3.627666666666667,Open-Meteo_ERA5-Land,OPENMETEO_2026-09-02,VERIFIED,37807.63046875,60411.9765625,Copernicus_GloFAS,ERA5_V4,TANCHAU_1985_2023_FILES,SUSPECT,10.825,105.225,,False,,,MISSING,,,,,,MISSING,train_candidate,MONTHLY_FEATURE_V2_2026-10-03
TanChau,1997-10,10.7,1.0,MRC_WRUP_VN_019803,MRC_EXPORT_2026-08-31,VERIFIED,11.1,8.3,12.1,10.1,10,wet,195.7,26.958064516129035,2.945806451612903,Open-Meteo_ERA5-Land,OPENMETEO_2026-09-02,VERIFIED,26791.26814516129,42247.0625,Copernicus_GloFAS,ERA5_V4,TANCHAU_1985_2023_FILES,SUSPECT,10.825,105.225,,False,,,MISSING,,,,,,MISSING,train_candidate,MONTHLY_FEATURE_V2_2026-10-03
TanChau,1997-11,10.6,1.0,MRC_WRUP_VN_019803,MRC_EXPORT_2026-08-31,VERIFIED,10.7,11.1,8.3,10.2,11,wet,89.5,26.973333333333336,3.0723333333333334,Open-Meteo_ERA5-Land,OPENMETEO_2026-09-02,VERIFIED,9870.553385416666,15831.734375,Copernicus_GloFAS,ERA5_V4,TANCHAU_1985_2023_FILES,SUSPECT,10.825,105.225,,False,,,MISSING,,,,,,MISSING,train_candidate,MONTHLY_FEATURE_V2_2026-10-03
TanChau,1997-12,11.9,1.0,MRC_WRUP_VN_019803,MRC_EXPORT_2026-08-31,VERIFIED,10.6,10.7,11.1,11.5,12,dry,2.5,27.68064516129032,3.099354838709677,Open-Meteo_ERA5-Land,OPENMETEO_2026-09-02,VERIFIED,3812.163558467742,5071.2578125,Copernicus_GloFAS,ERA5_V4,TANCHAU_1985_2023_FILES,SUSPECT,10.825,105.225,,False,,,MISSING,,,,,,MISSING,train_candidate,MONTHLY_FEATURE_V2_2026-10-03
TanChau,1998-01,14.1,1.0,MRC_WRUP_VN_019803,MRC_EXPORT_2026-08-31,VERIFIED,11.9,10.6,10.7,13.3,1,dry,0.1,28.17096774193548,3.450322580645161,Open-Meteo_ERA5-Land,OPENMETEO_2026-09-02,VERIFIED,2077.4485887096776,2995.03125,Copernicus_GloFAS,ERA5_V4,TANCHAU_1985_2023_FILES,SUSPECT,10.825,105.225,,False,,,MISSING,,,,,,MISSING,train_candidate,MONTHLY_FEATURE_V2_2026-10-03
TanChau,1998-02,,,,,,14.1,11.9,10.6,12.2,2,dry,0.9,28.67142857142857,3.6682142857142854,Open-Meteo_ERA5-Land,OPENMETEO_2026-09-02,VERIFIED,1597.376674107143,1640.953125,Copernicus_GloFAS,ERA5_V4,TANCHAU_1985_2023_FILES,SUSPECT,10.825,105.225,,False,,,MISSING,,,,,,MISSING,inference_only,MONTHLY_FEATURE_V2_2026-10-03
TanChau,1998-03,,,,,,,14.1,11.9,12.9,3,dry,0.0,30.206451612903226,4.161935483870968,Open-Meteo_ERA5-Land,OPENMETEO_2026-09-02,VERIFIED,712.218245967742,1454.625,Copernicus_GloFAS,ERA5_V4,TANCHAU_1985_2023_FILES,SUSPECT,10.825,105.225,,False,,,MISSING,,,,,,MISSING,inference_only,MONTHLY_FEATURE_V2_2026-10-03
TanChau,1998-04,,,,,,,,14.1,16.0,4,transition,28.5,30.586666666666666,3.5236666666666663,Open-Meteo_ERA5-Land,OPENMETEO_2026-09-02,VERIFIED,715.1760416666667,1950.84375,Copernicus_GloFAS,ERA5_V4,TANCHAU_1985_2023_FILES,SUSPECT,10.825,105.225,,False,,,MISSING,,,,,,MISSING,inference_only,MONTHLY_FEATURE_V2_2026-10-03
TanChau,1998-05,19.5,1.0,MRC_WRUP_VN_019803,MRC_EXPORT_2026-08-31,VERIFIED,,,,18.1,5,transition,94.5,30.425806451612903,3.9764516129032255,Open-Meteo_ERA5-Land,OPENMETEO_2026-09-02,VERIFIED,2441.4022177419356,8581.59375,Copernicus_GloFAS,ERA5_V4,TANCHAU_1985_2023_FILES,SUSPECT,10.825,105.225,,False,,,MISSING,,,,,,MISSING,train_candidate,MONTHLY_FEATURE_V2_2026-10-03
TanChau,1998-06,,,,,,19.5,,,14.2,6,wet,238.8,27.82,4.497333333333334,Open-Meteo_ERA5-Land,OPENMETEO_2026-09-02,VERIFIED,9544.681770833333,15093.25,Copernicus_GloFAS,ERA5_V4,TANCHAU_1985_2023_FILES,SUSPECT,10.825,105.225,,False,,,MISSING,,,,,,MISSING,inference_only,MONTHLY_FEATURE_V2_2026-10-03
TanChau,1998-07,,,,,,,19.5,,12.1,7,wet,216.1,27.806451612903224,3.8796774193548385,Open-Meteo_ERA5-Land,OPENMETEO_2026-09-02,VERIFIED,17244.00302419355,21090.859375,Copernicus_GloFAS,ERA5_V4,TANCHAU_1985_2023_FILES,SUSPECT,10.825,105.225,,False,,,MISSING,,,,,,MISSING,inference_only,MONTHLY_FEATURE_V2_2026-10-03
TanChau,1998-08,13.3,1.0,MRC_WRUP_VN_019803,MRC_EXPORT_2026-08-31,VERIFIED,,,19.5,8.3,8,wet,290.1,27.44516129032258,3.914193548387097,Open-Meteo_ERA5-Land,OPENMETEO_2026-09-02,VERIFIED,22072.891129032258,29399.171875,Copernicus_GloFAS,ERA5_V4,TANCHAU_1985_2023_FILES,SUSPECT,10.825,105.225,,False,,,MISSING,,,,,,MISSING,train_candidate,MONTHLY_FEATURE_V2_2026-10-03
TanChau,1998-09,14.7,1.0,MRC_WRUP_VN_019803,MRC_EXPORT_2026-08-31,VERIFIED,13.3,,,11.1,9,wet,328.9,26.676666666666666,4.124666666666666,Open-Meteo_ERA5-Land,OPENMETEO_2026-09-02,VERIFIED,28670.764322916668,44193.71875,Copernicus_GloFAS,ERA5_V4,TANCHAU_1985_2023_FILES,SUSPECT,10.825,105.225,,False,,,MISSING,,,,,,MISSING,train_candidate,MONTHLY_FEATURE_V2_2026-10-03
TanChau,1998-10,11.6,1.0,MRC_WRUP_VN_019803,MRC_EXPORT_2026-08-31,VERIFIED,14.7,13.3,,10.7,10,wet,280.0,26.432258064516127,3.08,Open-Meteo_ERA5-Land,OPENMETEO_2026-09-02,VERIFIED,25325.20010080645,47365.4375,Copernicus_GloFAS,ERA5_V4,TANCHAU_1985_2023_FILES,SUSPECT,10.825,105.225,,False,,,MISSING,,,,,,MISSING,train_candidate,MONTHLY_FEATURE_V2_2026-10-03
TanChau,1998-11,13.7,1.0,MRC_WRUP_VN_019803,MRC_EXPORT_2026-08-31,VERIFIED,11.6,14.7,13.3,10.6,11,wet,196.8,26.006666666666668,3.5603333333333333,Open-Meteo_ERA5-Land,OPENMETEO_2026-09-02,VERIFIED,12265.954427083334,21066.25,Copernicus_GloFAS,ERA5_V4,TANCHAU_1985_2023_FILES,SUSPECT,10.825,105.225,,False,,,MISSING,,,,,,MISSING,train_candidate,MONTHLY_FEATURE_V2_2026-10-03
TanChau,1998-12,,,,,,13.7,11.6,14.7,11.9,12,dry,113.8,24.93548387096774,4.066129032258065,Open-Meteo_ERA5-Land,OPENMETEO_2026-09-02,VERIFIED,8976.447580645161,17061.640625,Copernicus_GloFAS,ERA5_V4,TANCHAU_1985_2023_FILES,SUSPECT,10.825,105.225,,False,,,MISSING,,,,,,MISSING,inference_only,MONTHLY_FEATURE_V2_2026-10-03
TanChau,1999-01,,,,,,,13.7,11.6,14.1,1,dry,77.9,25.596774193548388,3.242903225806452,Open-Meteo_ERA5-Land,OPENMETEO_2026-09-02,VERIFIED,2656.0660282258063,4396.6875,Copernicus_GloFAS,ERA5_V4,TANCHAU_1985_2023_FILES,SUSPECT,10.825,105.225,,False,,,MISSING,,,,,,MISSING,inference_only,MONTHLY_FEATURE_V2_2026-10-03
TanChau,1999-02,15.4,1.0,MRC_WRUP_VN_019803,MRC_EXPORT_2026-08-31,VERIFIED,,,13.7,,2,dry,37.7,26.085714285714285,3.1007142857142855,Open-Meteo_ERA5-Land,OPENMETEO_2026-09-02,VERIFIED,1792.1205357142858,2131.8125,Copernicus_GloFAS,ERA5_V4,TANCHAU_1985_2023_FILES,SUSPECT,10.825,105.225,,False,,,MISSING,,,,,,MISSING,train_candidate,MONTHLY_FEATURE_V2_2026-10-03
TanChau,1999-03,17.4,1.0,MRC_WRUP_VN_019803,MRC_EXPORT_2026-08-31,VERIFIED,15.4,,,,3,dry,52.4,28.38064516129032,3.3593548387096774,Open-Meteo_ERA5-Land,OPENMETEO_2026-09-02,VERIFIED,856.6149193548387,1472.40625,Copernicus_GloFAS,ERA5_V4,TANCHAU_1985_2023_FILES,SUSPECT,10.825,105.225,,False,,,MISSING,,,,,,MISSING,train_candidate,MONTHLY_FEATURE_V2_2026-10-03
TanChau,1999-04,18.7,1.0,MRC_WRUP_VN_019803,MRC_EXPORT_2026-08-31,VERIFIED,17.4,15.4,,,4,transition,237.7,27.223333333333336,3.2986666666666666,Open-Meteo_ERA5-Land,OPENMETEO_2026-09-02,VERIFIED,3566.63125,7682.375,Copernicus_GloFAS,ERA5_V4,TANCHAU_1985_2023_FILES,SUSPECT,10.825,105.225,,False,,,MISSING,,,,,,MISSING,train_candidate,MONTHLY_FEATURE_V2_2026-10-03
TanChau,1999-05,15.2,1.0,MRC_WRUP_VN_019803,MRC_EXPORT_2026-08-31,VERIFIED,18.7,17.4,15.4,19.5,5,transition,302.7,26.72258064516129,3.427096774193548,Open-Meteo_ERA5-Land,OPENMETEO_2026-09-02,VERIFIED,13279.038306451614,16558.53125,Copernicus_GloFAS,ERA5_V4,TANCHAU_1985_2023_FILES,SUSPECT,10.825,105.225,,False,,,MISSING,,,,,,MISSING,train_candidate,MONTHLY_FEATURE_V2_2026-10-03
TanChau,1999-06,8.12,1.0,MRC_WRUP_VN_019803,MRC_EXPORT_2026-08-31,VERIFIED,15.2,18.7,17.4,,6,wet,217.1,26.279999999999998,4.64,Open-Meteo_ERA5-Land,OPENMETEO_2026-09-02,VERIFIED,22767.783333333333,28428.5,Copernicus_GloFAS,ERA5_V4,TANCHAU_1985_2023_FILES,SUSPECT,10.825,105.225,,False,,,MISSING,,,,,,MISSING,train_candidate,MONTHLY_FEATURE_V2_2026-10-03
TanChau,1999-07,10.3,1.0,MRC_WRUP_VN_019803,MRC_EXPORT_2026-08-31,VERIFIED,8.12,15.2,18.7,,7,wet,212.9,26.52258064516129,5.1577419354838705,Open-Meteo_ERA5-Land,OPENMETEO_2026-09-02,VERIFIED,21231.587197580644,37861.015625,Copernicus_GloFAS,ERA5_V4,TANCHAU_1985_2023_FILES,SUSPECT,10.825,105.225,,False,,,MISSING,,,,,,MISSING,train_candidate,MONTHLY_FEATURE_V2_2026-10-03
TanChau,1999-08,9.42,1.0,MRC_WRUP_VN_019803,MRC_EXPORT_2026-08-31,VERIFIED,10.3,8.12,15.2,13.3,8,wet,177.4,26.9,4.434516129032258,Open-Meteo_ERA5-Land,OPENMETEO_2026-09-02,VERIFIED,29877.561491935485,47659.65625,Copernicus_GloFAS,ERA5_V4,TANCHAU_1985_2023_FILES,SUSPECT,10.825,105.225,,False,,,MISSING,,,,,,MISSING,train_candidate,MONTHLY_FEATURE_V2_2026-10-03
TanChau,1999-09,12.7,1.0,MRC_WRUP_VN_019803,MRC_EXPORT_2026-08-31,VERIFIED,9.42,10.3,8.12,14.7,9,wet,182.4,26.866666666666667,3.871,Open-Meteo_ERA5-Land,OPENMETEO_2026-09-02,VERIFIED,30285.8328125,34529.0,Copernicus_GloFAS,ERA5_V4,TANCHAU_1985_2023_FILES,SUSPECT,10.825,105.225,,False,,,MISSING,,,,,,MISSING,train_candidate,MONTHLY_FEATURE_V2_2026-10-03
TanChau,1999-10,11.3,1.0,MRC_WRUP_VN_019803,MRC_EXPORT_2026-08-31,VERIFIED,12.7,9.42,10.3,11.6,10,wet,337.5,26.364516129032257,3.14,Open-Meteo_ERA5-Land,OPENMETEO_2026-09-02,VERIFIED,24620.775453629034,33631.21875,Copernicus_GloFAS,ERA5_V4,TANCHAU_1985_2023_FILES,SUSPECT,10.825,105.225,,False,,,MISSING,,,,,,MISSING,train_candidate,MONTHLY_FEATURE_V2_2026-10-03
TanChau,1999-11,15.6,1.0,MRC_WRUP_VN_019803,MRC_EXPORT_2026-08-31,VERIFIED,11.3,12.7,9.42,13.7,11,wet,182.6,26.05,3.168,Open-Meteo_ERA5-Land,OPENMETEO_2026-09-02,VERIFIED,23411.010677083334,48508.453125,Copernicus_GloFAS,ERA5_V4,TANCHAU_1985_2023_FILES,SUSPECT,10.825,105.225,,False,,,MISSING,,,,,,MISSING,train_candidate,MONTHLY_FEATURE_V2_2026-10-03
TanChau,1999-12,12.9,1.0,MRC_WRUP_VN_019803,MRC_EXPORT_2026-08-31,VERIFIED,15.6,11.3,12.7,,12,dry,73.2,24.335483870967742,5.356129032258064,Open-Meteo_ERA5-Land,OPENMETEO_2026-09-02,VERIFIED,8762.379032258064,11597.2421875,Copernicus_GloFAS,ERA5_V4,TANCHAU_1985_2023_FILES,SUSPECT,10.825,105.225,,False,,,MISSING,,,,,,MISSING,train_candidate,MONTHLY_FEATURE_V2_2026-10-03
TanChau,2000-01,13.4,1.0,MRC_WRUP_VN_019803,MRC_EXPORT_2026-08-31,VERIFIED,12.9,15.6,11.3,,1,dry,18.7,26.593548387096774,3.113225806451613,Open-Meteo_ERA5-Land,OPENMETEO_2026-09-02,VERIFIED,2818.6875,4879.59375,Copernicus_GloFAS,ERA5_V4,TANCHAU_1985_2023_FILES,SUSPECT,10.825,105.225,,False,,,MISSING,,,,,,MISSING,train_candidate,MONTHLY_FEATURE_V2_2026-10-03
TanChau,2000-02,11.8,1.0,MRC_WRUP_VN_019803,MRC_EXPORT_2026-08-31,VERIFIED,13.4,12.9,15.6,15.4,2,dry,23.1,27.33103448275862,3.341379310344828,Open-Meteo_ERA5-Land,OPENMETEO_2026-09-02,VERIFIED,2106.3997844827586,2394.96875,Copernicus_GloFAS,ERA5_V4,TANCHAU_1985_2023_FILES,SUSPECT,10.825,105.225,,False,,,MISSING,,,,,,MISSING,train_candidate,MONTHLY_FEATURE_V2_2026-10-03
TanChau,2000-03,14.5,1.0,MRC_WRUP_VN_019803,MRC_EXPORT_2026-08-31,VERIFIED,11.8,13.4,12.9,17.4,3,dry,63.5,28.270967741935483,3.0306451612903227,Open-Meteo_ERA5-Land,OPENMETEO_2026-09-02,VERIFIED,1768.3810483870968,2328.9375,Copernicus_GloFAS,ERA5_V4,TANCHAU_1985_2023_FILES,SUSPECT,10.825,105.225,,False,,,MISSING,,,,,,MISSING,train_candidate,MONTHLY_FEATURE_V2_2026-10-03
TanChau,2000-04,16.2,1.0,MRC_WRUP_VN_019803,MRC_EXPORT_2026-08-31,VERIFIED,14.5,11.8,13.4,18.7,4,transition,138.8,27.776666666666664,3.3316666666666666,Open-Meteo_ERA5-Land,OPENMETEO_2026-09-02,VERIFIED,3659.934375,8027.75,Copernicus_GloFAS,ERA5_V4,TANCHAU_1985_2023_FILES,SUSPECT,10.825,105.225,,False,,,MISSING,,,,,,MISSING,train_candidate,MONTHLY_FEATURE_V2_2026-10-03
TanChau,2000-05,15.4,1.0,MRC_WRUP_VN_019803,MRC_EXPORT_2026-08-31,VERIFIED,16.2,14.5,11.8,15.2,5,transition,174.4,27.58709677419355,4.002903225806452,Open-Meteo_ERA5-Land,OPENMETEO_2026-09-02,VERIFIED,11138.75,22666.28125,Copernicus_GloFAS,ERA5_V4,TANCHAU_1985_2023_FILES,SUSPECT,10.825,105.225,,False,,,MISSING,,,,,,MISSING,train_candidate,MONTHLY_FEATURE_V2_2026-10-03
TanChau,2000-06,13.75,1.0,MRC_WRUP_VN_019803,MRC_EXPORT_2026-08-31,VERIFIED,15.4,16.2,14.5,8.12,6,wet,238.0,26.596666666666668,3.8406666666666665,Open-Meteo_ERA5-Land,OPENMETEO_2026-09-02,VERIFIED,25749.75625,35219.8125,Copernicus_GloFAS,ERA5_V4,TANCHAU_1985_2023_FILES,SUSPECT,10.825,105.225,,False,,,MISSING,,,,,,MISSING,train_candidate,MONTHLY_FEATURE_V2_2026-10-03
TanChau,2000-07,9.62,1.0,MRC_WRUP_VN_019803,MRC_EXPORT_2026-08-31,VERIFIED,13.75,15.4,16.2,10.3,7,wet,152.2,26.69677419354839,4.8587096774193546,Open-Meteo_ERA5-Land,OPENMETEO_2026-09-02,VERIFIED,36088.72429435484,45903.96875,Copernicus_GloFAS,ERA5_V4,TANCHAU_1985_2023_FILES,SUSPECT,10.825,105.225,,False,,,MISSING,,,,,,MISSING,train_candidate,MONTHLY_FEATURE_V2_2026-10-03
TanChau,2000-08,11.23,1.0,MRC_WRUP_VN_019803,MRC_EXPORT_2026-08-31,VERIFIED,9.62,13.75,15.4,9.42,8,wet,219.2,26.748387096774195,4.972258064516129,Open-Meteo_ERA5-Land,OPENMETEO_2026-09-02,VERIFIED,35889.6370967742,59931.9375,Copernicus_GloFAS,ERA5_V4,TANCHAU_1985_2023_FILES,SUSPECT,10.825,105.225,,False,,,MISSING,,,,,,MISSING,train_candidate,MONTHLY_FEATURE_V2_2026-10-03
TanChau,2000-09,9.93,1.0,MRC_WRUP_VN_019803,MRC_EXPORT_2026-08-31,VERIFIED,11.23,9.62,13.75,12.7,9,wet,183.20000000000002,26.89333333333333,3.8866666666666663,Open-Meteo_ERA5-Land,OPENMETEO_2026-09-02,VERIFIED,41183.22864583333,52769.9375,Copernicus_GloFAS,ERA5_V4,TANCHAU_1985_2023_FILES,SUSPECT,10.825,105.225,,False,,,MISSING,,,,,,MISSING,train_candidate,MONTHLY_FEATURE_V2_2026-10-03
TanChau,2000-10,12.9,1.0,MRC_WRUP_VN_019803,MRC_EXPORT_2026-08-31,VERIFIED,9.93,11.23,9.62,11.3,10,wet,316.09999999999997,26.187096774193545,3.1629032258064513,Open-Meteo_ERA5-Land,OPENMETEO_2026-09-02,VERIFIED,29936.90625,40053.625,Copernicus_GloFAS,ERA5_V4,TANCHAU_1985_2023_FILES,SUSPECT,10.825,105.225,,False,,,MISSING,,,,,,MISSING,train_candidate,MONTHLY_FEATURE_V2_2026-10-03
TanChau,2000-11,12.06,1.0,MRC_WRUP_VN_019803,MRC_EXPORT_2026-08-31,VERIFIED,12.9,9.93,11.23,15.6,11,wet,109.8,26.21333333333333,3.755666666666667,Open-Meteo_ERA5-Land,OPENMETEO_2026-09-02,VERIFIED,12741.140104166667,20099.8125,Copernicus_GloFAS,ERA5_V4,TANCHAU_1985_2023_FILES,SUSPECT,10.825,105.225,,False,,,MISSING,,,,,,MISSING,train_candidate,MONTHLY_FEATURE_V2_2026-10-03
TanChau,2000-12,11.5,1.0,MRC_WRUP_VN_019803,MRC_EXPORT_2026-08-31,VERIFIED,12.06,12.9,9.93,12.9,12,dry,119.8,25.864516129032257,3.603225806451613,Open-Meteo_ERA5-Land,OPENMETEO_2026-09-02,VERIFIED,5160.139112903225,6904.84375,Copernicus_GloFAS,ERA5_V4,TANCHAU_1985_2023_FILES,SUSPECT,10.825,105.225,,False,,,MISSING,,,,,,MISSING,train_candidate,MONTHLY_FEATURE_V2_2026-10-03
TanChau,2001-01,11.8,1.0,MRC_WRUP_VN_019803,MRC_EXPORT_2026-08-31,VERIFIED,11.5,12.06,12.9,13.4,1,dry,45.7,25.74516129032258,2.9083870967741934,Open-Meteo_ERA5-Land,OPENMETEO_2026-09-02,VERIFIED,2687.3205645161293,3851.78125,Copernicus_GloFAS,ERA5_V4,TANCHAU_1985_2023_FILES,SUSPECT,10.825,105.225,,False,,,MISSING,,,,,,MISSING,train_candidate,MONTHLY_FEATURE_V2_2026-10-03
TanChau,2001-02,13.14,1.0,MRC_WRUP_VN_019803,MRC_EXPORT_2026-08-31,VERIFIED,11.8,11.5,12.06,11.8,2,dry,40.7,26.885714285714283,3.1503571428571426,Open-Meteo_ERA5-Land,OPENMETEO_2026-09-02,VERIFIED,1952.875,2226.1875,Copernicus_GloFAS,ERA5_V4,TANCHAU_1985_2023_FILES,SUSPECT,10.825,105.225,,False,,,MISSING,,,,,,MISSING,train_candidate,MONTHLY_FEATURE_V2_2026-10-03
TanChau,2001-03,14.82,1.0,MRC_WRUP_VN_019803,MRC_EXPORT_2026-08-31,VERIFIED,13.14,11.8,11.5,14.5,3,dry,132.8,27.67096774193548,3.8496774193548386,Open-Meteo_ERA5-Land,OPENMETEO_2026-09-02,VERIFIED,1502.7782258064517,2215.4375,Copernicus_GloFAS,ERA5_V4,TANCHAU_1985_2023_FILES,SUSPECT,10.825,105.225,,False,,,MISSING,,,,,,MISSING,train_candidate,MONTHLY_FEATURE_V2_2026-10-03
TanChau,2001-04,17.66,1.0,MRC_WRUP_VN_019803,MRC_EXPORT_2026-08-31,VERIFIED,14.82,13.14,11.8,16.2,4,transition,99.5,28.483333333333334,3.243333333333333,Open-Meteo_ERA5-Land,OPENMETEO_2026-09-02,VERIFIED,2789.79375,5561.53125,Copernicus_GloFAS,ERA5_V4,TANCHAU_1985_2023_FILES,SUSPECT,10.825,105.225,,False,,,MISSING,,,,,,MISSING,train_candidate,MONTHLY_FEATURE_V2_2026-10-03
TanChau,2001-05,17.02,1.0,MRC_WRUP_VN_019803,MRC_EXPORT_2026-08-31,VERIFIED,17.66,14.82,13.14,15.4,5,transition,122.2,28.003225806451614,4.116129032258065,Open-Meteo_ERA5-Land,OPENMETEO_2026-09-02,VERIFIED,7282.101814516129,20332.0,Copernicus_GloFAS,ERA5_V4,TANCHAU_1985_2023_FILES,SUSPECT,10.825,105.225,,False,,,MISSING,,,,,,MISSING,train_candidate,MONTHLY_FEATURE_V2_2026-10-03
TanChau,2001-06,13.71,1.0,MRC_WRUP_VN_019803,MRC_EXPORT_2026-08-31,VERIFIED,17.02,17.66,14.82,13.75,6,wet,224.4,26.983333333333334,4.255333333333334,Open-Meteo_ERA5-Land,OPENMETEO_2026-09-02,VERIFIED,17439.521875,26583.078125,Copernicus_GloFAS,ERA5_V4,TANCHAU_1985_2023_FILES,SUSPECT,10.825,105.225,,False,,,MISSING,,,,,,MISSING,train_candidate,MONTHLY_FEATURE_V2_2026-10-03
TanChau,2001-07,10.19,1.0,MRC_WRUP_VN_019803,MRC_EXPORT_2026-08-31,VERIFIED,13.71,17.02,17.66,9.62,7,wet,179.4,27.1,4.824838709677419,Open-Meteo_ERA5-Land,OPENMETEO_2026-09-02,VERIFIED,25228.113911290322,28945.78125,Copernicus_GloFAS,ERA5_V4,TANCHAU_1985_2023_FILES,SUSPECT,10.825,105.225,,False,,,MISSING,,,,,,MISSING,train_candidate,MONTHLY_FEATURE_V2_2026-10-03
TanChau,2001-08,10.98,1.0,MRC_WRUP_VN_019803,MRC_EXPORT_2026-08-31,VERIFIED,10.19,13.71,17.02,11.23,8,wet,214.1,26.770967741935483,4.862903225806452,Open-Meteo_ERA5-Land,OPENMETEO_2026-09-02,VERIFIED,37710.7535282258,51227.515625,Copernicus_GloFAS,ERA5_V4,TANCHAU_1985_2023_FILES,SUSPECT,10.825,105.225,,False,,,MISSING,,,,,,MISSING,train_candidate,MONTHLY_FEATURE_V2_2026-10-03
TanChau,2001-09,10.39,1.0,MRC_WRUP_VN_019803,MRC_EXPORT_2026-08-31,VERIFIED,10.98,10.19,13.71,9.93,9,wet,215.9,27.013333333333332,4.152333333333334,Open-Meteo_ERA5-Land,OPENMETEO_2026-09-02,VERIFIED,36561.70416666667,47624.40625,Copernicus_GloFAS,ERA5_V4,TANCHAU_1985_2023_FILES,SUSPECT,10.825,105.225,,False,,,MISSING,,,,,,MISSING,train_candidate,MONTHLY_FEATURE_V2_2026-10-03
TanChau,2001-10,10.64,1.0,MRC_WRUP_VN_019803,MRC_EXPORT_2026-08-31,VERIFIED,10.39,10.98,10.19,12.9,10,wet,328.8,26.561290322580643,3.06,Open-Meteo_ERA5-Land,OPENMETEO_2026-09-02,VERIFIED,21549.02822580645,27632.6796875,Copernicus_GloFAS,ERA5_V4,TANCHAU_1985_2023_FILES,SUSPECT,10.825,105.225,,False,,,MISSING,,,,,,MISSING,train_candidate,MONTHLY_FEATURE_V2_2026-10-03
TanChau,2001-11,13.07,1.0,MRC_WRUP_VN_019803,MRC_EXPORT_2026-08-31,VERIFIED,10.64,10.39,10.98,12.06,11,wet,43.9,26.006666666666668,3.8983333333333334,Open-Meteo_ERA5-Land,OPENMETEO_2026-09-02,VERIFIED,12790.444270833334,17842.1953125,Copernicus_GloFAS,ERA5_V4,TANCHAU_1985_2023_FILES,SUSPECT,10.825,105.225,,False,,,MISSING,,,,,,MISSING,train_candidate,MONTHLY_FEATURE_V2_2026-10-03
TanChau,2001-12,12.12,1.0,MRC_WRUP_VN_019803,MRC_EXPORT_2026-08-31,VERIFIED,13.07,10.64,10.39,11.5,12,dry,16.9,26.96451612903226,3.649677419354839,Open-Meteo_ERA5-Land,OPENMETEO_2026-09-02,VERIFIED,4941.168094758064,6851.0,Copernicus_GloFAS,ERA5_V4,TANCHAU_1985_2023_FILES,SUSPECT,10.825,105.225,,False,,,MISSING,,,,,,MISSING,train_candidate,MONTHLY_FEATURE_V2_2026-10-03
TanChau,2002-01,12.74,1.0,MRC_WRUP_VN_019803,MRC_EXPORT_2026-08-31,VERIFIED,12.12,13.07,10.64,11.8,1,dry,0.2,26.783870967741933,3.1932258064516126,Open-Meteo_ERA5-Land,OPENMETEO_2026-09-02,VERIFIED,2576.7389112903224,3861.234375,Copernicus_GloFAS,ERA5_V4,TANCHAU_1985_2023_FILES,SUSPECT,10.825,105.225,,False,,,MISSING,,,,,,MISSING,train_candidate,MONTHLY_FEATURE_V2_2026-10-03
TanChau,2002-02,14.61,1.0,MRC_WRUP_VN_019803,MRC_EXPORT_2026-08-31,VERIFIED,12.74,12.12,13.07,13.14,2,dry,0.0,27.910714285714285,3.8417857142857144,Open-Meteo_ERA5-Land,OPENMETEO_2026-09-02,VERIFIED,1853.5831473214287,1997.6875,Copernicus_GloFAS,ERA5_V4,TANCHAU_1985_2023_FILES,SUSPECT,10.825,105.225,,False,,,MISSING,,,,,,MISSING,train_candidate,MONTHLY_FEATURE_V2_2026-10-03
TanChau,2002-03,16.49,1.0,MRC_WRUP_VN_019803,MRC_EXPORT_2026-08-31,VERIFIED,14.61,12.74,12.12,14.82,3,dry,1.9000000000000001,29.809677419354838,3.7790322580645164,Open-Meteo_ERA5-Land,OPENMETEO_2026-09-02,VERIFIED,934.1270161290323,1606.65625,Copernicus_GloFAS,ERA5_V4,TANCHAU_1985_2023_FILES,SUSPECT,10.825,105.225,,False,,,MISSING,,,,,,MISSING,train_candidate,MONTHLY_FEATURE_V2_2026-10-03
TanChau,2002-04,21.2,1.0,MRC_WRUP_VN_019803,MRC_EXPORT_2026-08-31,VERIFIED,16.49,14.61,12.74,17.66,4,transition,47.7,30.446666666666665,3.7623333333333333,Open-Meteo_ERA5-Land,OPENMETEO_2026-09-02,VERIFIED,1360.5229166666666,1748.4375,Copernicus_GloFAS,ERA5_V4,TANCHAU_1985_2023_FILES,SUSPECT,10.825,105.225,,False,,,MISSING,,,,,,MISSING,train_candidate,MONTHLY_FEATURE_V2_2026-10-03
TanChau,2002-05,20.5,1.0,MRC_WRUP_VN_019803,MRC_EXPORT_2026-08-31,VERIFIED,21.2,16.49,14.61,17.02,5,transition,118.8,29.529032258064515,4.539354838709677,Open-Meteo_ERA5-Land,OPENMETEO_2026-09-02,VERIFIED,4774.450604838709,15686.53125,Copernicus_GloFAS,ERA5_V4,TANCHAU_1985_2023_FILES,SUSPECT,10.825,105.225,,False,,,MISSING,,,,,,MISSING,train_candidate,MONTHLY_FEATURE_V2_2026-10-03
TanChau,2002-06,15.97,1.0,MRC_WRUP_VN_019803,MRC_EXPORT_2026-08-31,VERIFIED,20.5,21.2,16.49,13.71,6,wet,176.7,27.61,4.564333333333334,Open-Meteo_ERA5-Land,OPENMETEO_2026-09-02,VERIFIED,18926.538541666665,33733.6875,Copernicus_GloFAS,ERA5_V4,TANCHAU_1985_2023_FILES,SUSPECT,10.825,105.225,3.241,True,DAHITI,DAHITI_2026-09-12T2014,VERIFIED,,,,,,MISSING,train_candidate,MONTHLY_FEATURE_V2_2026-10-03
TanChau,2002-07,13.66,1.0,MRC_WRUP_VN_019803,MRC_EXPORT_2026-08-31,VERIFIED,15.97,20.5,21.2,10.19,7,wet,89.2,28.42258064516129,5.6496774193548385,Open-Meteo_ERA5-Land,OPENMETEO_2026-09-02,VERIFIED,29926.336693548386,38158.46875,Copernicus_GloFAS,ERA5_V4,TANCHAU_1985_2023_FILES,SUSPECT,10.825,105.225,2.93,True,DAHITI,DAHITI_2026-09-12T2014,VERIFIED,,,,,,MISSING,train_candidate,MONTHLY_FEATURE_V2_2026-10-03
TanChau,2002-08,10.33,1.0,MRC_WRUP_VN_019803,MRC_EXPORT_2026-08-31,VERIFIED,13.66,15.97,20.5,10.98,8,wet,254.20000000000002,27.0258064516129,4.848709677419355,Open-Meteo_ERA5-Land,OPENMETEO_2026-09-02,VERIFIED,45176.73487903226,68883.28125,Copernicus_GloFAS,ERA5_V4,TANCHAU_1985_2023_FILES,SUSPECT,10.825,105.225,4.276,True,DAHITI,DAHITI_2026-09-12T2014,VERIFIED,,,,,,MISSING,train_candidate,MONTHLY_FEATURE_V2_2026-10-03
TanChau,2002-09,10.62,1.0,MRC_WRUP_VN_019803,MRC_EXPORT_2026-08-31,VERIFIED,10.33,13.66,15.97,10.39,9,wet,217.29999999999998,26.876666666666665,4.335333333333334,Open-Meteo_ERA5-Land,OPENMETEO_2026-09-02,VERIFIED,47493.058854166666,55865.25,Copernicus_GloFAS,ERA5_V4,TANCHAU_1985_2023_FILES,SUSPECT,10.825,105.225,6.376,True,DAHITI,DAHITI_2026-09-12T2014,VERIFIED,,,,,,MISSING,train_candidate,MONTHLY_FEATURE_V2_2026-10-03
TanChau,2002-10,9.68,1.0,MRC_WRUP_VN_019803,MRC_EXPORT_2026-08-31,VERIFIED,10.62,10.33,13.66,10.64,10,wet,209.2,27.029032258064515,2.893548387096774,Open-Meteo_ERA5-Land,OPENMETEO_2026-09-02,VERIFIED,23597.316028225807,40924.34375,Copernicus_GloFAS,ERA5_V4,TANCHAU_1985_2023_FILES,SUSPECT,10.825,105.225,4.15,True,DAHITI,DAHITI_2026-09-12T2014,VERIFIED,,,,,,MISSING,train_candidate,MONTHLY_FEATURE_V2_2026-10-03
TanChau,2002-11,10.6,1.0,MRC_WRUP_VN_019803,MRC_EXPORT_2026-08-31,VERIFIED,9.68,10.62,10.33,13.07,11,wet,122.6,26.623333333333335,3.844666666666667,Open-Meteo_ERA5-Land,OPENMETEO_2026-09-02,VERIFIED,11489.610416666666,15432.7734375,Copernicus_GloFAS,ERA5_V4,TANCHAU_1985_2023_FILES,SUSPECT,10.825,105.225,,False,,,MISSING,,,,,,MISSING,train_candidate,MONTHLY_FEATURE_V2_2026-10-03
TanChau,2002-12,11.21,1.0,MRC_WRUP_VN_019803,MRC_EXPORT_2026-08-31,VERIFIED,10.6,9.68,10.62,12.12,12,dry,60.2,27.0,2.870967741935484,Open-Meteo_ERA5-Land,OPENMETEO_2026-09-02,VERIFIED,5290.537298387097,6531.8125,Copernicus_GloFAS,ERA5_V4,TANCHAU_1985_2023_FILES,SUSPECT,10.825,105.225,3.728,True,DAHITI,DAHITI_2026-09-12T2014,VERIFIED,,,,,,MISSING,train_candidate,MONTHLY_FEATURE_V2_2026-10-03
TanChau,2003-01,12.36,1.0,MRC_WRUP_VN_019803,MRC_EXPORT_2026-08-31,VERIFIED,11.21,10.6,9.68,12.74,1,dry,0.2,26.225806451612904,2.999032258064516,Open-Meteo_ERA5-Land,OPENMETEO_2026-09-02,VERIFIED,3424.219758064516,4080.3125,Copernicus_GloFAS,ERA5_V4,TANCHAU_1985_2023_FILES,SUSPECT,10.825,105.225,3.017,True,DAHITI,DAHITI_2026-09-12T2014,VERIFIED,,,,,,MISSING,train_candidate,MONTHLY_FEATURE_V2_2026-10-03
TanChau,2003-02,14.59,1.0,MRC_WRUP_VN_019803,MRC_EXPORT_2026-08-31,VERIFIED,12.36,11.21,10.6,14.61,2,dry,0.6000000000000001,27.782142857142855,3.717142857142857,Open-Meteo_ERA5-Land,OPENMETEO_2026-09-02,VERIFIED,2149.675223214286,2580.6875,Copernicus_GloFAS,ERA5_V4,TANCHAU_1985_2023_FILES,SUSPECT,10.825,105.225,3.034,True,DAHITI,DAHITI_2026-09-12T2014,VERIFIED,,,,,,MISSING,train_candidate,MONTHLY_FEATURE_V2_2026-10-03
TanChau,2003-03,16.63,1.0,MRC_WRUP_VN_019803,MRC_EXPORT_2026-08-31,VERIFIED,14.59,12.36,11.21,16.49,3,dry,16.1,29.65806451612903,3.4080645161290324,Open-Meteo_ERA5-Land,OPENMETEO_2026-09-02,VERIFIED,1386.524193548387,2179.28125,Copernicus_GloFAS,ERA5_V4,TANCHAU_1985_2023_FILES,SUSPECT,10.825,105.225,,False,,,MISSING,,,,,,MISSING,train_candidate,MONTHLY_FEATURE_V2_2026-10-03
TanChau,2003-04,18.1,1.0,MRC_WRUP_VN_019803,MRC_EXPORT_2026-08-31,VERIFIED,16.63,14.59,12.36,21.2,4,transition,23.3,31.063333333333333,3.503,Open-Meteo_ERA5-Land,OPENMETEO_2026-09-02,VERIFIED,1854.6125,2389.25,Copernicus_GloFAS,ERA5_V4,TANCHAU_1985_2023_FILES,SUSPECT,10.825,105.225,3.209,True,DAHITI,DAHITI_2026-09-12T2014,VERIFIED,,,,,,MISSING,train_candidate,MONTHLY_FEATURE_V2_2026-10-03
TanChau,2003-05,18.2,1.0,MRC_WRUP_VN_019803,MRC_EXPORT_2026-08-31,VERIFIED,18.1,16.63,14.59,20.5,5,transition,210.8,28.006451612903227,4.143870967741936,Open-Meteo_ERA5-Land,OPENMETEO_2026-09-02,VERIFIED,6153.087701612903,14552.84375,Copernicus_GloFAS,ERA5_V4,TANCHAU_1985_2023_FILES,SUSPECT,10.825,105.225,2.878,True,DAHITI,DAHITI_2026-09-12T2014,VERIFIED,,,,,,MISSING,train_candidate,MONTHLY_FEATURE_V2_2026-10-03
TanChau,2003-06,11.5,1.0,MRC_WRUP_VN_019803,MRC_EXPORT_2026-08-31,VERIFIED,18.2,18.1,16.63,15.97,6,wet,168.3,27.69333333333333,4.246666666666667,Open-Meteo_ERA5-Land,OPENMETEO_2026-09-02,VERIFIED,14525.245833333332,21217.3125,Copernicus_GloFAS,ERA5_V4,TANCHAU_1985_2023_FILES,SUSPECT,10.825,105.225,,False,,,MISSING,,,,,,MISSING,train_candidate,MONTHLY_FEATURE_V2_2026-10-03
TanChau,2003-07,15.2,1.0,MRC_WRUP_VN_019803,MRC_EXPORT_2026-08-31,VERIFIED,11.5,18.2,18.1,13.66,7,wet,278.9,26.86774193548387,3.913870967741935,Open-Meteo_ERA5-Land,OPENMETEO_2026-09-02,VERIFIED,16615.09375,24081.171875,Copernicus_GloFAS,ERA5_V4,TANCHAU_1985_2023_FILES,SUSPECT,10.825,105.225,2.883,True,DAHITI,DAHITI_2026-09-12T2014,VERIFIED,,,,,,MISSING,train_candidate,MONTHLY_FEATURE_V2_2026-10-03
TanChau,2003-08,10.7,1.0,MRC_WRUP_VN_019803,MRC_EXPORT_2026-08-31,VERIFIED,15.2,11.5,18.2,10.33,8,wet,251.6,27.23225806451613,4.800645161290323,Open-Meteo_ERA5-Land,OPENMETEO_2026-09-02,VERIFIED,28621.16431451613,38553.953125,Copernicus_GloFAS,ERA5_V4,TANCHAU_1985_2023_FILES,SUSPECT,10.825,105.225,3.262,True,DAHITI,DAHITI_2026-09-12T2014,VERIFIED,,,,,,MISSING,train_candidate,MONTHLY_FEATURE_V2_2026-10-03
TanChau,2003-09,9.5,1.0,MRC_WRUP_VN_019803,MRC_EXPORT_2026-08-31,VERIFIED,10.7,15.2,11.5,10.62,9,wet,266.8,26.683333333333334,4.417666666666666,Open-Meteo_ERA5-Land,OPENMETEO_2026-09-02,VERIFIED,38411.70234375,52159.25,Copernicus_GloFAS,ERA5_V4,TANCHAU_1985_2023_FILES,SUSPECT,10.825,105.225,4.238,True,DAHITI,DAHITI_2026-09-12T2014,VERIFIED,,,,,,MISSING,train_candidate,MONTHLY_FEATURE_V2_2026-10-03
TanChau,2003-10,11.7,1.0,MRC_WRUP_VN_019803,MRC_EXPORT_2026-08-31,VERIFIED,9.5,10.7,15.2,9.68,10,wet,402.9,26.151612903225807,3.0593548387096776,Open-Meteo_ERA5-Land,OPENMETEO_2026-09-02,VERIFIED,24033.370715725807,33423.984375,Copernicus_GloFAS,ERA5_V4,TANCHAU_1985_2023_FILES,SUSPECT,10.825,105.225,4.865,True,DAHITI,DAHITI_2026-09-12T2014,VERIFIED,,,,,,MISSING,train_candidate,MONTHLY_FEATURE_V2_2026-10-03
TanChau,2003-11,12.5,1.0,MRC_WRUP_VN_019803,MRC_EXPORT_2026-08-31,VERIFIED,11.7,9.5,10.7,10.6,11,wet,79.6,27.256666666666668,3.0993333333333335,Open-Meteo_ERA5-Land,OPENMETEO_2026-09-02,VERIFIED,7346.681770833334,12691.625,Copernicus_GloFAS,ERA5_V4,TANCHAU_1985_2023_FILES,SUSPECT,10.825,105.225,3.32,True,DAHITI,DAHITI_2026-09-12T2014,VERIFIED,,,,,,MISSING,train_candidate,MONTHLY_FEATURE_V2_2026-10-03
TanChau,2003-12,12.6,1.0,MRC_WRUP_VN_019803,MRC_EXPORT_2026-08-31,VERIFIED,12.5,11.7,9.5,11.21,12,dry,7.8999999999999995,26.47741935483871,3.6851612903225806,Open-Meteo_ERA5-Land,OPENMETEO_2026-09-02,VERIFIED,3421.640625,4239.484375,Copernicus_GloFAS,ERA5_V4,TANCHAU_1985_2023_FILES,SUSPECT,10.825,105.225,3.348,True,DAHITI,DAHITI_2026-09-12T2014,VERIFIED,,,,,,MISSING,train_candidate,MONTHLY_FEATURE_V2_2026-10-03
TanChau,2004-01,15.96,1.0,MRC_WRUP_VN_019803,MRC_EXPORT_2026-08-31,VERIFIED,12.6,12.5,11.7,12.36,1,dry,1.9,27.361290322580647,3.0706451612903227,Open-Meteo_ERA5-Land,OPENMETEO_2026-09-02,VERIFIED,2082.8986895161293,2908.484375,Copernicus_GloFAS,ERA5_V4,TANCHAU_1985_2023_FILES,SUSPECT,10.825,105.225,3.031,True,DAHITI,DAHITI_2026-09-12T2014,VERIFIED,,,,,,MISSING,train_candidate,MONTHLY_FEATURE_V2_2026-10-03
TanChau,2004-02,16.7,1.0,MRC_WRUP_VN_019803,MRC_EXPORT_2026-08-31,VERIFIED,15.96,12.6,12.5,14.59,2,dry,1.4000000000000001,27.158620689655173,3.520344827586207,Open-Meteo_ERA5-Land,OPENMETEO_2026-09-02,VERIFIED,1699.8588362068965,1800.34375,Copernicus_GloFAS,ERA5_V4,TANCHAU_1985_2023_FILES,SUSPECT,10.825,105.225,,False,,,MISSING,,,,,,MISSING,train_candidate,MONTHLY_FEATURE_V2_2026-10-03
TanChau,2004-03,19.8,1.0,MRC_WRUP_VN_019803,MRC_EXPORT_2026-08-31,VERIFIED,16.7,15.96,12.6,16.63,3,dry,7.800000000000001,29.287096774193547,3.8883870967741934,Open-Meteo_ERA5-Land,OPENMETEO_2026-09-02,VERIFIED,634.6673387096774,1454.15625,Copernicus_GloFAS,ERA5_V4,TANCHAU_1985_2023_FILES,SUSPECT,10.825,105.225,3.165,True,DAHITI,DAHITI_2026-09-12T2014,VERIFIED,,,,,,MISSING,train_candidate,MONTHLY_FEATURE_V2_2026-10-03
TanChau,2004-04,21.4,1.0,MRC_WRUP_VN_019803,MRC_EXPORT_2026-08-31,VERIFIED,19.8,16.7,15.96,18.1,4,transition,34.9,30.69,3.618,Open-Meteo_ERA5-Land,OPENMETEO_2026-09-02,VERIFIED,1162.9791666666667,2341.40625,Copernicus_GloFAS,ERA5_V4,TANCHAU_1985_2023_FILES,SUSPECT,10.825,105.225,2.999,True,DAHITI,DAHITI_2026-09-12T2014,VERIFIED,,,,,,MISSING,train_candidate,MONTHLY_FEATURE_V2_2026-10-03
TanChau,2004-05,20.9,1.0,MRC_WRUP_VN_019803,MRC_EXPORT_2026-08-31,VERIFIED,21.4,19.8,16.7,18.2,5,transition,125.0,28.593548387096774,4.104193548387097,Open-Meteo_ERA5-Land,OPENMETEO_2026-09-02,VERIFIED,5910.4213709677415,15158.5,Copernicus_GloFAS,ERA5_V4,TANCHAU_1985_2023_FILES,SUSPECT,10.825,105.225,3.367,True,DAHITI,DAHITI_2026-09-12T2014,VERIFIED,,,,,,MISSING,train_candidate,MONTHLY_FEATURE_V2_2026-10-03
TanChau,2004-06,16.9,1.0,MRC_WRUP_VN_019803,MRC_EXPORT_2026-08-31,VERIFIED,20.9,21.4,19.8,11.5,6,wet,218.2,27.066666666666666,4.525333333333333,Open-Meteo_ERA5-Land,OPENMETEO_2026-09-02,VERIFIED,18468.847916666666,33840.65625,Copernicus_GloFAS,ERA5_V4,TANCHAU_1985_2023_FILES,SUSPECT,10.825,105.225,2.896,True,DAHITI,DAHITI_2026-09-12T2014,VERIFIED,,,,,,MISSING,train_candidate,MONTHLY_FEATURE_V2_2026-10-03
TanChau,2004-07,14.3,1.0,MRC_WRUP_VN_019803,MRC_EXPORT_2026-08-31,VERIFIED,16.9,20.9,21.4,15.2,7,wet,199.1,27.019354838709678,4.483548387096774,Open-Meteo_ERA5-Land,OPENMETEO_2026-09-02,VERIFIED,19286.65120967742,44075.3125,Copernicus_GloFAS,ERA5_V4,TANCHAU_1985_2023_FILES,SUSPECT,10.825,105.225,2.88,True,DAHITI,DAHITI_2026-09-12T2014,VERIFIED,,,,,,MISSING,train_candidate,MONTHLY_FEATURE_V2_2026-10-03
TanChau,2004-08,9.9,1.0,MRC_WRUP_VN_019803,MRC_EXPORT_2026-08-31,VERIFIED,14.3,16.9,20.9,10.7,8,wet,191.3,26.93548387096774,5.159677419354838,Open-Meteo_ERA5-Land,OPENMETEO_2026-09-02,VERIFIED,35694.14213709677,43571.6875,Copernicus_GloFAS,ERA5_V4,TANCHAU_1985_2023_FILES,SUSPECT,10.825,105.225,4.414,True,DAHITI,DAHITI_2026-09-12T2014,VERIFIED,,,,,,MISSING,train_candidate,MONTHLY_FEATURE_V2_2026-10-03
TanChau,2004-09,10.4,1.0,MRC_WRUP_VN_019803,MRC_EXPORT_2026-08-31,VERIFIED,9.9,14.3,16.9,9.5,9,wet,207.5,27.016666666666666,3.5283333333333333,Open-Meteo_ERA5-Land,OPENMETEO_2026-09-02,VERIFIED,34901.990625,41202.0234375,Copernicus_GloFAS,ERA5_V4,TANCHAU_1985_2023_FILES,SUSPECT,10.825,105.225,4.733,True,DAHITI,DAHITI_2026-09-12T2014,VERIFIED,,,,,,MISSING,train_candidate,MONTHLY_FEATURE_V2_2026-10-03
TanChau,2004-10,11.8,1.0,MRC_WRUP_VN_019803,MRC_EXPORT_2026-08-31,VERIFIED,10.4,9.9,14.3,11.7,10,wet,159.7,26.654838709677417,2.6248387096774195,Open-Meteo_ERA5-Land,OPENMETEO_2026-09-02,VERIFIED,15913.720262096775,25095.2421875,Copernicus_GloFAS,ERA5_V4,TANCHAU_1985_2023_FILES,SUSPECT,10.825,105.225,,False,,,MISSING,,,,,,MISSING,train_candidate,MONTHLY_FEATURE_V2_2026-10-03
TanChau,2004-11,13.0,1.0,MRC_WRUP_VN_019803,MRC_EXPORT_2026-08-31,VERIFIED,11.8,10.4,9.9,12.5,11,wet,63.0,27.296666666666667,3.2030000000000003,Open-Meteo_ERA5-Land,OPENMETEO_2026-09-02,VERIFIED,5413.07109375,8224.8125,Copernicus_GloFAS,ERA5_V4,TANCHAU_1985_2023_FILES,SUSPECT,10.825,105.225,3.93,True,DAHITI,DAHITI_2026-09-12T2014,VERIFIED,,,,,,MISSING,train_candidate,MONTHLY_FEATURE_V2_2026-10-03
TanChau,2004-12,12.9,1.0,MRC_WRUP_VN_019803,MRC_EXPORT_2026-08-31,VERIFIED,13.0,11.8,10.4,12.6,12,dry,0.0,26.567741935483873,3.398064516129032,Open-Meteo_ERA5-Land,OPENMETEO_2026-09-02,VERIFIED,3296.0846774193546,3980.421875,Copernicus_GloFAS,ERA5_V4,TANCHAU_1985_2023_FILES,SUSPECT,10.825,105.225,3.193,True,DAHITI,DAHITI_2026-09-12T2014,VERIFIED,,,,,,MISSING,train_candidate,MONTHLY_FEATURE_V2_2026-10-03
TanChau,2005-01,14.1,1.0,MRC_WRUP_VN_019803,MRC_EXPORT_2026-08-31,VERIFIED,12.9,13.0,11.8,15.96,1,dry,0.4,26.164516129032258,3.2706451612903225,Open-Meteo_ERA5-Land,OPENMETEO_2026-09-02,VERIFIED,1870.6466733870968,2536.796875,Copernicus_GloFAS,ERA5_V4,TANCHAU_1985_2023_FILES,SUSPECT,10.825,105.225,2.874,True,DAHITI,DAHITI_2026-09-12T2014,VERIFIED,,,,,,MISSING,train_candidate,MONTHLY_FEATURE_V2_2026-10-03
TanChau,2005-02,16.8,1.0,MRC_WRUP_VN_019803,MRC_EXPORT_2026-08-31,VERIFIED,14.1,12.9,13.0,16.7,2,dry,0.0,27.95,3.7135714285714285,Open-Meteo_ERA5-Land,OPENMETEO_2026-09-02,VERIFIED,1423.9676339285713,1574.4375,Copernicus_GloFAS,ERA5_V4,TANCHAU_1985_2023_FILES,SUSPECT,10.825,105.225,2.901,True,DAHITI,DAHITI_2026-09-12T2014,VERIFIED,,,,,,MISSING,train_candidate,MONTHLY_FEATURE_V2_2026-10-03
TanChau,2005-03,18.8,1.0,MRC_WRUP_VN_019803,MRC_EXPORT_2026-08-31,VERIFIED,16.8,14.1,12.9,19.8,3,dry,10.0,28.858064516129033,3.88258064516129,Open-Meteo_ERA5-Land,OPENMETEO_2026-09-02,VERIFIED,590.0252016129032,1261.0625,Copernicus_GloFAS,ERA5_V4,TANCHAU_1985_2023_FILES,SUSPECT,10.825,105.225,3.348,True,DAHITI,DAHITI_2026-09-12T2014,VERIFIED,,,,,,MISSING,train_candidate,MONTHLY_FEATURE_V2_2026-10-03
TanChau,2005-04,23.4,1.0,MRC_WRUP_VN_019803,MRC_EXPORT_2026-08-31,VERIFIED,18.8,16.8,14.1,21.4,4,transition,21.9,30.646666666666665,3.545666666666667,Open-Meteo_ERA5-Land,OPENMETEO_2026-09-02,VERIFIED,847.6,1196.625,Copernicus_GloFAS,ERA5_V4,TANCHAU_1985_2023_FILES,SUSPECT,10.825,105.225,3.205,True,DAHITI,DAHITI_2026-09-12T2014,VERIFIED,,,,,,MISSING,train_candidate,MONTHLY_FEATURE_V2_2026-10-03
TanChau,2005-05,24.7,1.0,MRC_WRUP_VN_019803,MRC_EXPORT_2026-08-31,VERIFIED,23.4,18.8,16.8,20.9,5,transition,178.5,28.519354838709678,4.035161290322581,Open-Meteo_ERA5-Land,OPENMETEO_2026-09-02,VERIFIED,1891.163306451613,4346.09375,Copernicus_GloFAS,ERA5_V4,TANCHAU_1985_2023_FILES,SUSPECT,10.825,105.225,,False,,,MISSING,,,,,,MISSING,train_candidate,MONTHLY_FEATURE_V2_2026-10-03
TanChau,2005-06,20.5,1.0,MRC_WRUP_VN_019803,MRC_EXPORT_2026-08-31,VERIFIED,24.7,23.4,18.8,16.9,6,wet,175.1,27.740000000000002,4.835666666666667,Open-Meteo_ERA5-Land,OPENMETEO_2026-09-02,VERIFIED,7316.883854166666,13495.953125,Copernicus_GloFAS,ERA5_V4,TANCHAU_1985_2023_FILES,SUSPECT,10.825,105.225,3.161,True,DAHITI,DAHITI_2026-09-12T2014,VERIFIED,,,,,,MISSING,train_candidate,MONTHLY_FEATURE_V2_2026-10-03
TanChau,2005-07,,,,,,20.5,24.7,23.4,14.3,7,wet,225.7,26.76774193548387,4.668064516129032,Open-Meteo_ERA5-Land,OPENMETEO_2026-09-02,VERIFIED,19013.339213709678,37925.421875,Copernicus_GloFAS,ERA5_V4,TANCHAU_1985_2023_FILES,SUSPECT,10.825,105.225,2.909,True,DAHITI,DAHITI_2026-09-12T2014,VERIFIED,,,,,,MISSING,inference_only,MONTHLY_FEATURE_V2_2026-10-03
TanChau,2005-08,8.4,1.0,MRC_WRUP_VN_019803,MRC_EXPORT_2026-08-31,VERIFIED,,20.5,24.7,9.9,8,wet,187.9,27.393548387096775,4.784193548387097,Open-Meteo_ERA5-Land,OPENMETEO_2026-09-02,VERIFIED,37883.145413306454,46773.0625,Copernicus_GloFAS,ERA5_V4,TANCHAU_1985_2023_FILES,SUSPECT,10.825,105.225,4.277,True,DAHITI,DAHITI_2026-09-12T2014,VERIFIED,,,,,,MISSING,train_candidate,MONTHLY_FEATURE_V2_2026-10-03
TanChau,2005-09,10.3,1.0,MRC_WRUP_VN_019803,MRC_EXPORT_2026-08-31,VERIFIED,8.4,,20.5,10.4,9,wet,193.3,26.98,4.185,Open-Meteo_ERA5-Land,OPENMETEO_2026-09-02,VERIFIED,39824.550520833334,50445.109375,Copernicus_GloFAS,ERA5_V4,TANCHAU_1985_2023_FILES,SUSPECT,10.825,105.225,5.796,True,DAHITI,DAHITI_2026-09-12T2014,VERIFIED,,,,,,MISSING,train_candidate,MONTHLY_FEATURE_V2_2026-10-03
TanChau,2005-10,11.9,1.0,MRC_WRUP_VN_019803,MRC_EXPORT_2026-08-31,VERIFIED,10.3,8.4,,11.8,10,wet,284.9,26.68064516129032,2.667741935483871,Open-Meteo_ERA5-Land,OPENMETEO_2026-09-02,VERIFIED,23732.59349798387,32411.6953125,Copernicus_GloFAS,ERA5_V4,TANCHAU_1985_2023_FILES,SUSPECT,10.825,105.225,,False,,,MISSING,,,,,,MISSING,train_candidate,MONTHLY_FEATURE_V2_2026-10-03
TanChau,2005-11,12.3,1.0,MRC_WRUP_VN_019803,MRC_EXPORT_2026-08-31,VERIFIED,11.9,10.3,8.4,13.0,11,wet,141.9,26.403333333333332,3.3243333333333336,Open-Meteo_ERA5-Land,OPENMETEO_2026-09-02,VERIFIED,9949.69765625,13502.2734375,Copernicus_GloFAS,ERA5_V4,TANCHAU_1985_2023_FILES,SUSPECT,10.825,105.225,3.776,True,DAHITI,DAHITI_2026-09-12T2014,VERIFIED,,,,,,MISSING,train_candidate,MONTHLY_FEATURE_V2_2026-10-03
TanChau,2005-12,11.7,1.0,MRC_WRUP_VN_019803,MRC_EXPORT_2026-08-31,VERIFIED,12.3,11.9,10.3,12.9,12,dry,77.8,25.116129032258065,4.805483870967742,Open-Meteo_ERA5-Land,OPENMETEO_2026-09-02,VERIFIED,5186.6489415322585,6523.6796875,Copernicus_GloFAS,ERA5_V4,TANCHAU_1985_2023_FILES,SUSPECT,10.825,105.225,3.06,True,DAHITI,DAHITI_2026-09-12T2014,VERIFIED,,,,,,MISSING,train_candidate,MONTHLY_FEATURE_V2_2026-10-03
TanChau,2006-01,13.6,1.0,MRC_WRUP_VN_019803,MRC_EXPORT_2026-08-31,VERIFIED,11.7,12.3,11.9,14.1,1,dry,10.5,26.351612903225806,3.085806451612903,Open-Meteo_ERA5-Land,OPENMETEO_2026-09-02,VERIFIED,2590.84375,4393.578125,Copernicus_GloFAS,ERA5_V4,TANCHAU_1985_2023_FILES,SUSPECT,10.825,105.225,,False,,,MISSING,,,,,,MISSING,train_candidate,MONTHLY_FEATURE_V2_2026-10-03
TanChau,2006-02,14.0,1.0,MRC_WRUP_VN_019803,MRC_EXPORT_2026-08-31,VERIFIED,13.6,11.7,12.3,16.8,2,dry,6.6,27.95357142857143,3.108214285714286,Open-Meteo_ERA5-Land,OPENMETEO_2026-09-02,VERIFIED,1585.416294642857,1716.125,Copernicus_GloFAS,ERA5_V4,TANCHAU_1985_2023_FILES,SUSPECT,10.825,105.225,3.023,True,DAHITI,DAHITI_2026-09-12T2014,VERIFIED,,,,,,MISSING,train_candidate,MONTHLY_FEATURE_V2_2026-10-03
TanChau,2006-03,17.1,1.0,MRC_WRUP_VN_019803,MRC_EXPORT_2026-08-31,VERIFIED,14.0,13.6,11.7,18.8,3,dry,38.4,28.506451612903227,3.3374193548387097,Open-Meteo_ERA5-Land,OPENMETEO_2026-09-02,VERIFIED,943.2832661290323,1505.78125,Copernicus_GloFAS,ERA5_V4,TANCHAU_1985_2023_FILES,SUSPECT,10.825,105.225,3.088,True,DAHITI,DAHITI_2026-09-12T2014,VERIFIED,,,,,,MISSING,train_candidate,MONTHLY_FEATURE_V2_2026-10-03
TanChau,2006-04,18.4,1.0,MRC_WRUP_VN_019803,MRC_EXPORT_2026-08-31,VERIFIED,17.1,14.0,13.6,23.4,4,transition,105.5,28.71333333333333,3.0433333333333334,Open-Meteo_ERA5-Land,OPENMETEO_2026-09-02,VERIFIED,1709.79375,2505.25,Copernicus_GloFAS,ERA5_V4,TANCHAU_1985_2023_FILES,SUSPECT,10.825,105.225,2.919,True,DAHITI,DAHITI_2026-09-12T2014,VERIFIED,,,,,,MISSING,train_candidate,MONTHLY_FEATURE_V2_2026-10-03
TanChau,2006-05,20.6,1.0,MRC_WRUP_VN_019803,MRC_EXPORT_2026-08-31,VERIFIED,18.4,17.1,14.0,24.7,5,transition,200.6,27.53548387096774,3.4116129032258065,Open-Meteo_ERA5-Land,OPENMETEO_2026-09-02,VERIFIED,4771.3286290322585,9633.15625,Copernicus_GloFAS,ERA5_V4,TANCHAU_1985_2023_FILES,SUSPECT,10.825,105.225,3.072,True,DAHITI,DAHITI_2026-09-12T2014,VERIFIED,,,,,,MISSING,train_candidate,MONTHLY_FEATURE_V2_2026-10-03
TanChau,2006-06,17.6,1.0,MRC_WRUP_VN_019803,MRC_EXPORT_2026-08-31,VERIFIED,20.6,18.4,17.1,20.5,6,wet,264.3,26.96333333333333,3.801333333333333,Open-Meteo_ERA5-Land,OPENMETEO_2026-09-02,VERIFIED,8037.316666666667,13374.234375,Copernicus_GloFAS,ERA5_V4,TANCHAU_1985_2023_FILES,SUSPECT,10.825,105.225,2.879,True,DAHITI,DAHITI_2026-09-12T2014,VERIFIED,,,,,,MISSING,train_candidate,MONTHLY_FEATURE_V2_2026-10-03
TanChau,2006-07,11.1,1.0,MRC_WRUP_VN_019803,MRC_EXPORT_2026-08-31,VERIFIED,17.6,20.6,18.4,,7,wet,178.4,26.864516129032257,5.093870967741935,Open-Meteo_ERA5-Land,OPENMETEO_2026-09-02,VERIFIED,25038.438508064515,36893.65625,Copernicus_GloFAS,ERA5_V4,TANCHAU_1985_2023_FILES,SUSPECT,10.825,105.225,3.462,True,DAHITI,DAHITI_2026-09-12T2014,VERIFIED,,,,,,MISSING,train_candidate,MONTHLY_FEATURE_V2_2026-10-03
TanChau,2006-08,10.6,1.0,MRC_WRUP_VN_019803,MRC_EXPORT_2026-08-31,VERIFIED,11.1,17.6,20.6,8.4,8,wet,251.1,26.716129032258067,5.176129032258065,Open-Meteo_ERA5-Land,OPENMETEO_2026-09-02,VERIFIED,41278.00529233871,71304.109375,Copernicus_GloFAS,ERA5_V4,TANCHAU_1985_2023_FILES,SUSPECT,10.825,105.225,,False,,,MISSING,,,,,,MISSING,train_candidate,MONTHLY_FEATURE_V2_2026-10-03
TanChau,2006-09,10.2,1.0,MRC_WRUP_VN_019803,MRC_EXPORT_2026-08-31,VERIFIED,10.6,11.1,17.6,10.3,9,wet,254.9,26.706666666666667,3.836,Open-Meteo_ERA5-Land,OPENMETEO_2026-09-02,VERIFIED,37415.983072916664,49463.5390625,Copernicus_GloFAS,ERA5_V4,TANCHAU_1985_2023_FILES,SUSPECT,10.825,105.225,,False,,,MISSING,,,,,,MISSING,train_candidate,MONTHLY_FEATURE_V2_2026-10-03
TanChau,2006-10,7.2,1.0,MRC_WRUP_VN_019803,MRC_EXPORT_2026-08-31,VERIFIED,10.2,10.6,11.1,11.9,10,wet,201.20000000000002,26.638709677419353,3.258387096774194,Open-Meteo_ERA5-Land,OPENMETEO_2026-09-02,VERIFIED,33590.33316532258,61098.5234375,Copernicus_GloFAS,ERA5_V4,TANCHAU_1985_2023_FILES,SUSPECT,10.825,105.225,3.919,True,DAHITI,DAHITI_2026-09-12T2014,VERIFIED,,,,,,MISSING,train_candidate,MONTHLY_FEATURE_V2_2026-10-03
TanChau,2006-11,11.6,1.0,MRC_WRUP_VN_019803,MRC_EXPORT_2026-08-31,VERIFIED,7.2,10.2,10.6,12.3,11,wet,38.1,27.64333333333333,2.7083333333333335,Open-Meteo_ERA5-Land,OPENMETEO_2026-09-02,VERIFIED,8864.372916666667,14837.3984375,Copernicus_GloFAS,ERA5_V4,TANCHAU_1985_2023_FILES,SUSPECT,10.825,105.225,4.493,True,DAHITI,DAHITI_2026-09-12T2014,VERIFIED,,,,,,MISSING,train_candidate,MONTHLY_FEATURE_V2_2026-10-03
TanChau,2006-12,12.5,1.0,MRC_WRUP_VN_019803,MRC_EXPORT_2026-08-31,VERIFIED,11.6,7.2,10.2,11.7,12,dry,8.5,27.651612903225807,3.7874193548387094,Open-Meteo_ERA5-Land,OPENMETEO_2026-09-02,VERIFIED,3622.9017137096776,4841.03125,Copernicus_GloFAS,ERA5_V4,TANCHAU_1985_2023_FILES,SUSPECT,10.825,105.225,,False,,,MISSING,,,,,,MISSING,train_candidate,MONTHLY_FEATURE_V2_2026-10-03
TanChau,2007-01,12.3,1.0,MRC_WRUP_VN_019803,MRC_EXPORT_2026-08-31,VERIFIED,12.5,11.6,7.2,13.6,1,dry,37.7,26.719354838709677,3.5593548387096776,Open-Meteo_ERA5-Land,OPENMETEO_2026-09-02,VERIFIED,1948.1149193548388,2781.546875,Copernicus_GloFAS,ERA5_V4,TANCHAU_1985_2023_FILES,SUSPECT,10.825,105.225,2.968,True,DAHITI,DAHITI_2026-09-12T2014,VERIFIED,,,,,,MISSING,train_candidate,MONTHLY_FEATURE_V2_2026-10-03
TanChau,2007-02,13.7,1.0,MRC_WRUP_VN_019803,MRC_EXPORT_2026-08-31,VERIFIED,12.3,12.5,11.6,14.0,2,dry,1.8,27.142857142857142,3.4089285714285715,Open-Meteo_ERA5-Land,OPENMETEO_2026-09-02,VERIFIED,1350.3231026785713,1465.671875,Copernicus_GloFAS,ERA5_V4,TANCHAU_1985_2023_FILES,SUSPECT,10.825,105.225,2.889,True,DAHITI,DAHITI_2026-09-12T2014,VERIFIED,,,,,,MISSING,train_candidate,MONTHLY_FEATURE_V2_2026-10-03
TanChau,2007-03,16.6,1.0,MRC_WRUP_VN_019803,MRC_EXPORT_2026-08-31,VERIFIED,13.7,12.3,12.5,17.1,3,dry,66.5,28.40967741935484,3.4129032258064513,Open-Meteo_ERA5-Land,OPENMETEO_2026-09-02,VERIFIED,863.9354838709677,1291.359375,Copernicus_GloFAS,ERA5_V4,TANCHAU_1985_2023_FILES,SUSPECT,10.825,105.225,,False,,,MISSING,,,,,,MISSING,train_candidate,MONTHLY_FEATURE_V2_2026-10-03
TanChau,2007-04,17.3,1.0,MRC_WRUP_VN_019803,MRC_EXPORT_2026-08-31,VERIFIED,16.6,13.7,12.3,18.4,4,transition,116.1,29.376666666666665,3.088,Open-Meteo_ERA5-Land,OPENMETEO_2026-09-02,VERIFIED,1033.69375,1599.125,Copernicus_GloFAS,ERA5_V4,TANCHAU_1985_2023_FILES,SUSPECT,10.825,105.225,,False,,,MISSING,,,,,,MISSING,train_candidate,MONTHLY_FEATURE_V2_2026-10-03
TanChau,2007-05,19.2,1.0,MRC_WRUP_VN_019803,MRC_EXPORT_2026-08-31,VERIFIED,17.3,16.6,13.7,20.6,5,transition,188.4,27.316129032258065,3.6048387096774195,Open-Meteo_ERA5-Land,OPENMETEO_2026-09-02,VERIFIED,8590.609879032258,19039.25,Copernicus_GloFAS,ERA5_V4,TANCHAU_1985_2023_FILES,SUSPECT,10.825,105.225,3.102,True,DAHITI,DAHITI_2026-09-12T2014,VERIFIED,,,,,,MISSING,train_candidate,MONTHLY_FEATURE_V2_2026-10-03
TanChau,2007-06,19.8,1.0,MRC_WRUP_VN_019803,MRC_EXPORT_2026-08-31,VERIFIED,19.2,17.3,16.6,17.6,6,wet,242.3,27.4,3.323666666666667,Open-Meteo_ERA5-Land,OPENMETEO_2026-09-02,VERIFIED,8801.668229166668,13823.671875,Copernicus_GloFAS,ERA5_V4,TANCHAU_1985_2023_FILES,SUSPECT,10.825,105.225,3.089,True,DAHITI,DAHITI_2026-09-12T2014,VERIFIED,,,,,,MISSING,train_candidate,MONTHLY_FEATURE_V2_2026-10-03
TanChau,2007-07,14.0,1.0,MRC_WRUP_VN_019803,MRC_EXPORT_2026-08-31,VERIFIED,19.8,19.2,17.3,11.1,7,wet,222.8,26.793548387096774,4.170322580645161,Open-Meteo_ERA5-Land,OPENMETEO_2026-09-02,VERIFIED,20713.802419354837,29937.734375,Copernicus_GloFAS,ERA5_V4,TANCHAU_1985_2023_FILES,SUSPECT,10.825,105.225,3.526,True,DAHITI,DAHITI_2026-09-12T2014,VERIFIED,,,,,,MISSING,train_candidate,MONTHLY_FEATURE_V2_2026-10-03
TanChau,2007-08,14.7,1.0,MRC_WRUP_VN_019803,MRC_EXPORT_2026-08-31,VERIFIED,14.0,19.8,19.2,10.6,8,wet,201.9,26.906451612903226,4.982903225806451,Open-Meteo_ERA5-Land,OPENMETEO_2026-09-02,VERIFIED,38571.139364919356,69066.265625,Copernicus_GloFAS,ERA5_V4,TANCHAU_1985_2023_FILES,SUSPECT,10.825,105.225,3.825,True,DAHITI,DAHITI_2026-09-12T2014,VERIFIED,,,,,,MISSING,train_candidate,MONTHLY_FEATURE_V2_2026-10-03
TanChau,2007-09,12.0,1.0,MRC_WRUP_VN_019803,MRC_EXPORT_2026-08-31,VERIFIED,14.7,14.0,19.8,10.2,9,wet,201.1,27.063333333333333,4.111666666666666,Open-Meteo_ERA5-Land,OPENMETEO_2026-09-02,VERIFIED,33211.223958333336,44085.515625,Copernicus_GloFAS,ERA5_V4,TANCHAU_1985_2023_FILES,SUSPECT,10.825,105.225,4.346,True,DAHITI,DAHITI_2026-09-12T2014,VERIFIED,,,,,,MISSING,train_candidate,MONTHLY_FEATURE_V2_2026-10-03
TanChau,2007-10,8.9,1.0,MRC_WRUP_VN_019803,MRC_EXPORT_2026-08-31,VERIFIED,12.0,14.7,14.0,7.2,10,wet,317.2,26.296774193548387,3.6470967741935483,Open-Meteo_ERA5-Land,OPENMETEO_2026-09-02,VERIFIED,38120.70262096774,49781.4609375,Copernicus_GloFAS,ERA5_V4,TANCHAU_1985_2023_FILES,SUSPECT,10.825,105.225,4.588,True,DAHITI,DAHITI_2026-09-12T2014,VERIFIED,,,,,,MISSING,train_candidate,MONTHLY_FEATURE_V2_2026-10-03
TanChau,2007-11,12.5,1.0,MRC_WRUP_VN_019803,MRC_EXPORT_2026-08-31,VERIFIED,8.9,12.0,14.7,11.6,11,wet,102.4,25.3,4.111,Open-Meteo_ERA5-Land,OPENMETEO_2026-09-02,VERIFIED,18860.257552083334,26780.984375,Copernicus_GloFAS,ERA5_V4,TANCHAU_1985_2023_FILES,SUSPECT,10.825,105.225,3.753,True,DAHITI,DAHITI_2026-09-12T2014,VERIFIED,,,,,,MISSING,train_candidate,MONTHLY_FEATURE_V2_2026-10-03
TanChau,2007-12,12.2,1.0,MRC_WRUP_VN_019803,MRC_EXPORT_2026-08-31,VERIFIED,12.5,8.9,12.0,12.5,12,dry,15.499999999999998,26.700000000000003,3.1583870967741934,Open-Meteo_ERA5-Land,OPENMETEO_2026-09-02,VERIFIED,5052.868447580645,9992.9375,Copernicus_GloFAS,ERA5_V4,TANCHAU_1985_2023_FILES,SUSPECT,10.825,105.225,,False,,,MISSING,,,,,,MISSING,train_candidate,MONTHLY_FEATURE_V2_2026-10-03
TanChau,2008-01,12.0,1.0,MRC_WRUP_VN_019803,MRC_EXPORT_2026-08-31,VERIFIED,12.2,12.5,8.9,12.3,1,dry,14.299999999999999,26.92258064516129,3.512258064516129,Open-Meteo_ERA5-Land,OPENMETEO_2026-09-02,VERIFIED,2107.640625,2934.859375,Copernicus_GloFAS,ERA5_V4,TANCHAU_1985_2023_FILES,SUSPECT,10.825,105.225,3.282,True,DAHITI,DAHITI_2026-09-12T2014,VERIFIED,,,,,,MISSING,train_candidate,MONTHLY_FEATURE_V2_2026-10-03
TanChau,2008-02,13.2,1.0,MRC_WRUP_VN_019803,MRC_EXPORT_2026-08-31,VERIFIED,12.0,12.2,12.5,13.7,2,dry,7.8999999999999995,27.441379310344825,3.472758620689655,Open-Meteo_ERA5-Land,OPENMETEO_2026-09-02,VERIFIED,1890.301724137931,2522.59375,Copernicus_GloFAS,ERA5_V4,TANCHAU_1985_2023_FILES,SUSPECT,10.825,105.225,,False,,,MISSING,,,,,,MISSING,train_candidate,MONTHLY_FEATURE_V2_2026-10-03
TanChau,2008-03,15.5,1.0,MRC_WRUP_VN_019803,MRC_EXPORT_2026-08-31,VERIFIED,13.2,12.0,12.2,16.6,3,dry,46.5,28.193548387096776,3.114516129032258,Open-Meteo_ERA5-Land,OPENMETEO_2026-09-02,VERIFIED,956.2993951612904,1693.90625,Copernicus_GloFAS,ERA5_V4,TANCHAU_1985_2023_FILES,SUSPECT,10.825,105.225,3.176,True,DAHITI,DAHITI_2026-09-12T2014,VERIFIED,,,,,,MISSING,train_candidate,MONTHLY_FEATURE_V2_2026-10-03
TanChau,2008-04,18.1,1.0,MRC_WRUP_VN_019803,MRC_EXPORT_2026-08-31,VERIFIED,15.5,13.2,12.0,17.3,4,transition,126.8,28.636666666666667,3.231,Open-Meteo_ERA5-Land,OPENMETEO_2026-09-02,VERIFIED,1825.2479166666667,2609.625,Copernicus_GloFAS,ERA5_V4,TANCHAU_1985_2023_FILES,SUSPECT,10.825,105.225,3.567,True,DAHITI,DAHITI_2026-09-12T2014,VERIFIED,,,,,,MISSING,train_candidate,MONTHLY_FEATURE_V2_2026-10-03
TanChau,2008-05,17.8,1.0,MRC_WRUP_VN_019803,MRC_EXPORT_2026-08-31,VERIFIED,18.1,15.5,13.2,19.2,5,transition,250.2,26.825806451612905,4.226774193548387,Open-Meteo_ERA5-Land,OPENMETEO_2026-09-02,VERIFIED,9275.943548387097,18227.6875,Copernicus_GloFAS,ERA5_V4,TANCHAU_1985_2023_FILES,SUSPECT,10.825,105.225,3.06,True,DAHITI,DAHITI_2026-09-12T2014,VERIFIED,,,,,,MISSING,train_candidate,MONTHLY_FEATURE_V2_2026-10-03
TanChau,2008-06,14.8,1.0,MRC_WRUP_VN_019803,MRC_EXPORT_2026-08-31,VERIFIED,17.8,18.1,15.5,19.8,6,wet,193.5,27.0,4.066,Open-Meteo_ERA5-Land,OPENMETEO_2026-09-02,VERIFIED,16927.45625,23843.21875,Copernicus_GloFAS,ERA5_V4,TANCHAU_1985_2023_FILES,SUSPECT,10.825,105.225,2.799,True,DAHITI,DAHITI_2026-09-12T2014,VERIFIED,,,,,,MISSING,train_candidate,MONTHLY_FEATURE_V2_2026-10-03
TanChau,2008-07,13.2,1.0,MRC_WRUP_VN_019803,MRC_EXPORT_2026-08-31,VERIFIED,14.8,17.8,18.1,14.0,7,wet,214.2,27.048387096774192,4.3993548387096775,Open-Meteo_ERA5-Land,OPENMETEO_2026-09-02,VERIFIED,22559.8810483871,31645.390625,Copernicus_GloFAS,ERA5_V4,TANCHAU_1985_2023_FILES,SUSPECT,10.825,105.225,3.27,True,DAHITI,DAHITI_2026-09-12T2014,VERIFIED,,,,,,MISSING,train_candidate,MONTHLY_FEATURE_V2_2026-10-03
TanChau,2008-08,12.3,1.0,MRC_WRUP_VN_019803,MRC_EXPORT_2026-08-31,VERIFIED,13.2,14.8,17.8,14.7,8,wet,223.3,26.903225806451612,4.224838709677419,Open-Meteo_ERA5-Land,OPENMETEO_2026-09-02,VERIFIED,36249.222026209674,43165.265625,Copernicus_GloFAS,ERA5_V4,TANCHAU_1985_2023_FILES,SUSPECT,10.825,105.225,,False,,,MISSING,,,,,,MISSING,train_candidate,MONTHLY_FEATURE_V2_2026-10-03
TanChau,2008-09,12.8,1.0,MRC_WRUP_VN_019803,MRC_EXPORT_2026-08-31,VERIFIED,12.3,13.2,14.8,12.0,9,wet,361.3,26.65666666666667,4.283333333333333,Open-Meteo_ERA5-Land,OPENMETEO_2026-09-02,VERIFIED,34170.40859375,42845.078125,Copernicus_GloFAS,ERA5_V4,TANCHAU_1985_2023_FILES,SUSPECT,10.825,105.225,4.823,True,DAHITI,DAHITI_2026-09-12T2014,VERIFIED,,,,,,MISSING,train_candidate,MONTHLY_FEATURE_V2_2026-10-03
TanChau,2008-10,13.3,1.0,MRC_WRUP_VN_019803,MRC_EXPORT_2026-08-31,VERIFIED,12.8,12.3,13.2,8.9,10,wet,288.3,26.825806451612905,2.7670967741935484,Open-Meteo_ERA5-Land,OPENMETEO_2026-09-02,VERIFIED,28032.37021169355,38376.5,Copernicus_GloFAS,ERA5_V4,TANCHAU_1985_2023_FILES,SUSPECT,10.825,105.225,3.251,True,DAHITI,DAHITI_2026-09-12T2014,VERIFIED,,,,,,MISSING,train_candidate,MONTHLY_FEATURE_V2_2026-10-03
TanChau,2008-11,14.0,1.0,MRC_WRUP_VN_019803,MRC_EXPORT_2026-08-31,VERIFIED,13.3,12.8,12.3,12.5,11,wet,204.70000000000002,25.80666666666667,4.069,Open-Meteo_ERA5-Land,OPENMETEO_2026-09-02,VERIFIED,20708.041927083334,28199.4921875,Copernicus_GloFAS,ERA5_V4,TANCHAU_1985_2023_FILES,SUSPECT,10.825,105.225,4.005,True,DAHITI,DAHITI_2026-09-12T2014,VERIFIED,,,,,,MISSING,train_candidate,MONTHLY_FEATURE_V2_2026-10-03
TanChau,2008-12,13.1,1.0,MRC_WRUP_VN_019803,MRC_EXPORT_2026-08-31,VERIFIED,14.0,13.3,12.8,12.2,12,dry,69.8,25.393548387096775,4.160645161290322,Open-Meteo_ERA5-Land,OPENMETEO_2026-09-02,VERIFIED,6068.548891129032,11120.65625,Copernicus_GloFAS,ERA5_V4,TANCHAU_1985_2023_FILES,SUSPECT,10.825,105.225,3.168,True,DAHITI,DAHITI_2026-09-12T2014,VERIFIED,,,,,,MISSING,train_candidate,MONTHLY_FEATURE_V2_2026-10-03
TanChau,2009-01,13.6,1.0,MRC_WRUP_VN_019803,MRC_EXPORT_2026-08-31,VERIFIED,13.1,14.0,13.3,12.0,1,dry,11.4,24.625806451612902,3.7938709677419356,Open-Meteo_ERA5-Land,OPENMETEO_2026-09-02,VERIFIED,3078.6466733870966,4593.109375,Copernicus_GloFAS,ERA5_V4,TANCHAU_1985_2023_FILES,SUSPECT,10.825,105.225,3.17,True,DAHITI,DAHITI_2026-09-12T2014,VERIFIED,,,,,,MISSING,train_candidate,MONTHLY_FEATURE_V2_2026-10-03
TanChau,2009-02,14.0,1.0,MRC_WRUP_VN_019803,MRC_EXPORT_2026-08-31,VERIFIED,13.6,13.1,14.0,13.2,2,dry,49.9,26.88214285714286,3.0339285714285715,Open-Meteo_ERA5-Land,OPENMETEO_2026-09-02,VERIFIED,1811.345982142857,2020.53125,Copernicus_GloFAS,ERA5_V4,TANCHAU_1985_2023_FILES,SUSPECT,10.825,105.225,3.036,True,DAHITI,DAHITI_2026-09-12T2014,VERIFIED,,,,,,MISSING,train_candidate,MONTHLY_FEATURE_V2_2026-10-03
TanChau,2009-03,15.9,1.0,MRC_WRUP_VN_019803,MRC_EXPORT_2026-08-31,VERIFIED,14.0,13.6,13.1,15.5,3,dry,71.8,28.51290322580645,3.0893548387096774,Open-Meteo_ERA5-Land,OPENMETEO_2026-09-02,VERIFIED,1193.873991935484,1600.9375,Copernicus_GloFAS,ERA5_V4,TANCHAU_1985_2023_FILES,SUSPECT,10.825,105.225,,False,,,MISSING,,,,,,MISSING,train_candidate,MONTHLY_FEATURE_V2_2026-10-03
TanChau,2009-04,17.2,1.0,MRC_WRUP_VN_019803,MRC_EXPORT_2026-08-31,VERIFIED,15.9,14.0,13.6,18.1,4,transition,144.7,28.35,3.5816666666666666,Open-Meteo_ERA5-Land,OPENMETEO_2026-09-02,VERIFIED,2980.8645833333335,7382.4375,Copernicus_GloFAS,ERA5_V4,TANCHAU_1985_2023_FILES,SUSPECT,10.825,105.225,2.799,True,DAHITI,DAHITI_2026-09-12T2014,VERIFIED,,,,,,MISSING,train_candidate,MONTHLY_FEATURE_V2_2026-10-03
TanChau,2009-05,19.3,1.0,MRC_WRUP_VN_019803,MRC_EXPORT_2026-08-31,VERIFIED,17.2,15.9,14.0,17.8,5,transition,257.3,27.009677419354837,3.2983870967741935,Open-Meteo_ERA5-Land,OPENMETEO_2026-09-02,VERIFIED,9195.173387096775,15003.3125,Copernicus_GloFAS,ERA5_V4,TANCHAU_1985_2023_FILES,SUSPECT,10.825,105.225,3.074,True,DAHITI,DAHITI_2026-09-12T2014,VERIFIED,,,,,,MISSING,train_candidate,MONTHLY_FEATURE_V2_2026-10-03
TanChau,2009-06,15.1,1.0,MRC_WRUP_VN_019803,MRC_EXPORT_2026-08-31,VERIFIED,19.3,17.2,15.9,14.8,6,wet,155.2,27.35666666666667,4.495666666666667,Open-Meteo_ERA5-Land,OPENMETEO_2026-09-02,VERIFIED,14943.694791666667,20174.625,Copernicus_GloFAS,ERA5_V4,TANCHAU_1985_2023_FILES,SUSPECT,10.825,105.225,3.08,True,DAHITI,DAHITI_2026-09-12T2014,VERIFIED,,,,,,MISSING,train_candidate,MONTHLY_FEATURE_V2_2026-10-03
TanChau,2009-07,13.9,1.0,MRC_WRUP_VN_019803,MRC_EXPORT_2026-08-31,VERIFIED,15.1,19.3,17.2,13.2,7,wet,175.4,27.161290322580644,4.7293548387096775,Open-Meteo_ERA5-Land,OPENMETEO_2026-09-02,VERIFIED,26474.8845766129,51194.625,Copernicus_GloFAS,ERA5_V4,TANCHAU_1985_2023_FILES,SUSPECT,10.825,105.225,2.925,True,DAHITI,DAHITI_2026-09-12T2014,VERIFIED,,,,,,MISSING,train_candidate,MONTHLY_FEATURE_V2_2026-10-03
TanChau,2009-08,7.8,1.0,MRC_WRUP_VN_019803,MRC_EXPORT_2026-08-31,VERIFIED,13.9,15.1,19.3,12.3,8,wet,161.6,27.716129032258067,4.312258064516129,Open-Meteo_ERA5-Land,OPENMETEO_2026-09-02,VERIFIED,30957.681955645163,35710.15625,Copernicus_GloFAS,ERA5_V4,TANCHAU_1985_2023_FILES,SUSPECT,10.825,105.225,4.159,True,DAHITI,DAHITI_2026-09-12T2014,VERIFIED,,,,,,MISSING,train_candidate,MONTHLY_FEATURE_V2_2026-10-03
TanChau,2009-09,10.23,1.0,MRC_WRUP_VN_019803,MRC_EXPORT_2026-08-31,VERIFIED,7.8,13.9,15.1,12.8,9,wet,250.8,26.64333333333333,4.649666666666667,Open-Meteo_ERA5-Land,OPENMETEO_2026-09-02,VERIFIED,36624.930989583336,60919.2109375,Copernicus_GloFAS,ERA5_V4,TANCHAU_1985_2023_FILES,SUSPECT,10.825,105.225,,False,,,MISSING,,,,,,MISSING,train_candidate,MONTHLY_FEATURE_V2_2026-10-03
TanChau,2009-10,8.74,1.0,MRC_WRUP_VN_019803,MRC_EXPORT_2026-08-31,VERIFIED,10.23,7.8,13.9,13.3,10,wet,181.3,26.583870967741937,3.2616129032258065,Open-Meteo_ERA5-Land,OPENMETEO_2026-09-02,VERIFIED,38289.6050907258,99706.375,Copernicus_GloFAS,ERA5_V4,TANCHAU_1985_2023_FILES,SUSPECT,10.825,105.225,4.936,True,DAHITI,DAHITI_2026-09-12T2014,VERIFIED,,,,,,MISSING,train_candidate,MONTHLY_FEATURE_V2_2026-10-03
TanChau,2009-11,10.52,1.0,MRC_WRUP_VN_019803,MRC_EXPORT_2026-08-31,VERIFIED,8.74,10.23,7.8,14.0,11,wet,30.4,27.083333333333332,4.025333333333333,Open-Meteo_ERA5-Land,OPENMETEO_2026-09-02,VERIFIED,11551.46796875,22871.765625,Copernicus_GloFAS,ERA5_V4,TANCHAU_1985_2023_FILES,SUSPECT,10.825,105.225,,False,,,MISSING,,,,,,MISSING,train_candidate,MONTHLY_FEATURE_V2_2026-10-03
TanChau,2009-12,11.67,1.0,MRC_WRUP_VN_019803,MRC_EXPORT_2026-08-31,VERIFIED,10.52,8.74,10.23,13.1,12,dry,20.3,27.032258064516128,2.790645161290323,Open-Meteo_ERA5-Land,OPENMETEO_2026-09-02,VERIFIED,3485.9165826612902,4912.8203125,Copernicus_GloFAS,ERA5_V4,TANCHAU_1985_2023_FILES,SUSPECT,10.825,105.225,3.41,True,DAHITI,DAHITI_2026-09-12T2014,VERIFIED,,,,,,MISSING,train_candidate,MONTHLY_FEATURE_V2_2026-10-03
TanChau,2010-01,11.33,1.0,MRC_WRUP_VN_019803,MRC_EXPORT_2026-08-31,VERIFIED,11.67,10.52,8.74,13.6,1,dry,54.699999999999996,26.596774193548388,3.2754838709677423,Open-Meteo_ERA5-Land,OPENMETEO_2026-09-02,VERIFIED,2085.8966733870966,2868.578125,Copernicus_GloFAS,ERA5_V4,TANCHAU_1985_2023_FILES,SUSPECT,10.825,105.225,3.198,True,DAHITI,DAHITI_2026-09-12T2014,VERIFIED,,,,,,MISSING,train_candidate,MONTHLY_FEATURE_V2_2026-10-03
TanChau,2010-02,14.86,1.0,MRC_WRUP_VN_019803,MRC_EXPORT_2026-08-31,VERIFIED,11.33,11.67,10.52,14.0,2,dry,0.5,27.95357142857143,3.7296428571428573,Open-Meteo_ERA5-Land,OPENMETEO_2026-09-02,VERIFIED,1911.127232142857,2441.875,Copernicus_GloFAS,ERA5_V4,TANCHAU_1985_2023_FILES,SUSPECT,10.825,105.225,3.643,True,DAHITI,DAHITI_2026-09-12T2014,VERIFIED,,,,,,MISSING,train_candidate,MONTHLY_FEATURE_V2_2026-10-03
TanChau,2010-03,15.7,1.0,MRC_WRUP_VN_019803,MRC_EXPORT_2026-08-31,VERIFIED,14.86,11.33,11.67,15.9,3,dry,22.5,29.809677419354838,3.6074193548387097,Open-Meteo_ERA5-Land,OPENMETEO_2026-09-02,VERIFIED,637.484879032258,1372.25,Copernicus_GloFAS,ERA5_V4,TANCHAU_1985_2023_FILES,SUSPECT,10.825,105.225,3.111,True,DAHITI,DAHITI_2026-09-12T2014,VERIFIED,,,,,,MISSING,train_candidate,MONTHLY_FEATURE_V2_2026-10-03
TanChau,2010-04,20.3,1.0,MRC_WRUP_VN_019803,MRC_EXPORT_2026-08-31,VERIFIED,15.7,14.86,11.33,17.2,4,transition,59.8,30.373333333333335,3.3643333333333336,Open-Meteo_ERA5-Land,OPENMETEO_2026-09-02,VERIFIED,384.62395833333335,771.875,Copernicus_GloFAS,ERA5_V4,TANCHAU_1985_2023_FILES,SUSPECT,10.825,105.225,3.116,True,DAHITI,DAHITI_2026-09-12T2014,VERIFIED,,,,,,MISSING,train_candidate,MONTHLY_FEATURE_V2_2026-10-03
TanChau,2010-05,17.39,1.0,MRC_WRUP_VN_019803,MRC_EXPORT_2026-08-31,VERIFIED,20.3,15.7,14.86,19.3,5,transition,150.9,29.429032258064513,3.474838709677419,Open-Meteo_ERA5-Land,OPENMETEO_2026-09-02,VERIFIED,2294.876008064516,6252.90625,Copernicus_GloFAS,ERA5_V4,TANCHAU_1985_2023_FILES,SUSPECT,10.825,105.225,3.037,True,DAHITI,DAHITI_2026-09-12T2014,VERIFIED,,,,,,MISSING,train_candidate,MONTHLY_FEATURE_V2_2026-10-03
TanChau,2010-06,19.33,1.0,MRC_WRUP_VN_019803,MRC_EXPORT_2026-08-31,VERIFIED,17.39,20.3,15.7,15.1,6,wet,253.2,27.756666666666668,4.086,Open-Meteo_ERA5-Land,OPENMETEO_2026-09-02,VERIFIED,7807.718229166667,9617.984375,Copernicus_GloFAS,ERA5_V4,TANCHAU_1985_2023_FILES,SUSPECT,10.825,105.225,,False,,,MISSING,,,,,,MISSING,train_candidate,MONTHLY_FEATURE_V2_2026-10-03
TanChau,2010-07,22.0,1.0,MRC_WRUP_VN_019803,MRC_EXPORT_2026-08-31,VERIFIED,19.33,17.39,20.3,13.9,7,wet,216.3,27.306451612903224,4.094838709677419,Open-Meteo_ERA5-Land,OPENMETEO_2026-09-02,VERIFIED,13391.847278225807,29808.0,Copernicus_GloFAS,ERA5_V4,TANCHAU_1985_2023_FILES,SUSPECT,10.825,105.225,3.652,True,DAHITI,DAHITI_2026-09-12T2014,VERIFIED,,,,,,MISSING,train_candidate,MONTHLY_FEATURE_V2_2026-10-03
TanChau,2010-08,13.4,1.0,MRC_WRUP_VN_019803,MRC_EXPORT_2026-08-31,VERIFIED,22.0,19.33,17.39,7.8,8,wet,231.8,27.31935483870968,4.212903225806452,Open-Meteo_ERA5-Land,OPENMETEO_2026-09-02,VERIFIED,30945.790070564515,39092.171875,Copernicus_GloFAS,ERA5_V4,TANCHAU_1985_2023_FILES,SUSPECT,10.825,105.225,,False,,,MISSING,,,,,,MISSING,train_candidate,MONTHLY_FEATURE_V2_2026-10-03
TanChau,2010-09,14.08,1.0,MRC_WRUP_VN_019803,MRC_EXPORT_2026-08-31,VERIFIED,13.4,22.0,19.33,10.23,9,wet,264.4,27.3,3.3636666666666666,Open-Meteo_ERA5-Land,OPENMETEO_2026-09-02,VERIFIED,36914.7890625,49821.7734375,Copernicus_GloFAS,ERA5_V4,TANCHAU_1985_2023_FILES,SUSPECT,10.825,105.225,,False,,,MISSING,,,,,,MISSING,train_candidate,MONTHLY_FEATURE_V2_2026-10-03
TanChau,2010-10,12.15,1.0,MRC_WRUP_VN_019803,MRC_EXPORT_2026-08-31,VERIFIED,14.08,13.4,22.0,8.74,10,wet,413.6,26.25483870967742,3.739032258064516,Open-Meteo_ERA5-Land,OPENMETEO_2026-09-02,VERIFIED,34764.96169354839,43363.03125,Copernicus_GloFAS,ERA5_V4,TANCHAU_1985_2023_FILES,SUSPECT,10.825,105.225,3.662,True,DAHITI,DAHITI_2026-09-12T2014,VERIFIED,,,,,,MISSING,train_candidate,MONTHLY_FEATURE_V2_2026-10-03
TanChau,2010-11,12.5,1.0,MRC_WRUP_VN_019803,MRC_EXPORT_2026-08-31,VERIFIED,12.15,14.08,13.4,10.52,11,wet,189.3,25.983333333333334,3.590333333333333,Open-Meteo_ERA5-Land,OPENMETEO_2026-09-02,VERIFIED,17173.505208333332,22944.3828125,Copernicus_GloFAS,ERA5_V4,TANCHAU_1985_2023_FILES,SUSPECT,10.825,105.225,,False,,,MISSING,,,,,,MISSING,train_candidate,MONTHLY_FEATURE_V2_2026-10-03
TanChau,2010-12,14.49,1.0,MRC_WRUP_VN_019803,MRC_EXPORT_2026-08-31,VERIFIED,12.5,12.15,14.08,11.67,12,dry,62.800000000000004,25.848387096774193,3.07,Open-Meteo_ERA5-Land,OPENMETEO_2026-09-02,VERIFIED,4963.059475806452,7646.890625,Copernicus_GloFAS,ERA5_V4,TANCHAU_1985_2023_FILES,SUSPECT,10.825,105.225,,False,,,MISSING,,,,,,MISSING,train_candidate,MONTHLY_FEATURE_V2_2026-10-03
TanChau,2011-01,13.59,1.0,MRC_WRUP_VN_019803,MRC_EXPORT_2026-08-31,VERIFIED,14.49,12.5,12.15,11.33,1,dry,17.099999999999998,25.787096774193547,2.9967741935483874,Open-Meteo_ERA5-Land,OPENMETEO_2026-09-02,VERIFIED,2311.8074596774195,3469.28125,Copernicus_GloFAS,ERA5_V4,TANCHAU_1985_2023_FILES,SUSPECT,10.825,105.225,,False,,,MISSING,,,,,,MISSING,train_candidate,MONTHLY_FEATURE_V2_2026-10-03
TanChau,2011-02,14.12,1.0,MRC_WRUP_VN_019803,MRC_EXPORT_2026-08-31,VERIFIED,13.59,14.49,12.5,14.86,2,dry,1.2000000000000002,27.285714285714285,3.438928571428572,Open-Meteo_ERA5-Land,OPENMETEO_2026-09-02,VERIFIED,1671.6484375,1894.25,Copernicus_GloFAS,ERA5_V4,TANCHAU_1985_2023_FILES,SUSPECT,10.825,105.225,,False,,,MISSING,,,,,,MISSING,train_candidate,MONTHLY_FEATURE_V2_2026-10-03
TanChau,2011-03,18.4,1.0,MRC_WRUP_VN_019803,MRC_EXPORT_2026-08-31,VERIFIED,14.12,13.59,14.49,15.7,3,dry,82.5,27.56451612903226,3.788064516129032,Open-Meteo_ERA5-Land,OPENMETEO_2026-09-02,VERIFIED,778.5493951612904,1356.5,Copernicus_GloFAS,ERA5_V4,TANCHAU_1985_2023_FILES,SUSPECT,10.825,105.225,,False,,,MISSING,,,,,,MISSING,train_candidate,MONTHLY_FEATURE_V2_2026-10-03
TanChau,2011-04,19.4,1.0,MRC_WRUP_VN_019803,MRC_EXPORT_2026-08-31,VERIFIED,18.4,14.12,13.59,20.3,4,transition,120.3,28.096666666666668,3.1689999999999996,Open-Meteo_ERA5-Land,OPENMETEO_2026-09-02,VERIFIED,1381.3854166666667,2377.6875,Copernicus_GloFAS,ERA5_V4,TANCHAU_1985_2023_FILES,SUSPECT,10.825,105.225,,False,,,MISSING,,,,,,MISSING,train_candidate,MONTHLY_FEATURE_V2_2026-10-03
TanChau,2011-05,18.88,1.0,MRC_WRUP_VN_019803,MRC_EXPORT_2026-08-31,VERIFIED,19.4,18.4,14.12,17.39,5,transition,202.1,27.69677419354839,3.539677419354839,Open-Meteo_ERA5-Land,OPENMETEO_2026-09-02,VERIFIED,7358.3125,14574.25,Copernicus_GloFAS,ERA5_V4,TANCHAU_1985_2023_FILES,SUSPECT,10.825,105.225,,False,,,MISSING,,,,,,MISSING,train_candidate,MONTHLY_FEATURE_V2_2026-10-03
TanChau,2011-06,16.9,1.0,MRC_WRUP_VN_019803,MRC_EXPORT_2026-08-31,VERIFIED,18.88,19.4,18.4,19.33,6,wet,170.0,27.216666666666665,4.667333333333334,Open-Meteo_ERA5-Land,OPENMETEO_2026-09-02,VERIFIED,17954.534375,27338.78125,Copernicus_GloFAS,ERA5_V4,TANCHAU_1985_2023_FILES,SUSPECT,10.825,105.225,,False,,,MISSING,,,,,,MISSING,train_candidate,MONTHLY_FEATURE_V2_2026-10-03
TanChau,2011-07,10.33,1.0,MRC_WRUP_VN_019803,MRC_EXPORT_2026-08-31,VERIFIED,16.9,18.88,19.4,22.0,7,wet,184.5,27.358064516129033,4.692258064516129,Open-Meteo_ERA5-Land,OPENMETEO_2026-09-02,VERIFIED,27627.800403225807,37121.640625,Copernicus_GloFAS,ERA5_V4,TANCHAU_1985_2023_FILES,SUSPECT,10.825,105.225,,False,,,MISSING,,,,,,MISSING,train_candidate,MONTHLY_FEATURE_V2_2026-10-03
TanChau,2011-08,10.64,1.0,MRC_WRUP_VN_019803,MRC_EXPORT_2026-08-31,VERIFIED,10.33,16.9,18.88,13.4,8,wet,251.9,27.251612903225805,4.164838709677419,Open-Meteo_ERA5-Land,OPENMETEO_2026-09-02,VERIFIED,38253.440776209674,46378.046875,Copernicus_GloFAS,ERA5_V4,TANCHAU_1985_2023_FILES,SUSPECT,10.825,105.225,,False,,,MISSING,,,,,,MISSING,train_candidate,MONTHLY_FEATURE_V2_2026-10-03
TanChau,2011-09,10.8,1.0,MRC_WRUP_VN_019803,MRC_EXPORT_2026-08-31,VERIFIED,10.64,10.33,16.9,14.08,9,wet,292.8,26.529999999999998,4.682666666666666,Open-Meteo_ERA5-Land,OPENMETEO_2026-09-02,VERIFIED,43810.45,63383.3515625,Copernicus_GloFAS,ERA5_V4,TANCHAU_1985_2023_FILES,SUSPECT,10.825,105.225,,False,,,MISSING,,,,,,MISSING,train_candidate,MONTHLY_FEATURE_V2_2026-10-03
TanChau,2011-10,9.5,1.0,MRC_WRUP_VN_019803,MRC_EXPORT_2026-08-31,VERIFIED,10.8,10.64,10.33,12.15,10,wet,224.1,26.88064516129032,3.111290322580645,Open-Meteo_ERA5-Land,OPENMETEO_2026-09-02,VERIFIED,39113.147429435485,50962.3203125,Copernicus_GloFAS,ERA5_V4,TANCHAU_1985_2023_FILES,SUSPECT,10.825,105.225,,False,,,MISSING,,,,,,MISSING,train_candidate,MONTHLY_FEATURE_V2_2026-10-03
TanChau,2011-11,10.0,1.0,MRC_WRUP_VN_019803,MRC_EXPORT_2026-08-31,VERIFIED,9.5,10.8,10.64,12.5,11,wet,94.5,27.07,3.4403333333333332,Open-Meteo_ERA5-Land,OPENMETEO_2026-09-02,VERIFIED,13822.489322916666,32451.921875,Copernicus_GloFAS,ERA5_V4,TANCHAU_1985_2023_FILES,SUSPECT,10.825,105.225,,False,,,MISSING,,,,,,MISSING,train_candidate,MONTHLY_FEATURE_V2_2026-10-03
TanChau,2011-12,11.4,1.0,MRC_WRUP_VN_019803,MRC_EXPORT_2026-08-31,VERIFIED,10.0,9.5,10.8,14.49,12,dry,25.8,26.370967741935484,4.444516129032258,Open-Meteo_ERA5-Land,OPENMETEO_2026-09-02,VERIFIED,4226.145161290323,5594.25,Copernicus_GloFAS,ERA5_V4,TANCHAU_1985_2023_FILES,SUSPECT,10.825,105.225,,False,,,MISSING,,,,,,MISSING,train_candidate,MONTHLY_FEATURE_V2_2026-10-03
TanChau,2012-01,11.0,1.0,MRC_WRUP_VN_019803,MRC_EXPORT_2026-08-31,VERIFIED,11.4,10.0,9.5,13.59,1,dry,83.5,26.84193548387097,3.5303225806451612,Open-Meteo_ERA5-Land,OPENMETEO_2026-09-02,VERIFIED,2434.8039314516127,3318.609375,Copernicus_GloFAS,ERA5_V4,TANCHAU_1985_2023_FILES,SUSPECT,10.825,105.225,,False,,,MISSING,,,,,,MISSING,train_candidate,MONTHLY_FEATURE_V2_2026-10-03
TanChau,2012-02,13.5,1.0,MRC_WRUP_VN_019803,MRC_EXPORT_2026-08-31,VERIFIED,11.0,11.4,10.0,14.12,2,dry,77.9,27.020689655172415,3.0358620689655176,Open-Meteo_ERA5-Land,OPENMETEO_2026-09-02,VERIFIED,1930.3836206896551,2526.5,Copernicus_GloFAS,ERA5_V4,TANCHAU_1985_2023_FILES,SUSPECT,10.825,105.225,,False,,,MISSING,,,,,,MISSING,train_candidate,MONTHLY_FEATURE_V2_2026-10-03
TanChau,2012-03,15.3,1.0,MRC_WRUP_VN_019803,MRC_EXPORT_2026-08-31,VERIFIED,13.5,11.0,11.4,18.4,3,dry,67.0,29.051612903225806,3.582258064516129,Open-Meteo_ERA5-Land,OPENMETEO_2026-09-02,VERIFIED,1259.0997983870968,1732.25,Copernicus_GloFAS,ERA5_V4,TANCHAU_1985_2023_FILES,SUSPECT,10.825,105.225,,False,,,MISSING,,,,,,MISSING,train_candidate,MONTHLY_FEATURE_V2_2026-10-03
TanChau,2012-04,14.8,1.0,MRC_WRUP_VN_019803,MRC_EXPORT_2026-08-31,VERIFIED,15.3,13.5,11.0,19.4,4,transition,116.1,28.413333333333334,3.753333333333333,Open-Meteo_ERA5-Land,OPENMETEO_2026-09-02,VERIFIED,2630.264583333333,3224.40625,Copernicus_GloFAS,ERA5_V4,TANCHAU_1985_2023_FILES,SUSPECT,10.825,105.225,,False,,,MISSING,,,,,,MISSING,train_candidate,MONTHLY_FEATURE_V2_2026-10-03
TanChau,2012-05,16.9,1.0,MRC_WRUP_VN_019803,MRC_EXPORT_2026-08-31,VERIFIED,14.8,15.3,13.5,18.88,5,transition,240.1,27.4741935483871,4.538387096774193,Open-Meteo_ERA5-Land,OPENMETEO_2026-09-02,VERIFIED,5452.455645161291,9463.4375,Copernicus_GloFAS,ERA5_V4,TANCHAU_1985_2023_FILES,SUSPECT,10.825,105.225,,False,,,MISSING,,,,,,MISSING,train_candidate,MONTHLY_FEATURE_V2_2026-10-03
TanChau,2012-06,16.96,1.0,MRC_WRUP_VN_019803,MRC_EXPORT_2026-08-31,VERIFIED,16.9,14.8,15.3,16.9,6,wet,158.4,27.416666666666668,5.049333333333333,Open-Meteo_ERA5-Land,OPENMETEO_2026-09-02,VERIFIED,16714.628645833334,30600.09375,Copernicus_GloFAS,ERA5_V4,TANCHAU_1985_2023_FILES,SUSPECT,10.825,105.225,,False,,,MISSING,,,,,,MISSING,train_candidate,MONTHLY_FEATURE_V2_2026-10-03
TanChau,2012-07,12.15,1.0,MRC_WRUP_VN_019803,MRC_EXPORT_2026-08-31,VERIFIED,16.96,16.9,14.8,10.33,7,wet,177.1,27.10967741935484,4.870967741935484,Open-Meteo_ERA5-Land,OPENMETEO_2026-09-02,VERIFIED,21269.882056451614,24258.03125,Copernicus_GloFAS,ERA5_V4,TANCHAU_1985_2023_FILES,SUSPECT,10.825,105.225,,False,,,MISSING,,,,,,MISSING,train_candidate,MONTHLY_FEATURE_V2_2026-10-03
TanChau,2012-08,11.3,1.0,MRC_WRUP_VN_019803,MRC_EXPORT_2026-08-31,VERIFIED,12.15,16.96,16.9,10.64,8,wet,147.2,27.638709677419353,5.208709677419355,Open-Meteo_ERA5-Land,OPENMETEO_2026-09-02,VERIFIED,31054.606098790322,36526.609375,Copernicus_GloFAS,ERA5_V4,TANCHAU_1985_2023_FILES,SUSPECT,10.825,105.225,,False,,,MISSING,,,,,,MISSING,train_candidate,MONTHLY_FEATURE_V2_2026-10-03
TanChau,2012-09,10.71,1.0,MRC_WRUP_VN_019803,MRC_EXPORT_2026-08-31,VERIFIED,11.3,12.15,16.96,10.8,9,wet,352.2,26.233333333333334,4.022,Open-Meteo_ERA5-Land,OPENMETEO_2026-09-02,VERIFIED,35868.47552083333,42091.40625,Copernicus_GloFAS,ERA5_V4,TANCHAU_1985_2023_FILES,SUSPECT,10.825,105.225,,False,,,MISSING,,,,,,MISSING,train_candidate,MONTHLY_FEATURE_V2_2026-10-03
TanChau,2012-10,10.47,1.0,MRC_WRUP_VN_019803,MRC_EXPORT_2026-08-31,VERIFIED,10.71,11.3,12.15,9.5,10,wet,169.0,26.948387096774194,2.57,Open-Meteo_ERA5-Land,OPENMETEO_2026-09-02,VERIFIED,24234.547379032258,38891.9375,Copernicus_GloFAS,ERA5_V4,TANCHAU_1985_2023_FILES,SUSPECT,10.825,105.225,,False,,,MISSING,,,,,,MISSING,train_candidate,MONTHLY_FEATURE_V2_2026-10-03
TanChau,2012-11,12.6,1.0,MRC_WRUP_VN_019803,MRC_EXPORT_2026-08-31,VERIFIED,10.47,10.71,11.3,10.0,11,wet,138.2,26.773333333333333,3.1366666666666663,Open-Meteo_ERA5-Land,OPENMETEO_2026-09-02,VERIFIED,8384.326302083333,10321.421875,Copernicus_GloFAS,ERA5_V4,TANCHAU_1985_2023_FILES,SUSPECT,10.825,105.225,,False,,,MISSING,,,,,,MISSING,train_candidate,MONTHLY_FEATURE_V2_2026-10-03
TanChau,2012-12,12.6,1.0,MRC_WRUP_VN_019803,MRC_EXPORT_2026-08-31,VERIFIED,12.6,10.47,10.71,11.4,12,dry,20.0,27.393548387096775,2.855161290322581,Open-Meteo_ERA5-Land,OPENMETEO_2026-09-02,VERIFIED,4517.004788306452,7025.7265625,Copernicus_GloFAS,ERA5_V4,TANCHAU_1985_2023_FILES,SUSPECT,10.825,105.225,,False,,,MISSING,,,,,,MISSING,train_candidate,MONTHLY_FEATURE_V2_2026-10-03
TanChau,2013-01,13.22,1.0,MRC_WRUP_VN_019803,MRC_EXPORT_2026-08-31,VERIFIED,12.6,12.6,10.47,11.0,1,dry,39.0,26.177419354838708,3.2841935483870968,Open-Meteo_ERA5-Land,OPENMETEO_2026-09-02,VERIFIED,2088.7777217741937,2915.734375,Copernicus_GloFAS,ERA5_V4,TANCHAU_1985_2023_FILES,SUSPECT,10.825,105.225,,False,,,MISSING,,,,,,MISSING,train_candidate,MONTHLY_FEATURE_V2_2026-10-03
TanChau,2013-02,16.22,1.0,MRC_WRUP_VN_019803,MRC_EXPORT_2026-08-31,VERIFIED,13.22,12.6,12.6,13.5,2,dry,20.8,28.37142857142857,3.9664285714285716,Open-Meteo_ERA5-Land,OPENMETEO_2026-09-02,VERIFIED,1466.078125,1550.25,Copernicus_GloFAS,ERA5_V4,TANCHAU_1985_2023_FILES,SUSPECT,10.825,105.225,,False,,,MISSING,,,,,,MISSING,train_candidate,MONTHLY_FEATURE_V2_2026-10-03
TanChau,2013-03,19.7,1.0,MRC_WRUP_VN_019803,MRC_EXPORT_2026-08-31,VERIFIED,16.22,13.22,12.6,15.3,3,dry,11.6,30.08709677419355,3.3499999999999996,Open-Meteo_ERA5-Land,OPENMETEO_2026-09-02,VERIFIED,678.5221774193549,1272.625,Copernicus_GloFAS,ERA5_V4,TANCHAU_1985_2023_FILES,SUSPECT,10.825,105.225,,False,,,MISSING,,,,,,MISSING,train_candidate,MONTHLY_FEATURE_V2_2026-10-03
TanChau,2013-04,22.4,1.0,MRC_WRUP_VN_019803,MRC_EXPORT_2026-08-31,VERIFIED,19.7,16.22,13.22,14.8,4,transition,143.8,28.61,3.4410000000000003,Open-Meteo_ERA5-Land,OPENMETEO_2026-09-02,VERIFIED,1547.4447916666666,4110.125,Copernicus_GloFAS,ERA5_V4,TANCHAU_1985_2023_FILES,SUSPECT,10.825,105.225,3.051,True,DAHITI,DAHITI_2026-09-12T2014,VERIFIED,,,,,,MISSING,train_candidate,MONTHLY_FEATURE_V2_2026-10-03
TanChau,2013-05,19.61,1.0,MRC_WRUP_VN_019803,MRC_EXPORT_2026-08-31,VERIFIED,22.4,19.7,16.22,16.9,5,transition,215.0,28.080645161290324,3.6861290322580644,Open-Meteo_ERA5-Land,OPENMETEO_2026-09-02,VERIFIED,4985.0887096774195,7132.34375,Copernicus_GloFAS,ERA5_V4,TANCHAU_1985_2023_FILES,SUSPECT,10.825,105.225,2.889,True,DAHITI,DAHITI_2026-09-12T2014,VERIFIED,,,,,,MISSING,train_candidate,MONTHLY_FEATURE_V2_2026-10-03
TanChau,2013-06,20.1,1.0,MRC_WRUP_VN_019803,MRC_EXPORT_2026-08-31,VERIFIED,19.61,22.4,19.7,16.96,6,wet,234.9,27.163333333333334,4.046,Open-Meteo_ERA5-Land,OPENMETEO_2026-09-02,VERIFIED,13630.319791666667,25215.90625,Copernicus_GloFAS,ERA5_V4,TANCHAU_1985_2023_FILES,SUSPECT,10.825,105.225,2.813,True,DAHITI,DAHITI_2026-09-12T2014,VERIFIED,,,,,,MISSING,train_candidate,MONTHLY_FEATURE_V2_2026-10-03
TanChau,2013-07,14.66,1.0,MRC_WRUP_VN_019803,MRC_EXPORT_2026-08-31,VERIFIED,20.1,19.61,22.4,12.15,7,wet,271.6,26.570967741935487,4.22,Open-Meteo_ERA5-Land,OPENMETEO_2026-09-02,VERIFIED,21958.478830645163,39309.265625,Copernicus_GloFAS,ERA5_V4,TANCHAU_1985_2023_FILES,SUSPECT,10.825,105.225,3.156,True,DAHITI,DAHITI_2026-09-12T2014,VERIFIED,,,,,,MISSING,train_candidate,MONTHLY_FEATURE_V2_2026-10-03
TanChau,2013-08,10.43,1.0,MRC_WRUP_VN_019803,MRC_EXPORT_2026-08-31,VERIFIED,14.66,20.1,19.61,11.3,8,wet,188.3,26.993548387096773,4.742580645161291,Open-Meteo_ERA5-Land,OPENMETEO_2026-09-02,VERIFIED,37630.08064516129,48528.875,Copernicus_GloFAS,ERA5_V4,TANCHAU_1985_2023_FILES,SUSPECT,10.825,105.225,3.757,True,DAHITI,DAHITI_2026-09-12T2014,VERIFIED,,,,,,MISSING,train_candidate,MONTHLY_FEATURE_V2_2026-10-03
TanChau,2013-09,10.9,1.0,MRC_WRUP_VN_019803,MRC_EXPORT_2026-08-31,VERIFIED,10.43,14.66,20.1,10.71,9,wet,239.6,26.796666666666667,4.105,Open-Meteo_ERA5-Land,OPENMETEO_2026-09-02,VERIFIED,45506.15,89100.609375,Copernicus_GloFAS,ERA5_V4,TANCHAU_1985_2023_FILES,SUSPECT,10.825,105.225,,False,,,MISSING,,,,,,MISSING,train_candidate,MONTHLY_FEATURE_V2_2026-10-03
TanChau,2013-10,9.32,1.0,MRC_WRUP_VN_019803,MRC_EXPORT_2026-08-31,VERIFIED,10.9,10.43,14.66,10.47,10,wet,256.3,26.438709677419357,2.994193548387097,Open-Meteo_ERA5-Land,OPENMETEO_2026-09-02,VERIFIED,35940.886088709674,62855.828125,Copernicus_GloFAS,ERA5_V4,TANCHAU_1985_2023_FILES,SUSPECT,10.825,105.225,5.195,True,DAHITI,DAHITI_2026-09-12T2014,VERIFIED,,,,,,MISSING,train_candidate,MONTHLY_FEATURE_V2_2026-10-03
TanChau,2013-11,14.88,1.0,MRC_WRUP_VN_019803,MRC_EXPORT_2026-08-31,VERIFIED,9.32,10.9,10.43,12.6,11,wet,133.0,26.506666666666668,3.3486666666666665,Open-Meteo_ERA5-Land,OPENMETEO_2026-09-02,VERIFIED,12519.821614583334,16070.984375,Copernicus_GloFAS,ERA5_V4,TANCHAU_1985_2023_FILES,SUSPECT,10.825,105.225,3.511,True,DAHITI,DAHITI_2026-09-12T2014,VERIFIED,,,,,,MISSING,train_candidate,MONTHLY_FEATURE_V2_2026-10-03
TanChau,2013-12,11.15,1.0,MRC_WRUP_VN_019803,MRC_EXPORT_2026-08-31,VERIFIED,14.88,9.32,10.9,12.6,12,dry,21.299999999999997,25.17096774193548,4.043548387096774,Open-Meteo_ERA5-Land,OPENMETEO_2026-09-02,VERIFIED,6093.998991935484,8337.859375,Copernicus_GloFAS,ERA5_V4,TANCHAU_1985_2023_FILES,SUSPECT,10.825,105.225,2.908,True,DAHITI,DAHITI_2026-09-12T2014,VERIFIED,,,,,,MISSING,train_candidate,MONTHLY_FEATURE_V2_2026-10-03
TanChau,2014-01,12.01,1.0,MRC_WRUP_VN_019803,MRC_EXPORT_2026-08-31,VERIFIED,11.15,14.88,9.32,13.22,1,dry,1.8,25.296774193548387,3.2996774193548384,Open-Meteo_ERA5-Land,OPENMETEO_2026-09-02,VERIFIED,2887.2903225806454,5586.546875,Copernicus_GloFAS,ERA5_V4,TANCHAU_1985_2023_FILES,SUSPECT,10.825,105.225,2.924,True,DAHITI,DAHITI_2026-09-12T2014,VERIFIED,,,,,,MISSING,train_candidate,MONTHLY_FEATURE_V2_2026-10-03
TanChau,2014-02,14.8,1.0,MRC_WRUP_VN_019803,MRC_EXPORT_2026-08-31,VERIFIED,12.01,11.15,14.88,16.22,2,dry,0.7999999999999999,26.603571428571428,3.608214285714286,Open-Meteo_ERA5-Land,OPENMETEO_2026-09-02,VERIFIED,1557.015625,1875.4375,Copernicus_GloFAS,ERA5_V4,TANCHAU_1985_2023_FILES,SUSPECT,10.825,105.225,2.858,True,DAHITI,DAHITI_2026-09-12T2014,VERIFIED,,,,,,MISSING,train_candidate,MONTHLY_FEATURE_V2_2026-10-03
TanChau,2014-03,18.09,1.0,MRC_WRUP_VN_019803,MRC_EXPORT_2026-08-31,VERIFIED,14.8,12.01,11.15,19.7,3,dry,7.6,29.309677419354838,3.858709677419355,Open-Meteo_ERA5-Land,OPENMETEO_2026-09-02,VERIFIED,617.1754032258065,1309.59375,Copernicus_GloFAS,ERA5_V4,TANCHAU_1985_2023_FILES,SUSPECT,10.825,105.225,3.007,True,DAHITI,DAHITI_2026-09-12T2014,VERIFIED,,,,,,MISSING,train_candidate,MONTHLY_FEATURE_V2_2026-10-03
TanChau,2014-04,22.5,1.0,MRC_WRUP_VN_019803,MRC_EXPORT_2026-08-31,VERIFIED,18.09,14.8,12.01,22.4,4,transition,112.6,28.763333333333332,2.6926666666666668,Open-Meteo_ERA5-Land,OPENMETEO_2026-09-02,VERIFIED,1298.2854166666666,2660.84375,Copernicus_GloFAS,ERA5_V4,TANCHAU_1985_2023_FILES,SUSPECT,10.825,105.225,,False,,,MISSING,,,,,,MISSING,train_candidate,MONTHLY_FEATURE_V2_2026-10-03
TanChau,2014-05,19.8,1.0,MRC_WRUP_VN_019803,MRC_EXPORT_2026-08-31,VERIFIED,22.5,18.09,14.8,19.61,5,transition,89.5,29.258064516129032,3.7358064516129033,Open-Meteo_ERA5-Land,OPENMETEO_2026-09-02,VERIFIED,3686.3004032258063,6358.78125,Copernicus_GloFAS,ERA5_V4,TANCHAU_1985_2023_FILES,SUSPECT,10.825,105.225,3.112,True,DAHITI,DAHITI_2026-09-12T2014,VERIFIED,,,,,,MISSING,train_candidate,MONTHLY_FEATURE_V2_2026-10-03
TanChau,2014-06,21.0,1.0,MRC_WRUP_VN_019803,MRC_EXPORT_2026-08-31,VERIFIED,19.8,22.5,18.09,20.1,6,wet,233.6,27.69,4.647666666666667,Open-Meteo_ERA5-Land,OPENMETEO_2026-09-02,VERIFIED,11063.1625,19371.25,Copernicus_GloFAS,ERA5_V4,TANCHAU_1985_2023_FILES,SUSPECT,10.825,105.225,3.12,True,DAHITI,DAHITI_2026-09-12T2014,VERIFIED,,,,,,MISSING,train_candidate,MONTHLY_FEATURE_V2_2026-10-03
TanChau,2014-07,,,,,,21.0,19.8,22.5,14.66,7,wet,259.9,27.10967741935484,4.854516129032258,Open-Meteo_ERA5-Land,OPENMETEO_2026-09-02,VERIFIED,28191.260080645163,40950.0625,Copernicus_GloFAS,ERA5_V4,TANCHAU_1985_2023_FILES,SUSPECT,10.825,105.225,3.005,True,DAHITI,DAHITI_2026-09-12T2014,VERIFIED,,,,,,MISSING,inference_only,MONTHLY_FEATURE_V2_2026-10-03
TanChau,2014-08,8.56,1.0,MRC_WRUP_VN_019803,MRC_EXPORT_2026-08-31,VERIFIED,,21.0,19.8,10.43,8,wet,235.8,27.219354838709677,4.2706451612903225,Open-Meteo_ERA5-Land,OPENMETEO_2026-09-02,VERIFIED,34208.84223790323,53644.265625,Copernicus_GloFAS,ERA5_V4,TANCHAU_1985_2023_FILES,SUSPECT,10.825,105.225,4.18,True,DAHITI,DAHITI_2026-09-12T2014,VERIFIED,,,,,,MISSING,train_candidate,MONTHLY_FEATURE_V2_2026-10-03
TanChau,2014-09,11.26,1.0,MRC_WRUP_VN_019803,MRC_EXPORT_2026-08-31,VERIFIED,8.56,,21.0,10.9,9,wet,225.0,26.98,4.136666666666667,Open-Meteo_ERA5-Land,OPENMETEO_2026-09-02,VERIFIED,32742.08203125,36305.0625,Copernicus_GloFAS,ERA5_V4,TANCHAU_1985_2023_FILES,SUSPECT,10.825,105.225,4.124,True,DAHITI,DAHITI_2026-09-12T2014,VERIFIED,,,,,,MISSING,train_candidate,MONTHLY_FEATURE_V2_2026-10-03
TanChau,2014-10,11.73,1.0,MRC_WRUP_VN_019803,MRC_EXPORT_2026-08-31,VERIFIED,11.26,8.56,,9.32,10,wet,278.5,26.700000000000003,2.6490322580645165,Open-Meteo_ERA5-Land,OPENMETEO_2026-09-02,VERIFIED,19466.217489919356,31379.296875,Copernicus_GloFAS,ERA5_V4,TANCHAU_1985_2023_FILES,SUSPECT,10.825,105.225,2.766,True,DAHITI,DAHITI_2026-09-12T2014,VERIFIED,,,,,,MISSING,train_candidate,MONTHLY_FEATURE_V2_2026-10-03
TanChau,2014-11,13.11,1.0,MRC_WRUP_VN_019803,MRC_EXPORT_2026-08-31,VERIFIED,11.73,11.26,8.56,14.88,11,wet,85.4,27.153333333333332,3.0073333333333334,Open-Meteo_ERA5-Land,OPENMETEO_2026-09-02,VERIFIED,8673.5,16665.296875,Copernicus_GloFAS,ERA5_V4,TANCHAU_1985_2023_FILES,SUSPECT,10.825,105.225,3.149,True,DAHITI,DAHITI_2026-09-12T2014,VERIFIED,,,,,,MISSING,train_candidate,MONTHLY_FEATURE_V2_2026-10-03
TanChau,2014-12,12.91,1.0,MRC_WRUP_VN_019803,MRC_EXPORT_2026-08-31,VERIFIED,13.11,11.73,11.26,11.15,12,dry,56.1,26.138709677419353,4.038387096774193,Open-Meteo_ERA5-Land,OPENMETEO_2026-09-02,VERIFIED,4439.967237903225,5500.875,Copernicus_GloFAS,ERA5_V4,TANCHAU_1985_2023_FILES,SUSPECT,10.825,105.225,,False,,,MISSING,,,,,,MISSING,train_candidate,MONTHLY_FEATURE_V2_2026-10-03
TanChau,2015-01,17.58,1.0,MRC_WRUP_VN_019803,MRC_EXPORT_2026-08-31,VERIFIED,12.91,13.11,11.73,12.01,1,dry,6.8,25.9,3.124516129032258,Open-Meteo_ERA5-Land,OPENMETEO_2026-09-02,VERIFIED,2298.7711693548385,3188.71875,Copernicus_GloFAS,ERA5_V4,TANCHAU_1985_2023_FILES,SUSPECT,10.825,105.225,2.863,True,DAHITI,DAHITI_2026-09-12T2014,VERIFIED,,,,,,MISSING,train_candidate,MONTHLY_FEATURE_V2_2026-10-03
TanChau,2015-02,20.1,1.0,MRC_WRUP_VN_019803,MRC_EXPORT_2026-08-31,VERIFIED,17.58,12.91,13.11,14.8,2,dry,4.6,26.535714285714285,3.4603571428571427,Open-Meteo_ERA5-Land,OPENMETEO_2026-09-02,VERIFIED,1681.4888392857142,2105.28125,Copernicus_GloFAS,ERA5_V4,TANCHAU_1985_2023_FILES,SUSPECT,10.825,105.225,,False,,,MISSING,,,,,,MISSING,train_candidate,MONTHLY_FEATURE_V2_2026-10-03
TanChau,2015-03,20.2,1.0,MRC_WRUP_VN_019803,MRC_EXPORT_2026-08-31,VERIFIED,20.1,17.58,12.91,18.09,3,dry,0.1,29.45483870967742,4.051290322580646,Open-Meteo_ERA5-Land,OPENMETEO_2026-09-02,VERIFIED,741.2328629032259,1631.96875,Copernicus_GloFAS,ERA5_V4,TANCHAU_1985_2023_FILES,SUSPECT,10.825,105.225,2.892,True,DAHITI,DAHITI_2026-09-12T2014,VERIFIED,,,,,,MISSING,train_candidate,MONTHLY_FEATURE_V2_2026-10-03
TanChau,2015-04,23.1,1.0,MRC_WRUP_VN_019803,MRC_EXPORT_2026-08-31,VERIFIED,20.2,20.1,17.58,22.5,4,transition,70.7,29.776666666666664,3.1546666666666665,Open-Meteo_ERA5-Land,OPENMETEO_2026-09-02,VERIFIED,592.38125,979.125,Copernicus_GloFAS,ERA5_V4,TANCHAU_1985_2023_FILES,SUSPECT,10.825,105.225,3.274,True,DAHITI,DAHITI_2026-09-12T2014,VERIFIED,,,,,,MISSING,train_candidate,MONTHLY_FEATURE_V2_2026-10-03
TanChau,2015-05,25.1,1.0,MRC_WRUP_VN_019803,MRC_EXPORT_2026-08-31,VERIFIED,23.1,20.2,20.1,19.8,5,transition,85.7,29.706451612903226,3.9577419354838708,Open-Meteo_ERA5-Land,OPENMETEO_2026-09-02,VERIFIED,2277.0050403225805,4214.53125,Copernicus_GloFAS,ERA5_V4,TANCHAU_1985_2023_FILES,SUSPECT,10.825,105.225,,False,,,MISSING,,,,,,MISSING,train_candidate,MONTHLY_FEATURE_V2_2026-10-03
TanChau,2015-06,20.2,1.0,MRC_WRUP_VN_019803,MRC_EXPORT_2026-08-31,VERIFIED,25.1,23.1,20.2,21.0,6,wet,168.9,28.25,4.197666666666667,Open-Meteo_ERA5-Land,OPENMETEO_2026-09-02,VERIFIED,7901.83125,27667.15625,Copernicus_GloFAS,ERA5_V4,TANCHAU_1985_2023_FILES,SUSPECT,10.825,105.225,,False,,,MISSING,,,,,,MISSING,train_candidate,MONTHLY_FEATURE_V2_2026-10-03
TanChau,2015-07,19.7,1.0,MRC_WRUP_VN_019803,MRC_EXPORT_2026-08-31,VERIFIED,20.2,25.1,23.1,,7,wet,140.7,28.083870967741937,4.864516129032259,Open-Meteo_ERA5-Land,OPENMETEO_2026-09-02,VERIFIED,17293.15927419355,25973.046875,Copernicus_GloFAS,ERA5_V4,TANCHAU_1985_2023_FILES,SUSPECT,10.825,105.225,,False,,,MISSING,,,,,,MISSING,train_candidate,MONTHLY_FEATURE_V2_2026-10-03
TanChau,2015-08,13.3,1.0,MRC_WRUP_VN_019803,MRC_EXPORT_2026-08-31,VERIFIED,19.7,20.2,25.1,8.56,8,wet,255.9,27.69677419354839,4.499677419354839,Open-Meteo_ERA5-Land,OPENMETEO_2026-09-02,VERIFIED,32273.742943548386,41805.8125,Copernicus_GloFAS,ERA5_V4,TANCHAU_1985_2023_FILES,SUSPECT,10.825,105.225,2.771,True,DAHITI,DAHITI_2026-09-12T2014,VERIFIED,,,,,,MISSING,train_candidate,MONTHLY_FEATURE_V2_2026-10-03
TanChau,2015-09,12.2,1.0,MRC_WRUP_VN_019803,MRC_EXPORT_2026-08-31,VERIFIED,13.3,19.7,20.2,11.26,9,wet,259.0,27.166666666666668,4.1770000000000005,Open-Meteo_ERA5-Land,OPENMETEO_2026-09-02,VERIFIED,33928.59322916667,49337.296875,Copernicus_GloFAS,ERA5_V4,TANCHAU_1985_2023_FILES,SUSPECT,10.825,105.225,3.157,True,DAHITI,DAHITI_2026-09-12T2014,VERIFIED,,,,,,MISSING,train_candidate,MONTHLY_FEATURE_V2_2026-10-03
TanChau,2015-10,14.26,1.0,MRC_WRUP_VN_019803,MRC_EXPORT_2026-08-31,VERIFIED,12.2,13.3,19.7,11.73,10,wet,217.2,27.138709677419353,2.9167741935483873,Open-Meteo_ERA5-Land,OPENMETEO_2026-09-02,VERIFIED,27430.7247983871,42047.6875,Copernicus_GloFAS,ERA5_V4,TANCHAU_1985_2023_FILES,SUSPECT,10.825,105.225,,False,,,MISSING,,,,,,MISSING,train_candidate,MONTHLY_FEATURE_V2_2026-10-03
TanChau,2015-11,14.02,1.0,MRC_WRUP_VN_019803,MRC_EXPORT_2026-08-31,VERIFIED,14.26,12.2,13.3,13.11,11,wet,133.7,27.220000000000002,2.9916666666666667,Open-Meteo_ERA5-Land,OPENMETEO_2026-09-02,VERIFIED,9415.90859375,12879.296875,Copernicus_GloFAS,ERA5_V4,TANCHAU_1985_2023_FILES,SUSPECT,10.825,105.225,3.062,True,DAHITI,DAHITI_2026-09-12T2014,VERIFIED,,,,,,MISSING,train_candidate,MONTHLY_FEATURE_V2_2026-10-03
TanChau,2015-12,13.85,1.0,MRC_WRUP_VN_019803,MRC_EXPORT_2026-08-31,VERIFIED,14.02,14.26,12.2,12.91,12,dry,24.3,27.096774193548388,3.2735483870967745,Open-Meteo_ERA5-Land,OPENMETEO_2026-09-02,VERIFIED,3981.7595766129034,5263.8046875,Copernicus_GloFAS,ERA5_V4,TANCHAU_1985_2023_FILES,SUSPECT,10.825,105.225,3.228,True,DAHITI,DAHITI_2026-09-12T2014,VERIFIED,,,,,,MISSING,train_candidate,MONTHLY_FEATURE_V2_2026-10-03
TanChau,2016-01,17.42,1.0,MRC_WRUP_VN_019803,MRC_EXPORT_2026-08-31,VERIFIED,13.85,14.02,14.26,17.58,1,dry,1.1,27.84193548387097,3.4696774193548388,Open-Meteo_ERA5-Land,OPENMETEO_2026-09-02,VERIFIED,2289.3414818548385,3331.5,Copernicus_GloFAS,ERA5_V4,TANCHAU_1985_2023_FILES,SUSPECT,10.825,105.225,3.215,True,DAHITI,DAHITI_2026-09-12T2014,VERIFIED,,,,,,MISSING,train_candidate,MONTHLY_FEATURE_V2_2026-10-03
TanChau,2016-02,19.72,1.0,MRC_WRUP_VN_019803,MRC_EXPORT_2026-08-31,VERIFIED,17.42,13.85,14.02,20.1,2,dry,0.1,27.910344827586208,4.037931034482758,Open-Meteo_ERA5-Land,OPENMETEO_2026-09-02,VERIFIED,1809.834051724138,2188.25,Copernicus_GloFAS,ERA5_V4,TANCHAU_1985_2023_FILES,SUSPECT,10.825,105.225,2.707,True,DAHITI,DAHITI_2026-09-12T2014,VERIFIED,,,,,,MISSING,train_candidate,MONTHLY_FEATURE_V2_2026-10-03
TanChau,2016-03,21.8,1.0,MRC_WRUP_VN_019803,MRC_EXPORT_2026-08-31,VERIFIED,19.72,17.42,13.85,20.2,3,dry,0.1,29.458064516129035,3.746451612903226,Open-Meteo_ERA5-Land,OPENMETEO_2026-09-02,VERIFIED,678.3845766129032,1339.671875,Copernicus_GloFAS,ERA5_V4,TANCHAU_1985_2023_FILES,SUSPECT,10.825,105.225,,False,,,MISSING,,,,,,MISSING,train_candidate,MONTHLY_FEATURE_V2_2026-10-03
TanChau,2016-04,21.9,1.0,MRC_WRUP_VN_019803,MRC_EXPORT_2026-08-31,VERIFIED,21.8,19.72,17.42,23.1,4,transition,3.9,31.21333333333333,3.566666666666667,Open-Meteo_ERA5-Land,OPENMETEO_2026-09-02,VERIFIED,353.3364583333333,451.09375,Copernicus_GloFAS,ERA5_V4,TANCHAU_1985_2023_FILES,SUSPECT,10.825,105.225,3.447,True,DAHITI,DAHITI_2026-09-12T2014,VERIFIED,,,,,,MISSING,train_candidate,MONTHLY_FEATURE_V2_2026-10-03
TanChau,2016-05,25.7,1.0,MRC_WRUP_VN_019803,MRC_EXPORT_2026-08-31,VERIFIED,21.9,21.8,19.72,25.1,5,transition,143.2,29.82903225806452,3.813548387096774,Open-Meteo_ERA5-Land,OPENMETEO_2026-09-02,VERIFIED,2099.827620967742,9404.25,Copernicus_GloFAS,ERA5_V4,TANCHAU_1985_2023_FILES,SUSPECT,10.825,105.225,2.963,True,DAHITI,DAHITI_2026-09-12T2014,VERIFIED,,,,,,MISSING,train_candidate,MONTHLY_FEATURE_V2_2026-10-03
TanChau,2016-06,22.4,1.0,MRC_WRUP_VN_019803,MRC_EXPORT_2026-08-31,VERIFIED,25.7,21.9,21.8,20.2,6,wet,216.1,27.6,3.9896666666666665,Open-Meteo_ERA5-Land,OPENMETEO_2026-09-02,VERIFIED,10143.192708333334,32364.703125,Copernicus_GloFAS,ERA5_V4,TANCHAU_1985_2023_FILES,SUSPECT,10.825,105.225,,False,,,MISSING,,,,,,MISSING,train_candidate,MONTHLY_FEATURE_V2_2026-10-03
TanChau,2016-07,,,,,,22.4,25.7,21.9,19.7,7,wet,235.0,27.358064516129033,3.8648387096774193,Open-Meteo_ERA5-Land,OPENMETEO_2026-09-02,VERIFIED,23124.05947580645,30200.4375,Copernicus_GloFAS,ERA5_V4,TANCHAU_1985_2023_FILES,SUSPECT,10.825,105.225,,False,,,MISSING,,,,,,MISSING,inference_only,MONTHLY_FEATURE_V2_2026-10-03
TanChau,2016-08,12.68,1.0,MRC_WRUP_VN_019803,MRC_EXPORT_2026-08-31,VERIFIED,,22.4,25.7,13.3,8,wet,142.3,27.703225806451613,5.062903225806451,Open-Meteo_ERA5-Land,OPENMETEO_2026-09-02,VERIFIED,30166.180695564515,41844.9296875,Copernicus_GloFAS,ERA5_V4,TANCHAU_1985_2023_FILES,SUSPECT,10.825,105.225,,False,,,MISSING,,,,,,MISSING,train_candidate,MONTHLY_FEATURE_V2_2026-10-03
TanChau,2016-09,11.65,1.0,MRC_WRUP_VN_019803,MRC_EXPORT_2026-08-31,VERIFIED,12.68,,22.4,12.2,9,wet,261.8,26.993333333333332,4.11,Open-Meteo_ERA5-Land,OPENMETEO_2026-09-02,VERIFIED,38969.56848958333,53944.6171875,Copernicus_GloFAS,ERA5_V4,TANCHAU_1985_2023_FILES,SUSPECT,10.825,105.225,,False,,,MISSING,,,,,,MISSING,train_candidate,MONTHLY_FEATURE_V2_2026-10-03
TanChau,2016-10,10.05,1.0,MRC_WRUP_VN_019803,MRC_EXPORT_2026-08-31,VERIFIED,11.65,12.68,,14.26,10,wet,349.2,26.287096774193547,3.3303225806451615,Open-Meteo_ERA5-Land,OPENMETEO_2026-09-02,VERIFIED,32110.13029233871,41202.6484375,Copernicus_GloFAS,ERA5_V4,TANCHAU_1985_2023_FILES,SUSPECT,10.825,105.225,,False,,,MISSING,,,,,,MISSING,train_candidate,MONTHLY_FEATURE_V2_2026-10-03
TanChau,2016-11,12.88,1.0,MRC_WRUP_VN_019803,MRC_EXPORT_2026-08-31,VERIFIED,10.05,11.65,12.68,14.02,11,wet,215.9,26.776666666666664,3.060666666666667,Open-Meteo_ERA5-Land,OPENMETEO_2026-09-02,VERIFIED,15580.501041666666,20446.203125,Copernicus_GloFAS,ERA5_V4,TANCHAU_1985_2023_FILES,SUSPECT,10.825,105.225,,False,,,MISSING,,,,,,MISSING,train_candidate,MONTHLY_FEATURE_V2_2026-10-03
TanChau,2016-12,14.71,1.0,MRC_WRUP_VN_019803,MRC_EXPORT_2026-08-31,VERIFIED,12.88,10.05,11.65,13.85,12,dry,159.9,25.812903225806455,3.968709677419355,Open-Meteo_ERA5-Land,OPENMETEO_2026-09-02,VERIFIED,10751.390625,25850.0625,Copernicus_GloFAS,ERA5_V4,TANCHAU_1985_2023_FILES,SUSPECT,10.825,105.225,,False,,,MISSING,,,,,,MISSING,train_candidate,MONTHLY_FEATURE_V2_2026-10-03
TanChau,2017-01,14.88,1.0,MRC_WRUP_VN_019803,MRC_EXPORT_2026-08-31,VERIFIED,14.71,12.88,10.05,17.42,1,dry,54.1,26.46451612903226,3.68,Open-Meteo_ERA5-Land,OPENMETEO_2026-09-02,VERIFIED,3970.9929435483873,6083.515625,Copernicus_GloFAS,ERA5_V4,TANCHAU_1985_2023_FILES,SUSPECT,10.825,105.225,,False,,,MISSING,,,,,,MISSING,train_candidate,MONTHLY_FEATURE_V2_2026-10-03
TanChau,2017-02,17.1,1.0,MRC_WRUP_VN_019803,MRC_EXPORT_2026-08-31,VERIFIED,14.88,14.71,12.88,19.72,2,dry,43.2,26.939285714285713,3.6692857142857145,Open-Meteo_ERA5-Land,OPENMETEO_2026-09-02,VERIFIED,2338.0401785714284,3003.21875,Copernicus_GloFAS,ERA5_V4,TANCHAU_1985_2023_FILES,SUSPECT,10.825,105.225,,False,,,MISSING,,,,,,MISSING,train_candidate,MONTHLY_FEATURE_V2_2026-10-03
TanChau,2017-03,19.44,1.0,MRC_WRUP_VN_019803,MRC_EXPORT_2026-08-31,VERIFIED,17.1,14.88,14.71,21.8,3,dry,60.300000000000004,28.01290322580645,3.7612903225806456,Open-Meteo_ERA5-Land,OPENMETEO_2026-09-02,VERIFIED,1536.498991935484,3094.375,Copernicus_GloFAS,ERA5_V4,TANCHAU_1985_2023_FILES,SUSPECT,10.825,105.225,,False,,,MISSING,,,,,,MISSING,train_candidate,MONTHLY_FEATURE_V2_2026-10-03
TanChau,2017-04,21.25,1.0,MRC_WRUP_VN_019803,MRC_EXPORT_2026-08-31,VERIFIED,19.44,17.1,14.88,21.9,4,transition,186.0,28.123333333333335,3.841666666666667,Open-Meteo_ERA5-Land,OPENMETEO_2026-09-02,VERIFIED,3880.728125,5325.71875,Copernicus_GloFAS,ERA5_V4,TANCHAU_1985_2023_FILES,SUSPECT,10.825,105.225,,False,,,MISSING,,,,,,MISSING,train_candidate,MONTHLY_FEATURE_V2_2026-10-03
TanChau,2017-05,20.6,1.0,MRC_WRUP_VN_019803,MRC_EXPORT_2026-08-31,VERIFIED,21.25,19.44,17.1,25.7,5,transition,303.3,27.741935483870968,3.7016129032258065,Open-Meteo_ERA5-Land,OPENMETEO_2026-09-02,VERIFIED,8610.204637096775,19747.5,Copernicus_GloFAS,ERA5_V4,TANCHAU_1985_2023_FILES,SUSPECT,10.825,105.225,,False,,,MISSING,,,,,,MISSING,train_candidate,MONTHLY_FEATURE_V2_2026-10-03
TanChau,2017-06,16.05,1.0,MRC_WRUP_VN_019803,MRC_EXPORT_2026-08-31,VERIFIED,20.6,21.25,19.44,22.4,6,wet,226.3,27.506666666666668,4.245666666666667,Open-Meteo_ERA5-Land,OPENMETEO_2026-09-02,VERIFIED,17079.040625,21803.53125,Copernicus_GloFAS,ERA5_V4,TANCHAU_1985_2023_FILES,SUSPECT,10.825,105.225,,False,,,MISSING,,,,,,MISSING,train_candidate,MONTHLY_FEATURE_V2_2026-10-03
TanChau,2017-07,12.65,1.0,MRC_WRUP_VN_019803,MRC_EXPORT_2026-08-31,VERIFIED,16.05,20.6,21.25,,7,wet,231.79999999999998,27.183870967741935,5.019032258064517,Open-Meteo_ERA5-Land,OPENMETEO_2026-09-02,VERIFIED,33039.303427419356,65527.03125,Copernicus_GloFAS,ERA5_V4,TANCHAU_1985_2023_FILES,SUSPECT,10.825,105.225,,False,,,MISSING,,,,,,MISSING,train_candidate,MONTHLY_FEATURE_V2_2026-10-03
TanChau,2017-08,11.96,1.0,MRC_WRUP_VN_019803,MRC_EXPORT_2026-08-31,VERIFIED,12.65,16.05,20.6,12.68,8,wet,289.7,27.177419354838708,4.529354838709677,Open-Meteo_ERA5-Land,OPENMETEO_2026-09-02,VERIFIED,39718.44002016129,61482.5625,Copernicus_GloFAS,ERA5_V4,TANCHAU_1985_2023_FILES,SUSPECT,10.825,105.225,,False,,,MISSING,,,,,,MISSING,train_candidate,MONTHLY_FEATURE_V2_2026-10-03
TanChau,2017-09,11.82,1.0,MRC_WRUP_VN_019803,MRC_EXPORT_2026-08-31,VERIFIED,11.96,12.65,16.05,11.65,9,wet,284.5,27.37,3.8946666666666667,Open-Meteo_ERA5-Land,OPENMETEO_2026-09-02,VERIFIED,35500.303385416664,43167.1640625,Copernicus_GloFAS,ERA5_V4,TANCHAU_1985_2023_FILES,SUSPECT,10.825,105.225,,False,,,MISSING,,,,,,MISSING,train_candidate,MONTHLY_FEATURE_V2_2026-10-03
TanChau,2017-10,13.03,1.0,MRC_WRUP_VN_019803,MRC_EXPORT_2026-08-31,VERIFIED,11.82,11.96,12.65,10.05,10,wet,331.6,26.82903225806452,3.7770967741935486,Open-Meteo_ERA5-Land,OPENMETEO_2026-09-02,VERIFIED,31613.766885080644,41338.03125,Copernicus_GloFAS,ERA5_V4,TANCHAU_1985_2023_FILES,SUSPECT,10.825,105.225,,False,,,MISSING,,,,,,MISSING,train_candidate,MONTHLY_FEATURE_V2_2026-10-03
TanChau,2017-11,11.73,1.0,MRC_WRUP_VN_019803,MRC_EXPORT_2026-08-31,VERIFIED,13.03,11.82,11.96,12.88,11,wet,148.0,26.746666666666666,4.1946666666666665,Open-Meteo_ERA5-Land,OPENMETEO_2026-09-02,VERIFIED,17294.45703125,27886.8515625,Copernicus_GloFAS,ERA5_V4,TANCHAU_1985_2023_FILES,SUSPECT,10.825,105.225,,False,,,MISSING,,,,,,MISSING,train_candidate,MONTHLY_FEATURE_V2_2026-10-03
TanChau,2017-12,14.3,1.0,MRC_WRUP_VN_019803,MRC_EXPORT_2026-08-31,VERIFIED,11.73,13.03,11.82,14.71,12,dry,89.3,25.86774193548387,4.482903225806451,Open-Meteo_ERA5-Land,OPENMETEO_2026-09-02,VERIFIED,7107.377016129032,11256.953125,Copernicus_GloFAS,ERA5_V4,TANCHAU_1985_2023_FILES,SUSPECT,10.825,105.225,,False,,,MISSING,,,,,,MISSING,train_candidate,MONTHLY_FEATURE_V2_2026-10-03
TanChau,2018-01,15.12,1.0,MRC_WRUP_VN_019803,MRC_EXPORT_2026-08-31,VERIFIED,14.3,11.73,13.03,14.88,1,dry,70.2,26.125806451612902,3.3067741935483874,Open-Meteo_ERA5-Land,OPENMETEO_2026-09-02,VERIFIED,3400.1915322580644,4209.234375,Copernicus_GloFAS,ERA5_V4,TANCHAU_1985_2023_FILES,SUSPECT,10.825,105.225,,False,,,MISSING,,,,,,MISSING,train_candidate,MONTHLY_FEATURE_V2_2026-10-03
TanChau,2018-02,17.98,1.0,MRC_WRUP_VN_019803,MRC_EXPORT_2026-08-31,VERIFIED,15.12,14.3,11.73,17.1,2,dry,10.2,26.125,3.7842857142857143,Open-Meteo_ERA5-Land,OPENMETEO_2026-09-02,VERIFIED,2175.03125,2651.125,Copernicus_GloFAS,ERA5_V4,TANCHAU_1985_2023_FILES,SUSPECT,10.825,105.225,,False,,,MISSING,,,,,,MISSING,train_candidate,MONTHLY_FEATURE_V2_2026-10-03
TanChau,2018-03,20.8,1.0,MRC_WRUP_VN_019803,MRC_EXPORT_2026-08-31,VERIFIED,17.98,15.12,14.3,19.44,3,dry,27.700000000000003,28.200000000000003,3.5903225806451613,Open-Meteo_ERA5-Land,OPENMETEO_2026-09-02,VERIFIED,1665.1139112903227,2187.375,Copernicus_GloFAS,ERA5_V4,TANCHAU_1985_2023_FILES,SUSPECT,10.825,105.225,,False,,,MISSING,,,,,,MISSING,train_candidate,MONTHLY_FEATURE_V2_2026-10-03
TanChau,2018-04,21.5,1.0,MRC_WRUP_VN_019803,MRC_EXPORT_2026-08-31,VERIFIED,20.8,17.98,15.12,21.25,4,transition,35.5,29.366666666666667,3.819,Open-Meteo_ERA5-Land,OPENMETEO_2026-09-02,VERIFIED,1532.0385416666666,1817.3125,Copernicus_GloFAS,ERA5_V4,TANCHAU_1985_2023_FILES,SUSPECT,10.825,105.225,,False,,,MISSING,,,,,,MISSING,train_candidate,MONTHLY_FEATURE_V2_2026-10-03
TanChau,2018-05,21.7,1.0,MRC_WRUP_VN_019803,MRC_EXPORT_2026-08-31,VERIFIED,21.5,20.8,17.98,20.6,5,transition,146.5,28.19677419354839,3.2477419354838712,Open-Meteo_ERA5-Land,OPENMETEO_2026-09-02,VERIFIED,5777.011088709677,8464.28125,Copernicus_GloFAS,ERA5_V4,TANCHAU_1985_2023_FILES,SUSPECT,10.825,105.225,,False,,,MISSING,,,,,,MISSING,train_candidate,MONTHLY_FEATURE_V2_2026-10-03
TanChau,2018-06,20.9,1.0,MRC_WRUP_VN_019803,MRC_EXPORT_2026-08-31,VERIFIED,21.7,21.5,20.8,16.05,6,wet,200.1,27.253333333333334,4.4093333333333335,Open-Meteo_ERA5-Land,OPENMETEO_2026-09-02,VERIFIED,19236.603125,25363.0,Copernicus_GloFAS,ERA5_V4,TANCHAU_1985_2023_FILES,SUSPECT,10.825,105.225,,False,,,MISSING,,,,,,MISSING,train_candidate,MONTHLY_FEATURE_V2_2026-10-03
TanChau,2018-07,15.13,1.0,MRC_WRUP_VN_019803,MRC_EXPORT_2026-08-31,VERIFIED,20.9,21.7,21.5,12.65,7,wet,174.9,27.283870967741933,5.6006451612903225,Open-Meteo_ERA5-Land,OPENMETEO_2026-09-02,VERIFIED,39071.577116935485,64511.484375,Copernicus_GloFAS,ERA5_V4,TANCHAU_1985_2023_FILES,SUSPECT,10.825,105.225,,False,,,MISSING,,,,,,MISSING,train_candidate,MONTHLY_FEATURE_V2_2026-10-03
TanChau,2018-08,10.51,1.0,MRC_WRUP_VN_019803,MRC_EXPORT_2026-08-31,VERIFIED,15.13,20.9,21.7,11.96,8,wet,200.9,27.151612903225807,5.583225806451614,Open-Meteo_ERA5-Land,OPENMETEO_2026-09-02,VERIFIED,56211.38256048387,62186.828125,Copernicus_GloFAS,ERA5_V4,TANCHAU_1985_2023_FILES,SUSPECT,10.825,105.225,,False,,,MISSING,,,,,,MISSING,train_candidate,MONTHLY_FEATURE_V2_2026-10-03
TanChau,2018-09,11.63,1.0,MRC_WRUP_VN_019803,MRC_EXPORT_2026-08-31,VERIFIED,10.51,15.13,20.9,11.82,9,wet,272.5,26.94,4.094333333333333,Open-Meteo_ERA5-Land,OPENMETEO_2026-09-02,VERIFIED,42777.418229166666,53854.546875,Copernicus_GloFAS,ERA5_V4,TANCHAU_1985_2023_FILES,SUSPECT,10.825,105.225,,False,,,MISSING,,,,,,MISSING,train_candidate,MONTHLY_FEATURE_V2_2026-10-03
TanChau,2018-10,11.74,1.0,MRC_WRUP_VN_019803,MRC_EXPORT_2026-08-31,VERIFIED,11.63,10.51,15.13,13.03,10,wet,267.3,27.22258064516129,3.2912903225806454,Open-Meteo_ERA5-Land,OPENMETEO_2026-09-02,VERIFIED,20763.205393145163,28718.71875,Copernicus_GloFAS,ERA5_V4,TANCHAU_1985_2023_FILES,SUSPECT,10.825,105.225,,False,,,MISSING,,,,,,MISSING,train_candidate,MONTHLY_FEATURE_V2_2026-10-03
TanChau,2018-11,13.58,1.0,MRC_WRUP_VN_019803,MRC_EXPORT_2026-08-31,VERIFIED,11.74,11.63,10.51,11.73,11,wet,106.2,27.28666666666667,3.75,Open-Meteo_ERA5-Land,OPENMETEO_2026-09-02,VERIFIED,9184.103645833333,14335.84375,Copernicus_GloFAS,ERA5_V4,TANCHAU_1985_2023_FILES,SUSPECT,10.825,105.225,,False,,,MISSING,,,,,,MISSING,train_candidate,MONTHLY_FEATURE_V2_2026-10-03
TanChau,2018-12,13.94,1.0,MRC_WRUP_VN_019803,MRC_EXPORT_2026-08-31,VERIFIED,13.58,11.74,11.63,14.3,12,dry,84.1,27.35483870967742,3.450322580645161,Open-Meteo_ERA5-Land,OPENMETEO_2026-09-02,VERIFIED,5555.877016129032,7439.6875,Copernicus_GloFAS,ERA5_V4,TANCHAU_1985_2023_FILES,SUSPECT,10.825,105.225,,False,,,MISSING,,,,,,MISSING,train_candidate,MONTHLY_FEATURE_V2_2026-10-03
TanChau,2019-01,15.84,1.0,MRC_WRUP_VN_019803,MRC_EXPORT_2026-08-31,VERIFIED,13.94,13.58,11.74,15.12,1,dry,22.9,26.796774193548387,4.11258064516129,Open-Meteo_ERA5-Land,OPENMETEO_2026-09-02,VERIFIED,3588.9138104838707,4257.21875,Copernicus_GloFAS,ERA5_V4,TANCHAU_1985_2023_FILES,SUSPECT,10.825,105.225,,False,,,MISSING,,,,,,MISSING,train_candidate,MONTHLY_FEATURE_V2_2026-10-03
TanChau,2019-02,19.32,1.0,MRC_WRUP_VN_019803,MRC_EXPORT_2026-08-31,VERIFIED,15.84,13.94,13.58,17.98,2,dry,2.5,28.417857142857144,4.660714285714286,Open-Meteo_ERA5-Land,OPENMETEO_2026-09-02,VERIFIED,2332.6540178571427,3152.09375,Copernicus_GloFAS,ERA5_V4,TANCHAU_1985_2023_FILES,SUSPECT,10.825,105.225,,False,,,MISSING,,,,,,MISSING,train_candidate,MONTHLY_FEATURE_V2_2026-10-03
TanChau,2019-03,22.0,1.0,MRC_WRUP_VN_019803,MRC_EXPORT_2026-08-31,VERIFIED,19.32,15.84,13.94,20.8,3,dry,25.6,29.216129032258067,4.178064516129033,Open-Meteo_ERA5-Land,OPENMETEO_2026-09-02,VERIFIED,1229.898185483871,1906.3125,Copernicus_GloFAS,ERA5_V4,TANCHAU_1985_2023_FILES,SUSPECT,10.825,105.225,,False,,,MISSING,,,,,,MISSING,train_candidate,MONTHLY_FEATURE_V2_2026-10-03
TanChau,2019-04,25.7,1.0,MRC_WRUP_VN_019803,MRC_EXPORT_2026-08-31,VERIFIED,22.0,19.32,15.84,21.5,4,transition,74.9,29.573333333333334,3.6046666666666667,Open-Meteo_ERA5-Land,OPENMETEO_2026-09-02,VERIFIED,1906.146875,3156.09375,Copernicus_GloFAS,ERA5_V4,TANCHAU_1985_2023_FILES,SUSPECT,10.825,105.225,,False,,,MISSING,,,,,,MISSING,train_candidate,MONTHLY_FEATURE_V2_2026-10-03
TanChau,2019-05,23.2,1.0,MRC_WRUP_VN_019803,MRC_EXPORT_2026-08-31,VERIFIED,25.7,22.0,19.32,21.7,5,transition,139.4,28.970967741935485,4.651935483870968,Open-Meteo_ERA5-Land,OPENMETEO_2026-09-02,VERIFIED,3452.8528225806454,7249.28125,Copernicus_GloFAS,ERA5_V4,TANCHAU_1985_2023_FILES,SUSPECT,10.825,105.225,,False,,,MISSING,,,,,,MISSING,train_candidate,MONTHLY_FEATURE_V2_2026-10-03
TanChau,2019-06,22.7,1.0,MRC_WRUP_VN_019803,MRC_EXPORT_2026-08-31,VERIFIED,23.2,25.7,22.0,20.9,6,wet,169.1,27.85,4.233,Open-Meteo_ERA5-Land,OPENMETEO_2026-09-02,VERIFIED,7378.984375,9688.8125,Copernicus_GloFAS,ERA5_V4,TANCHAU_1985_2023_FILES,SUSPECT,10.825,105.225,,False,,,MISSING,,,,,,MISSING,train_candidate,MONTHLY_FEATURE_V2_2026-10-03
TanChau,2019-07,15.88,1.0,MRC_WRUP_VN_019803,MRC_EXPORT_2026-08-31,VERIFIED,22.7,23.2,25.7,15.13,7,wet,163.7,27.967741935483872,5.000322580645161,Open-Meteo_ERA5-Land,OPENMETEO_2026-09-02,VERIFIED,10698.896169354839,19979.375,Copernicus_GloFAS,ERA5_V4,TANCHAU_1985_2023_FILES,SUSPECT,10.825,105.225,,False,,,MISSING,,,,,,MISSING,train_candidate,MONTHLY_FEATURE_V2_2026-10-03
TanChau,2019-08,10.52,1.0,MRC_WRUP_VN_019803,MRC_EXPORT_2026-08-31,VERIFIED,15.88,22.7,23.2,10.51,8,wet,232.9,27.40967741935484,5.873225806451613,Open-Meteo_ERA5-Land,OPENMETEO_2026-09-02,VERIFIED,23412.80443548387,37544.96875,Copernicus_GloFAS,ERA5_V4,TANCHAU_1985_2023_FILES,SUSPECT,10.825,105.225,,False,,,MISSING,,,,,,MISSING,train_candidate,MONTHLY_FEATURE_V2_2026-10-03
TanChau,2019-09,9.23,1.0,MRC_WRUP_VN_019803,MRC_EXPORT_2026-08-31,VERIFIED,10.52,15.88,22.7,11.63,9,wet,292.1,26.996666666666666,4.4623333333333335,Open-Meteo_ERA5-Land,OPENMETEO_2026-09-02,VERIFIED,51839.2546875,100042.1796875,Copernicus_GloFAS,ERA5_V4,TANCHAU_1985_2023_FILES,SUSPECT,10.825,105.225,,False,,,MISSING,,,,,,MISSING,train_candidate,MONTHLY_FEATURE_V2_2026-10-03
TanChau,2019-10,10.82,1.0,MRC_WRUP_VN_019803,MRC_EXPORT_2026-08-31,VERIFIED,9.23,10.52,15.88,11.74,10,wet,241.4,27.177419354838708,3.0948387096774193,Open-Meteo_ERA5-Land,OPENMETEO_2026-09-02,VERIFIED,13854.1796875,26994.390625,Copernicus_GloFAS,ERA5_V4,TANCHAU_1985_2023_FILES,SUSPECT,10.825,105.225,,False,,,MISSING,,,,,,MISSING,train_candidate,MONTHLY_FEATURE_V2_2026-10-03
TanChau,2019-11,12.66,1.0,MRC_WRUP_VN_019803,MRC_EXPORT_2026-08-31,VERIFIED,10.82,9.23,10.52,13.58,11,wet,103.39999999999999,26.803333333333335,3.2256666666666667,Open-Meteo_ERA5-Land,OPENMETEO_2026-09-02,VERIFIED,7939.350260416667,11738.390625,Copernicus_GloFAS,ERA5_V4,TANCHAU_1985_2023_FILES,SUSPECT,10.825,105.225,,False,,,MISSING,,,,,,MISSING,train_candidate,MONTHLY_FEATURE_V2_2026-10-03
TanChau,2019-12,16.42,1.0,MRC_WRUP_VN_019803,MRC_EXPORT_2026-08-31,VERIFIED,12.66,10.82,9.23,13.94,12,dry,3.4000000000000004,26.161290322580644,3.7561290322580643,Open-Meteo_ERA5-Land,OPENMETEO_2026-09-02,VERIFIED,2786.7056451612902,3770.359375,Copernicus_GloFAS,ERA5_V4,TANCHAU_1985_2023_FILES,SUSPECT,10.825,105.225,,False,,,MISSING,,,,,,MISSING,train_candidate,MONTHLY_FEATURE_V2_2026-10-03
TanChau,2020-01,21.54,1.0,MRC_WRUP_VN_019803,MRC_EXPORT_2026-08-31,VERIFIED,16.42,12.66,10.82,15.84,1,dry,4.1,26.741935483870968,3.6190322580645162,Open-Meteo_ERA5-Land,OPENMETEO_2026-09-02,VERIFIED,1548.0740927419354,2140.359375,Copernicus_GloFAS,ERA5_V4,TANCHAU_1985_2023_FILES,SUSPECT,10.825,105.225,,False,,,MISSING,,,,,,MISSING,train_candidate,MONTHLY_FEATURE_V2_2026-10-03
TanChau,2020-02,24.8,1.0,MRC_WRUP_VN_019803,MRC_EXPORT_2026-08-31,VERIFIED,21.54,16.42,12.66,19.32,2,dry,3.8,27.393103448275863,4.201379310344827,Open-Meteo_ERA5-Land,OPENMETEO_2026-09-02,VERIFIED,1096.4288793103449,1235.3125,Copernicus_GloFAS,ERA5_V4,TANCHAU_1985_2023_FILES,SUSPECT,10.825,105.225,,False,,,MISSING,,,,,,MISSING,train_candidate,MONTHLY_FEATURE_V2_2026-10-03
TanChau,2020-03,25.1,1.0,MRC_WRUP_VN_019803,MRC_EXPORT_2026-08-31,VERIFIED,24.8,21.54,16.42,22.0,3,dry,4.9,29.583870967741937,4.340645161290323,Open-Meteo_ERA5-Land,OPENMETEO_2026-09-02,VERIFIED,384.3578629032258,886.140625,Copernicus_GloFAS,ERA5_V4,TANCHAU_1985_2023_FILES,SUSPECT,10.825,105.225,,False,,,MISSING,,,,,,MISSING,train_candidate,MONTHLY_FEATURE_V2_2026-10-03
TanChau,2020-04,26.7,1.0,MRC_WRUP_VN_019803,MRC_EXPORT_2026-08-31,VERIFIED,25.1,24.8,21.54,25.7,4,transition,265.6,28.93,3.5506666666666664,Open-Meteo_ERA5-Land,OPENMETEO_2026-09-02,VERIFIED,147.74895833333332,467.28125,Copernicus_GloFAS,ERA5_V4,TANCHAU_1985_2023_FILES,SUSPECT,10.825,105.225,,False,,,MISSING,,,,,,MISSING,train_candidate,MONTHLY_FEATURE_V2_2026-10-03
TanChau,2020-05,30.3,1.0,MRC_WRUP_VN_019803,MRC_EXPORT_2026-08-31,VERIFIED,26.7,25.1,24.8,23.2,5,transition,139.0,29.393548387096775,3.5061290322580643,Open-Meteo_ERA5-Land,OPENMETEO_2026-09-02,VERIFIED,560.3377016129032,2359.65625,Copernicus_GloFAS,ERA5_V4,TANCHAU_1985_2023_FILES,SUSPECT,10.825,105.225,,False,,,MISSING,,,,,,MISSING,train_candidate,MONTHLY_FEATURE_V2_2026-10-03
TanChau,2020-06,22.7,1.0,MRC_WRUP_VN_019803,MRC_EXPORT_2026-08-31,VERIFIED,30.3,26.7,25.1,22.7,6,wet,270.0,27.506666666666668,3.744666666666667,Open-Meteo_ERA5-Land,OPENMETEO_2026-09-02,VERIFIED,5303.546354166667,8268.5625,Copernicus_GloFAS,ERA5_V4,TANCHAU_1985_2023_FILES,SUSPECT,10.825,105.225,,False,,,MISSING,,,,,,MISSING,train_candidate,MONTHLY_FEATURE_V2_2026-10-03
TanChau,2020-07,22.1,1.0,MRC_WRUP_VN_019803,MRC_EXPORT_2026-08-31,VERIFIED,22.7,30.3,26.7,15.88,7,wet,265.90000000000003,27.438709677419357,3.7183870967741934,Open-Meteo_ERA5-Land,OPENMETEO_2026-09-02,VERIFIED,9352.49697580645,12241.265625,Copernicus_GloFAS,ERA5_V4,TANCHAU_1985_2023_FILES,SUSPECT,10.825,105.225,,False,,,MISSING,,,,,,MISSING,train_candidate,MONTHLY_FEATURE_V2_2026-10-03
TanChau,2020-08,,,,,,22.1,22.7,30.3,10.52,8,wet,235.1,27.809677419354838,4.613548387096775,Open-Meteo_ERA5-Land,OPENMETEO_2026-09-02,VERIFIED,26342.227570564515,31325.171875,Copernicus_GloFAS,ERA5_V4,TANCHAU_1985_2023_FILES,SUSPECT,10.825,105.225,,False,,,MISSING,,,,,,MISSING,inference_only,MONTHLY_FEATURE_V2_2026-10-03
TanChau,2020-09,13.7,1.0,MRC_WRUP_VN_019803,MRC_EXPORT_2026-08-31,VERIFIED,,22.1,22.7,9.23,9,wet,357.4,27.403333333333332,3.9733333333333336,Open-Meteo_ERA5-Land,OPENMETEO_2026-09-02,VERIFIED,27759.385416666668,52402.5546875,Copernicus_GloFAS,ERA5_V4,TANCHAU_1985_2023_FILES,SUSPECT,10.825,105.225,,False,,,MISSING,,,,,,MISSING,train_candidate,MONTHLY_FEATURE_V2_2026-10-03
TanChau,2020-10,12.14,1.0,MRC_WRUP_VN_019803,MRC_EXPORT_2026-08-31,VERIFIED,13.7,,22.1,10.82,10,wet,333.8,26.48709677419355,3.698387096774194,Open-Meteo_ERA5-Land,OPENMETEO_2026-09-02,VERIFIED,41769.777973790326,59595.0390625,Copernicus_GloFAS,ERA5_V4,TANCHAU_1985_2023_FILES,SUSPECT,10.825,105.225,,False,,,MISSING,,,,,,MISSING,train_candidate,MONTHLY_FEATURE_V2_2026-10-03
TanChau,2020-11,12.56,1.0,MRC_WRUP_VN_019803,MRC_EXPORT_2026-08-31,VERIFIED,12.14,13.7,,12.66,11,wet,110.0,27.026666666666664,3.7123333333333335,Open-Meteo_ERA5-Land,OPENMETEO_2026-09-02,VERIFIED,20119.247395833332,49404.640625,Copernicus_GloFAS,ERA5_V4,TANCHAU_1985_2023_FILES,SUSPECT,10.825,105.225,,False,,,MISSING,,,,,,MISSING,train_candidate,MONTHLY_FEATURE_V2_2026-10-03
TanChau,2020-12,14.72,1.0,MRC_WRUP_VN_019803,MRC_EXPORT_2026-08-31,VERIFIED,12.56,12.14,13.7,16.42,12,dry,56.5,26.62258064516129,4.454516129032259,Open-Meteo_ERA5-Land,OPENMETEO_2026-09-02,VERIFIED,5038.124243951613,8225.84375,Copernicus_GloFAS,ERA5_V4,TANCHAU_1985_2023_FILES,SUSPECT,10.825,105.225,,False,,,MISSING,,,,,,MISSING,train_candidate,MONTHLY_FEATURE_V2_2026-10-03
TanChau,2021-01,16.62,1.0,MRC_WRUP_VN_019803,MRC_EXPORT_2026-08-31,VERIFIED,14.72,12.56,12.14,21.54,1,dry,12.1,25.86774193548387,3.854516129032258,Open-Meteo_ERA5-Land,OPENMETEO_2026-09-02,VERIFIED,1981.063004032258,3082.171875,Copernicus_GloFAS,ERA5_V4,TANCHAU_1985_2023_FILES,SUSPECT,10.825,105.225,,False,,,MISSING,,,,,,MISSING,train_candidate,MONTHLY_FEATURE_V2_2026-10-03
TanChau,2021-02,21.3,1.0,MRC_WRUP_VN_019803,MRC_EXPORT_2026-08-31,VERIFIED,16.62,14.72,12.56,24.8,2,dry,22.0,26.314285714285713,3.6371428571428575,Open-Meteo_ERA5-Land,OPENMETEO_2026-09-02,VERIFIED,1170.2064732142858,1328.21875,Copernicus_GloFAS,ERA5_V4,TANCHAU_1985_2023_FILES,SUSPECT,10.825,105.225,,False,,,MISSING,,,,,,MISSING,train_candidate,MONTHLY_FEATURE_V2_2026-10-03
TanChau,2021-03,22.1,1.0,MRC_WRUP_VN_019803,MRC_EXPORT_2026-08-31,VERIFIED,21.3,16.62,14.72,25.1,3,dry,15.4,28.94193548387097,4.250322580645161,Open-Meteo_ERA5-Land,OPENMETEO_2026-09-02,VERIFIED,489.34979838709677,1309.125,Copernicus_GloFAS,ERA5_V4,TANCHAU_1985_2023_FILES,SUSPECT,10.825,105.225,,False,,,MISSING,,,,,,MISSING,train_candidate,MONTHLY_FEATURE_V2_2026-10-03
TanChau,2021-04,23.4,1.0,MRC_WRUP_VN_019803,MRC_EXPORT_2026-08-31,VERIFIED,22.1,21.3,16.62,26.7,4,transition,173.7,28.346666666666668,3.875,Open-Meteo_ERA5-Land,OPENMETEO_2026-09-02,VERIFIED,229.59583333333333,1597.8125,Copernicus_GloFAS,ERA5_V4,TANCHAU_1985_2023_FILES,SUSPECT,10.825,105.225,,False,,,MISSING,,,,,,MISSING,train_candidate,MONTHLY_FEATURE_V2_2026-10-03
TanChau,2021-05,23.1,1.0,MRC_WRUP_VN_019803,MRC_EXPORT_2026-08-31,VERIFIED,23.4,22.1,21.3,30.3,5,transition,191.9,28.35483870967742,3.4951612903225806,Open-Meteo_ERA5-Land,OPENMETEO_2026-09-02,VERIFIED,2678.6441532258063,10276.8125,Copernicus_GloFAS,ERA5_V4,TANCHAU_1985_2023_FILES,SUSPECT,10.825,105.225,,False,,,MISSING,,,,,,MISSING,train_candidate,MONTHLY_FEATURE_V2_2026-10-03
TanChau,2021-06,24.5,1.0,MRC_WRUP_VN_019803,MRC_EXPORT_2026-08-31,VERIFIED,23.1,23.4,22.1,22.7,6,wet,121.8,28.346666666666668,4.907,Open-Meteo_ERA5-Land,OPENMETEO_2026-09-02,VERIFIED,8968.396354166667,13614.96875,Copernicus_GloFAS,ERA5_V4,TANCHAU_1985_2023_FILES,SUSPECT,10.825,105.225,,False,,,MISSING,,,,,,MISSING,train_candidate,MONTHLY_FEATURE_V2_2026-10-03
TanChau,2021-07,21.0,1.0,MRC_WRUP_VN_019803,MRC_EXPORT_2026-08-31,VERIFIED,24.5,23.1,23.4,22.1,7,wet,215.1,27.896774193548385,5.061290322580645,Open-Meteo_ERA5-Land,OPENMETEO_2026-09-02,VERIFIED,15974.688004032258,31918.9375,Copernicus_GloFAS,ERA5_V4,TANCHAU_1985_2023_FILES,SUSPECT,10.825,105.225,,False,,,MISSING,,,,,,MISSING,train_candidate,MONTHLY_FEATURE_V2_2026-10-03
TanChau,2021-08,13.49,1.0,MRC_WRUP_VN_019803,MRC_EXPORT_2026-08-31,VERIFIED,21.0,24.5,23.1,,8,wet,347.4,27.729032258064517,4.486774193548388,Open-Meteo_ERA5-Land,OPENMETEO_2026-09-02,VERIFIED,21372.20791330645,29004.140625,Copernicus_GloFAS,ERA5_V4,TANCHAU_1985_2023_FILES,SUSPECT,10.825,105.225,,False,,,MISSING,,,,,,MISSING,train_candidate,MONTHLY_FEATURE_V2_2026-10-03
TanChau,2021-09,10.99,1.0,MRC_WRUP_VN_019803,MRC_EXPORT_2026-08-31,VERIFIED,13.49,21.0,24.5,13.7,9,wet,288.9,26.98,4.2316666666666665,Open-Meteo_ERA5-Land,OPENMETEO_2026-09-02,VERIFIED,36310.16744791667,52538.625,Copernicus_GloFAS,ERA5_V4,TANCHAU_1985_2023_FILES,SUSPECT,10.825,105.225,,False,,,MISSING,,,,,,MISSING,train_candidate,MONTHLY_FEATURE_V2_2026-10-03
TanChau,2021-10,13.69,1.0,MRC_WRUP_VN_019803,MRC_EXPORT_2026-08-31,VERIFIED,10.99,13.49,21.0,12.14,10,wet,365.4,26.91290322580645,3.9780645161290322,Open-Meteo_ERA5-Land,OPENMETEO_2026-09-02,VERIFIED,36123.72681451613,58608.4140625,Copernicus_GloFAS,ERA5_V4,TANCHAU_1985_2023_FILES,SUSPECT,10.825,105.225,,False,,,MISSING,,,,,,MISSING,train_candidate,MONTHLY_FEATURE_V2_2026-10-03
TanChau,2021-11,18.35,1.0,MRC_WRUP_VN_019803,MRC_EXPORT_2026-08-31,VERIFIED,13.69,10.99,13.49,12.56,11,wet,293.0,26.476666666666667,3.9313333333333333,Open-Meteo_ERA5-Land,OPENMETEO_2026-09-02,VERIFIED,15438.402864583333,27463.4453125,Copernicus_GloFAS,ERA5_V4,TANCHAU_1985_2023_FILES,SUSPECT,10.825,105.225,,False,,,MISSING,,,,,,MISSING,train_candidate,MONTHLY_FEATURE_V2_2026-10-03
TanChau,2021-12,14.91,1.0,MRC_WRUP_VN_019803,MRC_EXPORT_2026-08-31,VERIFIED,18.35,13.69,10.99,14.72,12,dry,60.0,25.858064516129033,4.2380645161290325,Open-Meteo_ERA5-Land,OPENMETEO_2026-09-02,VERIFIED,6719.181451612903,12664.90625,Copernicus_GloFAS,ERA5_V4,TANCHAU_1985_2023_FILES,SUSPECT,10.825,105.225,,False,,,MISSING,,,,,,MISSING,train_candidate,MONTHLY_FEATURE_V2_2026-10-03
TanChau,2022-01,17.4,1.0,MRC_WRUP_VN_019803,MRC_EXPORT_2026-08-31,VERIFIED,14.91,18.35,13.69,16.62,1,dry,10.5,27.080645161290324,3.5393548387096776,Open-Meteo_ERA5-Land,OPENMETEO_2026-09-02,VERIFIED,2364.8503024193546,3658.71875,Copernicus_GloFAS,ERA5_V4,TANCHAU_1985_2023_FILES,SUSPECT,10.825,105.225,,False,,,MISSING,,,,,,MISSING,train_candidate,MONTHLY_FEATURE_V2_2026-10-03
TanChau,2022-02,20.6,1.0,MRC_WRUP_VN_019803,MRC_EXPORT_2026-08-31,VERIFIED,17.4,14.91,18.35,21.3,2,dry,11.7,28.307142857142857,4.258928571428571,Open-Meteo_ERA5-Land,OPENMETEO_2026-09-02,VERIFIED,1594.0864955357142,1983.59375,Copernicus_GloFAS,ERA5_V4,TANCHAU_1985_2023_FILES,SUSPECT,10.825,105.225,,False,,,MISSING,,,,,,MISSING,train_candidate,MONTHLY_FEATURE_V2_2026-10-03
TanChau,2022-03,22.9,1.0,MRC_WRUP_VN_019803,MRC_EXPORT_2026-08-31,VERIFIED,20.6,17.4,14.91,22.1,3,dry,111.6,28.419354838709676,3.807741935483871,Open-Meteo_ERA5-Land,OPENMETEO_2026-09-02,VERIFIED,1297.2610887096773,2239.90625,Copernicus_GloFAS,ERA5_V4,TANCHAU_1985_2023_FILES,SUSPECT,10.825,105.225,,False,,,MISSING,,,,,,MISSING,train_candidate,MONTHLY_FEATURE_V2_2026-10-03
TanChau,2022-04,23.5,1.0,MRC_WRUP_VN_019803,MRC_EXPORT_2026-08-31,VERIFIED,22.9,20.6,17.4,23.4,4,transition,247.7,27.529999999999998,3.98,Open-Meteo_ERA5-Land,OPENMETEO_2026-09-02,VERIFIED,5095.56875,13704.90625,Copernicus_GloFAS,ERA5_V4,TANCHAU_1985_2023_FILES,SUSPECT,10.825,105.225,,False,,,MISSING,,,,,,MISSING,train_candidate,MONTHLY_FEATURE_V2_2026-10-03
TanChau,2022-05,23.3,1.0,MRC_WRUP_VN_019803,MRC_EXPORT_2026-08-31,VERIFIED,23.5,22.9,20.6,23.1,5,transition,269.5,27.26451612903226,4.370645161290323,Open-Meteo_ERA5-Land,OPENMETEO_2026-09-02,VERIFIED,11003.554435483871,17293.09375,Copernicus_GloFAS,ERA5_V4,TANCHAU_1985_2023_FILES,SUSPECT,10.825,105.225,,False,,,MISSING,,,,,,MISSING,train_candidate,MONTHLY_FEATURE_V2_2026-10-03
TanChau,2022-06,22.2,1.0,MRC_WRUP_VN_019803,MRC_EXPORT_2026-08-31,VERIFIED,23.3,23.5,22.9,24.5,6,wet,243.9,27.540000000000003,4.006333333333333,Open-Meteo_ERA5-Land,OPENMETEO_2026-09-02,VERIFIED,14206.941145833332,19225.65625,Copernicus_GloFAS,ERA5_V4,TANCHAU_1985_2023_FILES,SUSPECT,10.825,105.225,,False,,,MISSING,,,,,,MISSING,train_candidate,MONTHLY_FEATURE_V2_2026-10-03
TanChau,2022-07,17.5,1.0,MRC_WRUP_VN_019803,MRC_EXPORT_2026-08-31,VERIFIED,22.2,23.3,23.5,21.0,7,wet,353.9,27.07741935483871,4.563225806451613,Open-Meteo_ERA5-Land,OPENMETEO_2026-09-02,VERIFIED,25061.495967741936,36899.625,Copernicus_GloFAS,ERA5_V4,TANCHAU_1985_2023_FILES,SUSPECT,10.825,105.225,,False,,,MISSING,,,,,,MISSING,train_candidate,MONTHLY_FEATURE_V2_2026-10-03
TanChau,2022-08,10.2,1.0,MRC_WRUP_VN_019803,MRC_EXPORT_2026-08-31,VERIFIED,17.5,22.2,23.3,13.49,8,wet,264.2,27.15806451612903,4.8106451612903225,Open-Meteo_ERA5-Land,OPENMETEO_2026-09-02,VERIFIED,33745.17137096774,48796.328125,Copernicus_GloFAS,ERA5_V4,TANCHAU_1985_2023_FILES,SUSPECT,10.825,105.225,,False,,,MISSING,,,,,,MISSING,train_candidate,MONTHLY_FEATURE_V2_2026-10-03
TanChau,2022-09,12.1,1.0,MRC_WRUP_VN_019803,MRC_EXPORT_2026-08-31,VERIFIED,10.2,17.5,22.2,10.99,9,wet,293.4,26.790000000000003,4.820333333333334,Open-Meteo_ERA5-Land,OPENMETEO_2026-09-02,VERIFIED,38468.48046875,68060.7109375,Copernicus_GloFAS,ERA5_V4,TANCHAU_1985_2023_FILES,SUSPECT,10.825,105.225,,False,,,MISSING,,,,,,MISSING,train_candidate,MONTHLY_FEATURE_V2_2026-10-03
TanChau,2022-10,11.5,1.0,MRC_WRUP_VN_019803,MRC_EXPORT_2026-08-31,VERIFIED,12.1,10.2,17.5,13.69,10,wet,381.9,26.425806451612903,3.532258064516129,Open-Meteo_ERA5-Land,OPENMETEO_2026-09-02,VERIFIED,38969.6683467742,83529.6484375,Copernicus_GloFAS,ERA5_V4,TANCHAU_1985_2023_FILES,SUSPECT,10.825,105.225,,False,,,MISSING,,,,,,MISSING,train_candidate,MONTHLY_FEATURE_V2_2026-10-03
TanChau,2022-11,13.6,1.0,MRC_WRUP_VN_019803,MRC_EXPORT_2026-08-31,VERIFIED,11.5,12.1,10.2,18.35,11,wet,210.3,26.506666666666668,3.6503333333333337,Open-Meteo_ERA5-Land,OPENMETEO_2026-09-02,VERIFIED,10814.348958333334,19692.96875,Copernicus_GloFAS,ERA5_V4,TANCHAU_1985_2023_FILES,SUSPECT,10.825,105.225,,False,,,MISSING,,,,,,MISSING,train_candidate,MONTHLY_FEATURE_V2_2026-10-03
TanChau,2022-12,13.64,1.0,MRC_WRUP_VN_019803,MRC_EXPORT_2026-08-31,VERIFIED,13.6,11.5,12.1,14.91,12,dry,36.4,25.919354838709676,4.288387096774193,Open-Meteo_ERA5-Land,OPENMETEO_2026-09-02,VERIFIED,6314.866431451613,10366.75,Copernicus_GloFAS,ERA5_V4,TANCHAU_1985_2023_FILES,SUSPECT,10.825,105.225,,False,,,MISSING,,,,,,MISSING,train_candidate,MONTHLY_FEATURE_V2_2026-10-03
TanChau,2023-01,17.94,1.0,MRC_WRUP_VN_019803,MRC_EXPORT_2026-08-31,VERIFIED,13.64,13.6,11.5,17.4,1,dry,127.7,25.287096774193547,4.122258064516129,Open-Meteo_ERA5-Land,OPENMETEO_2026-09-02,VERIFIED,3274.8475302419356,4372.359375,Copernicus_GloFAS,ERA5_V4,TANCHAU_1985_2023_FILES,SUSPECT,10.825,105.225,,False,,,MISSING,,,,,,MISSING,train_candidate,MONTHLY_FEATURE_V2_2026-10-03
TanChau,2023-02,23.3,1.0,MRC_WRUP_VN_019803,MRC_EXPORT_2026-08-31,VERIFIED,17.94,13.64,13.6,20.6,2,dry,17.0,27.089285714285715,3.815,Open-Meteo_ERA5-Land,OPENMETEO_2026-09-02,VERIFIED,1918.295200892857,2489.484375,Copernicus_GloFAS,ERA5_V4,TANCHAU_1985_2023_FILES,SUSPECT,10.825,105.225,,False,,,MISSING,,,,,,MISSING,train_candidate,MONTHLY_FEATURE_V2_2026-10-03
TanChau,2023-03,26.8,1.0,MRC_WRUP_VN_019803,MRC_EXPORT_2026-08-31,VERIFIED,23.3,17.94,13.64,22.9,3,dry,2.1,28.27741935483871,3.924193548387097,Open-Meteo_ERA5-Land,OPENMETEO_2026-09-02,VERIFIED,749.6491935483871,1540.5625,Copernicus_GloFAS,ERA5_V4,TANCHAU_1985_2023_FILES,SUSPECT,10.825,105.225,,False,,,MISSING,,,,,,MISSING,train_candidate,MONTHLY_FEATURE_V2_2026-10-03
TanChau,2023-04,30.3,1.0,MRC_WRUP_VN_019803,MRC_EXPORT_2026-08-31,VERIFIED,26.8,23.3,17.94,23.5,4,transition,86.8,29.52,4.05,Open-Meteo_ERA5-Land,OPENMETEO_2026-09-02,VERIFIED,445.7375,758.40625,Copernicus_GloFAS,ERA5_V4,TANCHAU_1985_2023_FILES,SUSPECT,10.825,105.225,,False,,,MISSING,,,,,,MISSING,train_candidate,MONTHLY_FEATURE_V2_2026-10-03
TanChau,2023-05,30.4,1.0,MRC_WRUP_VN_019803,MRC_EXPORT_2026-08-31,VERIFIED,30.3,26.8,23.3,23.3,5,transition,184.3,29.016129032258064,4.28483870967742,Open-Meteo_ERA5-Land,OPENMETEO_2026-09-02,VERIFIED,2390.6774193548385,6313.78125,Copernicus_GloFAS,ERA5_V4,TANCHAU_1985_2023_FILES,SUSPECT,10.825,105.225,,False,,,MISSING,,,,,,MISSING,train_candidate,MONTHLY_FEATURE_V2_2026-10-03
TanChau,2023-06,25.2,1.0,MRC_WRUP_VN_019803,MRC_EXPORT_2026-08-31,VERIFIED,30.4,30.3,26.8,22.2,6,wet,256.1,27.85666666666667,4.395,Open-Meteo_ERA5-Land,OPENMETEO_2026-09-02,VERIFIED,10365.873958333334,14607.0,Copernicus_GloFAS,ERA5_V4,TANCHAU_1985_2023_FILES,SUSPECT,10.825,105.225,,False,,,MISSING,,,,,,MISSING,train_candidate,MONTHLY_FEATURE_V2_2026-10-03
TanChau,2023-07,23.6,1.0,MRC_WRUP_VN_019803,MRC_EXPORT_2026-08-31,VERIFIED,25.2,30.4,30.3,17.5,7,wet,328.7,27.309677419354838,4.930967741935484,Open-Meteo_ERA5-Land,OPENMETEO_2026-09-02,VERIFIED,17874.589213709678,33478.546875,Copernicus_GloFAS,ERA5_V4,TANCHAU_1985_2023_FILES,SUSPECT,10.825,105.225,,False,,,MISSING,,,,,,MISSING,train_candidate,MONTHLY_FEATURE_V2_2026-10-03
TanChau,2023-08,,,,,,23.6,25.2,30.4,10.2,8,wet,254.8,28.096774193548388,4.961290322580646,Open-Meteo_ERA5-Land,OPENMETEO_2026-09-02,VERIFIED,29547.285030241936,33856.125,Copernicus_GloFAS,ERA5_V4,TANCHAU_1985_2023_FILES,SUSPECT,10.825,105.225,,False,,,MISSING,,,,,,MISSING,inference_only,MONTHLY_FEATURE_V2_2026-10-03
TanChau,2023-09,11.7,1.0,MRC_WRUP_VN_019803,MRC_EXPORT_2026-08-31,VERIFIED,,23.6,25.2,12.1,9,wet,435.1,26.990000000000002,4.602333333333333,Open-Meteo_ERA5-Land,OPENMETEO_2026-09-02,VERIFIED,36787.174609375,45092.46875,Copernicus_GloFAS,ERA5_V4,TANCHAU_1985_2023_FILES,SUSPECT,10.825,105.225,,False,,,MISSING,,,,,,MISSING,train_candidate,MONTHLY_FEATURE_V2_2026-10-03
TanChau,2023-10,13.0,1.0,MRC_WRUP_VN_019803,MRC_EXPORT_2026-08-31,VERIFIED,11.7,,23.6,11.5,10,wet,412.2,26.996774193548386,3.500322580645161,Open-Meteo_ERA5-Land,OPENMETEO_2026-09-02,VERIFIED,36752.80304939516,43252.0546875,Copernicus_GloFAS,ERA5_V4,TANCHAU_1985_2023_FILES,SUSPECT,10.825,105.225,,False,,,MISSING,,,,,,MISSING,train_candidate,MONTHLY_FEATURE_V2_2026-10-03
TanChau,2023-11,13.6,1.0,MRC_WRUP_VN_019803,MRC_EXPORT_2026-08-31,VERIFIED,13.0,11.7,,13.6,11,wet,168.1,26.816666666666666,3.8033333333333332,Open-Meteo_ERA5-Land,OPENMETEO_2026-09-02,VERIFIED,13578.344401041666,22481.2265625,Copernicus_GloFAS,ERA5_V4,TANCHAU_1985_2023_FILES,SUSPECT,10.825,105.225,,False,,,MISSING,,,,,,MISSING,train_candidate,MONTHLY_FEATURE_V2_2026-10-03
TanChau,2023-12,13.5,1.0,MRC_WRUP_VN_019803,MRC_EXPORT_2026-08-31,VERIFIED,13.6,13.0,11.7,13.64,12,dry,46.1,27.280645161290323,3.902258064516129,Open-Meteo_ERA5-Land,OPENMETEO_2026-09-02,VERIFIED,4472.200730846775,6649.4609375,Copernicus_GloFAS,ERA5_V4,TANCHAU_1985_2023_FILES,SUSPECT,10.825,105.225,,False,,,MISSING,,,,,,MISSING,train_candidate,MONTHLY_FEATURE_V2_2026-10-03
TanChau,2024-01,,,,,,13.5,13.6,13.0,17.94,1,dry,4.3,27.17096774193548,3.0780645161290323,Open-Meteo_ERA5-Land,OPENMETEO_2026-09-02,VERIFIED,3199.6875,3199.6875,Copernicus_GloFAS,ERA5_V4,TANCHAU_1985_2023_FILES,SUSPECT,10.825,105.225,,False,,,MISSING,,,,,,MISSING,inference_only,MONTHLY_FEATURE_V2_2026-10-03
TanChau,2024-02,,,,,,,13.5,13.6,23.3,2,dry,3.1,28.193103448275863,3.9520689655172414,Open-Meteo_ERA5-Land,OPENMETEO_2026-09-02,VERIFIED,,,,,,,,,,False,,,MISSING,,,,,,MISSING,inference_only,MONTHLY_FEATURE_V2_2026-10-03
TanChau,2024-03,,,,,,,,13.5,26.8,3,dry,4.0,29.741935483870968,4.31741935483871,Open-Meteo_ERA5-Land,OPENMETEO_2026-09-02,VERIFIED,,,,,,,,,,False,,,MISSING,,,,,,MISSING,inference_only,MONTHLY_FEATURE_V2_2026-10-03
TanChau,2024-04,,,,,,,,,30.3,4,transition,5.2,31.576666666666664,4.166,Open-Meteo_ERA5-Land,OPENMETEO_2026-09-02,VERIFIED,,,,,,,,,,False,,,MISSING,,,,,,MISSING,inference_only,MONTHLY_FEATURE_V2_2026-10-03
TanChau,2024-05,,,,,,,,,30.4,5,transition,209.8,29.338709677419356,4.20483870967742,Open-Meteo_ERA5-Land,OPENMETEO_2026-09-02,VERIFIED,,,,,,,,,,False,,,MISSING,,,,,,MISSING,inference_only,MONTHLY_FEATURE_V2_2026-10-03
TanChau,2024-06,,,,,,,,,25.2,6,wet,291.7,28.02333333333333,3.9316666666666666,Open-Meteo_ERA5-Land,OPENMETEO_2026-09-02,VERIFIED,,,,,,,,,,False,,,MISSING,,,,,,MISSING,inference_only,MONTHLY_FEATURE_V2_2026-10-03
TanChau,2024-07,,,,,,,,,23.6,7,wet,352.5,27.148387096774194,4.968387096774194,Open-Meteo_ERA5-Land,OPENMETEO_2026-09-02,VERIFIED,,,,,,,,,,False,,,MISSING,,,,,,MISSING,inference_only,MONTHLY_FEATURE_V2_2026-10-03
TanChau,2024-08,,,,,,,,,,8,wet,243.0,27.870967741935484,4.361612903225807,Open-Meteo_ERA5-Land,OPENMETEO_2026-09-02,VERIFIED,,,,,,,,,,False,,,MISSING,,,,,,MISSING,inference_only,MONTHLY_FEATURE_V2_2026-10-03
TanChau,2024-09,,,,,,,,,11.7,9,wet,355.5,27.3,4.761333333333334,Open-Meteo_ERA5-Land,OPENMETEO_2026-09-02,VERIFIED,,,,,,,,,,False,,,MISSING,,,,,,MISSING,inference_only,MONTHLY_FEATURE_V2_2026-10-03
TanChau,2024-10,,,,,,,,,13.0,10,wet,462.0,26.84193548387097,3.5880645161290325,Open-Meteo_ERA5-Land,OPENMETEO_2026-09-02,VERIFIED,,,,,,,,,,False,,,MISSING,,,,,,MISSING,inference_only,MONTHLY_FEATURE_V2_2026-10-03
TanChau,2024-11,,,,,,,,,13.6,11,wet,126.6,27.276666666666664,3.530666666666667,Open-Meteo_ERA5-Land,OPENMETEO_2026-09-02,VERIFIED,,,,,,,,,,False,,,MISSING,,,,,,MISSING,inference_only,MONTHLY_FEATURE_V2_2026-10-03
TanChau,2024-12,,,,,,,,,13.5,12,dry,94.6,25.996774193548386,4.438064516129033,Open-Meteo_ERA5-Land,OPENMETEO_2026-09-02,VERIFIED,,,,,,,,,,False,,,MISSING,,,,,,MISSING,inference_only,MONTHLY_FEATURE_V2_2026-10-03
TanChau,2025-01,,,,,,,,,,1,dry,7.3999999999999995,24.825806451612905,3.749032258064516,Open-Meteo_ERA5-Land,OPENMETEO_2026-09-02,VERIFIED,,,,,,,,,,False,,,MISSING,,,,,,MISSING,inference_only,MONTHLY_FEATURE_V2_2026-10-03
TanChau,2025-02,,,,,,,,,,2,dry,70.5,26.103571428571428,3.715,Open-Meteo_ERA5-Land,OPENMETEO_2026-09-02,VERIFIED,,,,,,,,,,False,,,MISSING,,,,,,MISSING,inference_only,MONTHLY_FEATURE_V2_2026-10-03
TanChau,2025-03,,,,,,,,,,3,dry,10.8,28.135483870967743,3.9193548387096775,Open-Meteo_ERA5-Land,OPENMETEO_2026-09-02,VERIFIED,,,,,,,,,,False,,,MISSING,,,,,,MISSING,inference_only,MONTHLY_FEATURE_V2_2026-10-03
TanChau,2025-04,,,,,,,,,,4,transition,117.5,28.563333333333333,3.683,Open-Meteo_ERA5-Land,OPENMETEO_2026-09-02,VERIFIED,,,,,,,,,,False,,,MISSING,,,,,,MISSING,inference_only,MONTHLY_FEATURE_V2_2026-10-03
TanChau,2025-05,,,,,,,,,,5,transition,368.5,27.706451612903226,3.604516129032258,Open-Meteo_ERA5-Land,OPENMETEO_2026-09-02,VERIFIED,,,,,,,,,,False,,,MISSING,,,,,,MISSING,inference_only,MONTHLY_FEATURE_V2_2026-10-03
TanChau,2025-06,,,,,,,,,,6,wet,306.8,27.136666666666667,4.448666666666667,Open-Meteo_ERA5-Land,OPENMETEO_2026-09-02,VERIFIED,,,,,,,,,,False,,,MISSING,,,,,,MISSING,inference_only,MONTHLY_FEATURE_V2_2026-10-03
TanChau,2025-07,,,,,,,,,,7,wet,200.7,27.719354838709677,5.507096774193548,Open-Meteo_ERA5-Land,OPENMETEO_2026-09-02,VERIFIED,,,,,,,,,,False,,,MISSING,,,,,,MISSING,inference_only,MONTHLY_FEATURE_V2_2026-10-03
TanChau,2025-08,,,,,,,,,,8,wet,263.5,27.693548387096776,5.045483870967741,Open-Meteo_ERA5-Land,OPENMETEO_2026-09-02,VERIFIED,,,,,,,,,,False,,,MISSING,,,,,,MISSING,inference_only,MONTHLY_FEATURE_V2_2026-10-03
TanChau,2025-09,,,,,,,,,,9,wet,385.0,26.959999999999997,4.363666666666666,Open-Meteo_ERA5-Land,OPENMETEO_2026-09-02,VERIFIED,,,,,,,,,,False,,,MISSING,,,,,,MISSING,inference_only,MONTHLY_FEATURE_V2_2026-10-03
TanChau,2025-10,,,,,,,,,,10,wet,376.8,26.91290322580645,3.818064516129032,Open-Meteo_ERA5-Land,OPENMETEO_2026-09-02,VERIFIED,,,,,,,,,,False,,,MISSING,,,,,,MISSING,inference_only,MONTHLY_FEATURE_V2_2026-10-03
TanChau,2025-11,,,,,,,,,,11,wet,216.8,26.09,4.683333333333334,Open-Meteo_ERA5-Land,OPENMETEO_2026-09-02,VERIFIED,,,,,,,,,,False,,,MISSING,,,,,,MISSING,inference_only,MONTHLY_FEATURE_V2_2026-10-03
TanChau,2025-12,,,,,,,,,,12,dry,74.89999999999999,26.416129032258063,3.7683870967741933,Open-Meteo_ERA5-Land,OPENMETEO_2026-09-02,VERIFIED,,,,,,,,,,False,,,MISSING,,,,,,MISSING,inference_only,MONTHLY_FEATURE_V2_2026-10-03
TanChau,2026-01,,,,,,,,,,1,dry,1.2,25.05806451612903,3.431935483870968,Open-Meteo_ERA5-Land,OPENMETEO_2026-09-02,VERIFIED,,,,,,,,,,False,,,MISSING,,,,,,MISSING,inference_only,MONTHLY_FEATURE_V2_2026-10-03
TanChau,2026-02,,,,,,,,,,2,dry,56.5,26.585714285714285,3.3225000000000002,Open-Meteo_ERA5-Land,OPENMETEO_2026-09-02,VERIFIED,,,,,,,,,,False,,,MISSING,,,,,,MISSING,inference_only,MONTHLY_FEATURE_V2_2026-10-03
TanChau,2026-03,,,,,,,,,,3,dry,32.1,27.54516129032258,3.843225806451613,Open-Meteo_ERA5-Land,OPENMETEO_2026-09-02,VERIFIED,,,,,,,,,,False,,,MISSING,,,,,,MISSING,inference_only,MONTHLY_FEATURE_V2_2026-10-03
TanChau,2026-04,,,,,,,,,,4,transition,11.6,29.746666666666666,3.6383333333333336,Open-Meteo_ERA5-Land,OPENMETEO_2026-09-02,VERIFIED,,,,,,,,,,False,,,MISSING,,,,,,MISSING,inference_only,MONTHLY_FEATURE_V2_2026-10-03
TanChau,2026-05,,,,,,,,,,5,transition,124.1,29.27741935483871,4.071290322580645,Open-Meteo_ERA5-Land,OPENMETEO_2026-09-02,VERIFIED,,,,,,,,,,False,,,MISSING,,,,,,MISSING,inference_only,MONTHLY_FEATURE_V2_2026-10-03
TanChau,2026-06,,,,,,,,,,6,wet,134.0,28.813333333333333,4.626,Open-Meteo_ERA5-Land,OPENMETEO_2026-09-02,VERIFIED,,,,,,,,,,False,,,MISSING,,,,,,MISSING,inference_only,MONTHLY_FEATURE_V2_2026-10-03
TanChau,2026-07,,,,,,,,,,7,wet,233.5,27.719354838709677,4.788709677419354,Open-Meteo_ERA5-Land,OPENMETEO_2026-09-02,VERIFIED,,,,,,,,,,False,,,MISSING,,,,,,MISSING,inference_only,MONTHLY_FEATURE_V2_2026-10-03
TanChau,2026-08,,,,,,,,,,8,wet,111.3,28.529032258064515,6.0445161290322575,Open-Meteo_ERA5-Land,OPENMETEO_2026-09-02,VERIFIED,,,,,,,,,,False,,,MISSING,,,,,,MISSING,inference_only,MONTHLY_FEATURE_V2_2026-10-03
MyTho,1985-01,,,,,,,,,,1,dry,4.4,25.45483870967742,3.334516129032258,Open-Meteo_ERA5-Land,OPENMETEO_2026-09-02,VERIFIED,,,,,,MISSING,,,,False,,,MISSING,,,,,,MISSING,inference_only,MONTHLY_FEATURE_V2_2026-10-03
MyTho,1985-02,,,,,,,,,,2,dry,39.8,26.75714285714286,3.9192857142857145,Open-Meteo_ERA5-Land,OPENMETEO_2026-09-02,VERIFIED,,,,,,MISSING,,,,False,,,MISSING,,,,,,MISSING,inference_only,MONTHLY_FEATURE_V2_2026-10-03
MyTho,1985-03,,,,,,,,,,3,dry,64.1,27.38064516129032,3.8454838709677417,Open-Meteo_ERA5-Land,OPENMETEO_2026-09-02,VERIFIED,,,,,,MISSING,,,,False,,,MISSING,,,,,,MISSING,inference_only,MONTHLY_FEATURE_V2_2026-10-03
MyTho,1985-04,,,,,,,,,,4,transition,187.4,27.48,3.189,Open-Meteo_ERA5-Land,OPENMETEO_2026-09-02,VERIFIED,,,,,,MISSING,,,,False,,,MISSING,,,,,,MISSING,inference_only,MONTHLY_FEATURE_V2_2026-10-03
MyTho,1985-05,,,,,,,,,,5,transition,279.0,26.664516129032258,2.855483870967742,Open-Meteo_ERA5-Land,OPENMETEO_2026-09-02,VERIFIED,,,,,,MISSING,,,,False,,,MISSING,,,,,,MISSING,inference_only,MONTHLY_FEATURE_V2_2026-10-03
MyTho,1985-06,12.2,1.0,MRC_WRUP_VN_019805,MRC_EXPORT_2026-08-31,VERIFIED,,,,,6,wet,139.1,26.84333333333333,4.805666666666666,Open-Meteo_ERA5-Land,OPENMETEO_2026-09-02,VERIFIED,,,,,,MISSING,,,,False,,,MISSING,,,,,,MISSING,train_candidate,MONTHLY_FEATURE_V2_2026-10-03
MyTho,1985-07,12.2,1.0,MRC_WRUP_VN_019805,MRC_EXPORT_2026-08-31,VERIFIED,12.2,,,,7,wet,254.3,26.161290322580644,3.6503225806451614,Open-Meteo_ERA5-Land,OPENMETEO_2026-09-02,VERIFIED,,,,,,MISSING,,,,False,,,MISSING,,,,,,MISSING,train_candidate,MONTHLY_FEATURE_V2_2026-10-03
MyTho,1985-08,16.1,1.0,MRC_WRUP_VN_019805,MRC_EXPORT_2026-08-31,VERIFIED,12.2,12.2,,,8,wet,210.0,26.154838709677417,4.583225806451613,Open-Meteo_ERA5-Land,OPENMETEO_2026-09-02,VERIFIED,,,,,,MISSING,,,,False,,,MISSING,,,,,,MISSING,train_candidate,MONTHLY_FEATURE_V2_2026-10-03
MyTho,1985-09,12.1,1.0,MRC_WRUP_VN_019805,MRC_EXPORT_2026-08-31,VERIFIED,16.1,12.2,12.2,,9,wet,352.2,25.67,3.583666666666667,Open-Meteo_ERA5-Land,OPENMETEO_2026-09-02,VERIFIED,,,,,,MISSING,,,,False,,,MISSING,,,,,,MISSING,train_candidate,MONTHLY_FEATURE_V2_2026-10-03
MyTho,1985-10,15.3,1.0,MRC_WRUP_VN_019805,MRC_EXPORT_2026-08-31,VERIFIED,12.1,16.1,12.2,,10,wet,374.8,25.532258064516128,2.5258064516129033,Open-Meteo_ERA5-Land,OPENMETEO_2026-09-02,VERIFIED,,,,,,MISSING,,,,False,,,MISSING,,,,,,MISSING,train_candidate,MONTHLY_FEATURE_V2_2026-10-03
MyTho,1985-11,13.4,1.0,MRC_WRUP_VN_019805,MRC_EXPORT_2026-08-31,VERIFIED,15.3,12.1,16.1,,11,wet,201.20000000000002,25.493333333333332,2.749,Open-Meteo_ERA5-Land,OPENMETEO_2026-09-02,VERIFIED,,,,,,MISSING,,,,False,,,MISSING,,,,,,MISSING,train_candidate,MONTHLY_FEATURE_V2_2026-10-03
MyTho,1985-12,13.9,1.0,MRC_WRUP_VN_019805,MRC_EXPORT_2026-08-31,VERIFIED,13.4,15.3,12.1,,12,dry,101.7,24.493548387096773,2.6874193548387098,Open-Meteo_ERA5-Land,OPENMETEO_2026-09-02,VERIFIED,,,,,,MISSING,,,,False,,,MISSING,,,,,,MISSING,train_candidate,MONTHLY_FEATURE_V2_2026-10-03
MyTho,1986-01,8.2,1.0,MRC_WRUP_VN_019805,MRC_EXPORT_2026-08-31,VERIFIED,13.9,13.4,15.3,,1,dry,30.099999999999998,24.261290322580646,2.7903225806451615,Open-Meteo_ERA5-Land,OPENMETEO_2026-09-02,VERIFIED,,,,,,MISSING,,,,False,,,MISSING,,,,,,MISSING,train_candidate,MONTHLY_FEATURE_V2_2026-10-03
MyTho,1986-02,8.9,1.0,MRC_WRUP_VN_019805,MRC_EXPORT_2026-08-31,VERIFIED,8.2,13.9,13.4,,2,dry,35.6,25.3,3.3835714285714285,Open-Meteo_ERA5-Land,OPENMETEO_2026-09-02,VERIFIED,,,,,,MISSING,,,,False,,,MISSING,,,,,,MISSING,train_candidate,MONTHLY_FEATURE_V2_2026-10-03
MyTho,1986-03,17.0,1.0,MRC_WRUP_VN_019805,MRC_EXPORT_2026-08-31,VERIFIED,8.9,8.2,13.9,,3,dry,16.5,26.806451612903224,3.770322580645161,Open-Meteo_ERA5-Land,OPENMETEO_2026-09-02,VERIFIED,,,,,,MISSING,,,,False,,,MISSING,,,,,,MISSING,train_candidate,MONTHLY_FEATURE_V2_2026-10-03
MyTho,1986-04,24.1,1.0,MRC_WRUP_VN_019805,MRC_EXPORT_2026-08-31,VERIFIED,17.0,8.9,8.2,,4,transition,51.3,28.123333333333335,3.9836666666666667,Open-Meteo_ERA5-Land,OPENMETEO_2026-09-02,VERIFIED,,,,,,MISSING,,,,False,,,MISSING,,,,,,MISSING,train_candidate,MONTHLY_FEATURE_V2_2026-10-03
MyTho,1986-05,24.6,1.0,MRC_WRUP_VN_019805,MRC_EXPORT_2026-08-31,VERIFIED,24.1,17.0,8.9,,5,transition,190.3,27.38064516129032,4.280645161290322,Open-Meteo_ERA5-Land,OPENMETEO_2026-09-02,VERIFIED,,,,,,MISSING,,,,False,,,MISSING,,,,,,MISSING,train_candidate,MONTHLY_FEATURE_V2_2026-10-03
MyTho,1986-06,16.6,1.0,MRC_WRUP_VN_019805,MRC_EXPORT_2026-08-31,VERIFIED,24.6,24.1,17.0,12.2,6,wet,208.8,26.763333333333332,3.8089999999999997,Open-Meteo_ERA5-Land,OPENMETEO_2026-09-02,VERIFIED,,,,,,MISSING,,,,False,,,MISSING,,,,,,MISSING,train_candidate,MONTHLY_FEATURE_V2_2026-10-03
MyTho,1986-07,11.4,1.0,MRC_WRUP_VN_019805,MRC_EXPORT_2026-08-31,VERIFIED,16.6,24.6,24.1,12.2,7,wet,280.3,26.26774193548387,4.155806451612904,Open-Meteo_ERA5-Land,OPENMETEO_2026-09-02,VERIFIED,,,,,,MISSING,,,,False,,,MISSING,,,,,,MISSING,train_candidate,MONTHLY_FEATURE_V2_2026-10-03
MyTho,1986-08,14.7,1.0,MRC_WRUP_VN_019805,MRC_EXPORT_2026-08-31,VERIFIED,11.4,16.6,24.6,16.1,8,wet,284.8,26.193548387096776,4.77483870967742,Open-Meteo_ERA5-Land,OPENMETEO_2026-09-02,VERIFIED,,,,,,MISSING,,,,False,,,MISSING,,,,,,MISSING,train_candidate,MONTHLY_FEATURE_V2_2026-10-03
MyTho,1986-09,10.5,1.0,MRC_WRUP_VN_019805,MRC_EXPORT_2026-08-31,VERIFIED,14.7,11.4,16.6,12.1,9,wet,354.1,25.673333333333336,3.2356666666666665,Open-Meteo_ERA5-Land,OPENMETEO_2026-09-02,VERIFIED,,,,,,MISSING,,,,False,,,MISSING,,,,,,MISSING,train_candidate,MONTHLY_FEATURE_V2_2026-10-03
MyTho,1986-10,13.0,1.0,MRC_WRUP_VN_019805,MRC_EXPORT_2026-08-31,VERIFIED,10.5,14.7,11.4,15.3,10,wet,336.4,25.716129032258067,2.5012903225806453,Open-Meteo_ERA5-Land,OPENMETEO_2026-09-02,VERIFIED,,,,,,MISSING,,,,False,,,MISSING,,,,,,MISSING,train_candidate,MONTHLY_FEATURE_V2_2026-10-03
MyTho,1986-11,14.0,1.0,MRC_WRUP_VN_019805,MRC_EXPORT_2026-08-31,VERIFIED,13.0,10.5,14.7,13.4,11,wet,191.1,25.233333333333334,2.819666666666667,Open-Meteo_ERA5-Land,OPENMETEO_2026-09-02,VERIFIED,,,,,,MISSING,,,,False,,,MISSING,,,,,,MISSING,train_candidate,MONTHLY_FEATURE_V2_2026-10-03
MyTho,1986-12,15.1,1.0,MRC_WRUP_VN_019805,MRC_EXPORT_2026-08-31,VERIFIED,14.0,13.0,10.5,13.9,12,dry,34.2,25.11935483870968,3.026774193548387,Open-Meteo_ERA5-Land,OPENMETEO_2026-09-02,VERIFIED,,,,,,MISSING,,,,False,,,MISSING,,,,,,MISSING,train_candidate,MONTHLY_FEATURE_V2_2026-10-03
MyTho,1987-01,13.6,1.0,MRC_WRUP_VN_019805,MRC_EXPORT_2026-08-31,VERIFIED,15.1,14.0,13.0,8.2,1,dry,5.4,25.787096774193547,3.2506451612903224,Open-Meteo_ERA5-Land,OPENMETEO_2026-09-02,VERIFIED,,,,,,MISSING,,,,False,,,MISSING,,,,,,MISSING,train_candidate,MONTHLY_FEATURE_V2_2026-10-03
MyTho,1987-02,20.2,1.0,MRC_WRUP_VN_019805,MRC_EXPORT_2026-08-31,VERIFIED,13.6,15.1,14.0,8.9,2,dry,4.0,25.814285714285713,3.9699999999999998,Open-Meteo_ERA5-Land,OPENMETEO_2026-09-02,VERIFIED,,,,,,MISSING,,,,False,,,MISSING,,,,,,MISSING,train_candidate,MONTHLY_FEATURE_V2_2026-10-03
MyTho,1987-03,19.1,1.0,MRC_WRUP_VN_019805,MRC_EXPORT_2026-08-31,VERIFIED,20.2,13.6,15.1,17.0,3,dry,26.1,27.68064516129032,4.065483870967742,Open-Meteo_ERA5-Land,OPENMETEO_2026-09-02,VERIFIED,,,,,,MISSING,,,,False,,,MISSING,,,,,,MISSING,train_candidate,MONTHLY_FEATURE_V2_2026-10-03
MyTho,1987-04,,,,,,19.1,20.2,13.6,24.1,4,transition,36.9,28.94,4.060666666666667,Open-Meteo_ERA5-Land,OPENMETEO_2026-09-02,VERIFIED,,,,,,MISSING,,,,False,,,MISSING,,,,,,MISSING,inference_only,MONTHLY_FEATURE_V2_2026-10-03
MyTho,1987-05,,,,,,,19.1,20.2,24.6,5,transition,103.5,28.98709677419355,3.1877419354838707,Open-Meteo_ERA5-Land,OPENMETEO_2026-09-02,VERIFIED,,,,,,MISSING,,,,False,,,MISSING,,,,,,MISSING,inference_only,MONTHLY_FEATURE_V2_2026-10-03
MyTho,1987-06,,,,,,,,19.1,16.6,6,wet,317.7,26.86,3.845666666666667,Open-Meteo_ERA5-Land,OPENMETEO_2026-09-02,VERIFIED,,,,,,MISSING,,,,False,,,MISSING,,,,,,MISSING,inference_only,MONTHLY_FEATURE_V2_2026-10-03
MyTho,1987-07,,,,,,,,,11.4,7,wet,190.3,26.838709677419356,4.402903225806452,Open-Meteo_ERA5-Land,OPENMETEO_2026-09-02,VERIFIED,,,,,,MISSING,,,,False,,,MISSING,,,,,,MISSING,inference_only,MONTHLY_FEATURE_V2_2026-10-03
MyTho,1987-08,15.9,1.0,MRC_WRUP_VN_019805,MRC_EXPORT_2026-08-31,VERIFIED,,,,14.7,8,wet,289.5,26.425806451612903,3.5796774193548386,Open-Meteo_ERA5-Land,OPENMETEO_2026-09-02,VERIFIED,,,,,,MISSING,,,,False,,,MISSING,,,,,,MISSING,train_candidate,MONTHLY_FEATURE_V2_2026-10-03
MyTho,1987-09,13.3,1.0,MRC_WRUP_VN_019805,MRC_EXPORT_2026-08-31,VERIFIED,15.9,,,10.5,9,wet,254.8,26.459999999999997,3.478,Open-Meteo_ERA5-Land,OPENMETEO_2026-09-02,VERIFIED,,,,,,MISSING,,,,False,,,MISSING,,,,,,MISSING,train_candidate,MONTHLY_FEATURE_V2_2026-10-03
MyTho,1987-10,15.1,1.0,MRC_WRUP_VN_019805,MRC_EXPORT_2026-08-31,VERIFIED,13.3,15.9,,13.0,10,wet,240.1,26.40967741935484,2.323225806451613,Open-Meteo_ERA5-Land,OPENMETEO_2026-09-02,VERIFIED,,,,,,MISSING,,,,False,,,MISSING,,,,,,MISSING,train_candidate,MONTHLY_FEATURE_V2_2026-10-03
MyTho,1987-11,,,,,,15.1,13.3,15.9,14.0,11,wet,259.6,25.990000000000002,2.877333333333333,Open-Meteo_ERA5-Land,OPENMETEO_2026-09-02,VERIFIED,,,,,,MISSING,,,,False,,,MISSING,,,,,,MISSING,inference_only,MONTHLY_FEATURE_V2_2026-10-03
MyTho,1987-12,,,,,,,15.1,13.3,15.1,12,dry,45.7,24.816129032258065,2.9419354838709677,Open-Meteo_ERA5-Land,OPENMETEO_2026-09-02,VERIFIED,,,,,,MISSING,,,,False,,,MISSING,,,,,,MISSING,inference_only,MONTHLY_FEATURE_V2_2026-10-03
MyTho,1988-01,16.5,1.0,MRC_WRUP_VN_019805,MRC_EXPORT_2026-08-31,VERIFIED,,,15.1,13.6,1,dry,9.299999999999999,26.335483870967742,2.95,Open-Meteo_ERA5-Land,OPENMETEO_2026-09-02,VERIFIED,,,,,,MISSING,,,,False,,,MISSING,,,,,,MISSING,train_candidate,MONTHLY_FEATURE_V2_2026-10-03
MyTho,1988-02,17.0,1.0,MRC_WRUP_VN_019805,MRC_EXPORT_2026-08-31,VERIFIED,16.5,,,20.2,2,dry,22.2,26.95862068965517,3.856551724137931,Open-Meteo_ERA5-Land,OPENMETEO_2026-09-02,VERIFIED,,,,,,MISSING,,,,False,,,MISSING,,,,,,MISSING,train_candidate,MONTHLY_FEATURE_V2_2026-10-03
MyTho,1988-03,19.1,1.0,MRC_WRUP_VN_019805,MRC_EXPORT_2026-08-31,VERIFIED,17.0,16.5,,19.1,3,dry,14.5,28.258064516129032,4.026774193548387,Open-Meteo_ERA5-Land,OPENMETEO_2026-09-02,VERIFIED,,,,,,MISSING,,,,False,,,MISSING,,,,,,MISSING,train_candidate,MONTHLY_FEATURE_V2_2026-10-03
MyTho,1988-04,,,,,,19.1,17.0,16.5,,4,transition,94.9,28.61,3.5263333333333335,Open-Meteo_ERA5-Land,OPENMETEO_2026-09-02,VERIFIED,,,,,,MISSING,,,,False,,,MISSING,,,,,,MISSING,inference_only,MONTHLY_FEATURE_V2_2026-10-03
MyTho,1988-05,,,,,,,19.1,17.0,,5,transition,261.6,27.480645161290322,3.339677419354839,Open-Meteo_ERA5-Land,OPENMETEO_2026-09-02,VERIFIED,,,,,,MISSING,,,,False,,,MISSING,,,,,,MISSING,inference_only,MONTHLY_FEATURE_V2_2026-10-03
MyTho,1988-06,34.9,1.0,MRC_WRUP_VN_019805,MRC_EXPORT_2026-08-31,VERIFIED,,,19.1,,6,wet,237.4,26.816666666666666,3.9320000000000004,Open-Meteo_ERA5-Land,OPENMETEO_2026-09-02,VERIFIED,,,,,,MISSING,,,,False,,,MISSING,,,,,,MISSING,train_candidate,MONTHLY_FEATURE_V2_2026-10-03
MyTho,1988-07,19.3,1.0,MRC_WRUP_VN_019805,MRC_EXPORT_2026-08-31,VERIFIED,34.9,,,,7,wet,284.8,26.493548387096773,3.388709677419355,Open-Meteo_ERA5-Land,OPENMETEO_2026-09-02,VERIFIED,,,,,,MISSING,,,,False,,,MISSING,,,,,,MISSING,train_candidate,MONTHLY_FEATURE_V2_2026-10-03
MyTho,1988-08,12.2,1.0,MRC_WRUP_VN_019805,MRC_EXPORT_2026-08-31,VERIFIED,19.3,34.9,,15.9,8,wet,254.2,26.606451612903225,3.1729032258064516,Open-Meteo_ERA5-Land,OPENMETEO_2026-09-02,VERIFIED,,,,,,MISSING,,,,False,,,MISSING,,,,,,MISSING,train_candidate,MONTHLY_FEATURE_V2_2026-10-03
MyTho,1988-09,15.4,1.0,MRC_WRUP_VN_019805,MRC_EXPORT_2026-08-31,VERIFIED,12.2,19.3,34.9,13.3,9,wet,343.3,26.263333333333332,3.0260000000000002,Open-Meteo_ERA5-Land,OPENMETEO_2026-09-02,VERIFIED,,,,,,MISSING,,,,False,,,MISSING,,,,,,MISSING,train_candidate,MONTHLY_FEATURE_V2_2026-10-03
MyTho,1988-10,13.2,1.0,MRC_WRUP_VN_019805,MRC_EXPORT_2026-08-31,VERIFIED,15.4,12.2,19.3,15.1,10,wet,258.9,25.603225806451615,3.2983870967741935,Open-Meteo_ERA5-Land,OPENMETEO_2026-09-02,VERIFIED,,,,,,MISSING,,,,False,,,MISSING,,,,,,MISSING,train_candidate,MONTHLY_FEATURE_V2_2026-10-03
MyTho,1988-11,12.6,1.0,MRC_WRUP_VN_019805,MRC_EXPORT_2026-08-31,VERIFIED,13.2,15.4,12.2,,11,wet,111.2,25.196666666666665,3.3506666666666667,Open-Meteo_ERA5-Land,OPENMETEO_2026-09-02,VERIFIED,,,,,,MISSING,,,,False,,,MISSING,,,,,,MISSING,train_candidate,MONTHLY_FEATURE_V2_2026-10-03
MyTho,1988-12,13.8,1.0,MRC_WRUP_VN_019805,MRC_EXPORT_2026-08-31,VERIFIED,12.6,13.2,15.4,,12,dry,25.6,24.677419354838708,2.579354838709677,Open-Meteo_ERA5-Land,OPENMETEO_2026-09-02,VERIFIED,,,,,,MISSING,,,,False,,,MISSING,,,,,,MISSING,train_candidate,MONTHLY_FEATURE_V2_2026-10-03
MyTho,1989-01,14.5,1.0,MRC_WRUP_VN_019805,MRC_EXPORT_2026-08-31,VERIFIED,13.8,12.6,13.2,16.5,1,dry,10.399999999999999,26.425806451612903,3.646774193548387,Open-Meteo_ERA5-Land,OPENMETEO_2026-09-02,VERIFIED,,,,,,MISSING,,,,False,,,MISSING,,,,,,MISSING,train_candidate,MONTHLY_FEATURE_V2_2026-10-03
MyTho,1989-02,15.2,1.0,MRC_WRUP_VN_019805,MRC_EXPORT_2026-08-31,VERIFIED,14.5,13.8,12.6,17.0,2,dry,3.0999999999999996,25.603571428571428,3.8682142857142856,Open-Meteo_ERA5-Land,OPENMETEO_2026-09-02,VERIFIED,,,,,,MISSING,,,,False,,,MISSING,,,,,,MISSING,train_candidate,MONTHLY_FEATURE_V2_2026-10-03
MyTho,1989-03,,,,,,15.2,14.5,13.8,19.1,3,dry,79.0,26.55806451612903,3.264838709677419,Open-Meteo_ERA5-Land,OPENMETEO_2026-09-02,VERIFIED,,,,,,MISSING,,,,False,,,MISSING,,,,,,MISSING,inference_only,MONTHLY_FEATURE_V2_2026-10-03
MyTho,1989-04,38.0,1.0,MRC_WRUP_VN_019805,MRC_EXPORT_2026-08-31,VERIFIED,,15.2,14.5,,4,transition,53.5,28.013333333333332,3.0349999999999997,Open-Meteo_ERA5-Land,OPENMETEO_2026-09-02,VERIFIED,,,,,,MISSING,,,,False,,,MISSING,,,,,,MISSING,train_candidate,MONTHLY_FEATURE_V2_2026-10-03
MyTho,1989-05,32.7,1.0,MRC_WRUP_VN_019805,MRC_EXPORT_2026-08-31,VERIFIED,38.0,,15.2,,5,transition,271.5,27.296774193548387,3.3248387096774192,Open-Meteo_ERA5-Land,OPENMETEO_2026-09-02,VERIFIED,,,,,,MISSING,,,,False,,,MISSING,,,,,,MISSING,train_candidate,MONTHLY_FEATURE_V2_2026-10-03
MyTho,1989-06,19.0,1.0,MRC_WRUP_VN_019805,MRC_EXPORT_2026-08-31,VERIFIED,32.7,38.0,,34.9,6,wet,182.6,26.793333333333333,3.7819999999999996,Open-Meteo_ERA5-Land,OPENMETEO_2026-09-02,VERIFIED,,,,,,MISSING,,,,False,,,MISSING,,,,,,MISSING,train_candidate,MONTHLY_FEATURE_V2_2026-10-03
MyTho,1989-07,26.9,1.0,MRC_WRUP_VN_019805,MRC_EXPORT_2026-08-31,VERIFIED,19.0,32.7,38.0,19.3,7,wet,269.7,26.467741935483872,3.649677419354839,Open-Meteo_ERA5-Land,OPENMETEO_2026-09-02,VERIFIED,,,,,,MISSING,,,,False,,,MISSING,,,,,,MISSING,train_candidate,MONTHLY_FEATURE_V2_2026-10-03
MyTho,1989-08,12.1,1.0,MRC_WRUP_VN_019805,MRC_EXPORT_2026-08-31,VERIFIED,26.9,19.0,32.7,12.2,8,wet,256.9,26.374193548387098,4.633870967741935,Open-Meteo_ERA5-Land,OPENMETEO_2026-09-02,VERIFIED,,,,,,MISSING,,,,False,,,MISSING,,,,,,MISSING,train_candidate,MONTHLY_FEATURE_V2_2026-10-03
MyTho,1989-09,16.7,1.0,MRC_WRUP_VN_019805,MRC_EXPORT_2026-08-31,VERIFIED,12.1,26.9,19.0,15.4,9,wet,259.1,26.23,3.5476666666666663,Open-Meteo_ERA5-Land,OPENMETEO_2026-09-02,VERIFIED,,,,,,MISSING,,,,False,,,MISSING,,,,,,MISSING,train_candidate,MONTHLY_FEATURE_V2_2026-10-03
MyTho,1989-10,14.7,1.0,MRC_WRUP_VN_019805,MRC_EXPORT_2026-08-31,VERIFIED,16.7,12.1,26.9,13.2,10,wet,334.4,25.561290322580643,2.765806451612903,Open-Meteo_ERA5-Land,OPENMETEO_2026-09-02,VERIFIED,,,,,,MISSING,,,,False,,,MISSING,,,,,,MISSING,train_candidate,MONTHLY_FEATURE_V2_2026-10-03
MyTho,1989-11,15.5,1.0,MRC_WRUP_VN_019805,MRC_EXPORT_2026-08-31,VERIFIED,14.7,16.7,12.1,12.6,11,wet,119.9,25.876666666666665,2.813,Open-Meteo_ERA5-Land,OPENMETEO_2026-09-02,VERIFIED,,,,,,MISSING,,,,False,,,MISSING,,,,,,MISSING,train_candidate,MONTHLY_FEATURE_V2_2026-10-03
MyTho,1989-12,15.1,1.0,MRC_WRUP_VN_019805,MRC_EXPORT_2026-08-31,VERIFIED,15.5,14.7,16.7,13.8,12,dry,11.4,25.361290322580647,2.9029032258064515,Open-Meteo_ERA5-Land,OPENMETEO_2026-09-02,VERIFIED,,,,,,MISSING,,,,False,,,MISSING,,,,,,MISSING,train_candidate,MONTHLY_FEATURE_V2_2026-10-03
MyTho,1990-01,15.5,1.0,MRC_WRUP_VN_019805,MRC_EXPORT_2026-08-31,VERIFIED,15.1,15.5,14.7,14.5,1,dry,3.4,25.96451612903226,3.539677419354839,Open-Meteo_ERA5-Land,OPENMETEO_2026-09-02,VERIFIED,,,,,,MISSING,,,,False,,,MISSING,,,,,,MISSING,train_candidate,MONTHLY_FEATURE_V2_2026-10-03
MyTho,1990-02,16.6,1.0,MRC_WRUP_VN_019805,MRC_EXPORT_2026-08-31,VERIFIED,15.5,15.1,15.5,15.2,2,dry,0.6000000000000001,26.789285714285715,4.2160714285714285,Open-Meteo_ERA5-Land,OPENMETEO_2026-09-02,VERIFIED,,,,,,MISSING,,,,False,,,MISSING,,,,,,MISSING,train_candidate,MONTHLY_FEATURE_V2_2026-10-03
MyTho,1990-03,,,,,,16.6,15.5,15.1,,3,dry,5.6,27.748387096774195,4.1896774193548385,Open-Meteo_ERA5-Land,OPENMETEO_2026-09-02,VERIFIED,,,,,,MISSING,,,,False,,,MISSING,,,,,,MISSING,inference_only,MONTHLY_FEATURE_V2_2026-10-03
MyTho,1990-04,,,,,,,16.6,15.5,38.0,4,transition,25.3,29.476666666666667,4.014666666666667,Open-Meteo_ERA5-Land,OPENMETEO_2026-09-02,VERIFIED,,,,,,MISSING,,,,False,,,MISSING,,,,,,MISSING,inference_only,MONTHLY_FEATURE_V2_2026-10-03
MyTho,1990-05,,,,,,,,16.6,32.7,5,transition,157.0,28.551612903225806,3.4461290322580647,Open-Meteo_ERA5-Land,OPENMETEO_2026-09-02,VERIFIED,,,,,,MISSING,,,,False,,,MISSING,,,,,,MISSING,inference_only,MONTHLY_FEATURE_V2_2026-10-03
MyTho,1990-06,,,,,,,,,19.0,6,wet,202.5,27.11,4.240333333333333,Open-Meteo_ERA5-Land,OPENMETEO_2026-09-02,VERIFIED,,,,,,MISSING,,,,False,,,MISSING,,,,,,MISSING,inference_only,MONTHLY_FEATURE_V2_2026-10-03
MyTho,1990-07,13.8,1.0,MRC_WRUP_VN_019805,MRC_EXPORT_2026-08-31,VERIFIED,,,,26.9,7,wet,163.7,26.996774193548386,4.4238709677419354,Open-Meteo_ERA5-Land,OPENMETEO_2026-09-02,VERIFIED,,,,,,MISSING,,,,False,,,MISSING,,,,,,MISSING,train_candidate,MONTHLY_FEATURE_V2_2026-10-03
MyTho,1990-08,15.5,1.0,MRC_WRUP_VN_019805,MRC_EXPORT_2026-08-31,VERIFIED,13.8,,,12.1,8,wet,269.3,26.490322580645163,4.6819354838709675,Open-Meteo_ERA5-Land,OPENMETEO_2026-09-02,VERIFIED,,,,,,MISSING,,,,False,,,MISSING,,,,,,MISSING,train_candidate,MONTHLY_FEATURE_V2_2026-10-03
MyTho,1990-09,12.7,1.0,MRC_WRUP_VN_019805,MRC_EXPORT_2026-08-31,VERIFIED,15.5,13.8,,16.7,9,wet,292.6,26.33,3.7253333333333334,Open-Meteo_ERA5-Land,OPENMETEO_2026-09-02,VERIFIED,,,,,,MISSING,,,,False,,,MISSING,,,,,,MISSING,train_candidate,MONTHLY_FEATURE_V2_2026-10-03
MyTho,1990-10,16.9,1.0,MRC_WRUP_VN_019805,MRC_EXPORT_2026-08-31,VERIFIED,12.7,15.5,13.8,14.7,10,wet,263.3,26.135483870967743,2.9451612903225803,Open-Meteo_ERA5-Land,OPENMETEO_2026-09-02,VERIFIED,,,,,,MISSING,,,,False,,,MISSING,,,,,,MISSING,train_candidate,MONTHLY_FEATURE_V2_2026-10-03
MyTho,1990-11,15.7,1.0,MRC_WRUP_VN_019805,MRC_EXPORT_2026-08-31,VERIFIED,16.9,12.7,15.5,15.5,11,wet,162.7,25.529999999999998,2.8560000000000003,Open-Meteo_ERA5-Land,OPENMETEO_2026-09-02,VERIFIED,,,,,,MISSING,,,,False,,,MISSING,,,,,,MISSING,train_candidate,MONTHLY_FEATURE_V2_2026-10-03
MyTho,1990-12,17.9,1.0,MRC_WRUP_VN_019805,MRC_EXPORT_2026-08-31,VERIFIED,15.7,16.9,12.7,15.1,12,dry,13.2,25.700000000000003,3.017741935483871,Open-Meteo_ERA5-Land,OPENMETEO_2026-09-02,VERIFIED,,,,,,MISSING,,,,False,,,MISSING,,,,,,MISSING,train_candidate,MONTHLY_FEATURE_V2_2026-10-03
MyTho,1991-01,15.7,1.0,MRC_WRUP_VN_019805,MRC_EXPORT_2026-08-31,VERIFIED,17.9,15.7,16.9,15.5,1,dry,7.5,26.403225806451612,3.4638709677419355,Open-Meteo_ERA5-Land,OPENMETEO_2026-09-02,VERIFIED,,,,,,MISSING,,,,False,,,MISSING,,,,,,MISSING,train_candidate,MONTHLY_FEATURE_V2_2026-10-03
MyTho,1991-02,25.7,1.0,MRC_WRUP_VN_019805,MRC_EXPORT_2026-08-31,VERIFIED,15.7,17.9,15.7,16.6,2,dry,1.2,26.682142857142857,3.5778571428571424,Open-Meteo_ERA5-Land,OPENMETEO_2026-09-02,VERIFIED,,,,,,MISSING,,,,False,,,MISSING,,,,,,MISSING,train_candidate,MONTHLY_FEATURE_V2_2026-10-03
MyTho,1991-03,,,,,,25.7,15.7,17.9,,3,dry,43.7,27.048387096774192,4.0283870967741935,Open-Meteo_ERA5-Land,OPENMETEO_2026-09-02,VERIFIED,,,,,,MISSING,,,,False,,,MISSING,,,,,,MISSING,inference_only,MONTHLY_FEATURE_V2_2026-10-03
MyTho,1991-04,,,,,,,25.7,15.7,,4,transition,60.9,28.19333333333333,3.54,Open-Meteo_ERA5-Land,OPENMETEO_2026-09-02,VERIFIED,,,,,,MISSING,,,,False,,,MISSING,,,,,,MISSING,inference_only,MONTHLY_FEATURE_V2_2026-10-03
MyTho,1991-05,,,,,,,,25.7,,5,transition,151.8,28.096774193548388,2.890967741935484,Open-Meteo_ERA5-Land,OPENMETEO_2026-09-02,VERIFIED,,,,,,MISSING,,,,False,,,MISSING,,,,,,MISSING,inference_only,MONTHLY_FEATURE_V2_2026-10-03
MyTho,1991-06,,,,,,,,,,6,wet,238.4,27.33,3.613,Open-Meteo_ERA5-Land,OPENMETEO_2026-09-02,VERIFIED,,,,,,MISSING,,,,False,,,MISSING,,,,,,MISSING,inference_only,MONTHLY_FEATURE_V2_2026-10-03
MyTho,1991-07,24.9,1.0,MRC_WRUP_VN_019805,MRC_EXPORT_2026-08-31,VERIFIED,,,,13.8,7,wet,303.4,26.261290322580646,4.00516129032258,Open-Meteo_ERA5-Land,OPENMETEO_2026-09-02,VERIFIED,,,,,,MISSING,,,,False,,,MISSING,,,,,,MISSING,train_candidate,MONTHLY_FEATURE_V2_2026-10-03
MyTho,1991-08,13.2,1.0,MRC_WRUP_VN_019805,MRC_EXPORT_2026-08-31,VERIFIED,24.9,,,15.5,8,wet,272.8,26.206451612903226,4.588709677419355,Open-Meteo_ERA5-Land,OPENMETEO_2026-09-02,VERIFIED,,,,,,MISSING,,,,False,,,MISSING,,,,,,MISSING,train_candidate,MONTHLY_FEATURE_V2_2026-10-03
MyTho,1991-09,31.3,1.0,MRC_WRUP_VN_019805,MRC_EXPORT_2026-08-31,VERIFIED,13.2,24.9,,12.7,9,wet,294.3,25.723333333333336,3.83,Open-Meteo_ERA5-Land,OPENMETEO_2026-09-02,VERIFIED,,,,,,MISSING,,,,False,,,MISSING,,,,,,MISSING,train_candidate,MONTHLY_FEATURE_V2_2026-10-03
MyTho,1991-10,19.2,1.0,MRC_WRUP_VN_019805,MRC_EXPORT_2026-08-31,VERIFIED,31.3,13.2,24.9,16.9,10,wet,288.4,25.483870967741936,2.5925806451612905,Open-Meteo_ERA5-Land,OPENMETEO_2026-09-02,VERIFIED,,,,,,MISSING,,,,False,,,MISSING,,,,,,MISSING,train_candidate,MONTHLY_FEATURE_V2_2026-10-03
MyTho,1991-11,16.8,1.0,MRC_WRUP_VN_019805,MRC_EXPORT_2026-08-31,VERIFIED,19.2,31.3,13.2,15.7,11,wet,38.9,25.923333333333336,2.597666666666667,Open-Meteo_ERA5-Land,OPENMETEO_2026-09-02,VERIFIED,,,,,,MISSING,,,,False,,,MISSING,,,,,,MISSING,train_candidate,MONTHLY_FEATURE_V2_2026-10-03
MyTho,1991-12,15.2,1.0,MRC_WRUP_VN_019805,MRC_EXPORT_2026-08-31,VERIFIED,16.8,19.2,31.3,17.9,12,dry,6.7,26.293548387096774,3.2616129032258065,Open-Meteo_ERA5-Land,OPENMETEO_2026-09-02,VERIFIED,,,,,,MISSING,,,,False,,,MISSING,,,,,,MISSING,train_candidate,MONTHLY_FEATURE_V2_2026-10-03
MyTho,1992-01,17.5,1.0,MRC_WRUP_VN_019805,MRC_EXPORT_2026-08-31,VERIFIED,15.2,16.8,19.2,15.7,1,dry,6.699999999999999,25.141935483870967,3.584838709677419,Open-Meteo_ERA5-Land,OPENMETEO_2026-09-02,VERIFIED,,,,,,MISSING,,,,False,,,MISSING,,,,,,MISSING,train_candidate,MONTHLY_FEATURE_V2_2026-10-03
MyTho,1992-02,,,,,,17.5,15.2,16.8,25.7,2,dry,3.0,26.489655172413794,4.000689655172414,Open-Meteo_ERA5-Land,OPENMETEO_2026-09-02,VERIFIED,,,,,,MISSING,,,,False,,,MISSING,,,,,,MISSING,inference_only,MONTHLY_FEATURE_V2_2026-10-03
MyTho,1992-03,24.1,1.0,MRC_WRUP_VN_019805,MRC_EXPORT_2026-08-31,VERIFIED,,17.5,15.2,,3,dry,1.9000000000000001,27.835483870967742,3.991612903225806,Open-Meteo_ERA5-Land,OPENMETEO_2026-09-02,VERIFIED,,,,,,MISSING,,,,False,,,MISSING,,,,,,MISSING,train_candidate,MONTHLY_FEATURE_V2_2026-10-03
MyTho,1992-04,42.4,1.0,MRC_WRUP_VN_019805,MRC_EXPORT_2026-08-31,VERIFIED,24.1,,17.5,,4,transition,40.8,28.94,3.317333333333333,Open-Meteo_ERA5-Land,OPENMETEO_2026-09-02,VERIFIED,,,,,,MISSING,,,,False,,,MISSING,,,,,,MISSING,train_candidate,MONTHLY_FEATURE_V2_2026-10-03
MyTho,1992-05,,,,,,42.4,24.1,,,5,transition,108.2,29.006451612903227,3.0496774193548384,Open-Meteo_ERA5-Land,OPENMETEO_2026-09-02,VERIFIED,,,,,,MISSING,,,,False,,,MISSING,,,,,,MISSING,inference_only,MONTHLY_FEATURE_V2_2026-10-03
MyTho,1992-06,,,,,,,42.4,24.1,,6,wet,232.7,27.223333333333336,3.9093333333333335,Open-Meteo_ERA5-Land,OPENMETEO_2026-09-02,VERIFIED,,,,,,MISSING,,,,False,,,MISSING,,,,,,MISSING,inference_only,MONTHLY_FEATURE_V2_2026-10-03
MyTho,1992-07,,,,,,,,42.4,24.9,7,wet,219.8,26.39032258064516,3.398387096774193,Open-Meteo_ERA5-Land,OPENMETEO_2026-09-02,VERIFIED,,,,,,MISSING,,,,False,,,MISSING,,,,,,MISSING,inference_only,MONTHLY_FEATURE_V2_2026-10-03
MyTho,1992-08,23.1,1.0,MRC_WRUP_VN_019805,MRC_EXPORT_2026-08-31,VERIFIED,,,,13.2,8,wet,244.4,26.448387096774194,4.522903225806452,Open-Meteo_ERA5-Land,OPENMETEO_2026-09-02,VERIFIED,,,,,,MISSING,,,,False,,,MISSING,,,,,,MISSING,train_candidate,MONTHLY_FEATURE_V2_2026-10-03
MyTho,1992-09,11.0,1.0,MRC_WRUP_VN_019805,MRC_EXPORT_2026-08-31,VERIFIED,23.1,,,31.3,9,wet,186.9,26.503333333333334,3.816333333333333,Open-Meteo_ERA5-Land,OPENMETEO_2026-09-02,VERIFIED,,,,,,MISSING,,,,False,,,MISSING,,,,,,MISSING,train_candidate,MONTHLY_FEATURE_V2_2026-10-03
MyTho,1992-10,12.7,1.0,MRC_WRUP_VN_019805,MRC_EXPORT_2026-08-31,VERIFIED,11.0,23.1,,19.2,10,wet,351.3,25.403225806451612,2.9948387096774196,Open-Meteo_ERA5-Land,OPENMETEO_2026-09-02,VERIFIED,,,,,,MISSING,,,,False,,,MISSING,,,,,,MISSING,train_candidate,MONTHLY_FEATURE_V2_2026-10-03
MyTho,1992-11,13.2,1.0,MRC_WRUP_VN_019805,MRC_EXPORT_2026-08-31,VERIFIED,12.7,11.0,23.1,16.8,11,wet,67.2,25.253333333333334,3.1133333333333337,Open-Meteo_ERA5-Land,OPENMETEO_2026-09-02,VERIFIED,,,,,,MISSING,,,,False,,,MISSING,,,,,,MISSING,train_candidate,MONTHLY_FEATURE_V2_2026-10-03
MyTho,1992-12,14.8,1.0,MRC_WRUP_VN_019805,MRC_EXPORT_2026-08-31,VERIFIED,13.2,12.7,11.0,15.2,12,dry,22.3,25.596774193548388,3.265483870967742,Open-Meteo_ERA5-Land,OPENMETEO_2026-09-02,VERIFIED,,,,,,MISSING,,,,False,,,MISSING,,,,,,MISSING,train_candidate,MONTHLY_FEATURE_V2_2026-10-03
MyTho,1993-01,15.5,1.0,MRC_WRUP_VN_019805,MRC_EXPORT_2026-08-31,VERIFIED,14.8,13.2,12.7,17.5,1,dry,17.0,25.53548387096774,3.531290322580645,Open-Meteo_ERA5-Land,OPENMETEO_2026-09-02,VERIFIED,,,,,,MISSING,,,,False,,,MISSING,,,,,,MISSING,train_candidate,MONTHLY_FEATURE_V2_2026-10-03
MyTho,1993-02,18.1,1.0,MRC_WRUP_VN_019805,MRC_EXPORT_2026-08-31,VERIFIED,15.5,14.8,13.2,,2,dry,0.9,25.38214285714286,3.6860714285714287,Open-Meteo_ERA5-Land,OPENMETEO_2026-09-02,VERIFIED,,,,,,MISSING,,,,False,,,MISSING,,,,,,MISSING,train_candidate,MONTHLY_FEATURE_V2_2026-10-03
MyTho,1993-03,,,,,,18.1,15.5,14.8,24.1,3,dry,41.0,27.051612903225806,4.025483870967742,Open-Meteo_ERA5-Land,OPENMETEO_2026-09-02,VERIFIED,,,,,,MISSING,,,,False,,,MISSING,,,,,,MISSING,inference_only,MONTHLY_FEATURE_V2_2026-10-03
MyTho,1993-04,,,,,,,18.1,15.5,42.4,4,transition,59.2,28.053333333333335,3.447,Open-Meteo_ERA5-Land,OPENMETEO_2026-09-02,VERIFIED,,,,,,MISSING,,,,False,,,MISSING,,,,,,MISSING,inference_only,MONTHLY_FEATURE_V2_2026-10-03
MyTho,1993-05,,,,,,,,18.1,,5,transition,209.3,27.96451612903226,2.853225806451613,Open-Meteo_ERA5-Land,OPENMETEO_2026-09-02,VERIFIED,,,,,,MISSING,,,,False,,,MISSING,,,,,,MISSING,inference_only,MONTHLY_FEATURE_V2_2026-10-03
MyTho,1993-06,,,,,,,,,,6,wet,281.5,27.016666666666666,3.4553333333333334,Open-Meteo_ERA5-Land,OPENMETEO_2026-09-02,VERIFIED,,,,,,MISSING,,,,False,,,MISSING,,,,,,MISSING,inference_only,MONTHLY_FEATURE_V2_2026-10-03
MyTho,1993-07,22.5,1.0,MRC_WRUP_VN_019805,MRC_EXPORT_2026-08-31,VERIFIED,,,,,7,wet,260.8,26.416129032258063,3.8925806451612903,Open-Meteo_ERA5-Land,OPENMETEO_2026-09-02,VERIFIED,,,,,,MISSING,,,,False,,,MISSING,,,,,,MISSING,train_candidate,MONTHLY_FEATURE_V2_2026-10-03
MyTho,1993-08,17.4,1.0,MRC_WRUP_VN_019805,MRC_EXPORT_2026-08-31,VERIFIED,22.5,,,23.1,8,wet,200.8,26.387096774193548,4.349032258064516,Open-Meteo_ERA5-Land,OPENMETEO_2026-09-02,VERIFIED,,,,,,MISSING,,,,False,,,MISSING,,,,,,MISSING,train_candidate,MONTHLY_FEATURE_V2_2026-10-03
MyTho,1993-09,17.6,1.0,MRC_WRUP_VN_019805,MRC_EXPORT_2026-08-31,VERIFIED,17.4,22.5,,11.0,9,wet,343.6,25.779999999999998,3.629,Open-Meteo_ERA5-Land,OPENMETEO_2026-09-02,VERIFIED,,,,,,MISSING,,,,False,,,MISSING,,,,,,MISSING,train_candidate,MONTHLY_FEATURE_V2_2026-10-03
MyTho,1993-10,18.2,1.0,MRC_WRUP_VN_019805,MRC_EXPORT_2026-08-31,VERIFIED,17.6,17.4,22.5,12.7,10,wet,323.9,25.396774193548385,2.7638709677419357,Open-Meteo_ERA5-Land,OPENMETEO_2026-09-02,VERIFIED,,,,,,MISSING,,,,False,,,MISSING,,,,,,MISSING,train_candidate,MONTHLY_FEATURE_V2_2026-10-03
MyTho,1993-11,14.8,1.0,MRC_WRUP_VN_019805,MRC_EXPORT_2026-08-31,VERIFIED,18.2,17.6,17.4,13.2,11,wet,104.89999999999999,25.863333333333333,2.7776666666666667,Open-Meteo_ERA5-Land,OPENMETEO_2026-09-02,VERIFIED,,,,,,MISSING,,,,False,,,MISSING,,,,,,MISSING,train_candidate,MONTHLY_FEATURE_V2_2026-10-03
MyTho,1993-12,16.2,1.0,MRC_WRUP_VN_019805,MRC_EXPORT_2026-08-31,VERIFIED,14.8,18.2,17.6,14.8,12,dry,49.6,24.825806451612905,3.041612903225807,Open-Meteo_ERA5-Land,OPENMETEO_2026-09-02,VERIFIED,,,,,,MISSING,,,,False,,,MISSING,,,,,,MISSING,train_candidate,MONTHLY_FEATURE_V2_2026-10-03
MyTho,1994-01,18.4,1.0,MRC_WRUP_VN_019805,MRC_EXPORT_2026-08-31,VERIFIED,16.2,14.8,18.2,15.5,1,dry,4.8,25.483870967741936,3.2916129032258064,Open-Meteo_ERA5-Land,OPENMETEO_2026-09-02,VERIFIED,,,,,,MISSING,,,,False,,,MISSING,,,,,,MISSING,train_candidate,MONTHLY_FEATURE_V2_2026-10-03
MyTho,1994-02,,,,,,18.4,16.2,14.8,18.1,2,dry,11.7,26.682142857142857,3.912142857142857,Open-Meteo_ERA5-Land,OPENMETEO_2026-09-02,VERIFIED,,,,,,MISSING,,,,False,,,MISSING,,,,,,MISSING,inference_only,MONTHLY_FEATURE_V2_2026-10-03
MyTho,1994-03,,,,,,,18.4,16.2,,3,dry,23.0,27.683870967741935,4.324838709677419,Open-Meteo_ERA5-Land,OPENMETEO_2026-09-02,VERIFIED,,,,,,MISSING,,,,False,,,MISSING,,,,,,MISSING,inference_only,MONTHLY_FEATURE_V2_2026-10-03
MyTho,1994-04,,,,,,,,18.4,,4,transition,71.6,28.176666666666666,3.2013333333333334,Open-Meteo_ERA5-Land,OPENMETEO_2026-09-02,VERIFIED,,,,,,MISSING,,,,False,,,MISSING,,,,,,MISSING,inference_only,MONTHLY_FEATURE_V2_2026-10-03
MyTho,1994-05,,,,,,,,,,5,transition,247.5,27.4,3.378064516129032,Open-Meteo_ERA5-Land,OPENMETEO_2026-09-02,VERIFIED,,,,,,MISSING,,,,False,,,MISSING,,,,,,MISSING,inference_only,MONTHLY_FEATURE_V2_2026-10-03
MyTho,1994-06,,,,,,,,,,6,wet,251.0,26.673333333333336,3.854,Open-Meteo_ERA5-Land,OPENMETEO_2026-09-02,VERIFIED,,,,,,MISSING,,,,False,,,MISSING,,,,,,MISSING,inference_only,MONTHLY_FEATURE_V2_2026-10-03
MyTho,1994-07,18.3,1.0,MRC_WRUP_VN_019805,MRC_EXPORT_2026-08-31,VERIFIED,,,,22.5,7,wet,226.4,26.34193548387097,4.679354838709678,Open-Meteo_ERA5-Land,OPENMETEO_2026-09-02,VERIFIED,,,,,,MISSING,,,,False,,,MISSING,,,,,,MISSING,train_candidate,MONTHLY_FEATURE_V2_2026-10-03
MyTho,1994-08,10.9,1.0,MRC_WRUP_VN_019805,MRC_EXPORT_2026-08-31,VERIFIED,18.3,,,17.4,8,wet,233.0,26.309677419354838,4.1332258064516125,Open-Meteo_ERA5-Land,OPENMETEO_2026-09-02,VERIFIED,,,,,,MISSING,,,,False,,,MISSING,,,,,,MISSING,train_candidate,MONTHLY_FEATURE_V2_2026-10-03
MyTho,1994-09,14.0,1.0,MRC_WRUP_VN_019805,MRC_EXPORT_2026-08-31,VERIFIED,10.9,18.3,,17.6,9,wet,296.7,25.71333333333333,4.083333333333333,Open-Meteo_ERA5-Land,OPENMETEO_2026-09-02,VERIFIED,,,,,,MISSING,,,,False,,,MISSING,,,,,,MISSING,train_candidate,MONTHLY_FEATURE_V2_2026-10-03
MyTho,1994-10,18.0,1.0,MRC_WRUP_VN_019805,MRC_EXPORT_2026-08-31,VERIFIED,14.0,10.9,18.3,18.2,10,wet,224.9,25.55806451612903,2.737741935483871,Open-Meteo_ERA5-Land,OPENMETEO_2026-09-02,VERIFIED,,,,,,MISSING,,,,False,,,MISSING,,,,,,MISSING,train_candidate,MONTHLY_FEATURE_V2_2026-10-03
MyTho,1994-11,16.7,1.0,MRC_WRUP_VN_019805,MRC_EXPORT_2026-08-31,VERIFIED,18.0,14.0,10.9,14.8,11,wet,21.3,26.540000000000003,3.1993333333333336,Open-Meteo_ERA5-Land,OPENMETEO_2026-09-02,VERIFIED,,,,,,MISSING,,,,False,,,MISSING,,,,,,MISSING,train_candidate,MONTHLY_FEATURE_V2_2026-10-03
MyTho,1994-12,14.0,1.0,MRC_WRUP_VN_019805,MRC_EXPORT_2026-08-31,VERIFIED,16.7,18.0,14.0,16.2,12,dry,53.0,25.9,3.0961290322580646,Open-Meteo_ERA5-Land,OPENMETEO_2026-09-02,VERIFIED,,,,,,MISSING,,,,False,,,MISSING,,,,,,MISSING,train_candidate,MONTHLY_FEATURE_V2_2026-10-03
MyTho,1995-01,15.8,1.0,MRC_WRUP_VN_019805,MRC_EXPORT_2026-08-31,VERIFIED,14.0,16.7,18.0,18.4,1,dry,15.2,25.94516129032258,3.5493548387096774,Open-Meteo_ERA5-Land,OPENMETEO_2026-09-02,VERIFIED,,,,,,MISSING,,,,False,,,MISSING,,,,,,MISSING,train_candidate,MONTHLY_FEATURE_V2_2026-10-03
MyTho,1995-02,17.0,1.0,MRC_WRUP_VN_019805,MRC_EXPORT_2026-08-31,VERIFIED,15.8,14.0,16.7,,2,dry,0.9,26.15357142857143,3.8232142857142857,Open-Meteo_ERA5-Land,OPENMETEO_2026-09-02,VERIFIED,,,,,,MISSING,,,,False,,,MISSING,,,,,,MISSING,train_candidate,MONTHLY_FEATURE_V2_2026-10-03
MyTho,1995-03,,,,,,17.0,15.8,14.0,,3,dry,21.5,27.17096774193548,4.1567741935483875,Open-Meteo_ERA5-Land,OPENMETEO_2026-09-02,VERIFIED,,,,,,MISSING,,,,False,,,MISSING,,,,,,MISSING,inference_only,MONTHLY_FEATURE_V2_2026-10-03
MyTho,1995-04,,,,,,,17.0,15.8,,4,transition,9.5,28.903333333333332,4.259666666666666,Open-Meteo_ERA5-Land,OPENMETEO_2026-09-02,VERIFIED,,,,,,MISSING,,,,False,,,MISSING,,,,,,MISSING,inference_only,MONTHLY_FEATURE_V2_2026-10-03
MyTho,1995-05,,,,,,,,17.0,,5,transition,89.2,28.787096774193547,3.508387096774194,Open-Meteo_ERA5-Land,OPENMETEO_2026-09-02,VERIFIED,,,,,,MISSING,,,,False,,,MISSING,,,,,,MISSING,inference_only,MONTHLY_FEATURE_V2_2026-10-03
MyTho,1995-06,,,,,,,,,,6,wet,278.3,27.40666666666667,3.477333333333333,Open-Meteo_ERA5-Land,OPENMETEO_2026-09-02,VERIFIED,,,,,,MISSING,,,,False,,,MISSING,,,,,,MISSING,inference_only,MONTHLY_FEATURE_V2_2026-10-03
MyTho,1995-07,,,,,,,,,18.3,7,wet,237.3,26.429032258064517,3.4403225806451614,Open-Meteo_ERA5-Land,OPENMETEO_2026-09-02,VERIFIED,,,,,,MISSING,,,,False,,,MISSING,,,,,,MISSING,inference_only,MONTHLY_FEATURE_V2_2026-10-03
MyTho,1995-08,14.3,1.0,MRC_WRUP_VN_019805,MRC_EXPORT_2026-08-31,VERIFIED,,,,10.9,8,wet,338.3,26.36774193548387,3.6416129032258064,Open-Meteo_ERA5-Land,OPENMETEO_2026-09-02,VERIFIED,,,,,,MISSING,,,,False,,,MISSING,,,,,,MISSING,train_candidate,MONTHLY_FEATURE_V2_2026-10-03
MyTho,1995-09,14.2,1.0,MRC_WRUP_VN_019805,MRC_EXPORT_2026-08-31,VERIFIED,14.3,,,14.0,9,wet,402.5,25.663333333333334,3.5126666666666666,Open-Meteo_ERA5-Land,OPENMETEO_2026-09-02,VERIFIED,,,,,,MISSING,,,,False,,,MISSING,,,,,,MISSING,train_candidate,MONTHLY_FEATURE_V2_2026-10-03
MyTho,1995-10,13.4,1.0,MRC_WRUP_VN_019805,MRC_EXPORT_2026-08-31,VERIFIED,14.2,14.3,,18.0,10,wet,311.1,26.25483870967742,2.7732258064516127,Open-Meteo_ERA5-Land,OPENMETEO_2026-09-02,VERIFIED,,,,,,MISSING,,,,False,,,MISSING,,,,,,MISSING,train_candidate,MONTHLY_FEATURE_V2_2026-10-03
MyTho,1995-11,12.8,1.0,MRC_WRUP_VN_019805,MRC_EXPORT_2026-08-31,VERIFIED,13.4,14.2,14.3,16.7,11,wet,107.9,25.766666666666666,3.0886666666666667,Open-Meteo_ERA5-Land,OPENMETEO_2026-09-02,VERIFIED,,,,,,MISSING,,,,False,,,MISSING,,,,,,MISSING,train_candidate,MONTHLY_FEATURE_V2_2026-10-03
MyTho,1995-12,15.7,1.0,MRC_WRUP_VN_019805,MRC_EXPORT_2026-08-31,VERIFIED,12.8,13.4,14.2,14.0,12,dry,96.3,24.52258064516129,3.1051612903225805,Open-Meteo_ERA5-Land,OPENMETEO_2026-09-02,VERIFIED,,,,,,MISSING,,,,False,,,MISSING,,,,,,MISSING,train_candidate,MONTHLY_FEATURE_V2_2026-10-03
MyTho,1996-01,15.5,1.0,MRC_WRUP_VN_019805,MRC_EXPORT_2026-08-31,VERIFIED,15.7,12.8,13.4,15.8,1,dry,37.6,24.54516129032258,2.9764516129032255,Open-Meteo_ERA5-Land,OPENMETEO_2026-09-02,VERIFIED,,,,,,MISSING,,,,False,,,MISSING,,,,,,MISSING,train_candidate,MONTHLY_FEATURE_V2_2026-10-03
MyTho,1996-02,17.5,1.0,MRC_WRUP_VN_019805,MRC_EXPORT_2026-08-31,VERIFIED,15.5,15.7,12.8,17.0,2,dry,3.3,25.651724137931033,3.6510344827586207,Open-Meteo_ERA5-Land,OPENMETEO_2026-09-02,VERIFIED,,,,,,MISSING,,,,False,,,MISSING,,,,,,MISSING,train_candidate,MONTHLY_FEATURE_V2_2026-10-03
MyTho,1996-03,20.6,1.0,MRC_WRUP_VN_019805,MRC_EXPORT_2026-08-31,VERIFIED,17.5,15.5,15.7,,3,dry,2.9,27.280645161290323,4.211290322580646,Open-Meteo_ERA5-Land,OPENMETEO_2026-09-02,VERIFIED,,,,,,MISSING,,,,False,,,MISSING,,,,,,MISSING,train_candidate,MONTHLY_FEATURE_V2_2026-10-03
MyTho,1996-04,,,,,,20.6,17.5,15.5,,4,transition,98.0,27.990000000000002,3.2640000000000002,Open-Meteo_ERA5-Land,OPENMETEO_2026-09-02,VERIFIED,,,,,,MISSING,,,,False,,,MISSING,,,,,,MISSING,inference_only,MONTHLY_FEATURE_V2_2026-10-03
MyTho,1996-05,,,,,,,20.6,17.5,,5,transition,278.0,27.219354838709677,3.3141935483870966,Open-Meteo_ERA5-Land,OPENMETEO_2026-09-02,VERIFIED,,,,,,MISSING,,,,False,,,MISSING,,,,,,MISSING,inference_only,MONTHLY_FEATURE_V2_2026-10-03
MyTho,1996-06,19.4,1.0,MRC_WRUP_VN_019805,MRC_EXPORT_2026-08-31,VERIFIED,,,20.6,,6,wet,268.3,26.709999999999997,3.1513333333333335,Open-Meteo_ERA5-Land,OPENMETEO_2026-09-02,VERIFIED,,,,,,MISSING,,,,False,,,MISSING,,,,,,MISSING,train_candidate,MONTHLY_FEATURE_V2_2026-10-03
MyTho,1996-07,23.1,1.0,MRC_WRUP_VN_019805,MRC_EXPORT_2026-08-31,VERIFIED,19.4,,,,7,wet,221.3,26.483870967741936,3.6493548387096775,Open-Meteo_ERA5-Land,OPENMETEO_2026-09-02,VERIFIED,,,,,,MISSING,,,,False,,,MISSING,,,,,,MISSING,train_candidate,MONTHLY_FEATURE_V2_2026-10-03
MyTho,1996-08,12.7,1.0,MRC_WRUP_VN_019805,MRC_EXPORT_2026-08-31,VERIFIED,23.1,19.4,,14.3,8,wet,236.5,26.53548387096774,3.6312903225806448,Open-Meteo_ERA5-Land,OPENMETEO_2026-09-02,VERIFIED,,,,,,MISSING,,,,False,,,MISSING,,,,,,MISSING,train_candidate,MONTHLY_FEATURE_V2_2026-10-03
MyTho,1996-09,14.3,1.0,MRC_WRUP_VN_019805,MRC_EXPORT_2026-08-31,VERIFIED,12.7,23.1,19.4,14.2,9,wet,243.5,26.15666666666667,3.957,Open-Meteo_ERA5-Land,OPENMETEO_2026-09-02,VERIFIED,,,,,,MISSING,,,,False,,,MISSING,,,,,,MISSING,train_candidate,MONTHLY_FEATURE_V2_2026-10-03
MyTho,1996-10,14.2,1.0,MRC_WRUP_VN_019805,MRC_EXPORT_2026-08-31,VERIFIED,14.3,12.7,23.1,13.4,10,wet,373.5,25.770967741935483,2.6919354838709677,Open-Meteo_ERA5-Land,OPENMETEO_2026-09-02,VERIFIED,,,,,,MISSING,,,,False,,,MISSING,,,,,,MISSING,train_candidate,MONTHLY_FEATURE_V2_2026-10-03
MyTho,1996-11,10.7,1.0,MRC_WRUP_VN_019805,MRC_EXPORT_2026-08-31,VERIFIED,14.2,14.3,12.7,12.8,11,wet,281.1,25.53666666666667,2.6550000000000002,Open-Meteo_ERA5-Land,OPENMETEO_2026-09-02,VERIFIED,,,,,,MISSING,,,,False,,,MISSING,,,,,,MISSING,train_candidate,MONTHLY_FEATURE_V2_2026-10-03
MyTho,1996-12,12.7,1.0,MRC_WRUP_VN_019805,MRC_EXPORT_2026-08-31,VERIFIED,10.7,14.2,14.3,15.7,12,dry,163.8,24.461290322580645,3.052258064516129,Open-Meteo_ERA5-Land,OPENMETEO_2026-09-02,VERIFIED,,,,,,MISSING,,,,False,,,MISSING,,,,,,MISSING,train_candidate,MONTHLY_FEATURE_V2_2026-10-03
MyTho,1997-01,12.9,1.0,MRC_WRUP_VN_019805,MRC_EXPORT_2026-08-31,VERIFIED,12.7,10.7,14.2,15.5,1,dry,0.30000000000000004,24.43548387096774,3.019032258064516,Open-Meteo_ERA5-Land,OPENMETEO_2026-09-02,VERIFIED,,,,,,MISSING,,,,False,,,MISSING,,,,,,MISSING,train_candidate,MONTHLY_FEATURE_V2_2026-10-03
MyTho,1997-02,15.5,1.0,MRC_WRUP_VN_019805,MRC_EXPORT_2026-08-31,VERIFIED,12.9,12.7,10.7,17.5,2,dry,30.2,26.17142857142857,3.5010714285714286,Open-Meteo_ERA5-Land,OPENMETEO_2026-09-02,VERIFIED,,,,,,MISSING,,,,False,,,MISSING,,,,,,MISSING,train_candidate,MONTHLY_FEATURE_V2_2026-10-03
MyTho,1997-03,,,,,,15.5,12.9,12.7,20.6,3,dry,3.2,27.13225806451613,3.9080645161290324,Open-Meteo_ERA5-Land,OPENMETEO_2026-09-02,VERIFIED,,,,,,MISSING,,,,False,,,MISSING,,,,,,MISSING,inference_only,MONTHLY_FEATURE_V2_2026-10-03
MyTho,1997-04,27.0,1.0,MRC_WRUP_VN_019805,MRC_EXPORT_2026-08-31,VERIFIED,,15.5,12.9,,4,transition,39.2,28.203333333333333,3.369333333333333,Open-Meteo_ERA5-Land,OPENMETEO_2026-09-02,VERIFIED,,,,,,MISSING,,,,False,,,MISSING,,,,,,MISSING,train_candidate,MONTHLY_FEATURE_V2_2026-10-03
MyTho,1997-05,22.7,1.0,MRC_WRUP_VN_019805,MRC_EXPORT_2026-08-31,VERIFIED,27.0,,15.5,,5,transition,151.3,28.0,3.7854838709677416,Open-Meteo_ERA5-Land,OPENMETEO_2026-09-02,VERIFIED,,,,,,MISSING,,,,False,,,MISSING,,,,,,MISSING,train_candidate,MONTHLY_FEATURE_V2_2026-10-03
MyTho,1997-06,28.6,1.0,MRC_WRUP_VN_019805,MRC_EXPORT_2026-08-31,VERIFIED,22.7,27.0,,19.4,6,wet,147.5,27.326666666666664,3.820333333333333,Open-Meteo_ERA5-Land,OPENMETEO_2026-09-02,VERIFIED,,,,,,MISSING,,,,False,,,MISSING,,,,,,MISSING,train_candidate,MONTHLY_FEATURE_V2_2026-10-03
MyTho,1997-07,22.4,1.0,MRC_WRUP_VN_019805,MRC_EXPORT_2026-08-31,VERIFIED,28.6,22.7,27.0,23.1,7,wet,302.0,26.14516129032258,4.058709677419355,Open-Meteo_ERA5-Land,OPENMETEO_2026-09-02,VERIFIED,,,,,,MISSING,,,,False,,,MISSING,,,,,,MISSING,train_candidate,MONTHLY_FEATURE_V2_2026-10-03
MyTho,1997-08,13.5,1.0,MRC_WRUP_VN_019805,MRC_EXPORT_2026-08-31,VERIFIED,22.4,28.6,22.7,12.7,8,wet,235.5,26.44193548387097,4.600322580645161,Open-Meteo_ERA5-Land,OPENMETEO_2026-09-02,VERIFIED,,,,,,MISSING,,,,False,,,MISSING,,,,,,MISSING,train_candidate,MONTHLY_FEATURE_V2_2026-10-03
MyTho,1997-09,13.5,1.0,MRC_WRUP_VN_019805,MRC_EXPORT_2026-08-31,VERIFIED,13.5,22.4,28.6,14.3,9,wet,295.5,26.290000000000003,3.2213333333333334,Open-Meteo_ERA5-Land,OPENMETEO_2026-09-02,VERIFIED,,,,,,MISSING,,,,False,,,MISSING,,,,,,MISSING,train_candidate,MONTHLY_FEATURE_V2_2026-10-03
MyTho,1997-10,12.7,1.0,MRC_WRUP_VN_019805,MRC_EXPORT_2026-08-31,VERIFIED,13.5,13.5,22.4,14.2,10,wet,225.8,26.37741935483871,2.6812903225806455,Open-Meteo_ERA5-Land,OPENMETEO_2026-09-02,VERIFIED,,,,,,MISSING,,,,False,,,MISSING,,,,,,MISSING,train_candidate,MONTHLY_FEATURE_V2_2026-10-03
MyTho,1997-11,13.0,1.0,MRC_WRUP_VN_019805,MRC_EXPORT_2026-08-31,VERIFIED,12.7,13.5,13.5,10.7,11,wet,85.0,26.506666666666668,3.433,Open-Meteo_ERA5-Land,OPENMETEO_2026-09-02,VERIFIED,,,,,,MISSING,,,,False,,,MISSING,,,,,,MISSING,train_candidate,MONTHLY_FEATURE_V2_2026-10-03
MyTho,1997-12,14.3,1.0,MRC_WRUP_VN_019805,MRC_EXPORT_2026-08-31,VERIFIED,13.0,12.7,13.5,12.7,12,dry,4.0,26.903225806451612,3.6751612903225808,Open-Meteo_ERA5-Land,OPENMETEO_2026-09-02,VERIFIED,,,,,,MISSING,,,,False,,,MISSING,,,,,,MISSING,train_candidate,MONTHLY_FEATURE_V2_2026-10-03
MyTho,1998-01,17.4,1.0,MRC_WRUP_VN_019805,MRC_EXPORT_2026-08-31,VERIFIED,14.3,13.0,12.7,12.9,1,dry,0.4,27.316129032258065,4.150645161290322,Open-Meteo_ERA5-Land,OPENMETEO_2026-09-02,VERIFIED,,,,,,MISSING,,,,False,,,MISSING,,,,,,MISSING,train_candidate,MONTHLY_FEATURE_V2_2026-10-03
MyTho,1998-02,4.2,1.0,MRC_WRUP_VN_019805,MRC_EXPORT_2026-08-31,VERIFIED,17.4,14.3,13.0,15.5,2,dry,2.3,27.47142857142857,4.2317857142857145,Open-Meteo_ERA5-Land,OPENMETEO_2026-09-02,VERIFIED,,,,,,MISSING,,,,False,,,MISSING,,,,,,MISSING,train_candidate,MONTHLY_FEATURE_V2_2026-10-03
MyTho,1998-03,,,,,,4.2,17.4,14.3,,3,dry,0.6,28.55806451612903,4.458709677419355,Open-Meteo_ERA5-Land,OPENMETEO_2026-09-02,VERIFIED,,,,,,MISSING,,,,False,,,MISSING,,,,,,MISSING,inference_only,MONTHLY_FEATURE_V2_2026-10-03
MyTho,1998-04,,,,,,,4.2,17.4,27.0,4,transition,44.9,29.296666666666667,3.827,Open-Meteo_ERA5-Land,OPENMETEO_2026-09-02,VERIFIED,,,,,,MISSING,,,,False,,,MISSING,,,,,,MISSING,inference_only,MONTHLY_FEATURE_V2_2026-10-03
MyTho,1998-05,,,,,,,,4.2,22.7,5,transition,133.1,29.51290322580645,3.7074193548387098,Open-Meteo_ERA5-Land,OPENMETEO_2026-09-02,VERIFIED,,,,,,MISSING,,,,False,,,MISSING,,,,,,MISSING,inference_only,MONTHLY_FEATURE_V2_2026-10-03
MyTho,1998-06,,,,,,,,,28.6,6,wet,290.8,27.283333333333335,3.5693333333333332,Open-Meteo_ERA5-Land,OPENMETEO_2026-09-02,VERIFIED,,,,,,MISSING,,,,False,,,MISSING,,,,,,MISSING,inference_only,MONTHLY_FEATURE_V2_2026-10-03
MyTho,1998-07,,,,,,,,,22.4,7,wet,252.3,27.04516129032258,2.9893548387096773,Open-Meteo_ERA5-Land,OPENMETEO_2026-09-02,VERIFIED,,,,,,MISSING,,,,False,,,MISSING,,,,,,MISSING,inference_only,MONTHLY_FEATURE_V2_2026-10-03
MyTho,1998-08,17.9,1.0,MRC_WRUP_VN_019805,MRC_EXPORT_2026-08-31,VERIFIED,,,,13.5,8,wet,288.0,26.851612903225806,3.086129032258065,Open-Meteo_ERA5-Land,OPENMETEO_2026-09-02,VERIFIED,,,,,,MISSING,,,,False,,,MISSING,,,,,,MISSING,train_candidate,MONTHLY_FEATURE_V2_2026-10-03
MyTho,1998-09,21.5,1.0,MRC_WRUP_VN_019805,MRC_EXPORT_2026-08-31,VERIFIED,17.9,,,13.5,9,wet,357.0,26.043333333333333,3.4556666666666667,Open-Meteo_ERA5-Land,OPENMETEO_2026-09-02,VERIFIED,,,,,,MISSING,,,,False,,,MISSING,,,,,,MISSING,train_candidate,MONTHLY_FEATURE_V2_2026-10-03
MyTho,1998-10,17.0,1.0,MRC_WRUP_VN_019805,MRC_EXPORT_2026-08-31,VERIFIED,21.5,17.9,,12.7,10,wet,369.4,26.003225806451614,2.8287096774193548,Open-Meteo_ERA5-Land,OPENMETEO_2026-09-02,VERIFIED,,,,,,MISSING,,,,False,,,MISSING,,,,,,MISSING,train_candidate,MONTHLY_FEATURE_V2_2026-10-03
MyTho,1998-11,20.9,1.0,MRC_WRUP_VN_019805,MRC_EXPORT_2026-08-31,VERIFIED,17.0,21.5,17.9,13.0,11,wet,246.7,25.436666666666667,2.979,Open-Meteo_ERA5-Land,OPENMETEO_2026-09-02,VERIFIED,,,,,,MISSING,,,,False,,,MISSING,,,,,,MISSING,train_candidate,MONTHLY_FEATURE_V2_2026-10-03
MyTho,1998-12,,,,,,20.9,17.0,21.5,14.3,12,dry,144.6,24.93548387096774,3.206774193548387,Open-Meteo_ERA5-Land,OPENMETEO_2026-09-02,VERIFIED,,,,,,MISSING,,,,False,,,MISSING,,,,,,MISSING,inference_only,MONTHLY_FEATURE_V2_2026-10-03
MyTho,1999-01,,,,,,,20.9,17.0,17.4,1,dry,58.199999999999996,25.425806451612903,2.92,Open-Meteo_ERA5-Land,OPENMETEO_2026-09-02,VERIFIED,,,,,,MISSING,,,,False,,,MISSING,,,,,,MISSING,inference_only,MONTHLY_FEATURE_V2_2026-10-03
MyTho,1999-02,18.2,1.0,MRC_WRUP_VN_019805,MRC_EXPORT_2026-08-31,VERIFIED,,,20.9,4.2,2,dry,8.700000000000001,26.075,3.330357142857143,Open-Meteo_ERA5-Land,OPENMETEO_2026-09-02,VERIFIED,,,,,,MISSING,,,,False,,,MISSING,,,,,,MISSING,train_candidate,MONTHLY_FEATURE_V2_2026-10-03
MyTho,1999-03,,,,,,18.2,,,,3,dry,53.8,27.59032258064516,3.44258064516129,Open-Meteo_ERA5-Land,OPENMETEO_2026-09-02,VERIFIED,,,,,,MISSING,,,,False,,,MISSING,,,,,,MISSING,inference_only,MONTHLY_FEATURE_V2_2026-10-03
MyTho,1999-04,,,,,,,18.2,,,4,transition,228.6,26.89333333333333,3.0773333333333333,Open-Meteo_ERA5-Land,OPENMETEO_2026-09-02,VERIFIED,,,,,,MISSING,,,,False,,,MISSING,,,,,,MISSING,inference_only,MONTHLY_FEATURE_V2_2026-10-03
MyTho,1999-05,,,,,,,,18.2,,5,transition,344.9,26.41290322580645,2.8693548387096777,Open-Meteo_ERA5-Land,OPENMETEO_2026-09-02,VERIFIED,,,,,,MISSING,,,,False,,,MISSING,,,,,,MISSING,inference_only,MONTHLY_FEATURE_V2_2026-10-03
MyTho,1999-06,,,,,,,,,,6,wet,251.0,26.083333333333332,4.184333333333333,Open-Meteo_ERA5-Land,OPENMETEO_2026-09-02,VERIFIED,,,,,,MISSING,,,,False,,,MISSING,,,,,,MISSING,inference_only,MONTHLY_FEATURE_V2_2026-10-03
MyTho,1999-07,13.5,1.0,MRC_WRUP_VN_019805,MRC_EXPORT_2026-08-31,VERIFIED,,,,,7,wet,214.8,25.958064516129035,4.5687096774193545,Open-Meteo_ERA5-Land,OPENMETEO_2026-09-02,VERIFIED,,,,,,MISSING,,,,False,,,MISSING,,,,,,MISSING,train_candidate,MONTHLY_FEATURE_V2_2026-10-03
MyTho,1999-08,13.8,1.0,MRC_WRUP_VN_019805,MRC_EXPORT_2026-08-31,VERIFIED,13.5,,,17.9,8,wet,251.2,26.299999999999997,3.935483870967742,Open-Meteo_ERA5-Land,OPENMETEO_2026-09-02,VERIFIED,,,,,,MISSING,,,,False,,,MISSING,,,,,,MISSING,train_candidate,MONTHLY_FEATURE_V2_2026-10-03
MyTho,1999-09,14.5,1.0,MRC_WRUP_VN_019805,MRC_EXPORT_2026-08-31,VERIFIED,13.8,13.5,,21.5,9,wet,214.2,26.373333333333335,3.6229999999999998,Open-Meteo_ERA5-Land,OPENMETEO_2026-09-02,VERIFIED,,,,,,MISSING,,,,False,,,MISSING,,,,,,MISSING,train_candidate,MONTHLY_FEATURE_V2_2026-10-03
MyTho,1999-10,13.6,1.0,MRC_WRUP_VN_019805,MRC_EXPORT_2026-08-31,VERIFIED,14.5,13.8,13.5,17.0,10,wet,316.5,25.903225806451612,2.755483870967742,Open-Meteo_ERA5-Land,OPENMETEO_2026-09-02,VERIFIED,,,,,,MISSING,,,,False,,,MISSING,,,,,,MISSING,train_candidate,MONTHLY_FEATURE_V2_2026-10-03
MyTho,1999-11,15.6,1.0,MRC_WRUP_VN_019805,MRC_EXPORT_2026-08-31,VERIFIED,13.6,14.5,13.8,20.9,11,wet,220.4,25.586666666666666,2.6863333333333332,Open-Meteo_ERA5-Land,OPENMETEO_2026-09-02,VERIFIED,,,,,,MISSING,,,,False,,,MISSING,,,,,,MISSING,train_candidate,MONTHLY_FEATURE_V2_2026-10-03
MyTho,1999-12,15.2,1.0,MRC_WRUP_VN_019805,MRC_EXPORT_2026-08-31,VERIFIED,15.6,13.6,14.5,,12,dry,118.1,24.251612903225805,3.643548387096774,Open-Meteo_ERA5-Land,OPENMETEO_2026-09-02,VERIFIED,,,,,,MISSING,,,,False,,,MISSING,,,,,,MISSING,train_candidate,MONTHLY_FEATURE_V2_2026-10-03
MyTho,2000-01,23.72,1.0,MRC_WRUP_VN_019805,MRC_EXPORT_2026-08-31,VERIFIED,15.2,15.6,13.6,,1,dry,9.200000000000001,25.835483870967742,3.440967741935484,Open-Meteo_ERA5-Land,OPENMETEO_2026-09-02,VERIFIED,,,,,,MISSING,,,,False,,,MISSING,,,,,,MISSING,train_candidate,MONTHLY_FEATURE_V2_2026-10-03
MyTho,2000-02,14.4,1.0,MRC_WRUP_VN_019805,MRC_EXPORT_2026-08-31,VERIFIED,23.72,15.2,15.6,18.2,2,dry,20.1,26.26551724137931,3.636551724137931,Open-Meteo_ERA5-Land,OPENMETEO_2026-09-02,VERIFIED,,,,,,MISSING,,,,False,,,MISSING,,,,,,MISSING,train_candidate,MONTHLY_FEATURE_V2_2026-10-03
MyTho,2000-03,19.8,1.0,MRC_WRUP_VN_019805,MRC_EXPORT_2026-08-31,VERIFIED,14.4,23.72,15.2,,3,dry,36.3,27.40967741935484,3.5929032258064515,Open-Meteo_ERA5-Land,OPENMETEO_2026-09-02,VERIFIED,,,,,,MISSING,,,,False,,,MISSING,,,,,,MISSING,train_candidate,MONTHLY_FEATURE_V2_2026-10-03
MyTho,2000-04,20.8,1.0,MRC_WRUP_VN_019805,MRC_EXPORT_2026-08-31,VERIFIED,19.8,14.4,23.72,,4,transition,128.2,27.473333333333336,3.2723333333333335,Open-Meteo_ERA5-Land,OPENMETEO_2026-09-02,VERIFIED,,,,,,MISSING,,,,False,,,MISSING,,,,,,MISSING,train_candidate,MONTHLY_FEATURE_V2_2026-10-03
MyTho,2000-05,22.6,1.0,MRC_WRUP_VN_019805,MRC_EXPORT_2026-08-31,VERIFIED,20.8,19.8,14.4,,5,transition,215.4,27.24516129032258,3.4212903225806452,Open-Meteo_ERA5-Land,OPENMETEO_2026-09-02,VERIFIED,,,,,,MISSING,,,,False,,,MISSING,,,,,,MISSING,train_candidate,MONTHLY_FEATURE_V2_2026-10-03
MyTho,2000-06,16.48,1.0,MRC_WRUP_VN_019805,MRC_EXPORT_2026-08-31,VERIFIED,22.6,20.8,19.8,,6,wet,306.90000000000003,26.23,3.3876666666666666,Open-Meteo_ERA5-Land,OPENMETEO_2026-09-02,VERIFIED,,,,,,MISSING,,,,False,,,MISSING,,,,,,MISSING,train_candidate,MONTHLY_FEATURE_V2_2026-10-03
MyTho,2000-07,8.61,1.0,MRC_WRUP_VN_019805,MRC_EXPORT_2026-08-31,VERIFIED,16.48,22.6,20.8,13.5,7,wet,178.1,26.322580645161292,4.269032258064517,Open-Meteo_ERA5-Land,OPENMETEO_2026-09-02,VERIFIED,,,,,,MISSING,,,,False,,,MISSING,,,,,,MISSING,train_candidate,MONTHLY_FEATURE_V2_2026-10-03
MyTho,2000-08,11.45,1.0,MRC_WRUP_VN_019805,MRC_EXPORT_2026-08-31,VERIFIED,8.61,16.48,22.6,13.8,8,wet,282.6,26.05806451612903,4.265806451612904,Open-Meteo_ERA5-Land,OPENMETEO_2026-09-02,VERIFIED,,,,,,MISSING,,,,False,,,MISSING,,,,,,MISSING,train_candidate,MONTHLY_FEATURE_V2_2026-10-03
MyTho,2000-09,10.84,1.0,MRC_WRUP_VN_019805,MRC_EXPORT_2026-08-31,VERIFIED,11.45,8.61,16.48,14.5,9,wet,218.9,26.433333333333334,3.397666666666667,Open-Meteo_ERA5-Land,OPENMETEO_2026-09-02,VERIFIED,,,,,,MISSING,,,,False,,,MISSING,,,,,,MISSING,train_candidate,MONTHLY_FEATURE_V2_2026-10-03
MyTho,2000-10,12.9,1.0,MRC_WRUP_VN_019805,MRC_EXPORT_2026-08-31,VERIFIED,10.84,11.45,8.61,13.6,10,wet,292.0,25.548387096774192,3.0003225806451614,Open-Meteo_ERA5-Land,OPENMETEO_2026-09-02,VERIFIED,,,,,,MISSING,,,,False,,,MISSING,,,,,,MISSING,train_candidate,MONTHLY_FEATURE_V2_2026-10-03
MyTho,2000-11,12.59,1.0,MRC_WRUP_VN_019805,MRC_EXPORT_2026-08-31,VERIFIED,12.9,10.84,11.45,15.6,11,wet,218.70000000000002,25.873333333333335,2.9853333333333336,Open-Meteo_ERA5-Land,OPENMETEO_2026-09-02,VERIFIED,,,,,,MISSING,,,,False,,,MISSING,,,,,,MISSING,train_candidate,MONTHLY_FEATURE_V2_2026-10-03
MyTho,2000-12,12.05,1.0,MRC_WRUP_VN_019805,MRC_EXPORT_2026-08-31,VERIFIED,12.59,12.9,10.84,15.2,12,dry,153.7,25.467741935483872,3.071935483870968,Open-Meteo_ERA5-Land,OPENMETEO_2026-09-02,VERIFIED,,,,,,MISSING,,,,False,,,MISSING,,,,,,MISSING,train_candidate,MONTHLY_FEATURE_V2_2026-10-03
MyTho,2001-01,12.48,1.0,MRC_WRUP_VN_019805,MRC_EXPORT_2026-08-31,VERIFIED,12.05,12.59,12.9,23.72,1,dry,31.6,25.438709677419357,3.4819354838709677,Open-Meteo_ERA5-Land,OPENMETEO_2026-09-02,VERIFIED,,,,,,MISSING,,,,False,,,MISSING,,,,,,MISSING,train_candidate,MONTHLY_FEATURE_V2_2026-10-03
MyTho,2001-02,14.15,1.0,MRC_WRUP_VN_019805,MRC_EXPORT_2026-08-31,VERIFIED,12.48,12.05,12.59,14.4,2,dry,20.400000000000002,25.99642857142857,3.0260714285714285,Open-Meteo_ERA5-Land,OPENMETEO_2026-09-02,VERIFIED,,,,,,MISSING,,,,False,,,MISSING,,,,,,MISSING,train_candidate,MONTHLY_FEATURE_V2_2026-10-03
MyTho,2001-03,18.19,1.0,MRC_WRUP_VN_019805,MRC_EXPORT_2026-08-31,VERIFIED,14.15,12.48,12.05,19.8,3,dry,124.1,26.903225806451612,4.111935483870968,Open-Meteo_ERA5-Land,OPENMETEO_2026-09-02,VERIFIED,,,,,,MISSING,,,,False,,,MISSING,,,,,,MISSING,train_candidate,MONTHLY_FEATURE_V2_2026-10-03
MyTho,2001-04,14.22,1.0,MRC_WRUP_VN_019805,MRC_EXPORT_2026-08-31,VERIFIED,18.19,14.15,12.48,20.8,4,transition,122.5,27.966666666666665,3.131333333333333,Open-Meteo_ERA5-Land,OPENMETEO_2026-09-02,VERIFIED,,,,,,MISSING,,,,False,,,MISSING,,,,,,MISSING,train_candidate,MONTHLY_FEATURE_V2_2026-10-03
MyTho,2001-05,17.15,1.0,MRC_WRUP_VN_019805,MRC_EXPORT_2026-08-31,VERIFIED,14.22,18.19,14.15,22.6,5,transition,120.3,27.72258064516129,3.5183870967741933,Open-Meteo_ERA5-Land,OPENMETEO_2026-09-02,VERIFIED,,,,,,MISSING,,,,False,,,MISSING,,,,,,MISSING,train_candidate,MONTHLY_FEATURE_V2_2026-10-03
MyTho,2001-06,13.83,1.0,MRC_WRUP_VN_019805,MRC_EXPORT_2026-08-31,VERIFIED,17.15,14.22,18.19,16.48,6,wet,260.4,26.503333333333334,3.9306666666666668,Open-Meteo_ERA5-Land,OPENMETEO_2026-09-02,VERIFIED,,,,,,MISSING,,,,False,,,MISSING,,,,,,MISSING,train_candidate,MONTHLY_FEATURE_V2_2026-10-03
MyTho,2001-07,12.03,1.0,MRC_WRUP_VN_019805,MRC_EXPORT_2026-08-31,VERIFIED,13.83,17.15,14.22,8.61,7,wet,167.1,26.654838709677417,4.198387096774193,Open-Meteo_ERA5-Land,OPENMETEO_2026-09-02,VERIFIED,,,,,,MISSING,,,,False,,,MISSING,,,,,,MISSING,train_candidate,MONTHLY_FEATURE_V2_2026-10-03
MyTho,2001-08,10.62,1.0,MRC_WRUP_VN_019805,MRC_EXPORT_2026-08-31,VERIFIED,12.03,13.83,17.15,11.45,8,wet,252.9,26.44193548387097,4.570967741935483,Open-Meteo_ERA5-Land,OPENMETEO_2026-09-02,VERIFIED,,,,,,MISSING,,,,False,,,MISSING,,,,,,MISSING,train_candidate,MONTHLY_FEATURE_V2_2026-10-03
MyTho,2001-09,10.99,1.0,MRC_WRUP_VN_019805,MRC_EXPORT_2026-08-31,VERIFIED,10.62,12.03,13.83,10.84,9,wet,251.9,26.516666666666666,3.4930000000000003,Open-Meteo_ERA5-Land,OPENMETEO_2026-09-02,VERIFIED,,,,,,MISSING,,,,False,,,MISSING,,,,,,MISSING,train_candidate,MONTHLY_FEATURE_V2_2026-10-03
MyTho,2001-10,10.71,1.0,MRC_WRUP_VN_019805,MRC_EXPORT_2026-08-31,VERIFIED,10.99,10.62,12.03,12.9,10,wet,364.9,25.9,2.8225806451612905,Open-Meteo_ERA5-Land,OPENMETEO_2026-09-02,VERIFIED,,,,,,MISSING,,,,False,,,MISSING,,,,,,MISSING,train_candidate,MONTHLY_FEATURE_V2_2026-10-03
MyTho,2001-11,12.19,1.0,MRC_WRUP_VN_019805,MRC_EXPORT_2026-08-31,VERIFIED,10.71,10.99,10.62,12.59,11,wet,72.7,25.39,2.8596666666666666,Open-Meteo_ERA5-Land,OPENMETEO_2026-09-02,VERIFIED,,,,,,MISSING,,,,False,,,MISSING,,,,,,MISSING,train_candidate,MONTHLY_FEATURE_V2_2026-10-03
MyTho,2001-12,15.3,1.0,MRC_WRUP_VN_019805,MRC_EXPORT_2026-08-31,VERIFIED,12.19,10.71,10.99,12.05,12,dry,30.900000000000002,25.903225806451612,3.2112903225806453,Open-Meteo_ERA5-Land,OPENMETEO_2026-09-02,VERIFIED,,,,,,MISSING,,,,False,,,MISSING,,,,,,MISSING,train_candidate,MONTHLY_FEATURE_V2_2026-10-03
MyTho,2002-01,14.32,1.0,MRC_WRUP_VN_019805,MRC_EXPORT_2026-08-31,VERIFIED,15.3,12.19,10.71,12.48,1,dry,0.1,25.68064516129032,3.5945161290322583,Open-Meteo_ERA5-Land,OPENMETEO_2026-09-02,VERIFIED,,,,,,MISSING,,,,False,,,MISSING,,,,,,MISSING,train_candidate,MONTHLY_FEATURE_V2_2026-10-03
MyTho,2002-02,15.67,1.0,MRC_WRUP_VN_019805,MRC_EXPORT_2026-08-31,VERIFIED,14.32,15.3,12.19,14.15,2,dry,0.5,26.37857142857143,4.176428571428572,Open-Meteo_ERA5-Land,OPENMETEO_2026-09-02,VERIFIED,,,,,,MISSING,,,,False,,,MISSING,,,,,,MISSING,train_candidate,MONTHLY_FEATURE_V2_2026-10-03
MyTho,2002-03,25.3,1.0,MRC_WRUP_VN_019805,MRC_EXPORT_2026-08-31,VERIFIED,15.67,14.32,15.3,18.19,3,dry,1.5999999999999999,27.72258064516129,4.2461290322580645,Open-Meteo_ERA5-Land,OPENMETEO_2026-09-02,VERIFIED,,,,,,MISSING,,,,False,,,MISSING,,,,,,MISSING,train_candidate,MONTHLY_FEATURE_V2_2026-10-03
MyTho,2002-04,,,,,,25.3,15.67,14.32,14.22,4,transition,16.4,28.95,4.242666666666667,Open-Meteo_ERA5-Land,OPENMETEO_2026-09-02,VERIFIED,,,,,,MISSING,,,,False,,,MISSING,,,,,,MISSING,inference_only,MONTHLY_FEATURE_V2_2026-10-03
MyTho,2002-05,,,,,,,25.3,15.67,17.15,5,transition,108.9,28.83225806451613,4.216129032258064,Open-Meteo_ERA5-Land,OPENMETEO_2026-09-02,VERIFIED,,,,,,MISSING,,,,False,,,MISSING,,,,,,MISSING,inference_only,MONTHLY_FEATURE_V2_2026-10-03
MyTho,2002-06,,,,,,,,25.3,13.83,6,wet,266.59999999999997,27.1,3.603,Open-Meteo_ERA5-Land,OPENMETEO_2026-09-02,VERIFIED,,,,,,MISSING,,,,False,,,MISSING,,,,,,MISSING,inference_only,MONTHLY_FEATURE_V2_2026-10-03
MyTho,2002-07,13.66,1.0,MRC_WRUP_VN_019805,MRC_EXPORT_2026-08-31,VERIFIED,,,,12.03,7,wet,119.2,27.55483870967742,4.766451612903226,Open-Meteo_ERA5-Land,OPENMETEO_2026-09-02,VERIFIED,,,,,,MISSING,,,,False,,,MISSING,,,,,,MISSING,train_candidate,MONTHLY_FEATURE_V2_2026-10-03
MyTho,2002-08,13.67,1.0,MRC_WRUP_VN_019805,MRC_EXPORT_2026-08-31,VERIFIED,13.66,,,10.62,8,wet,248.0,26.29032258064516,4.190322580645161,Open-Meteo_ERA5-Land,OPENMETEO_2026-09-02,VERIFIED,,,,,,MISSING,,,,False,,,MISSING,,,,,,MISSING,train_candidate,MONTHLY_FEATURE_V2_2026-10-03
MyTho,2002-09,13.3,1.0,MRC_WRUP_VN_019805,MRC_EXPORT_2026-08-31,VERIFIED,13.67,13.66,,10.99,9,wet,227.5,26.18,3.890333333333333,Open-Meteo_ERA5-Land,OPENMETEO_2026-09-02,VERIFIED,,,,,,MISSING,,,,False,,,MISSING,,,,,,MISSING,train_candidate,MONTHLY_FEATURE_V2_2026-10-03
MyTho,2002-10,12.84,1.0,MRC_WRUP_VN_019805,MRC_EXPORT_2026-08-31,VERIFIED,13.3,13.67,13.66,10.71,10,wet,222.0,26.31935483870968,2.5390322580645157,Open-Meteo_ERA5-Land,OPENMETEO_2026-09-02,VERIFIED,,,,,,MISSING,,,,False,,,MISSING,,,,,,MISSING,train_candidate,MONTHLY_FEATURE_V2_2026-10-03
MyTho,2002-11,14.83,1.0,MRC_WRUP_VN_019805,MRC_EXPORT_2026-08-31,VERIFIED,12.84,13.3,13.67,12.19,11,wet,200.3,25.94333333333333,2.958666666666667,Open-Meteo_ERA5-Land,OPENMETEO_2026-09-02,VERIFIED,,,,,,MISSING,,,,False,,,MISSING,,,,,,MISSING,train_candidate,MONTHLY_FEATURE_V2_2026-10-03
MyTho,2002-12,14.3,1.0,MRC_WRUP_VN_019805,MRC_EXPORT_2026-08-31,VERIFIED,14.83,12.84,13.3,15.3,12,dry,68.10000000000001,26.429032258064513,3.414193548387097,Open-Meteo_ERA5-Land,OPENMETEO_2026-09-02,VERIFIED,,,,,,MISSING,,,,False,,,MISSING,,,,,,MISSING,train_candidate,MONTHLY_FEATURE_V2_2026-10-03
MyTho,2003-01,14.5,1.0,MRC_WRUP_VN_019805,MRC_EXPORT_2026-08-31,VERIFIED,14.3,14.83,12.84,14.32,1,dry,0.1,25.451612903225808,3.1990322580645163,Open-Meteo_ERA5-Land,OPENMETEO_2026-09-02,VERIFIED,,,,,,MISSING,,,,False,,,MISSING,,,,,,MISSING,train_candidate,MONTHLY_FEATURE_V2_2026-10-03
MyTho,2003-02,12.6,1.0,MRC_WRUP_VN_019805,MRC_EXPORT_2026-08-31,VERIFIED,14.5,14.3,14.83,15.67,2,dry,0.8,26.760714285714283,4.0842857142857145,Open-Meteo_ERA5-Land,OPENMETEO_2026-09-02,VERIFIED,,,,,,MISSING,,,,False,,,MISSING,,,,,,MISSING,train_candidate,MONTHLY_FEATURE_V2_2026-10-03
MyTho,2003-03,13.6,1.0,MRC_WRUP_VN_019805,MRC_EXPORT_2026-08-31,VERIFIED,12.6,14.5,14.3,25.3,3,dry,9.3,28.032258064516128,4.37,Open-Meteo_ERA5-Land,OPENMETEO_2026-09-02,VERIFIED,,,,,,MISSING,,,,False,,,MISSING,,,,,,MISSING,train_candidate,MONTHLY_FEATURE_V2_2026-10-03
MyTho,2003-04,23.6,1.0,MRC_WRUP_VN_019805,MRC_EXPORT_2026-08-31,VERIFIED,13.6,12.6,14.5,,4,transition,27.6,29.176666666666666,3.681,Open-Meteo_ERA5-Land,OPENMETEO_2026-09-02,VERIFIED,,,,,,MISSING,,,,False,,,MISSING,,,,,,MISSING,train_candidate,MONTHLY_FEATURE_V2_2026-10-03
MyTho,2003-05,26.6,1.0,MRC_WRUP_VN_019805,MRC_EXPORT_2026-08-31,VERIFIED,23.6,13.6,12.6,,5,transition,321.9,27.190322580645162,3.8370967741935487,Open-Meteo_ERA5-Land,OPENMETEO_2026-09-02,VERIFIED,,,,,,MISSING,,,,False,,,MISSING,,,,,,MISSING,train_candidate,MONTHLY_FEATURE_V2_2026-10-03
MyTho,2003-06,21.2,1.0,MRC_WRUP_VN_019805,MRC_EXPORT_2026-08-31,VERIFIED,26.6,23.6,13.6,,6,wet,191.7,27.006666666666668,3.5153333333333334,Open-Meteo_ERA5-Land,OPENMETEO_2026-09-02,VERIFIED,,,,,,MISSING,,,,False,,,MISSING,,,,,,MISSING,train_candidate,MONTHLY_FEATURE_V2_2026-10-03
MyTho,2003-07,23.7,1.0,MRC_WRUP_VN_019805,MRC_EXPORT_2026-08-31,VERIFIED,21.2,26.6,23.6,13.66,7,wet,322.6,26.15806451612903,3.495483870967742,Open-Meteo_ERA5-Land,OPENMETEO_2026-09-02,VERIFIED,,,,,,MISSING,,,,False,,,MISSING,,,,,,MISSING,train_candidate,MONTHLY_FEATURE_V2_2026-10-03
MyTho,2003-08,23.6,1.0,MRC_WRUP_VN_019805,MRC_EXPORT_2026-08-31,VERIFIED,23.7,21.2,26.6,13.67,8,wet,250.1,26.583870967741937,4.225806451612903,Open-Meteo_ERA5-Land,OPENMETEO_2026-09-02,VERIFIED,,,,,,MISSING,,,,False,,,MISSING,,,,,,MISSING,train_candidate,MONTHLY_FEATURE_V2_2026-10-03
MyTho,2003-09,15.5,1.0,MRC_WRUP_VN_019805,MRC_EXPORT_2026-08-31,VERIFIED,23.6,23.7,21.2,13.3,9,wet,315.9,26.009999999999998,4.026666666666666,Open-Meteo_ERA5-Land,OPENMETEO_2026-09-02,VERIFIED,,,,,,MISSING,,,,False,,,MISSING,,,,,,MISSING,train_candidate,MONTHLY_FEATURE_V2_2026-10-03
MyTho,2003-10,19.4,1.0,MRC_WRUP_VN_019805,MRC_EXPORT_2026-08-31,VERIFIED,15.5,23.6,23.7,12.84,10,wet,455.3,25.625806451612902,2.662258064516129,Open-Meteo_ERA5-Land,OPENMETEO_2026-09-02,VERIFIED,,,,,,MISSING,,,,False,,,MISSING,,,,,,MISSING,train_candidate,MONTHLY_FEATURE_V2_2026-10-03
MyTho,2003-11,14.1,1.0,MRC_WRUP_VN_019805,MRC_EXPORT_2026-08-31,VERIFIED,19.4,15.5,23.6,14.83,11,wet,144.3,26.456666666666667,2.564,Open-Meteo_ERA5-Land,OPENMETEO_2026-09-02,VERIFIED,,,,,,MISSING,,,,False,,,MISSING,,,,,,MISSING,train_candidate,MONTHLY_FEATURE_V2_2026-10-03
MyTho,2003-12,14.5,1.0,MRC_WRUP_VN_019805,MRC_EXPORT_2026-08-31,VERIFIED,14.1,19.4,15.5,14.3,12,dry,28.6,25.299999999999997,3.0703225806451617,Open-Meteo_ERA5-Land,OPENMETEO_2026-09-02,VERIFIED,,,,,,MISSING,,,,False,,,MISSING,,,,,,MISSING,train_candidate,MONTHLY_FEATURE_V2_2026-10-03
MyTho,2004-01,20.63,1.0,MRC_WRUP_VN_019805,MRC_EXPORT_2026-08-31,VERIFIED,14.5,14.1,19.4,14.5,1,dry,1.9000000000000001,26.0,3.5632258064516127,Open-Meteo_ERA5-Land,OPENMETEO_2026-09-02,VERIFIED,,,,,,MISSING,,,,False,,,MISSING,,,,,,MISSING,train_candidate,MONTHLY_FEATURE_V2_2026-10-03
MyTho,2004-02,21.4,1.0,MRC_WRUP_VN_019805,MRC_EXPORT_2026-08-31,VERIFIED,20.63,14.5,14.1,12.6,2,dry,2.9,25.97241379310345,3.672758620689655,Open-Meteo_ERA5-Land,OPENMETEO_2026-09-02,VERIFIED,,,,,,MISSING,,,,False,,,MISSING,,,,,,MISSING,train_candidate,MONTHLY_FEATURE_V2_2026-10-03
MyTho,2004-03,,,,,,21.4,20.63,14.5,13.6,3,dry,5.6000000000000005,27.612903225806452,3.882903225806452,Open-Meteo_ERA5-Land,OPENMETEO_2026-09-02,VERIFIED,,,,,,MISSING,,,,False,,,MISSING,,,,,,MISSING,inference_only,MONTHLY_FEATURE_V2_2026-10-03
MyTho,2004-04,,,,,,,21.4,20.63,23.6,4,transition,24.9,29.12,3.6876666666666664,Open-Meteo_ERA5-Land,OPENMETEO_2026-09-02,VERIFIED,,,,,,MISSING,,,,False,,,MISSING,,,,,,MISSING,inference_only,MONTHLY_FEATURE_V2_2026-10-03
MyTho,2004-05,,,,,,,,21.4,26.6,5,transition,234.5,28.048387096774192,3.7783870967741935,Open-Meteo_ERA5-Land,OPENMETEO_2026-09-02,VERIFIED,,,,,,MISSING,,,,False,,,MISSING,,,,,,MISSING,inference_only,MONTHLY_FEATURE_V2_2026-10-03
MyTho,2004-06,,,,,,,,,21.2,6,wet,288.0,26.543333333333333,4.172666666666666,Open-Meteo_ERA5-Land,OPENMETEO_2026-09-02,VERIFIED,,,,,,MISSING,,,,False,,,MISSING,,,,,,MISSING,inference_only,MONTHLY_FEATURE_V2_2026-10-03
MyTho,2004-07,19.7,1.0,MRC_WRUP_VN_019805,MRC_EXPORT_2026-08-31,VERIFIED,,,,23.7,7,wet,270.5,26.316129032258065,3.706774193548387,Open-Meteo_ERA5-Land,OPENMETEO_2026-09-02,VERIFIED,,,,,,MISSING,,,,False,,,MISSING,,,,,,MISSING,train_candidate,MONTHLY_FEATURE_V2_2026-10-03
MyTho,2004-08,16.3,1.0,MRC_WRUP_VN_019805,MRC_EXPORT_2026-08-31,VERIFIED,19.7,,,23.6,8,wet,278.4,26.225806451612904,4.6006451612903225,Open-Meteo_ERA5-Land,OPENMETEO_2026-09-02,VERIFIED,,,,,,MISSING,,,,False,,,MISSING,,,,,,MISSING,train_candidate,MONTHLY_FEATURE_V2_2026-10-03
MyTho,2004-09,13.8,1.0,MRC_WRUP_VN_019805,MRC_EXPORT_2026-08-31,VERIFIED,16.3,19.7,,15.5,9,wet,247.6,26.4,3.0363333333333333,Open-Meteo_ERA5-Land,OPENMETEO_2026-09-02,VERIFIED,,,,,,MISSING,,,,False,,,MISSING,,,,,,MISSING,train_candidate,MONTHLY_FEATURE_V2_2026-10-03
MyTho,2004-10,15.1,1.0,MRC_WRUP_VN_019805,MRC_EXPORT_2026-08-31,VERIFIED,13.8,16.3,19.7,19.4,10,wet,163.7,26.190322580645162,2.5532258064516125,Open-Meteo_ERA5-Land,OPENMETEO_2026-09-02,VERIFIED,,,,,,MISSING,,,,False,,,MISSING,,,,,,MISSING,train_candidate,MONTHLY_FEATURE_V2_2026-10-03
MyTho,2004-11,15.0,1.0,MRC_WRUP_VN_019805,MRC_EXPORT_2026-08-31,VERIFIED,15.1,13.8,16.3,14.1,11,wet,42.9,26.779999999999998,3.0676666666666668,Open-Meteo_ERA5-Land,OPENMETEO_2026-09-02,VERIFIED,,,,,,MISSING,,,,False,,,MISSING,,,,,,MISSING,train_candidate,MONTHLY_FEATURE_V2_2026-10-03
MyTho,2004-12,14.2,1.0,MRC_WRUP_VN_019805,MRC_EXPORT_2026-08-31,VERIFIED,15.0,15.1,13.8,14.5,12,dry,5.2,25.864516129032257,3.0951612903225807,Open-Meteo_ERA5-Land,OPENMETEO_2026-09-02,VERIFIED,,,,,,MISSING,,,,False,,,MISSING,,,,,,MISSING,train_candidate,MONTHLY_FEATURE_V2_2026-10-03
MyTho,2005-01,17.4,1.0,MRC_WRUP_VN_019805,MRC_EXPORT_2026-08-31,VERIFIED,14.2,15.0,15.1,20.63,1,dry,1.7000000000000002,25.451612903225808,3.4535483870967743,Open-Meteo_ERA5-Land,OPENMETEO_2026-09-02,VERIFIED,,,,,,MISSING,,,,False,,,MISSING,,,,,,MISSING,train_candidate,MONTHLY_FEATURE_V2_2026-10-03
MyTho,2005-02,19.0,1.0,MRC_WRUP_VN_019805,MRC_EXPORT_2026-08-31,VERIFIED,17.4,14.2,15.0,21.4,2,dry,0.0,26.864285714285717,4.104285714285714,Open-Meteo_ERA5-Land,OPENMETEO_2026-09-02,VERIFIED,,,,,,MISSING,,,,False,,,MISSING,,,,,,MISSING,train_candidate,MONTHLY_FEATURE_V2_2026-10-03
MyTho,2005-03,,,,,,19.0,17.4,14.2,,3,dry,10.4,27.496774193548386,4.276451612903226,Open-Meteo_ERA5-Land,OPENMETEO_2026-09-02,VERIFIED,,,,,,MISSING,,,,False,,,MISSING,,,,,,MISSING,inference_only,MONTHLY_FEATURE_V2_2026-10-03
MyTho,2005-04,,,,,,,19.0,17.4,,4,transition,47.1,28.883333333333333,3.781,Open-Meteo_ERA5-Land,OPENMETEO_2026-09-02,VERIFIED,,,,,,MISSING,,,,False,,,MISSING,,,,,,MISSING,inference_only,MONTHLY_FEATURE_V2_2026-10-03
MyTho,2005-05,,,,,,,,19.0,,5,transition,188.4,27.88064516129032,3.2206451612903226,Open-Meteo_ERA5-Land,OPENMETEO_2026-09-02,VERIFIED,,,,,,MISSING,,,,False,,,MISSING,,,,,,MISSING,inference_only,MONTHLY_FEATURE_V2_2026-10-03
MyTho,2005-06,36.4,1.0,MRC_WRUP_VN_019805,MRC_EXPORT_2026-08-31,VERIFIED,,,,,6,wet,231.6,27.19333333333333,4.021,Open-Meteo_ERA5-Land,OPENMETEO_2026-09-02,VERIFIED,,,,,,MISSING,,,,False,,,MISSING,,,,,,MISSING,train_candidate,MONTHLY_FEATURE_V2_2026-10-03
MyTho,2005-07,18.6,1.0,MRC_WRUP_VN_019805,MRC_EXPORT_2026-08-31,VERIFIED,36.4,,,19.7,7,wet,248.9,26.20967741935484,4.196774193548387,Open-Meteo_ERA5-Land,OPENMETEO_2026-09-02,VERIFIED,,,,,,MISSING,,,,False,,,MISSING,,,,,,MISSING,train_candidate,MONTHLY_FEATURE_V2_2026-10-03
MyTho,2005-08,12.8,1.0,MRC_WRUP_VN_019805,MRC_EXPORT_2026-08-31,VERIFIED,18.6,36.4,,16.3,8,wet,179.4,26.761290322580646,4.190645161290322,Open-Meteo_ERA5-Land,OPENMETEO_2026-09-02,VERIFIED,,,,,,MISSING,,,,False,,,MISSING,,,,,,MISSING,train_candidate,MONTHLY_FEATURE_V2_2026-10-03
MyTho,2005-09,14.8,1.0,MRC_WRUP_VN_019805,MRC_EXPORT_2026-08-31,VERIFIED,12.8,18.6,36.4,13.8,9,wet,246.1,26.32,3.673,Open-Meteo_ERA5-Land,OPENMETEO_2026-09-02,VERIFIED,,,,,,MISSING,,,,False,,,MISSING,,,,,,MISSING,train_candidate,MONTHLY_FEATURE_V2_2026-10-03
MyTho,2005-10,13.1,1.0,MRC_WRUP_VN_019805,MRC_EXPORT_2026-08-31,VERIFIED,14.8,12.8,18.6,15.1,10,wet,281.1,26.216129032258067,2.322258064516129,Open-Meteo_ERA5-Land,OPENMETEO_2026-09-02,VERIFIED,,,,,,MISSING,,,,False,,,MISSING,,,,,,MISSING,train_candidate,MONTHLY_FEATURE_V2_2026-10-03
MyTho,2005-11,14.0,1.0,MRC_WRUP_VN_019805,MRC_EXPORT_2026-08-31,VERIFIED,13.1,14.8,12.8,15.0,11,wet,176.0,25.846666666666668,2.7439999999999998,Open-Meteo_ERA5-Land,OPENMETEO_2026-09-02,VERIFIED,,,,,,MISSING,,,,False,,,MISSING,,,,,,MISSING,train_candidate,MONTHLY_FEATURE_V2_2026-10-03
MyTho,2005-12,15.2,1.0,MRC_WRUP_VN_019805,MRC_EXPORT_2026-08-31,VERIFIED,14.0,13.1,14.8,14.2,12,dry,211.0,24.458064516129035,3.3832258064516134,Open-Meteo_ERA5-Land,OPENMETEO_2026-09-02,VERIFIED,,,,,,MISSING,,,,False,,,MISSING,,,,,,MISSING,train_candidate,MONTHLY_FEATURE_V2_2026-10-03
MyTho,2006-01,14.9,1.0,MRC_WRUP_VN_019805,MRC_EXPORT_2026-08-31,VERIFIED,15.2,14.0,13.1,17.4,1,dry,12.2,25.48709677419355,2.8680645161290323,Open-Meteo_ERA5-Land,OPENMETEO_2026-09-02,VERIFIED,,,,,,MISSING,,,,False,,,MISSING,,,,,,MISSING,train_candidate,MONTHLY_FEATURE_V2_2026-10-03
MyTho,2006-02,15.8,1.0,MRC_WRUP_VN_019805,MRC_EXPORT_2026-08-31,VERIFIED,14.9,15.2,14.0,19.0,2,dry,10.2,26.907142857142855,3.5875,Open-Meteo_ERA5-Land,OPENMETEO_2026-09-02,VERIFIED,,,,,,MISSING,,,,False,,,MISSING,,,,,,MISSING,train_candidate,MONTHLY_FEATURE_V2_2026-10-03
MyTho,2006-03,19.3,1.0,MRC_WRUP_VN_019805,MRC_EXPORT_2026-08-31,VERIFIED,15.8,14.9,15.2,,3,dry,10.1,27.467741935483872,3.7164516129032257,Open-Meteo_ERA5-Land,OPENMETEO_2026-09-02,VERIFIED,,,,,,MISSING,,,,False,,,MISSING,,,,,,MISSING,train_candidate,MONTHLY_FEATURE_V2_2026-10-03
MyTho,2006-04,26.2,1.0,MRC_WRUP_VN_019805,MRC_EXPORT_2026-08-31,VERIFIED,19.3,15.8,14.9,,4,transition,91.9,28.086666666666666,3.180333333333333,Open-Meteo_ERA5-Land,OPENMETEO_2026-09-02,VERIFIED,,,,,,MISSING,,,,False,,,MISSING,,,,,,MISSING,train_candidate,MONTHLY_FEATURE_V2_2026-10-03
MyTho,2006-05,,,,,,26.2,19.3,15.8,,5,transition,257.0,27.200000000000003,2.958064516129032,Open-Meteo_ERA5-Land,OPENMETEO_2026-09-02,VERIFIED,,,,,,MISSING,,,,False,,,MISSING,,,,,,MISSING,inference_only,MONTHLY_FEATURE_V2_2026-10-03
MyTho,2006-06,,,,,,,26.2,19.3,36.4,6,wet,311.8,26.45,3.247333333333333,Open-Meteo_ERA5-Land,OPENMETEO_2026-09-02,VERIFIED,,,,,,MISSING,,,,False,,,MISSING,,,,,,MISSING,inference_only,MONTHLY_FEATURE_V2_2026-10-03
MyTho,2006-07,16.1,1.0,MRC_WRUP_VN_019805,MRC_EXPORT_2026-08-31,VERIFIED,,,26.2,18.6,7,wet,254.9,26.24516129032258,4.57774193548387,Open-Meteo_ERA5-Land,OPENMETEO_2026-09-02,VERIFIED,,,,,,MISSING,,,,False,,,MISSING,,,,,,MISSING,train_candidate,MONTHLY_FEATURE_V2_2026-10-03
MyTho,2006-08,11.7,1.0,MRC_WRUP_VN_019805,MRC_EXPORT_2026-08-31,VERIFIED,16.1,,,12.8,8,wet,318.9,26.093548387096774,4.641935483870968,Open-Meteo_ERA5-Land,OPENMETEO_2026-09-02,VERIFIED,,,,,,MISSING,,,,False,,,MISSING,,,,,,MISSING,train_candidate,MONTHLY_FEATURE_V2_2026-10-03
MyTho,2006-09,12.6,1.0,MRC_WRUP_VN_019805,MRC_EXPORT_2026-08-31,VERIFIED,11.7,16.1,,14.8,9,wet,326.0,26.016666666666666,3.5263333333333335,Open-Meteo_ERA5-Land,OPENMETEO_2026-09-02,VERIFIED,,,,,,MISSING,,,,False,,,MISSING,,,,,,MISSING,train_candidate,MONTHLY_FEATURE_V2_2026-10-03
MyTho,2006-10,10.7,1.0,MRC_WRUP_VN_019805,MRC_EXPORT_2026-08-31,VERIFIED,12.6,11.7,16.1,13.1,10,wet,220.2,26.203225806451613,2.799032258064516,Open-Meteo_ERA5-Land,OPENMETEO_2026-09-02,VERIFIED,,,,,,MISSING,,,,False,,,MISSING,,,,,,MISSING,train_candidate,MONTHLY_FEATURE_V2_2026-10-03
MyTho,2006-11,12.7,1.0,MRC_WRUP_VN_019805,MRC_EXPORT_2026-08-31,VERIFIED,10.7,12.6,11.7,14.0,11,wet,50.300000000000004,26.996666666666666,3.005333333333333,Open-Meteo_ERA5-Land,OPENMETEO_2026-09-02,VERIFIED,,,,,,MISSING,,,,False,,,MISSING,,,,,,MISSING,train_candidate,MONTHLY_FEATURE_V2_2026-10-03
MyTho,2006-12,14.9,1.0,MRC_WRUP_VN_019805,MRC_EXPORT_2026-08-31,VERIFIED,12.7,10.7,12.6,15.2,12,dry,50.0,26.46451612903226,2.866129032258064,Open-Meteo_ERA5-Land,OPENMETEO_2026-09-02,VERIFIED,,,,,,MISSING,,,,False,,,MISSING,,,,,,MISSING,train_candidate,MONTHLY_FEATURE_V2_2026-10-03
MyTho,2007-01,14.1,1.0,MRC_WRUP_VN_019805,MRC_EXPORT_2026-08-31,VERIFIED,14.9,12.7,10.7,14.9,1,dry,83.1,25.432258064516127,3.111290322580645,Open-Meteo_ERA5-Land,OPENMETEO_2026-09-02,VERIFIED,,,,,,MISSING,,,,False,,,MISSING,,,,,,MISSING,train_candidate,MONTHLY_FEATURE_V2_2026-10-03
MyTho,2007-02,16.4,1.0,MRC_WRUP_VN_019805,MRC_EXPORT_2026-08-31,VERIFIED,14.1,14.9,12.7,15.8,2,dry,2.1,25.860714285714288,3.807857142857143,Open-Meteo_ERA5-Land,OPENMETEO_2026-09-02,VERIFIED,,,,,,MISSING,,,,False,,,MISSING,,,,,,MISSING,train_candidate,MONTHLY_FEATURE_V2_2026-10-03
MyTho,2007-03,,,,,,16.4,14.1,14.9,19.3,3,dry,54.3,27.306451612903224,3.6861290322580644,Open-Meteo_ERA5-Land,OPENMETEO_2026-09-02,VERIFIED,,,,,,MISSING,,,,False,,,MISSING,,,,,,MISSING,inference_only,MONTHLY_FEATURE_V2_2026-10-03
MyTho,2007-04,,,,,,,16.4,14.1,26.2,4,transition,79.0,28.470000000000002,3.594666666666667,Open-Meteo_ERA5-Land,OPENMETEO_2026-09-02,VERIFIED,,,,,,MISSING,,,,False,,,MISSING,,,,,,MISSING,inference_only,MONTHLY_FEATURE_V2_2026-10-03
MyTho,2007-05,,,,,,,,16.4,,5,transition,317.0,26.91290322580645,3.094193548387097,Open-Meteo_ERA5-Land,OPENMETEO_2026-09-02,VERIFIED,,,,,,MISSING,,,,False,,,MISSING,,,,,,MISSING,inference_only,MONTHLY_FEATURE_V2_2026-10-03
MyTho,2007-06,21.8,1.0,MRC_WRUP_VN_019805,MRC_EXPORT_2026-08-31,VERIFIED,,,,,6,wet,303.9,27.013333333333332,2.833666666666667,Open-Meteo_ERA5-Land,OPENMETEO_2026-09-02,VERIFIED,,,,,,MISSING,,,,False,,,MISSING,,,,,,MISSING,train_candidate,MONTHLY_FEATURE_V2_2026-10-03
MyTho,2007-07,19.3,1.0,MRC_WRUP_VN_019805,MRC_EXPORT_2026-08-31,VERIFIED,21.8,,,16.1,7,wet,240.0,26.322580645161292,3.5567741935483874,Open-Meteo_ERA5-Land,OPENMETEO_2026-09-02,VERIFIED,,,,,,MISSING,,,,False,,,MISSING,,,,,,MISSING,train_candidate,MONTHLY_FEATURE_V2_2026-10-03
MyTho,2007-08,14.4,1.0,MRC_WRUP_VN_019805,MRC_EXPORT_2026-08-31,VERIFIED,19.3,21.8,,11.7,8,wet,277.9,26.258064516129032,4.416774193548386,Open-Meteo_ERA5-Land,OPENMETEO_2026-09-02,VERIFIED,,,,,,MISSING,,,,False,,,MISSING,,,,,,MISSING,train_candidate,MONTHLY_FEATURE_V2_2026-10-03
MyTho,2007-09,15.0,1.0,MRC_WRUP_VN_019805,MRC_EXPORT_2026-08-31,VERIFIED,14.4,19.3,21.8,12.6,9,wet,299.4,26.363333333333333,3.7083333333333335,Open-Meteo_ERA5-Land,OPENMETEO_2026-09-02,VERIFIED,,,,,,MISSING,,,,False,,,MISSING,,,,,,MISSING,train_candidate,MONTHLY_FEATURE_V2_2026-10-03
MyTho,2007-10,15.9,1.0,MRC_WRUP_VN_019805,MRC_EXPORT_2026-08-31,VERIFIED,15.0,14.4,19.3,10.7,10,wet,344.8,25.65806451612903,3.0493548387096774,Open-Meteo_ERA5-Land,OPENMETEO_2026-09-02,VERIFIED,,,,,,MISSING,,,,False,,,MISSING,,,,,,MISSING,train_candidate,MONTHLY_FEATURE_V2_2026-10-03
MyTho,2007-11,16.1,1.0,MRC_WRUP_VN_019805,MRC_EXPORT_2026-08-31,VERIFIED,15.9,15.0,14.4,12.7,11,wet,159.9,25.173333333333336,3.195666666666667,Open-Meteo_ERA5-Land,OPENMETEO_2026-09-02,VERIFIED,,,,,,MISSING,,,,False,,,MISSING,,,,,,MISSING,train_candidate,MONTHLY_FEATURE_V2_2026-10-03
MyTho,2007-12,14.9,1.0,MRC_WRUP_VN_019805,MRC_EXPORT_2026-08-31,VERIFIED,16.1,15.9,15.0,14.9,12,dry,16.3,26.009677419354837,2.8390322580645164,Open-Meteo_ERA5-Land,OPENMETEO_2026-09-02,VERIFIED,,,,,,MISSING,,,,False,,,MISSING,,,,,,MISSING,train_candidate,MONTHLY_FEATURE_V2_2026-10-03
MyTho,2008-01,14.7,1.0,MRC_WRUP_VN_019805,MRC_EXPORT_2026-08-31,VERIFIED,14.9,16.1,15.9,14.1,1,dry,36.0,25.761290322580646,3.24741935483871,Open-Meteo_ERA5-Land,OPENMETEO_2026-09-02,VERIFIED,,,,,,MISSING,,,,False,,,MISSING,,,,,,MISSING,train_candidate,MONTHLY_FEATURE_V2_2026-10-03
MyTho,2008-02,15.2,1.0,MRC_WRUP_VN_019805,MRC_EXPORT_2026-08-31,VERIFIED,14.7,14.9,16.1,16.4,2,dry,11.4,26.162068965517243,3.469310344827586,Open-Meteo_ERA5-Land,OPENMETEO_2026-09-02,VERIFIED,,,,,,MISSING,,,,False,,,MISSING,,,,,,MISSING,train_candidate,MONTHLY_FEATURE_V2_2026-10-03
MyTho,2008-03,18.7,1.0,MRC_WRUP_VN_019805,MRC_EXPORT_2026-08-31,VERIFIED,15.2,14.7,14.9,,3,dry,16.8,27.05483870967742,3.6683870967741936,Open-Meteo_ERA5-Land,OPENMETEO_2026-09-02,VERIFIED,,,,,,MISSING,,,,False,,,MISSING,,,,,,MISSING,train_candidate,MONTHLY_FEATURE_V2_2026-10-03
MyTho,2008-04,,,,,,18.7,15.2,14.7,,4,transition,136.2,28.03666666666667,3.5959999999999996,Open-Meteo_ERA5-Land,OPENMETEO_2026-09-02,VERIFIED,,,,,,MISSING,,,,False,,,MISSING,,,,,,MISSING,inference_only,MONTHLY_FEATURE_V2_2026-10-03
MyTho,2008-05,25.7,1.0,MRC_WRUP_VN_019805,MRC_EXPORT_2026-08-31,VERIFIED,,18.7,15.2,,5,transition,270.8,26.38064516129032,3.69,Open-Meteo_ERA5-Land,OPENMETEO_2026-09-02,VERIFIED,,,,,,MISSING,,,,False,,,MISSING,,,,,,MISSING,train_candidate,MONTHLY_FEATURE_V2_2026-10-03
MyTho,2008-06,22.6,1.0,MRC_WRUP_VN_019805,MRC_EXPORT_2026-08-31,VERIFIED,25.7,,18.7,21.8,6,wet,220.1,26.65666666666667,3.4623333333333335,Open-Meteo_ERA5-Land,OPENMETEO_2026-09-02,VERIFIED,,,,,,MISSING,,,,False,,,MISSING,,,,,,MISSING,train_candidate,MONTHLY_FEATURE_V2_2026-10-03
MyTho,2008-07,15.9,1.0,MRC_WRUP_VN_019805,MRC_EXPORT_2026-08-31,VERIFIED,22.6,25.7,,19.3,7,wet,258.1,26.480645161290322,3.8538709677419356,Open-Meteo_ERA5-Land,OPENMETEO_2026-09-02,VERIFIED,,,,,,MISSING,,,1.924,True,DAHITI,DAHITI_2026-09-12T2014,VERIFIED,,,,,,MISSING,train_candidate,MONTHLY_FEATURE_V2_2026-10-03
MyTho,2008-08,15.8,1.0,MRC_WRUP_VN_019805,MRC_EXPORT_2026-08-31,VERIFIED,15.9,22.6,25.7,14.4,8,wet,243.7,26.238709677419354,3.623548387096774,Open-Meteo_ERA5-Land,OPENMETEO_2026-09-02,VERIFIED,,,,,,MISSING,,,2.011,True,DAHITI,DAHITI_2026-09-12T2014,VERIFIED,,,,,,MISSING,train_candidate,MONTHLY_FEATURE_V2_2026-10-03
MyTho,2008-09,17.1,1.0,MRC_WRUP_VN_019805,MRC_EXPORT_2026-08-31,VERIFIED,15.8,15.9,22.6,15.0,9,wet,346.8,25.996666666666666,3.8729999999999998,Open-Meteo_ERA5-Land,OPENMETEO_2026-09-02,VERIFIED,,,,,,MISSING,,,2.4065,True,DAHITI,DAHITI_2026-09-12T2014,VERIFIED,,,,,,MISSING,train_candidate,MONTHLY_FEATURE_V2_2026-10-03
MyTho,2008-10,14.5,1.0,MRC_WRUP_VN_019805,MRC_EXPORT_2026-08-31,VERIFIED,17.1,15.8,15.9,15.9,10,wet,289.5,26.26774193548387,2.5067741935483867,Open-Meteo_ERA5-Land,OPENMETEO_2026-09-02,VERIFIED,,,,,,MISSING,,,2.775,True,DAHITI,DAHITI_2026-09-12T2014,VERIFIED,,,,,,MISSING,train_candidate,MONTHLY_FEATURE_V2_2026-10-03
MyTho,2008-11,14.9,1.0,MRC_WRUP_VN_019805,MRC_EXPORT_2026-08-31,VERIFIED,14.5,17.1,15.8,16.1,11,wet,231.0,25.313333333333333,3.1376666666666666,Open-Meteo_ERA5-Land,OPENMETEO_2026-09-02,VERIFIED,,,,,,MISSING,,,2.765,True,DAHITI,DAHITI_2026-09-12T2014,VERIFIED,,,,,,MISSING,train_candidate,MONTHLY_FEATURE_V2_2026-10-03
MyTho,2008-12,16.7,1.0,MRC_WRUP_VN_019805,MRC_EXPORT_2026-08-31,VERIFIED,14.9,14.5,17.1,14.9,12,dry,141.7,25.051612903225806,2.580322580645161,Open-Meteo_ERA5-Land,OPENMETEO_2026-09-02,VERIFIED,,,,,,MISSING,,,2.431666666666666,True,DAHITI,DAHITI_2026-09-12T2014,VERIFIED,,,,,,MISSING,train_candidate,MONTHLY_FEATURE_V2_2026-10-03
MyTho,2009-01,21.0,1.0,MRC_WRUP_VN_019805,MRC_EXPORT_2026-08-31,VERIFIED,16.7,14.9,14.5,14.7,1,dry,19.9,24.238709677419354,2.7516129032258063,Open-Meteo_ERA5-Land,OPENMETEO_2026-09-02,VERIFIED,,,,,,MISSING,,,2.08325,True,DAHITI,DAHITI_2026-09-12T2014,VERIFIED,,,,,,MISSING,train_candidate,MONTHLY_FEATURE_V2_2026-10-03
MyTho,2009-02,17.6,1.0,MRC_WRUP_VN_019805,MRC_EXPORT_2026-08-31,VERIFIED,21.0,16.7,14.9,15.2,2,dry,46.0,26.075,3.1960714285714285,Open-Meteo_ERA5-Land,OPENMETEO_2026-09-02,VERIFIED,,,,,,MISSING,,,1.907,True,DAHITI,DAHITI_2026-09-12T2014,VERIFIED,,,,,,MISSING,train_candidate,MONTHLY_FEATURE_V2_2026-10-03
MyTho,2009-03,25.7,1.0,MRC_WRUP_VN_019805,MRC_EXPORT_2026-08-31,VERIFIED,17.6,21.0,16.7,18.7,3,dry,38.9,27.77741935483871,3.66,Open-Meteo_ERA5-Land,OPENMETEO_2026-09-02,VERIFIED,,,,,,MISSING,,,1.896,True,DAHITI,DAHITI_2026-09-12T2014,VERIFIED,,,,,,MISSING,train_candidate,MONTHLY_FEATURE_V2_2026-10-03
MyTho,2009-04,,,,,,25.7,17.6,21.0,,4,transition,158.1,28.096666666666668,3.7146666666666666,Open-Meteo_ERA5-Land,OPENMETEO_2026-09-02,VERIFIED,,,,,,MISSING,,,1.818,True,DAHITI,DAHITI_2026-09-12T2014,VERIFIED,,,,,,MISSING,inference_only,MONTHLY_FEATURE_V2_2026-10-03
MyTho,2009-05,,,,,,,25.7,17.6,25.7,5,transition,293.8,26.59032258064516,2.8474193548387094,Open-Meteo_ERA5-Land,OPENMETEO_2026-09-02,VERIFIED,,,,,,MISSING,,,1.89625,True,DAHITI,DAHITI_2026-09-12T2014,VERIFIED,,,,,,MISSING,inference_only,MONTHLY_FEATURE_V2_2026-10-03
MyTho,2009-06,22.4,1.0,MRC_WRUP_VN_019805,MRC_EXPORT_2026-08-31,VERIFIED,,,25.7,22.6,6,wet,164.9,27.146666666666665,3.976,Open-Meteo_ERA5-Land,OPENMETEO_2026-09-02,VERIFIED,,,,,,MISSING,,,1.851,True,DAHITI,DAHITI_2026-09-12T2014,VERIFIED,,,,,,MISSING,train_candidate,MONTHLY_FEATURE_V2_2026-10-03
MyTho,2009-07,17.8,1.0,MRC_WRUP_VN_019805,MRC_EXPORT_2026-08-31,VERIFIED,22.4,,,15.9,7,wet,200.9,26.574193548387097,4.23258064516129,Open-Meteo_ERA5-Land,OPENMETEO_2026-09-02,VERIFIED,,,,,,MISSING,,,1.9296666666666664,True,DAHITI,DAHITI_2026-09-12T2014,VERIFIED,,,,,,MISSING,train_candidate,MONTHLY_FEATURE_V2_2026-10-03
MyTho,2009-08,10.1,1.0,MRC_WRUP_VN_019805,MRC_EXPORT_2026-08-31,VERIFIED,17.8,22.4,,15.8,8,wet,255.0,26.996774193548386,3.720322580645161,Open-Meteo_ERA5-Land,OPENMETEO_2026-09-02,VERIFIED,,,,,,MISSING,,,2.03,True,DAHITI,DAHITI_2026-09-12T2014,VERIFIED,,,,,,MISSING,train_candidate,MONTHLY_FEATURE_V2_2026-10-03
MyTho,2009-09,13.41,1.0,MRC_WRUP_VN_019805,MRC_EXPORT_2026-08-31,VERIFIED,10.1,17.8,22.4,17.1,9,wet,312.7,26.113333333333333,4.358333333333333,Open-Meteo_ERA5-Land,OPENMETEO_2026-09-02,VERIFIED,,,,,,MISSING,,,2.369333333333333,True,DAHITI,DAHITI_2026-09-12T2014,VERIFIED,,,,,,MISSING,train_candidate,MONTHLY_FEATURE_V2_2026-10-03
MyTho,2009-10,11.26,1.0,MRC_WRUP_VN_019805,MRC_EXPORT_2026-08-31,VERIFIED,13.41,10.1,17.8,14.5,10,wet,288.2,26.083870967741937,2.9983870967741937,Open-Meteo_ERA5-Land,OPENMETEO_2026-09-02,VERIFIED,,,,,,MISSING,,,2.88,True,DAHITI,DAHITI_2026-09-12T2014,VERIFIED,,,,,,MISSING,train_candidate,MONTHLY_FEATURE_V2_2026-10-03
MyTho,2009-11,12.44,1.0,MRC_WRUP_VN_019805,MRC_EXPORT_2026-08-31,VERIFIED,11.26,13.41,10.1,14.9,11,wet,77.0,26.42,3.0873333333333335,Open-Meteo_ERA5-Land,OPENMETEO_2026-09-02,VERIFIED,,,,,,MISSING,,,2.654333333333333,True,DAHITI,DAHITI_2026-09-12T2014,VERIFIED,,,,,,MISSING,train_candidate,MONTHLY_FEATURE_V2_2026-10-03
MyTho,2009-12,14.38,1.0,MRC_WRUP_VN_019805,MRC_EXPORT_2026-08-31,VERIFIED,12.44,11.26,13.41,16.7,12,dry,21.2,26.129032258064516,3.1538709677419354,Open-Meteo_ERA5-Land,OPENMETEO_2026-09-02,VERIFIED,,,,,,MISSING,,,2.1493333333333333,True,DAHITI,DAHITI_2026-09-12T2014,VERIFIED,,,,,,MISSING,train_candidate,MONTHLY_FEATURE_V2_2026-10-03
MyTho,2010-01,18.1,1.0,MRC_WRUP_VN_019805,MRC_EXPORT_2026-08-31,VERIFIED,14.38,12.44,11.26,21.0,1,dry,72.0,25.896774193548385,3.617096774193548,Open-Meteo_ERA5-Land,OPENMETEO_2026-09-02,VERIFIED,,,,,,MISSING,,,1.9533333333333327,True,DAHITI,DAHITI_2026-09-12T2014,VERIFIED,,,,,,MISSING,train_candidate,MONTHLY_FEATURE_V2_2026-10-03
MyTho,2010-02,19.09,1.0,MRC_WRUP_VN_019805,MRC_EXPORT_2026-08-31,VERIFIED,18.1,14.38,12.44,17.6,2,dry,1.9000000000000001,26.717857142857145,4.135714285714285,Open-Meteo_ERA5-Land,OPENMETEO_2026-09-02,VERIFIED,,,,,,MISSING,,,1.836,True,DAHITI,DAHITI_2026-09-12T2014,VERIFIED,,,,,,MISSING,train_candidate,MONTHLY_FEATURE_V2_2026-10-03
MyTho,2010-03,26.4,1.0,MRC_WRUP_VN_019805,MRC_EXPORT_2026-08-31,VERIFIED,19.09,18.1,14.38,25.7,3,dry,12.299999999999999,28.174193548387095,3.996451612903226,Open-Meteo_ERA5-Land,OPENMETEO_2026-09-02,VERIFIED,,,,,,MISSING,,,1.8246666666666669,True,DAHITI,DAHITI_2026-09-12T2014,VERIFIED,,,,,,MISSING,train_candidate,MONTHLY_FEATURE_V2_2026-10-03
MyTho,2010-04,,,,,,26.4,19.09,18.1,,4,transition,39.5,29.283333333333335,3.6986666666666665,Open-Meteo_ERA5-Land,OPENMETEO_2026-09-02,VERIFIED,,,,,,MISSING,,,1.8146666666666669,True,DAHITI,DAHITI_2026-09-12T2014,VERIFIED,,,,,,MISSING,inference_only,MONTHLY_FEATURE_V2_2026-10-03
MyTho,2010-05,,,,,,,26.4,19.09,,5,transition,126.9,29.493548387096773,3.357741935483871,Open-Meteo_ERA5-Land,OPENMETEO_2026-09-02,VERIFIED,,,,,,MISSING,,,1.7943333333333331,True,DAHITI,DAHITI_2026-09-12T2014,VERIFIED,,,,,,MISSING,inference_only,MONTHLY_FEATURE_V2_2026-10-03
MyTho,2010-06,,,,,,,,26.4,22.4,6,wet,294.5,27.44333333333333,3.442,Open-Meteo_ERA5-Land,OPENMETEO_2026-09-02,VERIFIED,,,,,,MISSING,,,1.8283333333333331,True,DAHITI,DAHITI_2026-09-12T2014,VERIFIED,,,,,,MISSING,inference_only,MONTHLY_FEATURE_V2_2026-10-03
MyTho,2010-07,27.2,1.0,MRC_WRUP_VN_019805,MRC_EXPORT_2026-08-31,VERIFIED,,,,17.8,7,wet,289.3,26.748387096774195,3.3593548387096774,Open-Meteo_ERA5-Land,OPENMETEO_2026-09-02,VERIFIED,,,,,,MISSING,,,1.82525,True,DAHITI,DAHITI_2026-09-12T2014,VERIFIED,,,,,,MISSING,train_candidate,MONTHLY_FEATURE_V2_2026-10-03
MyTho,2010-08,18.7,1.0,MRC_WRUP_VN_019805,MRC_EXPORT_2026-08-31,VERIFIED,27.2,,,10.1,8,wet,273.9,26.570967741935487,3.5390322580645157,Open-Meteo_ERA5-Land,OPENMETEO_2026-09-02,VERIFIED,,,,,,MISSING,,,1.9386666666666663,True,DAHITI,DAHITI_2026-09-12T2014,VERIFIED,,,,,,MISSING,train_candidate,MONTHLY_FEATURE_V2_2026-10-03
MyTho,2010-09,17.6,1.0,MRC_WRUP_VN_019805,MRC_EXPORT_2026-08-31,VERIFIED,18.7,27.2,,13.41,9,wet,292.3,26.703333333333333,2.8506666666666667,Open-Meteo_ERA5-Land,OPENMETEO_2026-09-02,VERIFIED,,,,,,MISSING,,,2.077,True,DAHITI,DAHITI_2026-09-12T2014,VERIFIED,,,,,,MISSING,train_candidate,MONTHLY_FEATURE_V2_2026-10-03
MyTho,2010-10,15.78,1.0,MRC_WRUP_VN_019805,MRC_EXPORT_2026-08-31,VERIFIED,17.6,18.7,27.2,11.26,10,wet,412.9,25.580645161290324,3.106451612903226,Open-Meteo_ERA5-Land,OPENMETEO_2026-09-02,VERIFIED,,,,,,MISSING,,,2.438,True,DAHITI,DAHITI_2026-09-12T2014,VERIFIED,,,,,,MISSING,train_candidate,MONTHLY_FEATURE_V2_2026-10-03
MyTho,2010-11,15.43,1.0,MRC_WRUP_VN_019805,MRC_EXPORT_2026-08-31,VERIFIED,15.78,17.6,18.7,12.44,11,wet,348.6,25.416666666666668,2.5683333333333334,Open-Meteo_ERA5-Land,OPENMETEO_2026-09-02,VERIFIED,,,,,,MISSING,,,2.558333333333333,True,DAHITI,DAHITI_2026-09-12T2014,VERIFIED,,,,,,MISSING,train_candidate,MONTHLY_FEATURE_V2_2026-10-03
MyTho,2010-12,19.12,1.0,MRC_WRUP_VN_019805,MRC_EXPORT_2026-08-31,VERIFIED,15.43,15.78,17.6,14.38,12,dry,93.6,25.42258064516129,2.3970967741935483,Open-Meteo_ERA5-Land,OPENMETEO_2026-09-02,VERIFIED,,,,,,MISSING,,,2.2503333333333333,True,DAHITI,DAHITI_2026-09-12T2014,VERIFIED,,,,,,MISSING,train_candidate,MONTHLY_FEATURE_V2_2026-10-03
MyTho,2011-01,17.63,1.0,MRC_WRUP_VN_019805,MRC_EXPORT_2026-08-31,VERIFIED,19.12,15.43,15.78,18.1,1,dry,37.6,25.074193548387097,2.649677419354839,Open-Meteo_ERA5-Land,OPENMETEO_2026-09-02,VERIFIED,,,,,,MISSING,,,1.977,True,DAHITI,DAHITI_2026-09-12T2014,VERIFIED,,,,,,MISSING,train_candidate,MONTHLY_FEATURE_V2_2026-10-03
MyTho,2011-02,25.2,1.0,MRC_WRUP_VN_019805,MRC_EXPORT_2026-08-31,VERIFIED,17.63,19.12,15.43,19.09,2,dry,2.4,26.010714285714283,3.6703571428571427,Open-Meteo_ERA5-Land,OPENMETEO_2026-09-02,VERIFIED,,,,,,MISSING,,,1.8766666666666667,True,DAHITI,DAHITI_2026-09-12T2014,VERIFIED,,,,,,MISSING,train_candidate,MONTHLY_FEATURE_V2_2026-10-03
MyTho,2011-03,29.0,1.0,MRC_WRUP_VN_019805,MRC_EXPORT_2026-08-31,VERIFIED,25.2,17.63,19.12,26.4,3,dry,98.60000000000001,26.625806451612902,3.670645161290323,Open-Meteo_ERA5-Land,OPENMETEO_2026-09-02,VERIFIED,,,,,,MISSING,,,1.9453333333333331,True,DAHITI,DAHITI_2026-09-12T2014,VERIFIED,,,,,,MISSING,train_candidate,MONTHLY_FEATURE_V2_2026-10-03
MyTho,2011-04,23.8,1.0,MRC_WRUP_VN_019805,MRC_EXPORT_2026-08-31,VERIFIED,29.0,25.2,17.63,,4,transition,96.0,27.246666666666666,3.3253333333333335,Open-Meteo_ERA5-Land,OPENMETEO_2026-09-02,VERIFIED,,,,,,MISSING,,,1.9886666666666664,True,DAHITI,DAHITI_2026-09-12T2014,VERIFIED,,,,,,MISSING,train_candidate,MONTHLY_FEATURE_V2_2026-10-03
MyTho,2011-05,26.1,1.0,MRC_WRUP_VN_019805,MRC_EXPORT_2026-08-31,VERIFIED,23.8,29.0,25.2,,5,transition,268.9,27.287096774193547,3.0164516129032255,Open-Meteo_ERA5-Land,OPENMETEO_2026-09-02,VERIFIED,,,,,,MISSING,,,1.8113333333333332,True,DAHITI,DAHITI_2026-09-12T2014,VERIFIED,,,,,,MISSING,train_candidate,MONTHLY_FEATURE_V2_2026-10-03
MyTho,2011-06,22.4,1.0,MRC_WRUP_VN_019805,MRC_EXPORT_2026-08-31,VERIFIED,26.1,23.8,29.0,,6,wet,223.3,26.746666666666666,4.1066666666666665,Open-Meteo_ERA5-Land,OPENMETEO_2026-09-02,VERIFIED,,,,,,MISSING,,,1.8783333333333327,True,DAHITI,DAHITI_2026-09-12T2014,VERIFIED,,,,,,MISSING,train_candidate,MONTHLY_FEATURE_V2_2026-10-03
MyTho,2011-07,14.97,1.0,MRC_WRUP_VN_019805,MRC_EXPORT_2026-08-31,VERIFIED,22.4,26.1,23.8,27.2,7,wet,227.79999999999998,26.593548387096774,4.043225806451613,Open-Meteo_ERA5-Land,OPENMETEO_2026-09-02,VERIFIED,,,,,,MISSING,,,1.839,True,DAHITI,DAHITI_2026-09-12T2014,VERIFIED,,,,,,MISSING,train_candidate,MONTHLY_FEATURE_V2_2026-10-03
MyTho,2011-08,11.2,1.0,MRC_WRUP_VN_019805,MRC_EXPORT_2026-08-31,VERIFIED,14.97,22.4,26.1,18.7,8,wet,289.0,26.509677419354837,3.668709677419355,Open-Meteo_ERA5-Land,OPENMETEO_2026-09-02,VERIFIED,,,,,,MISSING,,,2.11575,True,DAHITI,DAHITI_2026-09-12T2014,VERIFIED,,,,,,MISSING,train_candidate,MONTHLY_FEATURE_V2_2026-10-03
MyTho,2011-09,12.0,1.0,MRC_WRUP_VN_019805,MRC_EXPORT_2026-08-31,VERIFIED,11.2,14.97,22.4,17.6,9,wet,320.5,25.966666666666665,4.444999999999999,Open-Meteo_ERA5-Land,OPENMETEO_2026-09-02,VERIFIED,,,,,,MISSING,,,2.7983333333333333,True,DAHITI,DAHITI_2026-09-12T2014,VERIFIED,,,,,,MISSING,train_candidate,MONTHLY_FEATURE_V2_2026-10-03
MyTho,2011-10,13.9,1.0,MRC_WRUP_VN_019805,MRC_EXPORT_2026-08-31,VERIFIED,12.0,11.2,14.97,15.78,10,wet,224.29999999999998,26.23548387096774,3.0341935483870968,Open-Meteo_ERA5-Land,OPENMETEO_2026-09-02,VERIFIED,,,,,,MISSING,,,3.973,True,DAHITI,DAHITI_2026-09-12T2014,VERIFIED,,,,,,MISSING,train_candidate,MONTHLY_FEATURE_V2_2026-10-03
MyTho,2011-11,12.8,1.0,MRC_WRUP_VN_019805,MRC_EXPORT_2026-08-31,VERIFIED,13.9,12.0,11.2,15.43,11,wet,197.1,26.433333333333334,2.8483333333333336,Open-Meteo_ERA5-Land,OPENMETEO_2026-09-02,VERIFIED,,,,,,MISSING,,,3.3353333333333333,True,DAHITI,DAHITI_2026-09-12T2014,VERIFIED,,,,,,MISSING,train_candidate,MONTHLY_FEATURE_V2_2026-10-03
MyTho,2011-12,14.3,1.0,MRC_WRUP_VN_019805,MRC_EXPORT_2026-08-31,VERIFIED,12.8,13.9,12.0,19.12,12,dry,86.4,25.103225806451615,2.7719354838709678,Open-Meteo_ERA5-Land,OPENMETEO_2026-09-02,VERIFIED,,,,,,MISSING,,,2.451,True,DAHITI,DAHITI_2026-09-12T2014,VERIFIED,,,,,,MISSING,train_candidate,MONTHLY_FEATURE_V2_2026-10-03
MyTho,2012-01,13.1,1.0,MRC_WRUP_VN_019805,MRC_EXPORT_2026-08-31,VERIFIED,14.3,12.8,13.9,17.63,1,dry,33.1,25.683870967741935,3.3535483870967746,Open-Meteo_ERA5-Land,OPENMETEO_2026-09-02,VERIFIED,,,,,,MISSING,,,1.9266666666666663,True,DAHITI,DAHITI_2026-09-12T2014,VERIFIED,,,,,,MISSING,train_candidate,MONTHLY_FEATURE_V2_2026-10-03
MyTho,2012-02,15.5,1.0,MRC_WRUP_VN_019805,MRC_EXPORT_2026-08-31,VERIFIED,13.1,14.3,12.8,25.2,2,dry,32.7,26.5,3.3210344827586207,Open-Meteo_ERA5-Land,OPENMETEO_2026-09-02,VERIFIED,,,,,,MISSING,,,1.7746666666666666,True,DAHITI,DAHITI_2026-09-12T2014,VERIFIED,,,,,,MISSING,train_candidate,MONTHLY_FEATURE_V2_2026-10-03
MyTho,2012-03,17.3,1.0,MRC_WRUP_VN_019805,MRC_EXPORT_2026-08-31,VERIFIED,15.5,13.1,14.3,29.0,3,dry,114.5,27.783870967741933,3.4706451612903226,Open-Meteo_ERA5-Land,OPENMETEO_2026-09-02,VERIFIED,,,,,,MISSING,,,1.956,True,DAHITI,DAHITI_2026-09-12T2014,VERIFIED,,,,,,MISSING,train_candidate,MONTHLY_FEATURE_V2_2026-10-03
MyTho,2012-04,,,,,,17.3,15.5,13.1,23.8,4,transition,118.1,27.596666666666668,3.2693333333333334,Open-Meteo_ERA5-Land,OPENMETEO_2026-09-02,VERIFIED,,,,,,MISSING,,,1.7163333333333333,True,DAHITI,DAHITI_2026-09-12T2014,VERIFIED,,,,,,MISSING,inference_only,MONTHLY_FEATURE_V2_2026-10-03
MyTho,2012-05,50.7,1.0,MRC_WRUP_VN_019805,MRC_EXPORT_2026-08-31,VERIFIED,,17.3,15.5,26.1,5,transition,271.3,27.10967741935484,3.784838709677419,Open-Meteo_ERA5-Land,OPENMETEO_2026-09-02,VERIFIED,,,,,,MISSING,,,1.887,True,DAHITI,DAHITI_2026-09-12T2014,VERIFIED,,,,,,MISSING,train_candidate,MONTHLY_FEATURE_V2_2026-10-03
MyTho,2012-06,,,,,,50.7,,17.3,22.4,6,wet,222.1,27.013333333333332,4.6483333333333325,Open-Meteo_ERA5-Land,OPENMETEO_2026-09-02,VERIFIED,,,,,,MISSING,,,1.784333333333333,True,DAHITI,DAHITI_2026-09-12T2014,VERIFIED,,,,,,MISSING,inference_only,MONTHLY_FEATURE_V2_2026-10-03
MyTho,2012-07,18.84,1.0,MRC_WRUP_VN_019805,MRC_EXPORT_2026-08-31,VERIFIED,,50.7,,14.97,7,wet,272.2,26.44516129032258,4.118064516129032,Open-Meteo_ERA5-Land,OPENMETEO_2026-09-02,VERIFIED,,,,,,MISSING,,,1.8676666666666664,True,DAHITI,DAHITI_2026-09-12T2014,VERIFIED,,,,,,MISSING,train_candidate,MONTHLY_FEATURE_V2_2026-10-03
MyTho,2012-08,14.9,1.0,MRC_WRUP_VN_019805,MRC_EXPORT_2026-08-31,VERIFIED,18.84,,50.7,11.2,8,wet,194.6,26.725806451612904,4.525483870967742,Open-Meteo_ERA5-Land,OPENMETEO_2026-09-02,VERIFIED,,,,,,MISSING,,,1.8825,True,DAHITI,DAHITI_2026-09-12T2014,VERIFIED,,,,,,MISSING,train_candidate,MONTHLY_FEATURE_V2_2026-10-03
MyTho,2012-09,16.59,1.0,MRC_WRUP_VN_019805,MRC_EXPORT_2026-08-31,VERIFIED,14.9,18.84,,12.0,9,wet,388.3,25.44,3.7176666666666667,Open-Meteo_ERA5-Land,OPENMETEO_2026-09-02,VERIFIED,,,,,,MISSING,,,2.067,True,DAHITI,DAHITI_2026-09-12T2014,VERIFIED,,,,,,MISSING,train_candidate,MONTHLY_FEATURE_V2_2026-10-03
MyTho,2012-10,13.28,1.0,MRC_WRUP_VN_019805,MRC_EXPORT_2026-08-31,VERIFIED,16.59,14.9,18.84,13.9,10,wet,219.6,26.345161290322583,2.648064516129032,Open-Meteo_ERA5-Land,OPENMETEO_2026-09-02,VERIFIED,,,,,,MISSING,,,2.5692500000000003,True,DAHITI,DAHITI_2026-09-12T2014,VERIFIED,,,,,,MISSING,train_candidate,MONTHLY_FEATURE_V2_2026-10-03
MyTho,2012-11,15.2,1.0,MRC_WRUP_VN_019805,MRC_EXPORT_2026-08-31,VERIFIED,13.28,16.59,14.9,12.8,11,wet,135.3,26.563333333333333,3.4276666666666666,Open-Meteo_ERA5-Land,OPENMETEO_2026-09-02,VERIFIED,,,,,,MISSING,,,2.2456666666666667,True,DAHITI,DAHITI_2026-09-12T2014,VERIFIED,,,,,,MISSING,train_candidate,MONTHLY_FEATURE_V2_2026-10-03
MyTho,2012-12,15.1,1.0,MRC_WRUP_VN_019805,MRC_EXPORT_2026-08-31,VERIFIED,15.2,13.28,16.59,14.3,12,dry,19.7,27.11935483870968,3.2070967741935483,Open-Meteo_ERA5-Land,OPENMETEO_2026-09-02,VERIFIED,,,,,,MISSING,,,2.061,True,DAHITI,DAHITI_2026-09-12T2014,VERIFIED,,,,,,MISSING,train_candidate,MONTHLY_FEATURE_V2_2026-10-03
MyTho,2013-01,17.03,1.0,MRC_WRUP_VN_019805,MRC_EXPORT_2026-08-31,VERIFIED,15.1,15.2,13.28,13.1,1,dry,66.6,25.690322580645162,3.291935483870968,Open-Meteo_ERA5-Land,OPENMETEO_2026-09-02,VERIFIED,,,,,,MISSING,,,1.8243333333333331,True,DAHITI,DAHITI_2026-09-12T2014,VERIFIED,,,,,,MISSING,train_candidate,MONTHLY_FEATURE_V2_2026-10-03
MyTho,2013-02,22.8,1.0,MRC_WRUP_VN_019805,MRC_EXPORT_2026-08-31,VERIFIED,17.03,15.1,15.2,15.5,2,dry,14.099999999999998,27.139285714285712,4.239285714285715,Open-Meteo_ERA5-Land,OPENMETEO_2026-09-02,VERIFIED,,,,,,MISSING,,,1.8545,True,DAHITI,DAHITI_2026-09-12T2014,VERIFIED,,,,,,MISSING,train_candidate,MONTHLY_FEATURE_V2_2026-10-03
MyTho,2013-03,,,,,,22.8,17.03,15.1,17.3,3,dry,9.8,28.274193548387096,3.6961290322580647,Open-Meteo_ERA5-Land,OPENMETEO_2026-09-02,VERIFIED,,,,,,MISSING,,,1.88,True,DAHITI,DAHITI_2026-09-12T2014,VERIFIED,,,,,,MISSING,inference_only,MONTHLY_FEATURE_V2_2026-10-03
MyTho,2013-04,,,,,,,22.8,17.03,,4,transition,145.7,28.453333333333333,3.3473333333333333,Open-Meteo_ERA5-Land,OPENMETEO_2026-09-02,VERIFIED,,,,,,MISSING,,,1.842,True,DAHITI,DAHITI_2026-09-12T2014,VERIFIED,,,,,,MISSING,inference_only,MONTHLY_FEATURE_V2_2026-10-03
MyTho,2013-05,27.2,1.0,MRC_WRUP_VN_019805,MRC_EXPORT_2026-08-31,VERIFIED,,,22.8,50.7,5,transition,241.2,27.86774193548387,3.169677419354839,Open-Meteo_ERA5-Land,OPENMETEO_2026-09-02,VERIFIED,,,,,,MISSING,,,1.905,True,DAHITI,DAHITI_2026-09-12T2014,VERIFIED,,,,,,MISSING,train_candidate,MONTHLY_FEATURE_V2_2026-10-03
MyTho,2013-06,21.7,1.0,MRC_WRUP_VN_019805,MRC_EXPORT_2026-08-31,VERIFIED,27.2,,,,6,wet,281.9,26.716666666666665,3.5923333333333334,Open-Meteo_ERA5-Land,OPENMETEO_2026-09-02,VERIFIED,,,,,,MISSING,,,1.8793333333333333,True,DAHITI,DAHITI_2026-09-12T2014,VERIFIED,,,,,,MISSING,train_candidate,MONTHLY_FEATURE_V2_2026-10-03
MyTho,2013-07,20.2,1.0,MRC_WRUP_VN_019805,MRC_EXPORT_2026-08-31,VERIFIED,21.7,27.2,,18.84,7,wet,286.2,26.23225806451613,3.9670967741935486,Open-Meteo_ERA5-Land,OPENMETEO_2026-09-02,VERIFIED,,,,,,MISSING,,,1.8783333333333327,True,DAHITI,DAHITI_2026-09-12T2014,VERIFIED,,,,,,MISSING,train_candidate,MONTHLY_FEATURE_V2_2026-10-03
MyTho,2013-08,16.67,1.0,MRC_WRUP_VN_019805,MRC_EXPORT_2026-08-31,VERIFIED,20.2,21.7,27.2,14.9,8,wet,246.7,26.25483870967742,4.2212903225806455,Open-Meteo_ERA5-Land,OPENMETEO_2026-09-02,VERIFIED,,,,,,MISSING,,,1.998,True,DAHITI,DAHITI_2026-09-12T2014,VERIFIED,,,,,,MISSING,train_candidate,MONTHLY_FEATURE_V2_2026-10-03
MyTho,2013-09,20.8,1.0,MRC_WRUP_VN_019805,MRC_EXPORT_2026-08-31,VERIFIED,16.67,20.2,21.7,16.59,9,wet,249.9,26.28666666666667,3.759333333333333,Open-Meteo_ERA5-Land,OPENMETEO_2026-09-02,VERIFIED,,,,,,MISSING,,,2.16,True,DAHITI,DAHITI_2026-09-12T2014,VERIFIED,,,,,,MISSING,train_candidate,MONTHLY_FEATURE_V2_2026-10-03
MyTho,2013-10,14.37,1.0,MRC_WRUP_VN_019805,MRC_EXPORT_2026-08-31,VERIFIED,20.8,16.67,20.2,13.28,10,wet,223.70000000000002,25.990322580645163,2.866774193548387,Open-Meteo_ERA5-Land,OPENMETEO_2026-09-02,VERIFIED,,,,,,MISSING,,,2.799,True,DAHITI,DAHITI_2026-09-12T2014,VERIFIED,,,,,,MISSING,train_candidate,MONTHLY_FEATURE_V2_2026-10-03
MyTho,2013-11,14.52,1.0,MRC_WRUP_VN_019805,MRC_EXPORT_2026-08-31,VERIFIED,14.37,20.8,16.67,15.2,11,wet,140.3,26.13,2.9903333333333335,Open-Meteo_ERA5-Land,OPENMETEO_2026-09-02,VERIFIED,,,,,,MISSING,,,2.8703333333333334,True,DAHITI,DAHITI_2026-09-12T2014,VERIFIED,,,,,,MISSING,train_candidate,MONTHLY_FEATURE_V2_2026-10-03
MyTho,2013-12,13.92,1.0,MRC_WRUP_VN_019805,MRC_EXPORT_2026-08-31,VERIFIED,14.52,14.37,20.8,15.1,12,dry,25.499999999999996,25.08709677419355,2.5412903225806454,Open-Meteo_ERA5-Land,OPENMETEO_2026-09-02,VERIFIED,,,,,,MISSING,,,2.26175,True,DAHITI,DAHITI_2026-09-12T2014,VERIFIED,,,,,,MISSING,train_candidate,MONTHLY_FEATURE_V2_2026-10-03
MyTho,2014-01,15.76,1.0,MRC_WRUP_VN_019805,MRC_EXPORT_2026-08-31,VERIFIED,13.92,14.52,14.37,17.03,1,dry,6.7,24.451612903225808,2.9977419354838712,Open-Meteo_ERA5-Land,OPENMETEO_2026-09-02,VERIFIED,,,,,,MISSING,,,1.909333333333333,True,DAHITI,DAHITI_2026-09-12T2014,VERIFIED,,,,,,MISSING,train_candidate,MONTHLY_FEATURE_V2_2026-10-03
MyTho,2014-02,14.6,1.0,MRC_WRUP_VN_019805,MRC_EXPORT_2026-08-31,VERIFIED,15.76,13.92,14.52,22.8,2,dry,3.3,25.478571428571428,3.808928571428571,Open-Meteo_ERA5-Land,OPENMETEO_2026-09-02,VERIFIED,,,,,,MISSING,,,1.8385,True,DAHITI,DAHITI_2026-09-12T2014,VERIFIED,,,,,,MISSING,train_candidate,MONTHLY_FEATURE_V2_2026-10-03
MyTho,2014-03,20.9,1.0,MRC_WRUP_VN_019805,MRC_EXPORT_2026-08-31,VERIFIED,14.6,15.76,13.92,,3,dry,6.1,27.60967741935484,4.25,Open-Meteo_ERA5-Land,OPENMETEO_2026-09-02,VERIFIED,,,,,,MISSING,,,1.872,True,DAHITI,DAHITI_2026-09-12T2014,VERIFIED,,,,,,MISSING,train_candidate,MONTHLY_FEATURE_V2_2026-10-03
MyTho,2014-04,24.2,1.0,MRC_WRUP_VN_019805,MRC_EXPORT_2026-08-31,VERIFIED,20.9,14.6,15.76,,4,transition,70.7,28.756666666666668,2.7329999999999997,Open-Meteo_ERA5-Land,OPENMETEO_2026-09-02,VERIFIED,,,,,,MISSING,,,1.7966666666666666,True,DAHITI,DAHITI_2026-09-12T2014,VERIFIED,,,,,,MISSING,train_candidate,MONTHLY_FEATURE_V2_2026-10-03
MyTho,2014-05,23.1,1.0,MRC_WRUP_VN_019805,MRC_EXPORT_2026-08-31,VERIFIED,24.2,20.9,14.6,27.2,5,transition,176.7,28.4,2.9706451612903226,Open-Meteo_ERA5-Land,OPENMETEO_2026-09-02,VERIFIED,,,,,,MISSING,,,1.9006666666666667,True,DAHITI,DAHITI_2026-09-12T2014,VERIFIED,,,,,,MISSING,train_candidate,MONTHLY_FEATURE_V2_2026-10-03
MyTho,2014-06,25.2,1.0,MRC_WRUP_VN_019805,MRC_EXPORT_2026-08-31,VERIFIED,23.1,24.2,20.9,21.7,6,wet,263.7,27.183333333333334,4.010666666666667,Open-Meteo_ERA5-Land,OPENMETEO_2026-09-02,VERIFIED,,,,,,MISSING,,,1.923,True,DAHITI,DAHITI_2026-09-12T2014,VERIFIED,,,,,,MISSING,train_candidate,MONTHLY_FEATURE_V2_2026-10-03
MyTho,2014-07,12.9,1.0,MRC_WRUP_VN_019805,MRC_EXPORT_2026-08-31,VERIFIED,25.2,23.1,24.2,20.2,7,wet,276.9,26.483870967741936,4.245483870967742,Open-Meteo_ERA5-Land,OPENMETEO_2026-09-02,VERIFIED,,,,,,MISSING,,,1.8976666666666664,True,DAHITI,DAHITI_2026-09-12T2014,VERIFIED,,,,,,MISSING,train_candidate,MONTHLY_FEATURE_V2_2026-10-03
MyTho,2014-08,11.87,1.0,MRC_WRUP_VN_019805,MRC_EXPORT_2026-08-31,VERIFIED,12.9,25.2,23.1,16.67,8,wet,253.7,26.58709677419355,3.565483870967742,Open-Meteo_ERA5-Land,OPENMETEO_2026-09-02,VERIFIED,,,,,,MISSING,,,2.2205,True,DAHITI,DAHITI_2026-09-12T2014,VERIFIED,,,,,,MISSING,train_candidate,MONTHLY_FEATURE_V2_2026-10-03
MyTho,2014-09,12.16,1.0,MRC_WRUP_VN_019805,MRC_EXPORT_2026-08-31,VERIFIED,11.87,12.9,25.2,20.8,9,wet,206.5,26.396666666666665,3.6123333333333334,Open-Meteo_ERA5-Land,OPENMETEO_2026-09-02,VERIFIED,,,,,,MISSING,,,2.242,True,DAHITI,DAHITI_2026-09-12T2014,VERIFIED,,,,,,MISSING,train_candidate,MONTHLY_FEATURE_V2_2026-10-03
MyTho,2014-10,14.48,1.0,MRC_WRUP_VN_019805,MRC_EXPORT_2026-08-31,VERIFIED,12.16,11.87,12.9,14.37,10,wet,308.6,26.161290322580644,2.583870967741935,Open-Meteo_ERA5-Land,OPENMETEO_2026-09-02,VERIFIED,,,,,,MISSING,,,2.450333333333333,True,DAHITI,DAHITI_2026-09-12T2014,VERIFIED,,,,,,MISSING,train_candidate,MONTHLY_FEATURE_V2_2026-10-03
MyTho,2014-11,13.91,1.0,MRC_WRUP_VN_019805,MRC_EXPORT_2026-08-31,VERIFIED,14.48,12.16,11.87,14.52,11,wet,141.6,26.623333333333335,2.8346666666666667,Open-Meteo_ERA5-Land,OPENMETEO_2026-09-02,VERIFIED,,,,,,MISSING,,,2.353333333333333,True,DAHITI,DAHITI_2026-09-12T2014,VERIFIED,,,,,,MISSING,train_candidate,MONTHLY_FEATURE_V2_2026-10-03
MyTho,2014-12,16.0,1.0,MRC_WRUP_VN_019805,MRC_EXPORT_2026-08-31,VERIFIED,13.91,14.48,12.16,13.92,12,dry,105.5,25.67096774193548,3.105483870967742,Open-Meteo_ERA5-Land,OPENMETEO_2026-09-02,VERIFIED,,,,,,MISSING,,,2.055,True,DAHITI,DAHITI_2026-09-12T2014,VERIFIED,,,,,,MISSING,train_candidate,MONTHLY_FEATURE_V2_2026-10-03
MyTho,2015-01,18.16,1.0,MRC_WRUP_VN_019805,MRC_EXPORT_2026-08-31,VERIFIED,16.0,13.91,14.48,15.76,1,dry,17.2,24.929032258064513,3.2129032258064516,Open-Meteo_ERA5-Land,OPENMETEO_2026-09-02,VERIFIED,,,,,,MISSING,,,1.8536666666666664,True,DAHITI,DAHITI_2026-09-12T2014,VERIFIED,,,,,,MISSING,train_candidate,MONTHLY_FEATURE_V2_2026-10-03
MyTho,2015-02,,,,,,18.16,16.0,13.91,14.6,2,dry,1.7,25.353571428571428,3.879642857142857,Open-Meteo_ERA5-Land,OPENMETEO_2026-09-02,VERIFIED,,,,,,MISSING,,,1.8176666666666668,True,DAHITI,DAHITI_2026-09-12T2014,VERIFIED,,,,,,MISSING,inference_only,MONTHLY_FEATURE_V2_2026-10-03
MyTho,2015-03,42.5,1.0,MRC_WRUP_VN_019805,MRC_EXPORT_2026-08-31,VERIFIED,,18.16,16.0,20.9,3,dry,2.3,27.532258064516128,4.2380645161290325,Open-Meteo_ERA5-Land,OPENMETEO_2026-09-02,VERIFIED,,,,,,MISSING,,,1.897,True,DAHITI,DAHITI_2026-09-12T2014,VERIFIED,,,,,,MISSING,train_candidate,MONTHLY_FEATURE_V2_2026-10-03
MyTho,2015-04,31.1,1.0,MRC_WRUP_VN_019805,MRC_EXPORT_2026-08-31,VERIFIED,42.5,,18.16,24.2,4,transition,40.400000000000006,28.743333333333332,3.392333333333333,Open-Meteo_ERA5-Land,OPENMETEO_2026-09-02,VERIFIED,,,,,,MISSING,,,1.8805,True,DAHITI,DAHITI_2026-09-12T2014,VERIFIED,,,,,,MISSING,train_candidate,MONTHLY_FEATURE_V2_2026-10-03
MyTho,2015-05,29.3,1.0,MRC_WRUP_VN_019805,MRC_EXPORT_2026-08-31,VERIFIED,31.1,42.5,,23.1,5,transition,110.6,29.200000000000003,3.250967741935484,Open-Meteo_ERA5-Land,OPENMETEO_2026-09-02,VERIFIED,,,,,,MISSING,,,1.87975,True,DAHITI,DAHITI_2026-09-12T2014,VERIFIED,,,,,,MISSING,train_candidate,MONTHLY_FEATURE_V2_2026-10-03
MyTho,2015-06,40.6,1.0,MRC_WRUP_VN_019805,MRC_EXPORT_2026-08-31,VERIFIED,29.3,31.1,42.5,25.2,6,wet,174.6,27.563333333333333,3.5323333333333333,Open-Meteo_ERA5-Land,OPENMETEO_2026-09-02,VERIFIED,,,,,,MISSING,,,1.789,True,DAHITI,DAHITI_2026-09-12T2014,VERIFIED,,,,,,MISSING,train_candidate,MONTHLY_FEATURE_V2_2026-10-03
MyTho,2015-07,21.4,1.0,MRC_WRUP_VN_019805,MRC_EXPORT_2026-08-31,VERIFIED,40.6,29.3,31.1,12.9,7,wet,157.7,27.23548387096774,4.1496774193548385,Open-Meteo_ERA5-Land,OPENMETEO_2026-09-02,VERIFIED,,,,,,MISSING,,,1.831,True,DAHITI,DAHITI_2026-09-12T2014,VERIFIED,,,,,,MISSING,train_candidate,MONTHLY_FEATURE_V2_2026-10-03
MyTho,2015-08,14.4,1.0,MRC_WRUP_VN_019805,MRC_EXPORT_2026-08-31,VERIFIED,21.4,40.6,29.3,11.87,8,wet,238.3,26.883870967741935,3.904193548387097,Open-Meteo_ERA5-Land,OPENMETEO_2026-09-02,VERIFIED,,,,,,MISSING,,,1.8683333333333332,True,DAHITI,DAHITI_2026-09-12T2014,VERIFIED,,,,,,MISSING,train_candidate,MONTHLY_FEATURE_V2_2026-10-03
MyTho,2015-09,13.9,1.0,MRC_WRUP_VN_019805,MRC_EXPORT_2026-08-31,VERIFIED,14.4,21.4,40.6,12.16,9,wet,285.2,26.623333333333335,3.6443333333333334,Open-Meteo_ERA5-Land,OPENMETEO_2026-09-02,VERIFIED,,,,,,MISSING,,,2.0323333333333333,True,DAHITI,DAHITI_2026-09-12T2014,VERIFIED,,,,,,MISSING,train_candidate,MONTHLY_FEATURE_V2_2026-10-03
MyTho,2015-10,12.08,1.0,MRC_WRUP_VN_019805,MRC_EXPORT_2026-08-31,VERIFIED,13.9,14.4,21.4,14.48,10,wet,266.5,26.66774193548387,2.7580645161290325,Open-Meteo_ERA5-Land,OPENMETEO_2026-09-02,VERIFIED,,,,,,MISSING,,,2.1726666666666667,True,DAHITI,DAHITI_2026-09-12T2014,VERIFIED,,,,,,MISSING,train_candidate,MONTHLY_FEATURE_V2_2026-10-03
MyTho,2015-11,13.86,1.0,MRC_WRUP_VN_019805,MRC_EXPORT_2026-08-31,VERIFIED,12.08,13.9,14.4,13.91,11,wet,126.2,26.87,3.353333333333333,Open-Meteo_ERA5-Land,OPENMETEO_2026-09-02,VERIFIED,,,,,,MISSING,,,2.0940000000000003,True,DAHITI,DAHITI_2026-09-12T2014,VERIFIED,,,,,,MISSING,train_candidate,MONTHLY_FEATURE_V2_2026-10-03
MyTho,2015-12,16.9,1.0,MRC_WRUP_VN_019805,MRC_EXPORT_2026-08-31,VERIFIED,13.86,12.08,13.9,16.0,12,dry,49.2,26.67096774193548,3.478709677419355,Open-Meteo_ERA5-Land,OPENMETEO_2026-09-02,VERIFIED,,,,,,MISSING,,,1.854,True,DAHITI,DAHITI_2026-09-12T2014,VERIFIED,,,,,,MISSING,train_candidate,MONTHLY_FEATURE_V2_2026-10-03
MyTho,2016-01,,,,,,16.9,13.86,12.08,18.16,1,dry,4.5,27.141935483870967,3.8570967741935482,Open-Meteo_ERA5-Land,OPENMETEO_2026-09-02,VERIFIED,,,,,,MISSING,,,1.838,True,DAHITI,DAHITI_2026-09-12T2014,VERIFIED,,,,,,MISSING,inference_only,MONTHLY_FEATURE_V2_2026-10-03
MyTho,2016-02,,,,,,,16.9,13.86,,2,dry,2.1,26.975862068965515,3.770344827586207,Open-Meteo_ERA5-Land,OPENMETEO_2026-09-02,VERIFIED,,,,,,MISSING,,,1.7913333333333334,True,DAHITI,DAHITI_2026-09-12T2014,VERIFIED,,,,,,MISSING,inference_only,MONTHLY_FEATURE_V2_2026-10-03
MyTho,2016-03,,,,,,,,16.9,42.5,3,dry,0.1,27.761290322580646,3.898064516129032,Open-Meteo_ERA5-Land,OPENMETEO_2026-09-02,VERIFIED,,,,,,MISSING,,,1.7206666666666666,True,DAHITI,DAHITI_2026-09-12T2014,VERIFIED,,,,,,MISSING,inference_only,MONTHLY_FEATURE_V2_2026-10-03
MyTho,2016-04,,,,,,,,,31.1,4,transition,5.0,29.67,3.2953333333333332,Open-Meteo_ERA5-Land,OPENMETEO_2026-09-02,VERIFIED,,,,,,MISSING,,,1.8653333333333333,True,DAHITI,DAHITI_2026-09-12T2014,VERIFIED,,,,,,MISSING,inference_only,MONTHLY_FEATURE_V2_2026-10-03
MyTho,2016-05,,,,,,,,,29.3,5,transition,198.1,29.02258064516129,3.44741935483871,Open-Meteo_ERA5-Land,OPENMETEO_2026-09-02,VERIFIED,,,,,,MISSING,,,1.769,True,DAHITI,DAHITI_2026-09-12T2014,VERIFIED,,,,,,MISSING,inference_only,MONTHLY_FEATURE_V2_2026-10-03
MyTho,2016-06,32.3,1.0,MRC_WRUP_VN_019805,MRC_EXPORT_2026-08-31,VERIFIED,,,,40.6,6,wet,249.6,27.126666666666665,3.445666666666667,Open-Meteo_ERA5-Land,OPENMETEO_2026-09-02,VERIFIED,,,,,,MISSING,,,1.74725,True,DAHITI,DAHITI_2026-09-12T2014,VERIFIED,,,,,,MISSING,train_candidate,MONTHLY_FEATURE_V2_2026-10-03
MyTho,2016-07,16.29,1.0,MRC_WRUP_VN_019805,MRC_EXPORT_2026-08-31,VERIFIED,32.3,,,21.4,7,wet,235.1,26.845161290322583,3.269032258064516,Open-Meteo_ERA5-Land,OPENMETEO_2026-09-02,VERIFIED,,,,,,MISSING,,,1.8263333333333331,True,DAHITI,DAHITI_2026-09-12T2014,VERIFIED,,,,,,MISSING,train_candidate,MONTHLY_FEATURE_V2_2026-10-03
MyTho,2016-08,15.1,1.0,MRC_WRUP_VN_019805,MRC_EXPORT_2026-08-31,VERIFIED,16.29,32.3,,14.4,8,wet,171.6,27.135483870967743,4.491612903225806,Open-Meteo_ERA5-Land,OPENMETEO_2026-09-02,VERIFIED,,,,,,MISSING,,,1.8253333333333333,True,DAHITI,DAHITI_2026-09-12T2014,VERIFIED,,,,,,MISSING,train_candidate,MONTHLY_FEATURE_V2_2026-10-03
MyTho,2016-09,23.3,1.0,MRC_WRUP_VN_019805,MRC_EXPORT_2026-08-31,VERIFIED,15.1,16.29,32.3,13.9,9,wet,289.1,26.55666666666667,3.8329999999999997,Open-Meteo_ERA5-Land,OPENMETEO_2026-09-02,VERIFIED,,,,,,MISSING,,,2.0556666666666668,True,DAHITI,DAHITI_2026-09-12T2014,VERIFIED,,,,,,MISSING,train_candidate,MONTHLY_FEATURE_V2_2026-10-03
MyTho,2016-10,14.07,1.0,MRC_WRUP_VN_019805,MRC_EXPORT_2026-08-31,VERIFIED,23.3,15.1,16.29,12.08,10,wet,492.3,25.703225806451613,3.2638709677419357,Open-Meteo_ERA5-Land,OPENMETEO_2026-09-02,VERIFIED,,,,,,MISSING,,,2.490333333333333,True,DAHITI,DAHITI_2026-09-12T2014,VERIFIED,,,,,,MISSING,train_candidate,MONTHLY_FEATURE_V2_2026-10-03
MyTho,2016-11,14.06,1.0,MRC_WRUP_VN_019805,MRC_EXPORT_2026-08-31,VERIFIED,14.07,23.3,15.1,13.86,11,wet,215.9,26.363333333333333,2.6790000000000003,Open-Meteo_ERA5-Land,OPENMETEO_2026-09-02,VERIFIED,,,,,,MISSING,,,2.4273333333333333,True,DAHITI,DAHITI_2026-09-12T2014,VERIFIED,,,,,,MISSING,train_candidate,MONTHLY_FEATURE_V2_2026-10-03
MyTho,2016-12,18.19,1.0,MRC_WRUP_VN_019805,MRC_EXPORT_2026-08-31,VERIFIED,14.06,14.07,23.3,16.9,12,dry,177.8,25.44516129032258,3.067096774193548,Open-Meteo_ERA5-Land,OPENMETEO_2026-09-02,VERIFIED,,,,,,MISSING,,,2.1626666666666665,True,DAHITI,DAHITI_2026-09-12T2014,VERIFIED,,,,,,MISSING,train_candidate,MONTHLY_FEATURE_V2_2026-10-03
MyTho,2017-01,17.15,1.0,MRC_WRUP_VN_019805,MRC_EXPORT_2026-08-31,VERIFIED,18.19,14.06,14.07,,1,dry,80.10000000000001,26.009677419354837,3.567741935483871,Open-Meteo_ERA5-Land,OPENMETEO_2026-09-02,VERIFIED,,,,,,MISSING,,,1.9715000000000005,True,DAHITI,DAHITI_2026-09-12T2014,VERIFIED,,,,,,MISSING,train_candidate,MONTHLY_FEATURE_V2_2026-10-03
MyTho,2017-02,20.2,1.0,MRC_WRUP_VN_019805,MRC_EXPORT_2026-08-31,VERIFIED,17.15,18.19,14.06,,2,dry,43.400000000000006,26.021428571428572,3.600357142857143,Open-Meteo_ERA5-Land,OPENMETEO_2026-09-02,VERIFIED,,,,,,MISSING,,,1.7353333333333334,True,DAHITI,DAHITI_2026-09-12T2014,VERIFIED,,,,,,MISSING,train_candidate,MONTHLY_FEATURE_V2_2026-10-03
MyTho,2017-03,19.34,1.0,MRC_WRUP_VN_019805,MRC_EXPORT_2026-08-31,VERIFIED,20.2,17.15,18.19,,3,dry,28.6,27.203225806451613,4.252258064516129,Open-Meteo_ERA5-Land,OPENMETEO_2026-09-02,VERIFIED,,,,,,MISSING,,,1.6976666666666669,True,DAHITI,DAHITI_2026-09-12T2014,VERIFIED,,,,,,MISSING,train_candidate,MONTHLY_FEATURE_V2_2026-10-03
MyTho,2017-04,28.4,1.0,MRC_WRUP_VN_019805,MRC_EXPORT_2026-08-31,VERIFIED,19.34,20.2,17.15,,4,transition,89.4,28.136666666666667,3.856333333333333,Open-Meteo_ERA5-Land,OPENMETEO_2026-09-02,VERIFIED,,,,,,MISSING,,,2.013333333333333,True,DAHITI,DAHITI_2026-09-12T2014,VERIFIED,,,,,,MISSING,train_candidate,MONTHLY_FEATURE_V2_2026-10-03
MyTho,2017-05,25.6,1.0,MRC_WRUP_VN_019805,MRC_EXPORT_2026-08-31,VERIFIED,28.4,19.34,20.2,,5,transition,314.1,27.44516129032258,3.1074193548387097,Open-Meteo_ERA5-Land,OPENMETEO_2026-09-02,VERIFIED,,,,,,MISSING,,,1.750333333333333,True,DAHITI,DAHITI_2026-09-12T2014,VERIFIED,,,,,,MISSING,train_candidate,MONTHLY_FEATURE_V2_2026-10-03
MyTho,2017-06,19.45,1.0,MRC_WRUP_VN_019805,MRC_EXPORT_2026-08-31,VERIFIED,25.6,28.4,19.34,32.3,6,wet,278.9,27.19,3.6510000000000002,Open-Meteo_ERA5-Land,OPENMETEO_2026-09-02,VERIFIED,,,,,,MISSING,,,1.784,True,DAHITI,DAHITI_2026-09-12T2014,VERIFIED,,,,,,MISSING,train_candidate,MONTHLY_FEATURE_V2_2026-10-03
MyTho,2017-07,16.41,1.0,MRC_WRUP_VN_019805,MRC_EXPORT_2026-08-31,VERIFIED,19.45,25.6,28.4,16.29,7,wet,352.6,26.470967741935485,4.00516129032258,Open-Meteo_ERA5-Land,OPENMETEO_2026-09-02,VERIFIED,,,,,,MISSING,,,1.858666666666667,True,DAHITI,DAHITI_2026-09-12T2014,VERIFIED,,,,,,MISSING,train_candidate,MONTHLY_FEATURE_V2_2026-10-03
MyTho,2017-08,11.84,1.0,MRC_WRUP_VN_019805,MRC_EXPORT_2026-08-31,VERIFIED,16.41,19.45,25.6,15.1,8,wet,342.6,26.36774193548387,3.576451612903226,Open-Meteo_ERA5-Land,OPENMETEO_2026-09-02,VERIFIED,,,,,,MISSING,,,2.132,True,DAHITI,DAHITI_2026-09-12T2014,VERIFIED,,,,,,MISSING,train_candidate,MONTHLY_FEATURE_V2_2026-10-03
MyTho,2017-09,13.42,1.0,MRC_WRUP_VN_019805,MRC_EXPORT_2026-08-31,VERIFIED,11.84,16.41,19.45,23.3,9,wet,234.7,26.78666666666667,3.1540000000000004,Open-Meteo_ERA5-Land,OPENMETEO_2026-09-02,VERIFIED,,,,,,MISSING,,,2.178333333333333,True,DAHITI,DAHITI_2026-09-12T2014,VERIFIED,,,,,,MISSING,train_candidate,MONTHLY_FEATURE_V2_2026-10-03
MyTho,2017-10,12.55,1.0,MRC_WRUP_VN_019805,MRC_EXPORT_2026-08-31,VERIFIED,13.42,11.84,16.41,14.07,10,wet,369.8,26.125806451612902,2.935483870967742,Open-Meteo_ERA5-Land,OPENMETEO_2026-09-02,VERIFIED,,,,,,MISSING,,,2.661,True,DAHITI,DAHITI_2026-09-12T2014,VERIFIED,,,,,,MISSING,train_candidate,MONTHLY_FEATURE_V2_2026-10-03
MyTho,2017-11,14.95,1.0,MRC_WRUP_VN_019805,MRC_EXPORT_2026-08-31,VERIFIED,12.55,13.42,11.84,14.06,11,wet,162.7,26.293333333333333,3.1573333333333333,Open-Meteo_ERA5-Land,OPENMETEO_2026-09-02,VERIFIED,,,,,,MISSING,,,2.490333333333333,True,DAHITI,DAHITI_2026-09-12T2014,VERIFIED,,,,,,MISSING,train_candidate,MONTHLY_FEATURE_V2_2026-10-03
MyTho,2017-12,17.32,1.0,MRC_WRUP_VN_019805,MRC_EXPORT_2026-08-31,VERIFIED,14.95,12.55,13.42,18.19,12,dry,124.1,25.261290322580646,3.386451612903226,Open-Meteo_ERA5-Land,OPENMETEO_2026-09-02,VERIFIED,,,,,,MISSING,,,2.1893333333333334,True,DAHITI,DAHITI_2026-09-12T2014,VERIFIED,,,,,,MISSING,train_candidate,MONTHLY_FEATURE_V2_2026-10-03
MyTho,2018-01,19.02,1.0,MRC_WRUP_VN_019805,MRC_EXPORT_2026-08-31,VERIFIED,17.32,14.95,12.55,17.15,1,dry,59.9,25.687096774193545,3.23,Open-Meteo_ERA5-Land,OPENMETEO_2026-09-02,VERIFIED,,,,,,MISSING,,,1.8565,True,DAHITI,DAHITI_2026-09-12T2014,VERIFIED,,,,,,MISSING,train_candidate,MONTHLY_FEATURE_V2_2026-10-03
MyTho,2018-02,18.77,1.0,MRC_WRUP_VN_019805,MRC_EXPORT_2026-08-31,VERIFIED,19.02,17.32,14.95,20.2,2,dry,7.300000000000001,25.839285714285715,4.071071428571428,Open-Meteo_ERA5-Land,OPENMETEO_2026-09-02,VERIFIED,,,,,,MISSING,,,1.877,True,DAHITI,DAHITI_2026-09-12T2014,VERIFIED,,,,,,MISSING,train_candidate,MONTHLY_FEATURE_V2_2026-10-03
MyTho,2018-03,23.1,1.0,MRC_WRUP_VN_019805,MRC_EXPORT_2026-08-31,VERIFIED,18.77,19.02,17.32,19.34,3,dry,20.6,27.364516129032257,4.005806451612903,Open-Meteo_ERA5-Land,OPENMETEO_2026-09-02,VERIFIED,,,,,,MISSING,,,1.6930000000000005,True,DAHITI,DAHITI_2026-09-12T2014,VERIFIED,,,,,,MISSING,train_candidate,MONTHLY_FEATURE_V2_2026-10-03
MyTho,2018-04,,,,,,23.1,18.77,19.02,28.4,4,transition,23.0,28.32,4.029333333333333,Open-Meteo_ERA5-Land,OPENMETEO_2026-09-02,VERIFIED,,,,,,MISSING,,,1.8016666666666667,True,DAHITI,DAHITI_2026-09-12T2014,VERIFIED,,,,,,MISSING,inference_only,MONTHLY_FEATURE_V2_2026-10-03
MyTho,2018-05,,,,,,,23.1,18.77,25.6,5,transition,205.0,27.870967741935484,3.003548387096774,Open-Meteo_ERA5-Land,OPENMETEO_2026-09-02,VERIFIED,,,,,,MISSING,,,1.7493333333333332,True,DAHITI,DAHITI_2026-09-12T2014,VERIFIED,,,,,,MISSING,inference_only,MONTHLY_FEATURE_V2_2026-10-03
MyTho,2018-06,21.6,1.0,MRC_WRUP_VN_019805,MRC_EXPORT_2026-08-31,VERIFIED,,,23.1,19.45,6,wet,194.29999999999998,26.873333333333335,3.840333333333333,Open-Meteo_ERA5-Land,OPENMETEO_2026-09-02,VERIFIED,,,,,,MISSING,,,1.7563333333333333,True,DAHITI,DAHITI_2026-09-12T2014,VERIFIED,,,,,,MISSING,train_candidate,MONTHLY_FEATURE_V2_2026-10-03
MyTho,2018-07,24.0,1.0,MRC_WRUP_VN_019805,MRC_EXPORT_2026-08-31,VERIFIED,21.6,,,16.41,7,wet,259.1,26.506451612903227,4.7700000000000005,Open-Meteo_ERA5-Land,OPENMETEO_2026-09-02,VERIFIED,,,,,,MISSING,,,1.85,True,DAHITI,DAHITI_2026-09-12T2014,VERIFIED,,,,,,MISSING,train_candidate,MONTHLY_FEATURE_V2_2026-10-03
MyTho,2018-08,22.1,1.0,MRC_WRUP_VN_019805,MRC_EXPORT_2026-08-31,VERIFIED,24.0,21.6,,11.84,8,wet,303.2,26.419354838709676,4.426774193548387,Open-Meteo_ERA5-Land,OPENMETEO_2026-09-02,VERIFIED,,,,,,MISSING,,,1.951,True,DAHITI,DAHITI_2026-09-12T2014,VERIFIED,,,,,,MISSING,train_candidate,MONTHLY_FEATURE_V2_2026-10-03
MyTho,2018-09,13.57,1.0,MRC_WRUP_VN_019805,MRC_EXPORT_2026-08-31,VERIFIED,22.1,24.0,21.6,13.42,9,wet,342.4,26.206666666666667,3.357,Open-Meteo_ERA5-Land,OPENMETEO_2026-09-02,VERIFIED,,,,,,MISSING,,,2.5323333333333333,True,DAHITI,DAHITI_2026-09-12T2014,VERIFIED,,,,,,MISSING,train_candidate,MONTHLY_FEATURE_V2_2026-10-03
MyTho,2018-10,15.3,1.0,MRC_WRUP_VN_019805,MRC_EXPORT_2026-08-31,VERIFIED,13.57,22.1,24.0,12.55,10,wet,312.5,26.596774193548388,3.202903225806452,Open-Meteo_ERA5-Land,OPENMETEO_2026-09-02,VERIFIED,,,,,,MISSING,,,2.79525,True,DAHITI,DAHITI_2026-09-12T2014,VERIFIED,,,,,,MISSING,train_candidate,MONTHLY_FEATURE_V2_2026-10-03
MyTho,2018-11,16.04,1.0,MRC_WRUP_VN_019805,MRC_EXPORT_2026-08-31,VERIFIED,15.3,13.57,22.1,14.95,11,wet,189.6,26.683333333333334,3.905666666666667,Open-Meteo_ERA5-Land,OPENMETEO_2026-09-02,VERIFIED,,,,,,MISSING,,,2.141,True,DAHITI,DAHITI_2026-09-12T2014,VERIFIED,,,,,,MISSING,train_candidate,MONTHLY_FEATURE_V2_2026-10-03
MyTho,2018-12,16.64,1.0,MRC_WRUP_VN_019805,MRC_EXPORT_2026-08-31,VERIFIED,16.04,15.3,13.57,17.32,12,dry,111.10000000000001,26.548387096774192,3.3445161290322583,Open-Meteo_ERA5-Land,OPENMETEO_2026-09-02,VERIFIED,,,,,,MISSING,,,1.9735,True,DAHITI,DAHITI_2026-09-12T2014,VERIFIED,,,,,,MISSING,train_candidate,MONTHLY_FEATURE_V2_2026-10-03
MyTho,2019-01,19.58,1.0,MRC_WRUP_VN_019805,MRC_EXPORT_2026-08-31,VERIFIED,16.64,16.04,15.3,19.02,1,dry,26.0,25.870967741935484,4.376774193548387,Open-Meteo_ERA5-Land,OPENMETEO_2026-09-02,VERIFIED,,,,,,MISSING,,,1.848,True,DAHITI,DAHITI_2026-09-12T2014,VERIFIED,,,,,,MISSING,train_candidate,MONTHLY_FEATURE_V2_2026-10-03
MyTho,2019-02,23.3,1.0,MRC_WRUP_VN_019805,MRC_EXPORT_2026-08-31,VERIFIED,19.58,16.64,16.04,18.77,2,dry,3.1,26.682142857142857,4.872142857142856,Open-Meteo_ERA5-Land,OPENMETEO_2026-09-02,VERIFIED,,,,,,MISSING,,,1.789,True,DAHITI,DAHITI_2026-09-12T2014,VERIFIED,,,,,,MISSING,train_candidate,MONTHLY_FEATURE_V2_2026-10-03
MyTho,2019-03,31.5,1.0,MRC_WRUP_VN_019805,MRC_EXPORT_2026-08-31,VERIFIED,23.3,19.58,16.64,23.1,3,dry,12.2,27.787096774193547,4.021612903225806,Open-Meteo_ERA5-Land,OPENMETEO_2026-09-02,VERIFIED,,,,,,MISSING,,,1.7220000000000002,True,DAHITI,DAHITI_2026-09-12T2014,VERIFIED,,,,,,MISSING,train_candidate,MONTHLY_FEATURE_V2_2026-10-03
MyTho,2019-04,26.7,1.0,MRC_WRUP_VN_019805,MRC_EXPORT_2026-08-31,VERIFIED,31.5,23.3,19.58,,4,transition,37.9,29.16,3.6626666666666665,Open-Meteo_ERA5-Land,OPENMETEO_2026-09-02,VERIFIED,,,,,,MISSING,,,1.8335,True,DAHITI,DAHITI_2026-09-12T2014,VERIFIED,,,,,,MISSING,train_candidate,MONTHLY_FEATURE_V2_2026-10-03
MyTho,2019-05,,,,,,26.7,31.5,23.3,,5,transition,188.2,28.33225806451613,3.4119354838709675,Open-Meteo_ERA5-Land,OPENMETEO_2026-09-02,VERIFIED,,,,,,MISSING,,,1.8343333333333331,True,DAHITI,DAHITI_2026-09-12T2014,VERIFIED,,,,,,MISSING,inference_only,MONTHLY_FEATURE_V2_2026-10-03
MyTho,2019-06,,,,,,,26.7,31.5,21.6,6,wet,243.2,27.243333333333332,3.4463333333333335,Open-Meteo_ERA5-Land,OPENMETEO_2026-09-02,VERIFIED,,,,,,MISSING,,,1.8896666666666668,True,DAHITI,DAHITI_2026-09-12T2014,VERIFIED,,,,,,MISSING,inference_only,MONTHLY_FEATURE_V2_2026-10-03
MyTho,2019-07,24.1,1.0,MRC_WRUP_VN_019805,MRC_EXPORT_2026-08-31,VERIFIED,,,26.7,24.0,7,wet,228.6,26.95483870967742,3.8548387096774195,Open-Meteo_ERA5-Land,OPENMETEO_2026-09-02,VERIFIED,,,,,,MISSING,,,1.8016666666666663,True,DAHITI,DAHITI_2026-09-12T2014,VERIFIED,,,,,,MISSING,train_candidate,MONTHLY_FEATURE_V2_2026-10-03
MyTho,2019-08,15.95,1.0,MRC_WRUP_VN_019805,MRC_EXPORT_2026-08-31,VERIFIED,24.1,,,22.1,8,wet,295.4,26.677419354838708,4.626129032258064,Open-Meteo_ERA5-Land,OPENMETEO_2026-09-02,VERIFIED,,,,,,MISSING,,,1.8803333333333332,True,DAHITI,DAHITI_2026-09-12T2014,VERIFIED,,,,,,MISSING,train_candidate,MONTHLY_FEATURE_V2_2026-10-03
MyTho,2019-09,8.75,1.0,MRC_WRUP_VN_019805,MRC_EXPORT_2026-08-31,VERIFIED,15.95,24.1,,13.57,9,wet,257.1,26.490000000000002,3.851,Open-Meteo_ERA5-Land,OPENMETEO_2026-09-02,VERIFIED,,,,,,MISSING,,,2.0726666666666667,True,DAHITI,DAHITI_2026-09-12T2014,VERIFIED,,,,,,MISSING,train_candidate,MONTHLY_FEATURE_V2_2026-10-03
MyTho,2019-10,13.99,1.0,MRC_WRUP_VN_019805,MRC_EXPORT_2026-08-31,VERIFIED,8.75,15.95,24.1,15.3,10,wet,165.4,27.051612903225806,3.0948387096774193,Open-Meteo_ERA5-Land,OPENMETEO_2026-09-02,VERIFIED,,,,,,MISSING,,,2.4646666666666666,True,DAHITI,DAHITI_2026-09-12T2014,VERIFIED,,,,,,MISSING,train_candidate,MONTHLY_FEATURE_V2_2026-10-03
MyTho,2019-11,16.53,1.0,MRC_WRUP_VN_019805,MRC_EXPORT_2026-08-31,VERIFIED,13.99,8.75,15.95,16.04,11,wet,108.1,26.333333333333332,2.972666666666667,Open-Meteo_ERA5-Land,OPENMETEO_2026-09-02,VERIFIED,,,,,,MISSING,,,2.071333333333333,True,DAHITI,DAHITI_2026-09-12T2014,VERIFIED,,,,,,MISSING,train_candidate,MONTHLY_FEATURE_V2_2026-10-03
MyTho,2019-12,,,,,,16.53,13.99,8.75,16.64,12,dry,4.2,25.93548387096774,3.2493548387096776,Open-Meteo_ERA5-Land,OPENMETEO_2026-09-02,VERIFIED,,,,,,MISSING,,,1.86875,True,DAHITI,DAHITI_2026-09-12T2014,VERIFIED,,,,,,MISSING,inference_only,MONTHLY_FEATURE_V2_2026-10-03
MyTho,2020-01,,,,,,,16.53,13.99,19.58,1,dry,4.4,26.448387096774194,3.942258064516129,Open-Meteo_ERA5-Land,OPENMETEO_2026-09-02,VERIFIED,,,,,,MISSING,,,1.7456666666666667,True,DAHITI,DAHITI_2026-09-12T2014,VERIFIED,,,,,,MISSING,inference_only,MONTHLY_FEATURE_V2_2026-10-03
MyTho,2020-02,,,,,,,,16.53,23.3,2,dry,5.0,26.451724137931034,4.501379310344827,Open-Meteo_ERA5-Land,OPENMETEO_2026-09-02,VERIFIED,,,,,,MISSING,,,1.795,True,DAHITI,DAHITI_2026-09-12T2014,VERIFIED,,,,,,MISSING,inference_only,MONTHLY_FEATURE_V2_2026-10-03
MyTho,2020-03,,,,,,,,,31.5,3,dry,4.0,27.861290322580647,4.328709677419355,Open-Meteo_ERA5-Land,OPENMETEO_2026-09-02,VERIFIED,,,,,,MISSING,,,1.9226666666666663,True,DAHITI,DAHITI_2026-09-12T2014,VERIFIED,,,,,,MISSING,inference_only,MONTHLY_FEATURE_V2_2026-10-03
MyTho,2020-04,,,,,,,,,26.7,4,transition,26.400000000000002,28.95,4.398666666666667,Open-Meteo_ERA5-Land,OPENMETEO_2026-09-02,VERIFIED,,,,,,MISSING,,,1.7990000000000002,True,DAHITI,DAHITI_2026-09-12T2014,VERIFIED,,,,,,MISSING,inference_only,MONTHLY_FEATURE_V2_2026-10-03
MyTho,2020-05,,,,,,,,,,5,transition,82.2,29.509677419354837,3.3845161290322583,Open-Meteo_ERA5-Land,OPENMETEO_2026-09-02,VERIFIED,,,,,,MISSING,,,1.797,True,DAHITI,DAHITI_2026-09-12T2014,VERIFIED,,,,,,MISSING,inference_only,MONTHLY_FEATURE_V2_2026-10-03
MyTho,2020-06,,,,,,,,,,6,wet,354.5,26.94333333333333,3.033333333333333,Open-Meteo_ERA5-Land,OPENMETEO_2026-09-02,VERIFIED,,,,,,MISSING,,,1.778,True,DAHITI,DAHITI_2026-09-12T2014,VERIFIED,,,,,,MISSING,inference_only,MONTHLY_FEATURE_V2_2026-10-03
MyTho,2020-07,36.4,1.0,MRC_WRUP_VN_019805,MRC_EXPORT_2026-08-31,VERIFIED,,,,24.1,7,wet,334.3,26.835483870967742,2.91,Open-Meteo_ERA5-Land,OPENMETEO_2026-09-02,VERIFIED,,,,,,MISSING,,,1.784,True,DAHITI,DAHITI_2026-09-12T2014,VERIFIED,,,,,,MISSING,train_candidate,MONTHLY_FEATURE_V2_2026-10-03
MyTho,2020-08,22.8,1.0,MRC_WRUP_VN_019805,MRC_EXPORT_2026-08-31,VERIFIED,36.4,,,15.95,8,wet,263.8,27.116129032258065,3.5999999999999996,Open-Meteo_ERA5-Land,OPENMETEO_2026-09-02,VERIFIED,,,,,,MISSING,,,1.8236666666666668,True,DAHITI,DAHITI_2026-09-12T2014,VERIFIED,,,,,,MISSING,train_candidate,MONTHLY_FEATURE_V2_2026-10-03
MyTho,2020-09,20.7,1.0,MRC_WRUP_VN_019805,MRC_EXPORT_2026-08-31,VERIFIED,22.8,36.4,,8.75,9,wet,408.4,26.636666666666667,3.1046666666666667,Open-Meteo_ERA5-Land,OPENMETEO_2026-09-02,VERIFIED,,,,,,MISSING,,,2.0196666666666667,True,DAHITI,DAHITI_2026-09-12T2014,VERIFIED,,,,,,MISSING,train_candidate,MONTHLY_FEATURE_V2_2026-10-03
MyTho,2020-10,20.95,1.0,MRC_WRUP_VN_019805,MRC_EXPORT_2026-08-31,VERIFIED,20.7,22.8,36.4,13.99,10,wet,494.5,25.72258064516129,3.0364516129032255,Open-Meteo_ERA5-Land,OPENMETEO_2026-09-02,VERIFIED,,,,,,MISSING,,,2.349,True,DAHITI,DAHITI_2026-09-12T2014,VERIFIED,,,,,,MISSING,train_candidate,MONTHLY_FEATURE_V2_2026-10-03
MyTho,2020-11,22.85,1.0,MRC_WRUP_VN_019805,MRC_EXPORT_2026-08-31,VERIFIED,20.95,20.7,22.8,16.53,11,wet,83.0,26.563333333333333,3.0283333333333333,Open-Meteo_ERA5-Land,OPENMETEO_2026-09-02,VERIFIED,,,,,,MISSING,,,2.1173333333333333,True,DAHITI,DAHITI_2026-09-12T2014,VERIFIED,,,,,,MISSING,train_candidate,MONTHLY_FEATURE_V2_2026-10-03
MyTho,2020-12,22.15,1.0,MRC_WRUP_VN_019805,MRC_EXPORT_2026-08-31,VERIFIED,22.85,20.95,20.7,,12,dry,92.5,25.870967741935484,3.1225806451612903,Open-Meteo_ERA5-Land,OPENMETEO_2026-09-02,VERIFIED,,,,,,MISSING,,,2.192,True,DAHITI,DAHITI_2026-09-12T2014,VERIFIED,,,,,,MISSING,train_candidate,MONTHLY_FEATURE_V2_2026-10-03
MyTho,2021-01,19.74,1.0,MRC_WRUP_VN_019805,MRC_EXPORT_2026-08-31,VERIFIED,22.15,22.85,20.95,,1,dry,11.9,25.35483870967742,3.326451612903226,Open-Meteo_ERA5-Land,OPENMETEO_2026-09-02,VERIFIED,,,,,,MISSING,,,1.90475,True,DAHITI,DAHITI_2026-09-12T2014,VERIFIED,,,,,,MISSING,train_candidate,MONTHLY_FEATURE_V2_2026-10-03
MyTho,2021-02,,,,,,19.74,22.15,22.85,,2,dry,20.799999999999997,25.525000000000002,3.6685714285714286,Open-Meteo_ERA5-Land,OPENMETEO_2026-09-02,VERIFIED,,,,,,MISSING,,,1.865,True,DAHITI,DAHITI_2026-09-12T2014,VERIFIED,,,,,,MISSING,inference_only,MONTHLY_FEATURE_V2_2026-10-03
MyTho,2021-03,,,,,,,19.74,22.15,,3,dry,6.4,27.661290322580644,4.381612903225807,Open-Meteo_ERA5-Land,OPENMETEO_2026-09-02,VERIFIED,,,,,,MISSING,,,1.8845,True,DAHITI,DAHITI_2026-09-12T2014,VERIFIED,,,,,,MISSING,inference_only,MONTHLY_FEATURE_V2_2026-10-03
MyTho,2021-04,,,,,,,,19.74,,4,transition,160.9,27.59,3.44,Open-Meteo_ERA5-Land,OPENMETEO_2026-09-02,VERIFIED,,,,,,MISSING,,,1.80425,True,DAHITI,DAHITI_2026-09-12T2014,VERIFIED,,,,,,MISSING,inference_only,MONTHLY_FEATURE_V2_2026-10-03
MyTho,2021-05,,,,,,,,,,5,transition,197.6,27.86774193548387,3.3893548387096772,Open-Meteo_ERA5-Land,OPENMETEO_2026-09-02,VERIFIED,,,,,,MISSING,,,1.8863333333333328,True,DAHITI,DAHITI_2026-09-12T2014,VERIFIED,,,,,,MISSING,inference_only,MONTHLY_FEATURE_V2_2026-10-03
MyTho,2021-06,31.3,1.0,MRC_WRUP_VN_019805,MRC_EXPORT_2026-08-31,VERIFIED,,,,,6,wet,140.7,27.490000000000002,3.820333333333333,Open-Meteo_ERA5-Land,OPENMETEO_2026-09-02,VERIFIED,,,,,,MISSING,,,1.852666666666667,True,DAHITI,DAHITI_2026-09-12T2014,VERIFIED,,,,,,MISSING,train_candidate,MONTHLY_FEATURE_V2_2026-10-03
MyTho,2021-07,35.0,1.0,MRC_WRUP_VN_019805,MRC_EXPORT_2026-08-31,VERIFIED,31.3,,,36.4,7,wet,272.1,26.877419354838707,3.9716129032258065,Open-Meteo_ERA5-Land,OPENMETEO_2026-09-02,VERIFIED,,,,,,MISSING,,,1.8696666666666664,True,DAHITI,DAHITI_2026-09-12T2014,VERIFIED,,,,,,MISSING,train_candidate,MONTHLY_FEATURE_V2_2026-10-03
MyTho,2021-08,20.0,1.0,MRC_WRUP_VN_019805,MRC_EXPORT_2026-08-31,VERIFIED,35.0,31.3,,22.8,8,wet,303.6,26.83225806451613,3.5019354838709678,Open-Meteo_ERA5-Land,OPENMETEO_2026-09-02,VERIFIED,,,,,,MISSING,,,1.853,True,DAHITI,DAHITI_2026-09-12T2014,VERIFIED,,,,,,MISSING,train_candidate,MONTHLY_FEATURE_V2_2026-10-03
MyTho,2021-09,14.44,1.0,MRC_WRUP_VN_019805,MRC_EXPORT_2026-08-31,VERIFIED,20.0,35.0,31.3,20.7,9,wet,442.4,26.206666666666667,3.48,Open-Meteo_ERA5-Land,OPENMETEO_2026-09-02,VERIFIED,,,,,,MISSING,,,1.965,True,DAHITI,DAHITI_2026-09-12T2014,VERIFIED,,,,,,MISSING,train_candidate,MONTHLY_FEATURE_V2_2026-10-03
MyTho,2021-10,16.96,1.0,MRC_WRUP_VN_019805,MRC_EXPORT_2026-08-31,VERIFIED,14.44,20.0,35.0,20.95,10,wet,320.9,26.164516129032258,3.2793548387096774,Open-Meteo_ERA5-Land,OPENMETEO_2026-09-02,VERIFIED,,,,,,MISSING,,,2.1653333333333333,True,DAHITI,DAHITI_2026-09-12T2014,VERIFIED,,,,,,MISSING,train_candidate,MONTHLY_FEATURE_V2_2026-10-03
MyTho,2021-11,20.3,1.0,MRC_WRUP_VN_019805,MRC_EXPORT_2026-08-31,VERIFIED,16.96,14.44,20.0,22.85,11,wet,294.7,26.016666666666666,3.5846666666666667,Open-Meteo_ERA5-Land,OPENMETEO_2026-09-02,VERIFIED,,,,,,MISSING,,,2.467,True,DAHITI,DAHITI_2026-09-12T2014,VERIFIED,,,,,,MISSING,train_candidate,MONTHLY_FEATURE_V2_2026-10-03
MyTho,2021-12,19.43,1.0,MRC_WRUP_VN_019805,MRC_EXPORT_2026-08-31,VERIFIED,20.3,16.96,14.44,22.15,12,dry,19.9,25.716129032258067,3.11258064516129,Open-Meteo_ERA5-Land,OPENMETEO_2026-09-02,VERIFIED,,,,,,MISSING,,,2.2423333333333333,True,DAHITI,DAHITI_2026-09-12T2014,VERIFIED,,,,,,MISSING,train_candidate,MONTHLY_FEATURE_V2_2026-10-03
MyTho,2022-01,18.5,1.0,MRC_WRUP_VN_019805,MRC_EXPORT_2026-08-31,VERIFIED,19.43,20.3,16.96,19.74,1,dry,13.9,26.15806451612903,3.583870967741935,Open-Meteo_ERA5-Land,OPENMETEO_2026-09-02,VERIFIED,,,,,,MISSING,,,1.9266666666666667,True,DAHITI,DAHITI_2026-09-12T2014,VERIFIED,,,,,,MISSING,train_candidate,MONTHLY_FEATURE_V2_2026-10-03
MyTho,2022-02,,,,,,18.5,19.43,20.3,,2,dry,14.9,27.125,4.541428571428571,Open-Meteo_ERA5-Land,OPENMETEO_2026-09-02,VERIFIED,,,,,,MISSING,,,1.8273333333333333,True,DAHITI,DAHITI_2026-09-12T2014,VERIFIED,,,,,,MISSING,inference_only,MONTHLY_FEATURE_V2_2026-10-03
MyTho,2022-03,38.7,1.0,MRC_WRUP_VN_019805,MRC_EXPORT_2026-08-31,VERIFIED,,18.5,19.43,,3,dry,77.2,27.641935483870967,4.0441935483870965,Open-Meteo_ERA5-Land,OPENMETEO_2026-09-02,VERIFIED,,,,,,MISSING,,,2.056666666666666,True,DAHITI,DAHITI_2026-09-12T2014,VERIFIED,,,,,,MISSING,train_candidate,MONTHLY_FEATURE_V2_2026-10-03
MyTho,2022-04,25.7,1.0,MRC_WRUP_VN_019805,MRC_EXPORT_2026-08-31,VERIFIED,38.7,,18.5,,4,transition,172.9,27.209999999999997,3.364333333333333,Open-Meteo_ERA5-Land,OPENMETEO_2026-09-02,VERIFIED,,,,,,MISSING,,,1.9523333333333333,True,DAHITI,DAHITI_2026-09-12T2014,VERIFIED,,,,,,MISSING,train_candidate,MONTHLY_FEATURE_V2_2026-10-03
MyTho,2022-05,33.0,1.0,MRC_WRUP_VN_019805,MRC_EXPORT_2026-08-31,VERIFIED,25.7,38.7,,,5,transition,318.1,26.932258064516127,3.5903225806451613,Open-Meteo_ERA5-Land,OPENMETEO_2026-09-02,VERIFIED,,,,,,MISSING,,,1.9263333333333328,True,DAHITI,DAHITI_2026-09-12T2014,VERIFIED,,,,,,MISSING,train_candidate,MONTHLY_FEATURE_V2_2026-10-03
MyTho,2022-06,23.7,1.0,MRC_WRUP_VN_019805,MRC_EXPORT_2026-08-31,VERIFIED,33.0,25.7,38.7,31.3,6,wet,231.1,27.15,3.220666666666667,Open-Meteo_ERA5-Land,OPENMETEO_2026-09-02,VERIFIED,,,,,,MISSING,,,1.963666666666667,True,DAHITI,DAHITI_2026-09-12T2014,VERIFIED,,,,,,MISSING,train_candidate,MONTHLY_FEATURE_V2_2026-10-03
MyTho,2022-07,24.6,1.0,MRC_WRUP_VN_019805,MRC_EXPORT_2026-08-31,VERIFIED,23.7,33.0,25.7,35.0,7,wet,273.7,26.57741935483871,3.8483870967741933,Open-Meteo_ERA5-Land,OPENMETEO_2026-09-02,VERIFIED,,,,,,MISSING,,,1.85675,True,DAHITI,DAHITI_2026-09-12T2014,VERIFIED,,,,,,MISSING,train_candidate,MONTHLY_FEATURE_V2_2026-10-03
MyTho,2022-08,16.68,1.0,MRC_WRUP_VN_019805,MRC_EXPORT_2026-08-31,VERIFIED,24.6,23.7,33.0,20.0,8,wet,267.7,26.46451612903226,3.791935483870968,Open-Meteo_ERA5-Land,OPENMETEO_2026-09-02,VERIFIED,,,,,,MISSING,,,1.9643333333333333,True,DAHITI,DAHITI_2026-09-12T2014,VERIFIED,,,,,,MISSING,train_candidate,MONTHLY_FEATURE_V2_2026-10-03
MyTho,2022-09,16.3,1.0,MRC_WRUP_VN_019805,MRC_EXPORT_2026-08-31,VERIFIED,16.68,24.6,23.7,14.44,9,wet,320.2,25.983333333333334,3.917333333333333,Open-Meteo_ERA5-Land,OPENMETEO_2026-09-02,VERIFIED,,,,,,MISSING,,,2.1206666666666667,True,DAHITI,DAHITI_2026-09-12T2014,VERIFIED,,,,,,MISSING,train_candidate,MONTHLY_FEATURE_V2_2026-10-03
MyTho,2022-10,13.53,1.0,MRC_WRUP_VN_019805,MRC_EXPORT_2026-08-31,VERIFIED,16.3,16.68,24.6,16.96,10,wet,330.4,25.87741935483871,3.004516129032258,Open-Meteo_ERA5-Land,OPENMETEO_2026-09-02,VERIFIED,,,,,,MISSING,,,2.466,True,DAHITI,DAHITI_2026-09-12T2014,VERIFIED,,,,,,MISSING,train_candidate,MONTHLY_FEATURE_V2_2026-10-03
MyTho,2022-11,18.62,1.0,MRC_WRUP_VN_019805,MRC_EXPORT_2026-08-31,VERIFIED,13.53,16.3,16.68,20.3,11,wet,211.4,26.186666666666667,3.4026666666666667,Open-Meteo_ERA5-Land,OPENMETEO_2026-09-02,VERIFIED,,,,,,MISSING,,,2.626,True,DAHITI,DAHITI_2026-09-12T2014,VERIFIED,,,,,,MISSING,train_candidate,MONTHLY_FEATURE_V2_2026-10-03
MyTho,2022-12,17.15,1.0,MRC_WRUP_VN_019805,MRC_EXPORT_2026-08-31,VERIFIED,18.62,13.53,16.3,19.43,12,dry,56.599999999999994,25.54516129032258,3.204516129032258,Open-Meteo_ERA5-Land,OPENMETEO_2026-09-02,VERIFIED,,,,,,MISSING,,,2.3396666666666666,True,DAHITI,DAHITI_2026-09-12T2014,VERIFIED,,,,,,MISSING,train_candidate,MONTHLY_FEATURE_V2_2026-10-03
MyTho,2023-01,19.36,1.0,MRC_WRUP_VN_019805,MRC_EXPORT_2026-08-31,VERIFIED,17.15,18.62,13.53,18.5,1,dry,131.0,25.135483870967743,3.2061290322580644,Open-Meteo_ERA5-Land,OPENMETEO_2026-09-02,VERIFIED,,,,,,MISSING,,,1.988,True,DAHITI,DAHITI_2026-09-12T2014,VERIFIED,,,,,,MISSING,train_candidate,MONTHLY_FEATURE_V2_2026-10-03
MyTho,2023-02,25.9,1.0,MRC_WRUP_VN_019805,MRC_EXPORT_2026-08-31,VERIFIED,19.36,17.15,18.62,,2,dry,24.4,26.314285714285713,3.9635714285714285,Open-Meteo_ERA5-Land,OPENMETEO_2026-09-02,VERIFIED,,,,,,MISSING,,,1.8336666666666663,True,DAHITI,DAHITI_2026-09-12T2014,VERIFIED,,,,,,MISSING,train_candidate,MONTHLY_FEATURE_V2_2026-10-03
MyTho,2023-03,,,,,,25.9,19.36,17.15,38.7,3,dry,2.4,26.603225806451615,4.121290322580645,Open-Meteo_ERA5-Land,OPENMETEO_2026-09-02,VERIFIED,,,,,,MISSING,,,1.8656666666666664,True,DAHITI,DAHITI_2026-09-12T2014,VERIFIED,,,,,,MISSING,inference_only,MONTHLY_FEATURE_V2_2026-10-03
MyTho,2023-04,,,,,,,25.9,19.36,25.7,4,transition,79.7,28.64333333333333,3.5753333333333335,Open-Meteo_ERA5-Land,OPENMETEO_2026-09-02,VERIFIED,,,,,,MISSING,,,1.8425,True,DAHITI,DAHITI_2026-09-12T2014,VERIFIED,,,,,,MISSING,inference_only,MONTHLY_FEATURE_V2_2026-10-03
MyTho,2023-05,39.5,1.0,MRC_WRUP_VN_019805,MRC_EXPORT_2026-08-31,VERIFIED,,,25.9,33.0,5,transition,220.9,28.20967741935484,3.6258064516129034,Open-Meteo_ERA5-Land,OPENMETEO_2026-09-02,VERIFIED,,,,,,MISSING,,,1.9025,True,DAHITI,DAHITI_2026-09-12T2014,VERIFIED,,,,,,MISSING,train_candidate,MONTHLY_FEATURE_V2_2026-10-03
MyTho,2023-06,37.9,1.0,MRC_WRUP_VN_019805,MRC_EXPORT_2026-08-31,VERIFIED,39.5,,,23.7,6,wet,214.5,27.276666666666664,3.8503333333333334,Open-Meteo_ERA5-Land,OPENMETEO_2026-09-02,VERIFIED,,,,,,MISSING,,,1.7936666666666667,True,DAHITI,DAHITI_2026-09-12T2014,VERIFIED,,,,,,MISSING,train_candidate,MONTHLY_FEATURE_V2_2026-10-03
MyTho,2023-07,32.7,1.0,MRC_WRUP_VN_019805,MRC_EXPORT_2026-08-31,VERIFIED,37.9,39.5,,24.6,7,wet,377.0,26.5,4.182903225806451,Open-Meteo_ERA5-Land,OPENMETEO_2026-09-02,VERIFIED,,,,,,MISSING,,,1.7913333333333332,True,DAHITI,DAHITI_2026-09-12T2014,VERIFIED,,,,,,MISSING,train_candidate,MONTHLY_FEATURE_V2_2026-10-03
MyTho,2023-08,14.8,1.0,MRC_WRUP_VN_019805,MRC_EXPORT_2026-08-31,VERIFIED,32.7,37.9,39.5,16.68,8,wet,174.79999999999998,27.23225806451613,4.385806451612903,Open-Meteo_ERA5-Land,OPENMETEO_2026-09-02,VERIFIED,,,,,,MISSING,,,1.86725,True,DAHITI,DAHITI_2026-09-12T2014,VERIFIED,,,,,,MISSING,train_candidate,MONTHLY_FEATURE_V2_2026-10-03
MyTho,2023-09,14.5,1.0,MRC_WRUP_VN_019805,MRC_EXPORT_2026-08-31,VERIFIED,14.8,32.7,37.9,16.3,9,wet,413.2,26.226666666666667,3.8213333333333335,Open-Meteo_ERA5-Land,OPENMETEO_2026-09-02,VERIFIED,,,,,,MISSING,,,1.9643333333333333,True,DAHITI,DAHITI_2026-09-12T2014,VERIFIED,,,,,,MISSING,train_candidate,MONTHLY_FEATURE_V2_2026-10-03
MyTho,2023-10,16.4,1.0,MRC_WRUP_VN_019805,MRC_EXPORT_2026-08-31,VERIFIED,14.5,14.8,32.7,13.53,10,wet,396.1,26.56451612903226,2.980967741935484,Open-Meteo_ERA5-Land,OPENMETEO_2026-09-02,VERIFIED,,,,,,MISSING,,,2.313,True,DAHITI,DAHITI_2026-09-12T2014,VERIFIED,,,,,,MISSING,train_candidate,MONTHLY_FEATURE_V2_2026-10-03
MyTho,2023-11,15.7,1.0,MRC_WRUP_VN_019805,MRC_EXPORT_2026-08-31,VERIFIED,16.4,14.5,14.8,18.62,11,wet,92.5,26.676666666666666,3.3526666666666665,Open-Meteo_ERA5-Land,OPENMETEO_2026-09-02,VERIFIED,,,,,,MISSING,,,2.447,True,DAHITI,DAHITI_2026-09-12T2014,VERIFIED,,,,,,MISSING,train_candidate,MONTHLY_FEATURE_V2_2026-10-03
MyTho,2023-12,15.4,1.0,MRC_WRUP_VN_019805,MRC_EXPORT_2026-08-31,VERIFIED,15.7,16.4,14.5,17.15,12,dry,27.099999999999998,26.94193548387097,3.180967741935484,Open-Meteo_ERA5-Land,OPENMETEO_2026-09-02,VERIFIED,,,,,,MISSING,,,1.856,True,DAHITI,DAHITI_2026-09-12T2014,VERIFIED,,,,,,MISSING,train_candidate,MONTHLY_FEATURE_V2_2026-10-03
MyTho,2024-01,,,,,,15.4,15.7,16.4,19.36,1,dry,3.9,26.66774193548387,3.511290322580645,Open-Meteo_ERA5-Land,OPENMETEO_2026-09-02,VERIFIED,,,,,,MISSING,,,1.919,True,DAHITI,DAHITI_2026-09-12T2014,VERIFIED,,,,,,MISSING,inference_only,MONTHLY_FEATURE_V2_2026-10-03
MyTho,2024-02,,,,,,,15.4,15.7,25.9,2,dry,3.7,27.220689655172414,4.172758620689655,Open-Meteo_ERA5-Land,OPENMETEO_2026-09-02,VERIFIED,,,,,,MISSING,,,1.8346666666666664,True,DAHITI,DAHITI_2026-09-12T2014,VERIFIED,,,,,,MISSING,inference_only,MONTHLY_FEATURE_V2_2026-10-03
MyTho,2024-03,,,,,,,,15.4,,3,dry,3.1,28.13225806451613,4.372258064516129,Open-Meteo_ERA5-Land,OPENMETEO_2026-09-02,VERIFIED,,,,,,MISSING,,,1.8193333333333332,True,DAHITI,DAHITI_2026-09-12T2014,VERIFIED,,,,,,MISSING,inference_only,MONTHLY_FEATURE_V2_2026-10-03
MyTho,2024-04,,,,,,,,,,4,transition,5.2,29.68,3.832666666666667,Open-Meteo_ERA5-Land,OPENMETEO_2026-09-02,VERIFIED,,,,,,MISSING,,,1.7975,True,DAHITI,DAHITI_2026-09-12T2014,VERIFIED,,,,,,MISSING,inference_only,MONTHLY_FEATURE_V2_2026-10-03
MyTho,2024-05,,,,,,,,,39.5,5,transition,204.2,29.032258064516128,3.516774193548387,Open-Meteo_ERA5-Land,OPENMETEO_2026-09-02,VERIFIED,,,,,,MISSING,,,1.9215,True,DAHITI,DAHITI_2026-09-12T2014,VERIFIED,,,,,,MISSING,inference_only,MONTHLY_FEATURE_V2_2026-10-03
MyTho,2024-06,,,,,,,,,37.9,6,wet,177.1,27.83,3.563,Open-Meteo_ERA5-Land,OPENMETEO_2026-09-02,VERIFIED,,,,,,MISSING,,,1.9076666666666668,True,DAHITI,DAHITI_2026-09-12T2014,VERIFIED,,,,,,MISSING,inference_only,MONTHLY_FEATURE_V2_2026-10-03
MyTho,2024-07,,,,,,,,,32.7,7,wet,348.1,26.45483870967742,4.049354838709678,Open-Meteo_ERA5-Land,OPENMETEO_2026-09-02,VERIFIED,,,,,,MISSING,,,1.968,True,DAHITI,DAHITI_2026-09-12T2014,VERIFIED,,,,,,MISSING,inference_only,MONTHLY_FEATURE_V2_2026-10-03
MyTho,2024-08,,,,,,,,,14.8,8,wet,239.7,27.23548387096774,3.5351612903225806,Open-Meteo_ERA5-Land,OPENMETEO_2026-09-02,VERIFIED,,,,,,MISSING,,,1.9036666666666668,True,DAHITI,DAHITI_2026-09-12T2014,VERIFIED,,,,,,MISSING,inference_only,MONTHLY_FEATURE_V2_2026-10-03
MyTho,2024-09,,,,,,,,,14.5,9,wet,369.5,26.540000000000003,3.9316666666666666,Open-Meteo_ERA5-Land,OPENMETEO_2026-09-02,VERIFIED,,,,,,MISSING,,,1.890666666666667,True,DAHITI,DAHITI_2026-09-12T2014,VERIFIED,,,,,,MISSING,inference_only,MONTHLY_FEATURE_V2_2026-10-03
MyTho,2024-10,,,,,,,,,16.4,10,wet,367.4,26.261290322580646,3.176774193548387,Open-Meteo_ERA5-Land,OPENMETEO_2026-09-02,VERIFIED,,,,,,MISSING,,,1.84575,True,DAHITI,DAHITI_2026-09-12T2014,VERIFIED,,,,,,MISSING,inference_only,MONTHLY_FEATURE_V2_2026-10-03
MyTho,2024-11,,,,,,,,,15.7,11,wet,95.4,27.09,3.531,Open-Meteo_ERA5-Land,OPENMETEO_2026-09-02,VERIFIED,,,,,,MISSING,,,2.1346666666666665,True,DAHITI,DAHITI_2026-09-12T2014,VERIFIED,,,,,,MISSING,inference_only,MONTHLY_FEATURE_V2_2026-10-03
MyTho,2024-12,,,,,,,,,15.4,12,dry,154.6,26.200000000000003,3.746451612903226,Open-Meteo_ERA5-Land,OPENMETEO_2026-09-02,VERIFIED,,,,,,MISSING,,,1.988,True,DAHITI,DAHITI_2026-09-12T2014,VERIFIED,,,,,,MISSING,inference_only,MONTHLY_FEATURE_V2_2026-10-03
MyTho,2025-01,,,,,,,,,,1,dry,30.699999999999996,26.151612903225807,3.4267741935483866,Open-Meteo_ERA5-Land,OPENMETEO_2026-09-02,VERIFIED,,,,,,MISSING,,,1.9635,True,DAHITI,DAHITI_2026-09-12T2014,VERIFIED,,,,,,MISSING,inference_only,MONTHLY_FEATURE_V2_2026-10-03
MyTho,2025-02,,,,,,,,,,2,dry,44.0,26.625,4.263214285714286,Open-Meteo_ERA5-Land,OPENMETEO_2026-09-02,VERIFIED,,,,,,MISSING,,,1.8696666666666664,True,DAHITI,DAHITI_2026-09-12T2014,VERIFIED,,,,,,MISSING,inference_only,MONTHLY_FEATURE_V2_2026-10-03
MyTho,2025-03,,,,,,,,,,3,dry,8.9,28.129032258064516,4.819999999999999,Open-Meteo_ERA5-Land,OPENMETEO_2026-09-02,VERIFIED,,,,,,MISSING,,,1.81,True,DAHITI,DAHITI_2026-09-12T2014,VERIFIED,,,,,,MISSING,inference_only,MONTHLY_FEATURE_V2_2026-10-03
MyTho,2025-04,,,,,,,,,,4,transition,66.9,28.73,4.4590000000000005,Open-Meteo_ERA5-Land,OPENMETEO_2026-09-02,VERIFIED,,,,,,MISSING,,,1.749666666666667,True,DAHITI,DAHITI_2026-09-12T2014,VERIFIED,,,,,,MISSING,inference_only,MONTHLY_FEATURE_V2_2026-10-03
MyTho,2025-05,,,,,,,,,,5,transition,264.9,28.016129032258064,3.9541935483870967,Open-Meteo_ERA5-Land,OPENMETEO_2026-09-02,VERIFIED,,,,,,MISSING,,,1.857,True,DAHITI,DAHITI_2026-09-12T2014,VERIFIED,,,,,,MISSING,inference_only,MONTHLY_FEATURE_V2_2026-10-03
MyTho,2025-06,,,,,,,,,,6,wet,309.8,27.023333333333333,4.512333333333333,Open-Meteo_ERA5-Land,OPENMETEO_2026-09-02,VERIFIED,,,,,,MISSING,,,1.732,True,DAHITI,DAHITI_2026-09-12T2014,VERIFIED,,,,,,MISSING,inference_only,MONTHLY_FEATURE_V2_2026-10-03
MyTho,2025-07,,,,,,,,,,7,wet,249.3,27.280645161290323,5.319999999999999,Open-Meteo_ERA5-Land,OPENMETEO_2026-09-02,VERIFIED,,,,,,MISSING,,,2.015,True,DAHITI,DAHITI_2026-09-12T2014,VERIFIED,,,,,,MISSING,inference_only,MONTHLY_FEATURE_V2_2026-10-03
MyTho,2025-08,,,,,,,,,,8,wet,317.8,26.73548387096774,4.909032258064516,Open-Meteo_ERA5-Land,OPENMETEO_2026-09-02,VERIFIED,,,,,,MISSING,,,1.862,True,DAHITI,DAHITI_2026-09-12T2014,VERIFIED,,,,,,MISSING,inference_only,MONTHLY_FEATURE_V2_2026-10-03
MyTho,2025-09,,,,,,,,,,9,wet,348.7,26.37,4.592,Open-Meteo_ERA5-Land,OPENMETEO_2026-09-02,VERIFIED,,,,,,MISSING,,,2.0105,True,DAHITI,DAHITI_2026-09-12T2014,VERIFIED,,,,,,MISSING,inference_only,MONTHLY_FEATURE_V2_2026-10-03
MyTho,2025-10,,,,,,,,,,10,wet,327.1,26.625806451612902,3.3664516129032256,Open-Meteo_ERA5-Land,OPENMETEO_2026-09-02,VERIFIED,,,,,,MISSING,,,1.9376666666666669,True,DAHITI,DAHITI_2026-09-12T2014,VERIFIED,,,,,,MISSING,inference_only,MONTHLY_FEATURE_V2_2026-10-03
MyTho,2025-11,,,,,,,,,,11,wet,265.9,25.86,3.622,Open-Meteo_ERA5-Land,OPENMETEO_2026-09-02,VERIFIED,,,,,,MISSING,,,2.348,True,DAHITI,DAHITI_2026-09-12T2014,VERIFIED,,,,,,MISSING,inference_only,MONTHLY_FEATURE_V2_2026-10-03
MyTho,2025-12,,,,,,,,,,12,dry,97.7,26.151612903225807,3.238709677419355,Open-Meteo_ERA5-Land,OPENMETEO_2026-09-02,VERIFIED,,,,,,MISSING,,,2.17525,True,DAHITI,DAHITI_2026-09-12T2014,VERIFIED,,,,,,MISSING,inference_only,MONTHLY_FEATURE_V2_2026-10-03
MyTho,2026-01,,,,,,,,,,1,dry,14.0,25.083870967741937,3.749032258064516,Open-Meteo_ERA5-Land,OPENMETEO_2026-09-02,VERIFIED,,,,,,MISSING,,,1.9213333333333331,True,DAHITI,DAHITI_2026-09-12T2014,VERIFIED,,,,,,MISSING,inference_only,MONTHLY_FEATURE_V2_2026-10-03
MyTho,2026-02,,,,,,,,,,2,dry,71.3,26.37857142857143,4.247142857142857,Open-Meteo_ERA5-Land,OPENMETEO_2026-09-02,VERIFIED,,,,,,MISSING,,,1.9516666666666669,True,DAHITI,DAHITI_2026-09-12T2014,VERIFIED,,,,,,MISSING,inference_only,MONTHLY_FEATURE_V2_2026-10-03
MyTho,2026-03,,,,,,,,,,3,dry,22.3,26.993548387096773,4.365483870967743,Open-Meteo_ERA5-Land,OPENMETEO_2026-09-02,VERIFIED,,,,,,MISSING,,,1.9475,True,DAHITI,DAHITI_2026-09-12T2014,VERIFIED,,,,,,MISSING,inference_only,MONTHLY_FEATURE_V2_2026-10-03
MyTho,2026-04,,,,,,,,,,4,transition,4.5,28.976666666666667,4.184666666666667,Open-Meteo_ERA5-Land,OPENMETEO_2026-09-02,VERIFIED,,,,,,MISSING,,,1.7306666666666668,True,DAHITI,DAHITI_2026-09-12T2014,VERIFIED,,,,,,MISSING,inference_only,MONTHLY_FEATURE_V2_2026-10-03
MyTho,2026-05,,,,,,,,,,5,transition,103.2,29.438709677419357,4.439032258064516,Open-Meteo_ERA5-Land,OPENMETEO_2026-09-02,VERIFIED,,,,,,MISSING,,,1.864,True,DAHITI,DAHITI_2026-09-12T2014,VERIFIED,,,,,,MISSING,inference_only,MONTHLY_FEATURE_V2_2026-10-03
MyTho,2026-06,,,,,,,,,,6,wet,173.0,28.263333333333332,4.390666666666666,Open-Meteo_ERA5-Land,OPENMETEO_2026-09-02,VERIFIED,,,,,,MISSING,,,1.8955,True,DAHITI,DAHITI_2026-09-12T2014,VERIFIED,,,,,,MISSING,inference_only,MONTHLY_FEATURE_V2_2026-10-03
MyTho,2026-07,,,,,,,,,,7,wet,225.20000000000002,27.377419354838707,4.8832258064516125,Open-Meteo_ERA5-Land,OPENMETEO_2026-09-02,VERIFIED,,,,,,MISSING,,,1.8623333333333327,True,DAHITI,DAHITI_2026-09-12T2014,VERIFIED,,,,,,MISSING,inference_only,MONTHLY_FEATURE_V2_2026-10-03
MyTho,2026-08,,,,,,,,,,8,wet,175.2,27.706451612903226,5.838064516129032,Open-Meteo_ERA5-Land,OPENMETEO_2026-09-02,VERIFIED,,,,,,MISSING,,,1.909,True,DAHITI,DAHITI_2026-09-12T2014,VERIFIED,,,,,,MISSING,inference_only,MONTHLY_FEATURE_V2_2026-10-03
